url,status,title,canonical,canonical_status,self_canonical,duplicate_group,content_hash,in_sitemap,recommended_action
https://www.kronosolopromocionales.com/,200,,https://www.kronosolopromocionales.com/,self,true,,,true,Ninguna
https://www.kronosolopromocionales.com/contacto/,200,,https://www.kronosolopromocionales.com/contacto/,self,true,,,true,Ninguna
https://www.kronosolopromocionales.com/nosotros/,200,,https://www.kronosolopromocionales.com/nosotros/,self,true,,,true,Ninguna
https://www.kronosolopromocionales.com/blog/,200,,https://www.kronosolopromocionales.com/blog/,self,true,,,true,Ninguna
https://www.kronosolopromocionales.com/catalogos-digitales/,200,,https://www.kronosolopromocionales.com/catalogos-digitales/,self,true,,,true,Ninguna
https://www.kronosolopromocionales.com/politica-de-privacidad/,200,,https://www.kronosolopromocionales.com/politica-de-privacidad/,self,true,,,true,Ninguna
https://www.kronosolopromocionales.com/productos-promocionales-ecuador/,200,,https://www.kronosolopromocionales.com/productos-promocionales-ecuador/,self,true,,,true,Ninguna
https://www.kronosolopromocionales.com/regalos-corporativos/,200,,https://www.kronosolopromocionales.com/regalos-corporativos/,self,true,,,true,Ninguna
https://www.kronosolopromocionales.com/articulos-promocionales/,200,,https://www.kronosolopromocionales.com/articulos-promocionales/,self,true,,,true,Ninguna
https://www.kronosolopromocionales.com/material-publicitario/,200,,https://www.kronosolopromocionales.com/material-publicitario/,self,true,,,true,Ninguna
https://www.kronosolopromocionales.com/merchandising-corporativo/,200,,https://www.kronosolopromocionales.com/merchandising-corporativo/,self,true,,,true,Ninguna
https://www.kronosolopromocionales.com/parlantes-bluetooth/,200,,https://www.kronosolopromocionales.com/parlantes-bluetooth/,self,true,,,true,Ninguna
https://www.kronosolopromocionales.com/audifonos-promocionales/,200,,https://www.kronosolopromocionales.com/audifonos-promocionales/,self,true,,,true,Ninguna
https://www.kronosolopromocionales.com/soportes-para-celular/,200,,https://www.kronosolopromocionales.com/soportes-para-celular/,self,true,,,true,Ninguna
https://www.kronosolopromocionales.com/categorias/precio-bomba/,200,,https://www.kronosolopromocionales.com/categorias/precio-bomba/,self,true,,,true,Ninguna
https://www.kronosolopromocionales.com/categorias/antiestres/,200,,https://www.kronosolopromocionales.com/categorias/antiestres/,self,true,,,true,Ninguna
https://www.kronosolopromocionales.com/categorias/antimicrobianos/,200,,https://www.kronosolopromocionales.com/categorias/antimicrobianos/,self,true,,,true,Ninguna
https://www.kronosolopromocionales.com/categorias/boligrafos-publicitarios/,200,,https://www.kronosolopromocionales.com/categorias/boligrafos-publicitarios/,self,true,,,true,Ninguna
https://www.kronosolopromocionales.com/categorias/reflectivos/,200,,https://www.kronosolopromocionales.com/categorias/reflectivos/,self,true,,,true,Ninguna
https://www.kronosolopromocionales.com/categorias/automovil/,200,,https://www.kronosolopromocionales.com/categorias/automovil/,self,true,,,true,Ninguna
https://www.kronosolopromocionales.com/categorias/bar-y-vino/,200,,https://www.kronosolopromocionales.com/categorias/bar-y-vino/,self,true,,,true,Ninguna
https://www.kronosolopromocionales.com/categorias/bicicleta/,200,,https://www.kronosolopromocionales.com/categorias/bicicleta/,self,true,,,true,Ninguna
https://www.kronosolopromocionales.com/categorias/calculadoras/,200,,https://www.kronosolopromocionales.com/categorias/calculadoras/,self,true,,,true,Ninguna
https://www.kronosolopromocionales.com/categorias/camisetas-y-confeccion-corporativa/,200,,https://www.kronosolopromocionales.com/categorias/camisetas-y-confeccion-corporativa/,self,true,,,true,Ninguna
https://www.kronosolopromocionales.com/categorias/deportes/,200,,https://www.kronosolopromocionales.com/categorias/deportes/,self,true,,,true,Ninguna
https://www.kronosolopromocionales.com/categorias/econature/,200,,https://www.kronosolopromocionales.com/categorias/econature/,self,true,,,true,Ninguna
https://www.kronosolopromocionales.com/categorias/ecologia/,200,,https://www.kronosolopromocionales.com/categorias/ecologia/,self,true,,,true,Ninguna
https://www.kronosolopromocionales.com/categorias/golf/,200,,https://www.kronosolopromocionales.com/categorias/golf/,self,true,,,true,Ninguna
https://www.kronosolopromocionales.com/categorias/gorras-personalizadas/,200,,https://www.kronosolopromocionales.com/categorias/gorras-personalizadas/,self,true,,,true,Ninguna
https://www.kronosolopromocionales.com/categorias/herramientas/,200,,https://www.kronosolopromocionales.com/categorias/herramientas/,self,true,,,true,Ninguna
https://www.kronosolopromocionales.com/categorias/hogar/,200,,https://www.kronosolopromocionales.com/categorias/hogar/,self,true,,,true,Ninguna
https://www.kronosolopromocionales.com/categorias/iluminacion/,200,,https://www.kronosolopromocionales.com/categorias/iluminacion/,self,true,,,true,Ninguna
https://www.kronosolopromocionales.com/categorias/infantil/,200,,https://www.kronosolopromocionales.com/categorias/infantil/,self,true,,,true,Ninguna
https://www.kronosolopromocionales.com/categorias/juegos/,200,,https://www.kronosolopromocionales.com/categorias/juegos/,self,true,,,true,Ninguna
https://www.kronosolopromocionales.com/categorias/llaveros-personalizados/,200,,https://www.kronosolopromocionales.com/categorias/llaveros-personalizados/,self,true,,,true,Ninguna
https://www.kronosolopromocionales.com/categorias/mochilas-y-maletines-personalizados/,200,,https://www.kronosolopromocionales.com/categorias/mochilas-y-maletines-personalizados/,self,true,,,true,Ninguna
https://www.kronosolopromocionales.com/categorias/master-line/,200,,https://www.kronosolopromocionales.com/categorias/master-line/,self,true,,,true,Ninguna
https://www.kronosolopromocionales.com/categorias/medicos/,200,,https://www.kronosolopromocionales.com/categorias/medicos/,self,true,,,true,Ninguna
https://www.kronosolopromocionales.com/categorias/memorias-usb-personalizadas/,200,,https://www.kronosolopromocionales.com/categorias/memorias-usb-personalizadas/,self,true,,,true,Ninguna
https://www.kronosolopromocionales.com/categorias/mugs-y-termos-personalizados/,200,,https://www.kronosolopromocionales.com/categorias/mugs-y-termos-personalizados/,self,true,,,true,Ninguna
https://www.kronosolopromocionales.com/categorias/novedades/,200,,https://www.kronosolopromocionales.com/categorias/novedades/,self,true,,,true,Ninguna
https://www.kronosolopromocionales.com/categorias/articulos-de-oficina-personalizados/,200,,https://www.kronosolopromocionales.com/categorias/articulos-de-oficina-personalizados/,self,true,,,true,Ninguna
https://www.kronosolopromocionales.com/categorias/paraguas/,200,,https://www.kronosolopromocionales.com/categorias/paraguas/,self,true,,,true,Ninguna
https://www.kronosolopromocionales.com/categorias/cuidado-personal/,200,,https://www.kronosolopromocionales.com/categorias/cuidado-personal/,self,true,,,true,Ninguna
https://www.kronosolopromocionales.com/categorias/produccion-nacional/,200,,https://www.kronosolopromocionales.com/categorias/produccion-nacional/,self,true,,,true,Ninguna
https://www.kronosolopromocionales.com/categorias/relojes/,200,,https://www.kronosolopromocionales.com/categorias/relojes/,self,true,,,true,Ninguna
https://www.kronosolopromocionales.com/categorias/tecnologia-promocional/,200,,https://www.kronosolopromocionales.com/categorias/tecnologia-promocional/,self,true,,,true,Ninguna
https://www.kronosolopromocionales.com/categorias/variedades/,200,,https://www.kronosolopromocionales.com/categorias/variedades/,self,true,,,true,Ninguna
https://www.kronosolopromocionales.com/categorias/vasos-personalizados/,200,,https://www.kronosolopromocionales.com/categorias/vasos-personalizados/,self,true,,,true,Ninguna
https://www.kronosolopromocionales.com/categorias/termos-personalizados/,200,,https://www.kronosolopromocionales.com/categorias/termos-personalizados/,self,true,,,true,Ninguna
https://www.kronosolopromocionales.com/categorias/tomatodos-y-botilitos-personalizados/,200,,https://www.kronosolopromocionales.com/categorias/tomatodos-y-botilitos-personalizados/,self,true,,,true,Ninguna
https://www.kronosolopromocionales.com/productos-promocionales-ecuador/quito/,200,,https://www.kronosolopromocionales.com/productos-promocionales-ecuador/quito/,self,true,,,true,Ninguna
https://www.kronosolopromocionales.com/productos-promocionales-ecuador/guayaquil/,200,,https://www.kronosolopromocionales.com/productos-promocionales-ecuador/guayaquil/,self,true,,,true,Ninguna
https://www.kronosolopromocionales.com/productos-promocionales-ecuador/cuenca/,200,,https://www.kronosolopromocionales.com/productos-promocionales-ecuador/cuenca/,self,true,,,true,Ninguna
https://www.kronosolopromocionales.com/productos-promocionales-ecuador/manta/,200,,https://www.kronosolopromocionales.com/productos-promocionales-ecuador/manta/,self,true,,,true,Ninguna
https://www.kronosolopromocionales.com/productos-promocionales-ecuador/ambato/,200,,https://www.kronosolopromocionales.com/productos-promocionales-ecuador/ambato/,self,true,,,true,Ninguna
https://www.kronosolopromocionales.com/blog/como-elegir-promocionales-segun-tu-tipo-de-cliente-2026/,200,,https://www.kronosolopromocionales.com/blog/como-elegir-promocionales-segun-tu-tipo-de-cliente-2026/,self,true,,,true,Ninguna
https://www.kronosolopromocionales.com/blog/articulos-promocionales-para-empresas-que-funcionan/,200,,https://www.kronosolopromocionales.com/blog/articulos-promocionales-para-empresas-que-funcionan/,self,true,,,true,Ninguna
https://www.kronosolopromocionales.com/blog/top-10-regalos-corporativos-tecnologicos-2026/,200,,https://www.kronosolopromocionales.com/blog/top-10-regalos-corporativos-tecnologicos-2026/,self,true,,,true,Ninguna
https://www.kronosolopromocionales.com/blog/guia-definitiva-merchandising-empresas-ecuador/,200,,https://www.kronosolopromocionales.com/blog/guia-definitiva-merchandising-empresas-ecuador/,self,true,,,true,Ninguna
https://www.kronosolopromocionales.com/blog/solucion-antiestres-bolas-neon-promocionales-para-empresas-en-ecuador/,200,,https://www.kronosolopromocionales.com/blog/solucion-antiestres-bolas-neon-promocionales-para-empresas-en-ecuador/,self,true,,,true,Ninguna
https://www.kronosolopromocionales.com/blog/enamora-a-tus-clientes-regalos-corporativos-unicos-para-amor-y-amistad/,200,,https://www.kronosolopromocionales.com/blog/enamora-a-tus-clientes-regalos-corporativos-unicos-para-amor-y-amistad/,self,true,,,true,Ninguna
https://www.kronosolopromocionales.com/blog/listos-para-carnaval-2026-impulsa-tu-marca-con-productos-promocionales/,200,,https://www.kronosolopromocionales.com/blog/listos-para-carnaval-2026-impulsa-tu-marca-con-productos-promocionales/,self,true,,,true,Ninguna
https://www.kronosolopromocionales.com/blog/boligrafos-personalizados-la-mejor-inversion-publicitaria-en-ecuador/,200,,https://www.kronosolopromocionales.com/blog/boligrafos-personalizados-la-mejor-inversion-publicitaria-en-ecuador/,self,true,,,true,Ninguna
https://www.kronosolopromocionales.com/blog/llaveros-promocionales-cual-es-la-mejor-opcion-para-tu-presupuesto/,200,,https://www.kronosolopromocionales.com/blog/llaveros-promocionales-cual-es-la-mejor-opcion-para-tu-presupuesto/,self,true,,,true,Ninguna
https://www.kronosolopromocionales.com/blog/buscas-productos-promocionales-en-quito-encuentra-el-ideal-aqui/,200,,https://www.kronosolopromocionales.com/blog/buscas-productos-promocionales-en-quito-encuentra-el-ideal-aqui/,self,true,,,true,Ninguna
https://www.kronosolopromocionales.com/blog/productos-promocionales-ecologicos-impulsa-tu-marca-de-forma-sostenible/,200,,https://www.kronosolopromocionales.com/blog/productos-promocionales-ecologicos-impulsa-tu-marca-de-forma-sostenible/,self,true,,,true,Ninguna
https://www.kronosolopromocionales.com/blog/boligrafo-flom-4-1-antibacteriano-el-regalo-promocional-que-protege-tu-marca-en-ecuador/,200,,https://www.kronosolopromocionales.com/blog/boligrafo-flom-4-1-antibacteriano-el-regalo-promocional-que-protege-tu-marca-en-ecuador/,self,true,,,true,Ninguna
https://www.kronosolopromocionales.com/blog/cuellos-multifuncionales-personalizados-la-estrategia-publicitaria-imbatible-para-tu-negocio-en-ecuador/,200,,https://www.kronosolopromocionales.com/blog/cuellos-multifuncionales-personalizados-la-estrategia-publicitaria-imbatible-para-tu-negocio-en-ecuador/,self,true,,,true,Ninguna
https://www.kronosolopromocionales.com/blog/cucharas-y-tenedores-que-protegen-descubre-el-set-de-cubiertos-antibacterianos-para-empresas-en-ecuador/,200,,https://www.kronosolopromocionales.com/blog/cucharas-y-tenedores-que-protegen-descubre-el-set-de-cubiertos-antibacterianos-para-empresas-en-ecuador/,self,true,,,true,Ninguna
https://www.kronosolopromocionales.com/blog/productos-promocionales-ecuador/,200,,https://www.kronosolopromocionales.com/blog/productos-promocionales-ecuador/,self,true,,,true,Ninguna
https://www.kronosolopromocionales.com/blog/mejores-productos-promocionales-2025/,200,,https://www.kronosolopromocionales.com/blog/mejores-productos-promocionales-2025/,self,true,,,true,Ninguna
https://www.kronosolopromocionales.com/blog/estrategias-marketing-merchandising-empresarial/,200,,https://www.kronosolopromocionales.com/blog/estrategias-marketing-merchandising-empresarial/,self,true,,,true,Ninguna
https://www.kronosolopromocionales.com/blog/diseno-logos-productos-promocionales/,200,,https://www.kronosolopromocionales.com/blog/diseno-logos-productos-promocionales/,self,true,,,true,Ninguna
https://www.kronosolopromocionales.com/blog/merchandising-eventos-corporativos-ecuador/,200,,https://www.kronosolopromocionales.com/blog/merchandising-eventos-corporativos-ecuador/,self,true,,,true,Ninguna
https://www.kronosolopromocionales.com/blog/productos-tecnologicos-promocionales-tendencias/,200,,https://www.kronosolopromocionales.com/blog/productos-tecnologicos-promocionales-tendencias/,self,true,,,true,Ninguna
https://www.kronosolopromocionales.com/blog/branding-textiles-personalizados-empresas/,200,,https://www.kronosolopromocionales.com/blog/branding-textiles-personalizados-empresas/,self,true,,,true,Ninguna
https://www.kronosolopromocionales.com/blog/colores-psicologia-merchandising-corporativo/,200,,https://www.kronosolopromocionales.com/blog/colores-psicologia-merchandising-corporativo/,self,true,,,true,Ninguna
https://www.kronosolopromocionales.com/blog/regalos-corporativos-fin-ano-ecuador/,200,,https://www.kronosolopromocionales.com/blog/regalos-corporativos-fin-ano-ecuador/,self,true,,,true,Ninguna
https://www.kronosolopromocionales.com/blog/personalizacion-productos-tecnicas-impresion/,200,,https://www.kronosolopromocionales.com/blog/personalizacion-productos-tecnicas-impresion/,self,true,,,true,Ninguna
https://www.kronosolopromocionales.com/blog/marketing-sostenible-productos-ecologicos-promocionales/,200,,https://www.kronosolopromocionales.com/blog/marketing-sostenible-productos-ecologicos-promocionales/,self,true,,,true,Ninguna
https://www.kronosolopromocionales.com/blog/regalos-corporativos-elegantes/,200,,https://www.kronosolopromocionales.com/blog/regalos-corporativos-elegantes/,self,true,,,true,Ninguna
https://www.kronosolopromocionales.com/blog/10-mejores-productos-promocionales-ecuador-imprescindibles/,200,,https://www.kronosolopromocionales.com/blog/10-mejores-productos-promocionales-ecuador-imprescindibles/,self,true,,,true,Ninguna
https://www.kronosolopromocionales.com/blog/beneficios-productos-promocionales-ecuador-guia-completa/,200,,https://www.kronosolopromocionales.com/blog/beneficios-productos-promocionales-ecuador-guia-completa/,self,true,,,true,Ninguna
https://www.kronosolopromocionales.com/blog/productos-promocionales-baratos-guia-completa/,200,,https://www.kronosolopromocionales.com/blog/productos-promocionales-baratos-guia-completa/,self,true,,,true,Ninguna
https://www.kronosolopromocionales.com/blog/productos-promocionales-por-mayor-mayoreo-guia-completa/,200,,https://www.kronosolopromocionales.com/blog/productos-promocionales-por-mayor-mayoreo-guia-completa/,self,true,,,true,Ninguna
https://www.kronosolopromocionales.com/blog/productos-promocionales-navidenos-guia-completa/,200,,https://www.kronosolopromocionales.com/blog/productos-promocionales-navidenos-guia-completa/,self,true,,,true,Ninguna
https://www.kronosolopromocionales.com/blog/adios-a-las-perdidas-boomtag-bp-29-el-rastreador-airtag-promocional-que-impulsa-tu-marca/,200,,https://www.kronosolopromocionales.com/blog/adios-a-las-perdidas-boomtag-bp-29-el-rastreador-airtag-promocional-que-impulsa-tu-marca/,self,true,,,true,Ninguna
https://www.kronosolopromocionales.com/blog/promocionales-antimicrobianos-la-defensa-invisible-que-impulsa-tu-marca-en-ecuador/,200,,https://www.kronosolopromocionales.com/blog/promocionales-antimicrobianos-la-defensa-invisible-que-impulsa-tu-marca-en-ecuador/,self,true,,,true,Ninguna
https://www.kronosolopromocionales.com/blog/abre-caminos-al-exito-destapador-con-iman-personalizado-el-iman-de-clientes-para-tu-marca-en-ecuador/,200,,https://www.kronosolopromocionales.com/blog/abre-caminos-al-exito-destapador-con-iman-personalizado-el-iman-de-clientes-para-tu-marca-en-ecuador/,self,true,,,true,Ninguna
https://www.kronosolopromocionales.com/blog/herramientas-mustang-promocionales-impulsa-tu-marca-con-soluciones-practicas-ecuador/,200,,https://www.kronosolopromocionales.com/blog/herramientas-mustang-promocionales-impulsa-tu-marca-con-soluciones-practicas-ecuador/,self,true,,,true,Ninguna
https://www.kronosolopromocionales.com/blog/mejores-regalos-corporativos-para-empresas-ecuador-2026/,200,,https://www.kronosolopromocionales.com/blog/mejores-regalos-corporativos-para-empresas-ecuador-2026/,self,true,,,true,Ninguna
https://www.kronosolopromocionales.com/blog/merchandising-para-ferias-empresariales-ecuador/,200,,https://www.kronosolopromocionales.com/blog/merchandising-para-ferias-empresariales-ecuador/,self,true,,,true,Ninguna
https://www.kronosolopromocionales.com/blog/boligrafos-promocionales-personalizados-guia-empresas-ecuador/,200,,https://www.kronosolopromocionales.com/blog/boligrafos-promocionales-personalizados-guia-empresas-ecuador/,self,true,,,true,Ninguna
https://www.kronosolopromocionales.com/blog/articulos-promocionales-ecologicos-para-empresas-ecuador/,200,,https://www.kronosolopromocionales.com/blog/articulos-promocionales-ecologicos-para-empresas-ecuador/,self,true,,,true,Ninguna
https://www.kronosolopromocionales.com/blog/cuanto-cuestan-los-articulos-promocionales-personalizados-ecuador/,200,,https://www.kronosolopromocionales.com/blog/cuanto-cuestan-los-articulos-promocionales-personalizados-ecuador/,self,true,,,true,Ninguna
https://www.kronosolopromocionales.com/productos/organizador-multiusos-link-nuevo-13536/,200,,https://www.kronosolopromocionales.com/productos/organizador-multiusos-link-nuevo-13536/,self,true,,,true,Ninguna
https://www.kronosolopromocionales.com/productos/candado-de-clave-tsa-nuevo-13537/,200,,https://www.kronosolopromocionales.com/productos/candado-de-clave-tsa-nuevo-13537/,self,true,,,true,Ninguna
https://www.kronosolopromocionales.com/productos/banda-elastica-gym-nuevo-13538/,200,,https://www.kronosolopromocionales.com/productos/banda-elastica-gym-nuevo-13538/,self,true,,,true,Ninguna
https://www.kronosolopromocionales.com/productos/paraguas-kahlo-23-nuevo-13532/,200,,https://www.kronosolopromocionales.com/productos/paraguas-kahlo-23-nuevo-13532/,self,true,,,true,Ninguna
https://www.kronosolopromocionales.com/productos/rastreador-chili-card-nuevo-13533/,200,,https://www.kronosolopromocionales.com/productos/rastreador-chili-card-nuevo-13533/,self,true,,,true,Ninguna
https://www.kronosolopromocionales.com/productos/mug-plastico-stash-500-ml-nuevo-13534/,200,,https://www.kronosolopromocionales.com/productos/mug-plastico-stash-500-ml-nuevo-13534/,self,true,,,true,Ninguna
https://www.kronosolopromocionales.com/productos/sticky-set-truck-nuevo-13280/,200,,https://www.kronosolopromocionales.com/productos/sticky-set-truck-nuevo-13280/,self,true,,,true,Ninguna
https://www.kronosolopromocionales.com/productos/audifonos-bluetooth-earshots-boompods-oferta-10589/,200,,https://www.kronosolopromocionales.com/productos/audifonos-bluetooth-earshots-boompods-oferta-10589/,self,true,,,true,Ninguna
https://www.kronosolopromocionales.com/productos/audifonos-bluetooth-bassline-go-boompods-10590/,200,,https://www.kronosolopromocionales.com/productos/audifonos-bluetooth-bassline-go-boompods-10590/,self,true,,,true,Ninguna
https://www.kronosolopromocionales.com/productos/speaker-bluetooth-zero-boompods-10591/,200,,https://www.kronosolopromocionales.com/productos/speaker-bluetooth-zero-boompods-10591/,self,true,,,true,Ninguna
https://www.kronosolopromocionales.com/productos/termo-metalico-calypso-chili-500ml-9781/,200,,https://www.kronosolopromocionales.com/productos/termo-metalico-calypso-chili-500ml-9781/,self,true,,,true,Ninguna
https://www.kronosolopromocionales.com/productos/botilito-en-vidrio-calypso-chili-750ml-10653/,200,,https://www.kronosolopromocionales.com/productos/botilito-en-vidrio-calypso-chili-750ml-10653/,self,true,,,true,Ninguna
https://www.kronosolopromocionales.com/productos/morral-backpack-master-ocean-10668/,200,,https://www.kronosolopromocionales.com/productos/morral-backpack-master-ocean-10668/,self,true,,,true,Ninguna
https://www.kronosolopromocionales.com/productos/maletin-master-ocean-10669/,200,,https://www.kronosolopromocionales.com/productos/maletin-master-ocean-10669/,self,true,,,true,Ninguna
https://www.kronosolopromocionales.com/productos/canguro-master-ocean-10670/,200,,https://www.kronosolopromocionales.com/productos/canguro-master-ocean-10670/,self,true,,,true,Ninguna
https://www.kronosolopromocionales.com/productos/organizador-de-viaje-master-ocean-10959/,200,,https://www.kronosolopromocionales.com/productos/organizador-de-viaje-master-ocean-10959/,self,true,,,true,Ninguna
https://www.kronosolopromocionales.com/productos/organizador-de-viaje-maxi-master-ocean-10960/,200,,https://www.kronosolopromocionales.com/productos/organizador-de-viaje-maxi-master-ocean-10960/,self,true,,,false,Ninguna
https://www.kronosolopromocionales.com/productos/morral-backpack-compacto-master-ocean-10961/,200,,https://www.kronosolopromocionales.com/productos/morral-backpack-compacto-master-ocean-10961/,self,true,,,true,Ninguna
https://www.kronosolopromocionales.com/productos/canguro-compacto-master-ocean-10962/,200,,https://www.kronosolopromocionales.com/productos/canguro-compacto-master-ocean-10962/,self,true,,,true,Ninguna
https://www.kronosolopromocionales.com/productos/morral-backpack-antirrobo-chili-9834/,200,,https://www.kronosolopromocionales.com/productos/morral-backpack-antirrobo-chili-9834/,self,true,,,true,Ninguna
https://www.kronosolopromocionales.com/productos/boligrafo-metalico-shell-oferta-7326/,200,,https://www.kronosolopromocionales.com/productos/boligrafo-metalico-shell-oferta-7326/,self,true,,,true,Ninguna
https://www.kronosolopromocionales.com/productos/skil-oferta-8592/,200,,https://www.kronosolopromocionales.com/productos/skil-oferta-8592/,self,true,,,true,Ninguna
https://www.kronosolopromocionales.com/productos/espejo-cork-ii-10689/,200,,https://www.kronosolopromocionales.com/productos/espejo-cork-ii-10689/,self,true,,,true,Ninguna
https://www.kronosolopromocionales.com/productos/boligrafo-dormin-bamboo-10839/,200,,https://www.kronosolopromocionales.com/productos/boligrafo-dormin-bamboo-10839/,self,true,,,false,Ninguna
https://www.kronosolopromocionales.com/productos/portaboligrafos-lumi-rpet-10811/,200,,https://www.kronosolopromocionales.com/productos/portaboligrafos-lumi-rpet-10811/,self,true,,,true,Ninguna
https://www.kronosolopromocionales.com/productos/speaker-bluetooth-clock-eco-10835/,200,,https://www.kronosolopromocionales.com/productos/speaker-bluetooth-clock-eco-10835/,self,true,,,true,Ninguna
https://www.kronosolopromocionales.com/productos/puerto-usb-massimo-bamboo-10813/,200,,https://www.kronosolopromocionales.com/productos/puerto-usb-massimo-bamboo-10813/,self,true,,,true,Ninguna
https://www.kronosolopromocionales.com/productos/puerto-usb-ruler-bamboo-10814/,200,,https://www.kronosolopromocionales.com/productos/puerto-usb-ruler-bamboo-10814/,self,true,,,false,Ninguna
https://www.kronosolopromocionales.com/productos/set-de-colores-figgy-10697/,200,,https://www.kronosolopromocionales.com/productos/set-de-colores-figgy-10697/,self,true,,,true,Ninguna
https://www.kronosolopromocionales.com/productos/mini-set-de-colores-baby-10698/,200,,https://www.kronosolopromocionales.com/productos/mini-set-de-colores-baby-10698/,self,true,,,true,Ninguna
https://www.kronosolopromocionales.com/productos/bolsa-en-cambrel-baxter-5260/,200,,https://www.kronosolopromocionales.com/productos/bolsa-en-cambrel-baxter-5260/,self,true,,,true,Ninguna
https://www.kronosolopromocionales.com/productos/bolsa-en-yute-wine-oferta-5437/,200,,https://www.kronosolopromocionales.com/productos/bolsa-en-yute-wine-oferta-5437/,self,true,,,true,Ninguna
https://www.kronosolopromocionales.com/productos/boligrafo-mop-like-stylus-10030/,200,,https://www.kronosolopromocionales.com/productos/boligrafo-mop-like-stylus-10030/,self,true,,,true,Ninguna
https://www.kronosolopromocionales.com/productos/mop-medic-stylus-7344/,200,,https://www.kronosolopromocionales.com/productos/mop-medic-stylus-7344/,self,true,,,true,Ninguna
https://www.kronosolopromocionales.com/productos/mop-stylus-7345/,200,,https://www.kronosolopromocionales.com/productos/mop-stylus-7345/,self,true,,,true,Ninguna
https://www.kronosolopromocionales.com/productos/mop-bicolor-8947/,200,,https://www.kronosolopromocionales.com/productos/mop-bicolor-8947/,self,true,,,true,Ninguna
https://www.kronosolopromocionales.com/productos/mini-paraguas-brenna-19-10673/,200,,https://www.kronosolopromocionales.com/productos/mini-paraguas-brenna-19-10673/,self,true,,,true,Ninguna
https://www.kronosolopromocionales.com/productos/mini-paraguas-strap-21-6201/,200,,https://www.kronosolopromocionales.com/productos/mini-paraguas-strap-21-6201/,self,true,,,true,Ninguna
https://www.kronosolopromocionales.com/productos/paraguas-brook-27-6369/,200,,https://www.kronosolopromocionales.com/productos/paraguas-brook-27-6369/,self,true,,,true,Ninguna
https://www.kronosolopromocionales.com/productos/paraguas-27-5913/,200,,https://www.kronosolopromocionales.com/productos/paraguas-27-5913/,self,true,,,false,Ninguna
https://www.kronosolopromocionales.com/productos/paraguas-golf-ii-30-1083/,200,,https://www.kronosolopromocionales.com/productos/paraguas-golf-ii-30-1083/,self,true,,,true,Ninguna
https://www.kronosolopromocionales.com/productos/paraguas-golf-redondo-27-1889/,200,,https://www.kronosolopromocionales.com/productos/paraguas-golf-redondo-27-1889/,self,true,,,true,Ninguna
https://www.kronosolopromocionales.com/productos/paraguas-profesional-en-fibra-de-vidrio-30-2145/,200,,https://www.kronosolopromocionales.com/productos/paraguas-profesional-en-fibra-de-vidrio-30-2145/,self,true,,,true,Ninguna
https://www.kronosolopromocionales.com/productos/mini-paraguas-hansel-21-6868/,200,,https://www.kronosolopromocionales.com/productos/mini-paraguas-hansel-21-6868/,self,true,,,true,Ninguna
https://www.kronosolopromocionales.com/productos/paraguas-freerain-23-7627/,200,,https://www.kronosolopromocionales.com/productos/paraguas-freerain-23-7627/,self,true,,,true,Ninguna
https://www.kronosolopromocionales.com/productos/paraguas-fiori-23-7515/,200,,https://www.kronosolopromocionales.com/productos/paraguas-fiori-23-7515/,self,true,,,true,Ninguna
https://www.kronosolopromocionales.com/productos/vaso-cervecero-300ml-oferta-4813/,200,,https://www.kronosolopromocionales.com/productos/vaso-cervecero-300ml-oferta-4813/,self,true,,,true,Ninguna
https://www.kronosolopromocionales.com/productos/set-de-viaje-swiss-peak-travel-10611/,200,,https://www.kronosolopromocionales.com/productos/set-de-viaje-swiss-peak-travel-10611/,self,true,,,true,Ninguna
https://www.kronosolopromocionales.com/productos/funda-portalaptop-swiss-peak-10612/,200,,https://www.kronosolopromocionales.com/productos/funda-portalaptop-swiss-peak-10612/,self,true,,,true,Ninguna
https://www.kronosolopromocionales.com/productos/portadocumentos-heritage-swiss-peak-11110/,200,,https://www.kronosolopromocionales.com/productos/portadocumentos-heritage-swiss-peak-11110/,self,true,,,true,Ninguna
https://www.kronosolopromocionales.com/productos/organizador-swiss-peak-office-oferta-10177/,200,,https://www.kronosolopromocionales.com/productos/organizador-swiss-peak-office-oferta-10177/,self,true,,,true,Ninguna
https://www.kronosolopromocionales.com/productos/organizador-de-viaje-swiss-peak-rpet-10181/,200,,https://www.kronosolopromocionales.com/productos/organizador-de-viaje-swiss-peak-rpet-10181/,self,true,,,true,Ninguna
https://www.kronosolopromocionales.com/productos/portadocumentos-de-viaje-swiss-peak-6267/,200,,https://www.kronosolopromocionales.com/productos/portadocumentos-de-viaje-swiss-peak-6267/,self,true,,,true,Ninguna
https://www.kronosolopromocionales.com/productos/set-de-portatarjetas-y-boligrafos-swiss-peak-8584/,200,,https://www.kronosolopromocionales.com/productos/set-de-portatarjetas-y-boligrafos-swiss-peak-8584/,self,true,,,true,Ninguna
https://www.kronosolopromocionales.com/productos/carpeta-folder-swiss-peak-a5-8936/,200,,https://www.kronosolopromocionales.com/productos/carpeta-folder-swiss-peak-a5-8936/,self,true,,,false,Ninguna
https://www.kronosolopromocionales.com/productos/speaker-bluetooth-bass-swiss-peak-8933/,200,,https://www.kronosolopromocionales.com/productos/speaker-bluetooth-bass-swiss-peak-8933/,self,true,,,true,Ninguna
https://www.kronosolopromocionales.com/productos/set-de-boligrafos-swiss-peak-luzern-8942/,200,,https://www.kronosolopromocionales.com/productos/set-de-boligrafos-swiss-peak-luzern-8942/,self,true,,,true,Ninguna
https://www.kronosolopromocionales.com/productos/set-de-boligrafo-y-libreta-swiss-peak-lux-9568/,200,,https://www.kronosolopromocionales.com/productos/set-de-boligrafo-y-libreta-swiss-peak-lux-9568/,self,true,,,true,Ninguna
https://www.kronosolopromocionales.com/productos/organizador-de-viaje-swiss-peak-kool-9610/,200,,https://www.kronosolopromocionales.com/productos/organizador-de-viaje-swiss-peak-kool-9610/,self,true,,,false,Ninguna
https://www.kronosolopromocionales.com/productos/maletin-portadocumentos-urban-travel-7606/,200,,https://www.kronosolopromocionales.com/productos/maletin-portadocumentos-urban-travel-7606/,self,true,,,true,Ninguna
https://www.kronosolopromocionales.com/productos/maletin-urban-travel-7608/,200,,https://www.kronosolopromocionales.com/productos/maletin-urban-travel-7608/,self,true,,,false,Ninguna
https://www.kronosolopromocionales.com/productos/trolley-morral-backpack-urban-travel-7609/,200,,https://www.kronosolopromocionales.com/productos/trolley-morral-backpack-urban-travel-7609/,self,true,,,true,Ninguna
https://www.kronosolopromocionales.com/productos/chaqueta-urban-travel-wear-8155/,200,,https://www.kronosolopromocionales.com/productos/chaqueta-urban-travel-wear-8155/,self,true,,,true,Ninguna
https://www.kronosolopromocionales.com/productos/portapasaporte-vester-urban-travel-8174/,200,,https://www.kronosolopromocionales.com/productos/portapasaporte-vester-urban-travel-8174/,self,true,,,true,Ninguna
https://www.kronosolopromocionales.com/productos/morral-backpack-mangini-urban-travel-9220/,200,,https://www.kronosolopromocionales.com/productos/morral-backpack-mangini-urban-travel-9220/,self,true,,,true,Ninguna
https://www.kronosolopromocionales.com/productos/morral-backpack-king-urban-travel-9599/,200,,https://www.kronosolopromocionales.com/productos/morral-backpack-king-urban-travel-9599/,self,true,,,true,Ninguna
https://www.kronosolopromocionales.com/productos/gorra-sport-en-microfibra-urban-travel-10600/,200,,https://www.kronosolopromocionales.com/productos/gorra-sport-en-microfibra-urban-travel-10600/,self,true,,,true,Ninguna
https://www.kronosolopromocionales.com/productos/gorra-brixton-urban-travel-10601/,200,,https://www.kronosolopromocionales.com/productos/gorra-brixton-urban-travel-10601/,self,true,,,true,Ninguna
https://www.kronosolopromocionales.com/productos/gorra-mesh-urban-travel-10602/,200,,https://www.kronosolopromocionales.com/productos/gorra-mesh-urban-travel-10602/,self,true,,,true,Ninguna
https://www.kronosolopromocionales.com/productos/bajalenguas-plastico-produccion-nacional-7955/,200,,https://www.kronosolopromocionales.com/productos/bajalenguas-plastico-produccion-nacional-7955/,self,true,,,true,Ninguna
https://www.kronosolopromocionales.com/productos/set-de-cubiertos-lunch-produccion-nacional-9617/,200,,https://www.kronosolopromocionales.com/productos/set-de-cubiertos-lunch-produccion-nacional-9617/,self,true,,,true,Ninguna
https://www.kronosolopromocionales.com/productos/mug-plastico-osiris-360ml-produccion-nacional-8051/,200,,https://www.kronosolopromocionales.com/productos/mug-plastico-osiris-360ml-produccion-nacional-8051/,self,true,,,true,Ninguna
https://www.kronosolopromocionales.com/productos/mug-plastico-newport-480ml-produccion-nacional-9030/,200,,https://www.kronosolopromocionales.com/productos/mug-plastico-newport-480ml-produccion-nacional-9030/,self,true,,,true,Ninguna
https://www.kronosolopromocionales.com/productos/vaso-doble-pared-de-seguridad-450ml-prod-nacional-9618/,200,,https://www.kronosolopromocionales.com/productos/vaso-doble-pared-de-seguridad-450ml-prod-nacional-9618/,self,true,,,true,Ninguna
https://www.kronosolopromocionales.com/productos/mug-plastico-morgan-300ml-produccion-nacional-10202/,200,,https://www.kronosolopromocionales.com/productos/mug-plastico-morgan-300ml-produccion-nacional-10202/,self,true,,,true,Ninguna
https://www.kronosolopromocionales.com/productos/mug-plastico-orbit-12oz-produccion-nacional-5889/,200,,https://www.kronosolopromocionales.com/productos/mug-plastico-orbit-12oz-produccion-nacional-5889/,self,true,,,true,Ninguna
https://www.kronosolopromocionales.com/productos/mug-plastico-shaker-14-oz-produccion-nacional-6809/,200,,https://www.kronosolopromocionales.com/productos/mug-plastico-shaker-14-oz-produccion-nacional-6809/,self,true,,,true,Ninguna
https://www.kronosolopromocionales.com/productos/vaso-glitter-produccion-nacional-3277/,200,,https://www.kronosolopromocionales.com/productos/vaso-glitter-produccion-nacional-3277/,self,true,,,true,Ninguna
https://www.kronosolopromocionales.com/productos/vaso-arrow-produccion-nacional-3267/,200,,https://www.kronosolopromocionales.com/productos/vaso-arrow-produccion-nacional-3267/,self,true,,,true,Ninguna
https://www.kronosolopromocionales.com/productos/portacomida-sencillo-con-cubiertos-produccion-nacional-5389/,200,,https://www.kronosolopromocionales.com/productos/portacomida-sencillo-con-cubiertos-produccion-nacional-5389/,self,true,,,true,Ninguna
https://www.kronosolopromocionales.com/productos/estuche-multiusos-space-produccion-nacional-9620/,200,,https://www.kronosolopromocionales.com/productos/estuche-multiusos-space-produccion-nacional-9620/,self,true,,,true,Ninguna
https://www.kronosolopromocionales.com/productos/set-de-vino-bonard-9752/,200,,https://www.kronosolopromocionales.com/productos/set-de-vino-bonard-9752/,self,true,,,true,Ninguna
https://www.kronosolopromocionales.com/productos/portadocumentos-de-viaje-paris-10608/,200,,https://www.kronosolopromocionales.com/productos/portadocumentos-de-viaje-paris-10608/,self,true,,,false,Ninguna
https://www.kronosolopromocionales.com/productos/morral-backpack-bobby-edge-10762/,200,,https://www.kronosolopromocionales.com/productos/morral-backpack-bobby-edge-10762/,self,true,,,true,Ninguna
https://www.kronosolopromocionales.com/productos/morral-backpack-bizz-20-10763/,200,,https://www.kronosolopromocionales.com/productos/morral-backpack-bizz-20-10763/,self,true,,,true,Ninguna
https://www.kronosolopromocionales.com/productos/morral-backpack-soft-pack-10764/,200,,https://www.kronosolopromocionales.com/productos/morral-backpack-soft-pack-10764/,self,true,,,true,Ninguna
https://www.kronosolopromocionales.com/productos/morral-backpack-antirrobo-bobby-soft-9831/,200,,https://www.kronosolopromocionales.com/productos/morral-backpack-antirrobo-bobby-soft-9831/,self,true,,,true,Ninguna
https://www.kronosolopromocionales.com/productos/funda-portalaptop-impact-rpet-10004/,200,,https://www.kronosolopromocionales.com/productos/funda-portalaptop-impact-rpet-10004/,self,true,,,true,Ninguna
https://www.kronosolopromocionales.com/productos/organizador-para-bicicleta-reflect-10178/,200,,https://www.kronosolopromocionales.com/productos/organizador-para-bicicleta-reflect-10178/,self,true,,,true,Ninguna
https://www.kronosolopromocionales.com/productos/morral-backpack-reflect-10179/,200,,https://www.kronosolopromocionales.com/productos/morral-backpack-reflect-10179/,self,true,,,true,Ninguna
https://www.kronosolopromocionales.com/productos/morral-backpack-flex-gym-10176/,200,,https://www.kronosolopromocionales.com/productos/morral-backpack-flex-gym-10176/,self,true,,,true,Ninguna
https://www.kronosolopromocionales.com/productos/organizador-de-viaje-florida-6265/,200,,https://www.kronosolopromocionales.com/productos/organizador-de-viaje-florida-6265/,self,true,,,true,Ninguna
https://www.kronosolopromocionales.com/productos/set-de-lapices-black-10995/,200,,https://www.kronosolopromocionales.com/productos/set-de-lapices-black-10995/,self,true,,,true,Ninguna
https://www.kronosolopromocionales.com/productos/tajalapiz-plastico-school-10998/,200,,https://www.kronosolopromocionales.com/productos/tajalapiz-plastico-school-10998/,self,true,,,false,Ninguna
https://www.kronosolopromocionales.com/productos/reloj-de-agua-power-10828/,200,,https://www.kronosolopromocionales.com/productos/reloj-de-agua-power-10828/,self,true,,,true,Ninguna
https://www.kronosolopromocionales.com/productos/reloj-digital-utopus-11124/,200,,https://www.kronosolopromocionales.com/productos/reloj-digital-utopus-11124/,self,true,,,true,Ninguna
https://www.kronosolopromocionales.com/productos/set-de-crayolas-infant-10695/,200,,https://www.kronosolopromocionales.com/productos/set-de-crayolas-infant-10695/,self,true,,,true,Ninguna
https://www.kronosolopromocionales.com/productos/ventilador-spray-10923/,200,,https://www.kronosolopromocionales.com/productos/ventilador-spray-10923/,self,true,,,true,Ninguna
https://www.kronosolopromocionales.com/productos/cinta-portacarnet-puzzle-10833/,200,,https://www.kronosolopromocionales.com/productos/cinta-portacarnet-puzzle-10833/,self,true,,,false,Ninguna
https://www.kronosolopromocionales.com/productos/cubo-pop-it-10973/,200,,https://www.kronosolopromocionales.com/productos/cubo-pop-it-10973/,self,true,,,false,Ninguna
https://www.kronosolopromocionales.com/productos/bola-para-mascotas-10979/,200,,https://www.kronosolopromocionales.com/productos/bola-para-mascotas-10979/,self,true,,,true,Ninguna
https://www.kronosolopromocionales.com/productos/set-limpiador-7-en-1-10980/,200,,https://www.kronosolopromocionales.com/productos/set-limpiador-7-en-1-10980/,self,true,,,true,Ninguna
https://www.kronosolopromocionales.com/productos/advant-2-1-resaltador-de-tinta-2551/,200,,https://www.kronosolopromocionales.com/productos/advant-2-1-resaltador-de-tinta-2551/,self,true,,,true,Ninguna
https://www.kronosolopromocionales.com/productos/advant-2-1-resaltador-cera-6609/,200,,https://www.kronosolopromocionales.com/productos/advant-2-1-resaltador-cera-6609/,self,true,,,true,Ninguna
https://www.kronosolopromocionales.com/productos/focus-ii-resaltador-de-cera-6368/,200,,https://www.kronosolopromocionales.com/productos/focus-ii-resaltador-de-cera-6368/,self,true,,,true,Ninguna
https://www.kronosolopromocionales.com/productos/ventura-resaltador-cera-5709/,200,,https://www.kronosolopromocionales.com/productos/ventura-resaltador-cera-5709/,self,true,,,true,Ninguna
https://www.kronosolopromocionales.com/productos/pascal-stylus-neon-4-1-7929/,200,,https://www.kronosolopromocionales.com/productos/pascal-stylus-neon-4-1-7929/,self,true,,,true,Ninguna
https://www.kronosolopromocionales.com/productos/royce-neon-3-1-oferta-8575/,200,,https://www.kronosolopromocionales.com/productos/royce-neon-3-1-oferta-8575/,self,true,,,true,Ninguna
https://www.kronosolopromocionales.com/productos/boligrafo-carson-3-1-10497/,200,,https://www.kronosolopromocionales.com/productos/boligrafo-carson-3-1-10497/,self,true,,,true,Ninguna
https://www.kronosolopromocionales.com/productos/resaltador-winston-10496/,200,,https://www.kronosolopromocionales.com/productos/resaltador-winston-10496/,self,true,,,true,Ninguna
https://www.kronosolopromocionales.com/productos/sticky-set-floppy-6184/,200,,https://www.kronosolopromocionales.com/productos/sticky-set-floppy-6184/,self,true,,,true,Ninguna
https://www.kronosolopromocionales.com/productos/sticky-set-eco-3377/,200,,https://www.kronosolopromocionales.com/productos/sticky-set-eco-3377/,self,true,,,true,Ninguna
https://www.kronosolopromocionales.com/productos/sticky-set-leader-eco-3382/,200,,https://www.kronosolopromocionales.com/productos/sticky-set-leader-eco-3382/,self,true,,,true,Ninguna
https://www.kronosolopromocionales.com/productos/libreta-con-boligrafo-recycle-eco-3384/,200,,https://www.kronosolopromocionales.com/productos/libreta-con-boligrafo-recycle-eco-3384/,self,true,,,true,Ninguna
https://www.kronosolopromocionales.com/productos/libreta-con-boligrafo-gulliver-eco-4036/,200,,https://www.kronosolopromocionales.com/productos/libreta-con-boligrafo-gulliver-eco-4036/,self,true,,,true,Ninguna
https://www.kronosolopromocionales.com/productos/libreta-woody-ecologica-produccion-nacional-5493/,200,,https://www.kronosolopromocionales.com/productos/libreta-woody-ecologica-produccion-nacional-5493/,self,true,,,true,Ninguna
https://www.kronosolopromocionales.com/productos/mini-libreta-con-boligrafo-tavish-8668/,200,,https://www.kronosolopromocionales.com/productos/mini-libreta-con-boligrafo-tavish-8668/,self,true,,,true,Ninguna
https://www.kronosolopromocionales.com/productos/memo-sticky-set-ring-8820/,200,,https://www.kronosolopromocionales.com/productos/memo-sticky-set-ring-8820/,self,true,,,true,Ninguna
https://www.kronosolopromocionales.com/productos/mini-libreta-cork-9110/,200,,https://www.kronosolopromocionales.com/productos/mini-libreta-cork-9110/,self,true,,,true,Ninguna
https://www.kronosolopromocionales.com/productos/libreta-cork-9111/,200,,https://www.kronosolopromocionales.com/productos/libreta-cork-9111/,self,true,,,true,Ninguna
https://www.kronosolopromocionales.com/productos/set-de-escritorio-cotton-10652/,200,,https://www.kronosolopromocionales.com/productos/set-de-escritorio-cotton-10652/,self,true,,,true,Ninguna
https://www.kronosolopromocionales.com/productos/estuche-carton-produccion-nacional-6045/,200,,https://www.kronosolopromocionales.com/productos/estuche-carton-produccion-nacional-6045/,self,true,,,true,Ninguna
https://www.kronosolopromocionales.com/productos/estuche-aluminio-1061/,200,,https://www.kronosolopromocionales.com/productos/estuche-aluminio-1061/,self,true,,,true,Ninguna
https://www.kronosolopromocionales.com/productos/set-elegance-boligrafo-y-portaminas-7356/,200,,https://www.kronosolopromocionales.com/productos/set-elegance-boligrafo-y-portaminas-7356/,self,true,,,true,Ninguna
https://www.kronosolopromocionales.com/productos/set-montgomery-boligrafo-y-roller-oferta-7938/,200,,https://www.kronosolopromocionales.com/productos/set-montgomery-boligrafo-y-roller-oferta-7938/,self,true,,,false,Ninguna
https://www.kronosolopromocionales.com/productos/set-dickens-boligrafo-y-portaminas-oferta-5857/,200,,https://www.kronosolopromocionales.com/productos/set-dickens-boligrafo-y-portaminas-oferta-5857/,self,true,,,false,Ninguna
https://www.kronosolopromocionales.com/productos/set-escolar-college-produccion-nacional-9392/,200,,https://www.kronosolopromocionales.com/productos/set-escolar-college-produccion-nacional-9392/,self,true,,,true,Ninguna
https://www.kronosolopromocionales.com/productos/estuche-ariston-9242/,200,,https://www.kronosolopromocionales.com/productos/estuche-ariston-9242/,self,true,,,true,Ninguna
https://www.kronosolopromocionales.com/productos/set-de-trigo-eco-9679/,200,,https://www.kronosolopromocionales.com/productos/set-de-trigo-eco-9679/,self,true,,,true,Ninguna
https://www.kronosolopromocionales.com/productos/lapiz-eco-3684/,200,,https://www.kronosolopromocionales.com/productos/lapiz-eco-3684/,self,true,,,true,Ninguna
https://www.kronosolopromocionales.com/productos/lapiz-neon-153/,200,,https://www.kronosolopromocionales.com/productos/lapiz-neon-153/,self,true,,,true,Ninguna
https://www.kronosolopromocionales.com/productos/lapiz-metallic-oferta-8507/,200,,https://www.kronosolopromocionales.com/productos/lapiz-metallic-oferta-8507/,self,true,,,true,Ninguna
https://www.kronosolopromocionales.com/productos/lapiz-infinity-eco-9841/,200,,https://www.kronosolopromocionales.com/productos/lapiz-infinity-eco-9841/,self,true,,,true,Ninguna
https://www.kronosolopromocionales.com/productos/ventura-bamboo-infinity-9918/,200,,https://www.kronosolopromocionales.com/productos/ventura-bamboo-infinity-9918/,self,true,,,true,Ninguna
https://www.kronosolopromocionales.com/productos/set-de-boligrafos-flock-oferta-10040/,200,,https://www.kronosolopromocionales.com/productos/set-de-boligrafos-flock-oferta-10040/,self,true,,,true,Ninguna
https://www.kronosolopromocionales.com/productos/ventura-stylus-4-1-10234/,200,,https://www.kronosolopromocionales.com/productos/ventura-stylus-4-1-10234/,self,true,,,false,Ninguna
https://www.kronosolopromocionales.com/productos/lapiz-infinity-con-borrador-10254/,200,,https://www.kronosolopromocionales.com/productos/lapiz-infinity-con-borrador-10254/,self,true,,,true,Ninguna
https://www.kronosolopromocionales.com/productos/portanotas-yakari-oferta-9890/,200,,https://www.kronosolopromocionales.com/productos/portanotas-yakari-oferta-9890/,self,true,,,true,Ninguna
https://www.kronosolopromocionales.com/productos/lapiz-eco-natural-13205/,200,,https://www.kronosolopromocionales.com/productos/lapiz-eco-natural-13205/,self,true,,,true,Ninguna
https://www.kronosolopromocionales.com/productos/llavero-linterna-carabinero-7425/,200,,https://www.kronosolopromocionales.com/productos/llavero-linterna-carabinero-7425/,self,true,,,true,Ninguna
https://www.kronosolopromocionales.com/productos/llavero-destapador-nash-7432/,200,,https://www.kronosolopromocionales.com/productos/llavero-destapador-nash-7432/,self,true,,,true,Ninguna
https://www.kronosolopromocionales.com/productos/llavero-ml-345-7451/,200,,https://www.kronosolopromocionales.com/productos/llavero-ml-345-7451/,self,true,,,true,Ninguna
https://www.kronosolopromocionales.com/productos/llavero-bici-7781/,200,,https://www.kronosolopromocionales.com/productos/llavero-bici-7781/,self,true,,,true,Ninguna
https://www.kronosolopromocionales.com/productos/llavero-ml-347-7782/,200,,https://www.kronosolopromocionales.com/productos/llavero-ml-347-7782/,self,true,,,true,Ninguna
https://www.kronosolopromocionales.com/productos/llavero-pito-maxi-7877/,200,,https://www.kronosolopromocionales.com/productos/llavero-pito-maxi-7877/,self,true,,,true,Ninguna
https://www.kronosolopromocionales.com/productos/llavero-ml-356-8039/,200,,https://www.kronosolopromocionales.com/productos/llavero-ml-356-8039/,self,true,,,true,Ninguna
https://www.kronosolopromocionales.com/productos/mini-llavero-pito-3156/,200,,https://www.kronosolopromocionales.com/productos/mini-llavero-pito-3156/,self,true,,,false,Ninguna
https://www.kronosolopromocionales.com/productos/llavero-ml-367-8532/,200,,https://www.kronosolopromocionales.com/productos/llavero-ml-367-8532/,self,true,,,true,Ninguna
https://www.kronosolopromocionales.com/productos/set-de-portatarjetas-y-llavero-jack-oferta-8497/,200,,https://www.kronosolopromocionales.com/productos/set-de-portatarjetas-y-llavero-jack-oferta-8497/,self,true,,,true,Ninguna
https://www.kronosolopromocionales.com/productos/llavero-ml-368-8533/,200,,https://www.kronosolopromocionales.com/productos/llavero-ml-368-8533/,self,true,,,true,Ninguna
https://www.kronosolopromocionales.com/productos/llavero-destapador-car-9131/,200,,https://www.kronosolopromocionales.com/productos/llavero-destapador-car-9131/,self,true,,,true,Ninguna
https://www.kronosolopromocionales.com/productos/milla-roller-stylus-5848/,200,,https://www.kronosolopromocionales.com/productos/milla-roller-stylus-5848/,self,true,,,true,Ninguna
https://www.kronosolopromocionales.com/productos/palmer-stylus-5851/,200,,https://www.kronosolopromocionales.com/productos/palmer-stylus-5851/,self,true,,,false,Ninguna
https://www.kronosolopromocionales.com/productos/floyd-stylus-5837/,200,,https://www.kronosolopromocionales.com/productos/floyd-stylus-5837/,self,true,,,true,Ninguna
https://www.kronosolopromocionales.com/productos/aston-stylus-metalico-7852/,200,,https://www.kronosolopromocionales.com/productos/aston-stylus-metalico-7852/,self,true,,,true,Ninguna
https://www.kronosolopromocionales.com/productos/memoria-usb-boligrafo-king-precio-neto-5723/,200,,https://www.kronosolopromocionales.com/productos/memoria-usb-boligrafo-king-precio-neto-5723/,self,true,,,true,Ninguna
https://www.kronosolopromocionales.com/productos/hamond-stylus-8555/,200,,https://www.kronosolopromocionales.com/productos/hamond-stylus-8555/,self,true,,,true,Ninguna
https://www.kronosolopromocionales.com/productos/boligrafo-brink-stylus-9835/,200,,https://www.kronosolopromocionales.com/productos/boligrafo-brink-stylus-9835/,self,true,,,true,Ninguna
https://www.kronosolopromocionales.com/productos/boligrafo-tankist-stylus-10043/,200,,https://www.kronosolopromocionales.com/productos/boligrafo-tankist-stylus-10043/,self,true,,,true,Ninguna
https://www.kronosolopromocionales.com/productos/llavero-linterna-flat-6972/,200,,https://www.kronosolopromocionales.com/productos/llavero-linterna-flat-6972/,self,true,,,true,Ninguna
https://www.kronosolopromocionales.com/productos/metro-llavero-car-7275/,200,,https://www.kronosolopromocionales.com/productos/metro-llavero-car-7275/,self,true,,,true,Ninguna
https://www.kronosolopromocionales.com/productos/llavero-linterna-like-it-con-stylus-7417/,200,,https://www.kronosolopromocionales.com/productos/llavero-linterna-like-it-con-stylus-7417/,self,true,,,true,Ninguna
https://www.kronosolopromocionales.com/productos/llavero-destapador-truman-7430/,200,,https://www.kronosolopromocionales.com/productos/llavero-destapador-truman-7430/,self,true,,,true,Ninguna
https://www.kronosolopromocionales.com/productos/llavero-metro-con-destapador-mimic-7429/,200,,https://www.kronosolopromocionales.com/productos/llavero-metro-con-destapador-mimic-7429/,self,true,,,true,Ninguna
https://www.kronosolopromocionales.com/productos/llavero-metro-con-nivelador-7992/,200,,https://www.kronosolopromocionales.com/productos/llavero-metro-con-nivelador-7992/,self,true,,,true,Ninguna
https://www.kronosolopromocionales.com/productos/mini-set-de-destornilladores-koda-7996/,200,,https://www.kronosolopromocionales.com/productos/mini-set-de-destornilladores-koda-7996/,self,true,,,true,Ninguna
https://www.kronosolopromocionales.com/productos/llavero-destapador-like-it-8029/,200,,https://www.kronosolopromocionales.com/productos/llavero-destapador-like-it-8029/,self,true,,,true,Ninguna
https://www.kronosolopromocionales.com/productos/llavero-casco-8753/,200,,https://www.kronosolopromocionales.com/productos/llavero-casco-8753/,self,true,,,true,Ninguna
https://www.kronosolopromocionales.com/productos/llavero-plastico-multiusos-anticontacto-produccion-nacional-9475/,200,,https://www.kronosolopromocionales.com/productos/llavero-plastico-multiusos-anticontacto-produccion-nacional-9475/,self,true,,,true,Ninguna
https://www.kronosolopromocionales.com/productos/metro-llavero-kurtis-9760/,200,,https://www.kronosolopromocionales.com/productos/metro-llavero-kurtis-9760/,self,true,,,true,Ninguna
https://www.kronosolopromocionales.com/productos/llavero-relajante-10219/,200,,https://www.kronosolopromocionales.com/productos/llavero-relajante-10219/,self,true,,,true,Ninguna
https://www.kronosolopromocionales.com/productos/grayson-stylus-6992/,200,,https://www.kronosolopromocionales.com/productos/grayson-stylus-6992/,self,true,,,true,Ninguna
https://www.kronosolopromocionales.com/productos/marvel-stylus-6366/,200,,https://www.kronosolopromocionales.com/productos/marvel-stylus-6366/,self,true,,,false,Ninguna
https://www.kronosolopromocionales.com/productos/summit-stylus-5747/,200,,https://www.kronosolopromocionales.com/productos/summit-stylus-5747/,self,true,,,true,Ninguna
https://www.kronosolopromocionales.com/productos/nolton-stylus-5756/,200,,https://www.kronosolopromocionales.com/productos/nolton-stylus-5756/,self,true,,,true,Ninguna
https://www.kronosolopromocionales.com/productos/ventura-stylus-5058/,200,,https://www.kronosolopromocionales.com/productos/ventura-stylus-5058/,self,true,,,false,Ninguna
https://www.kronosolopromocionales.com/productos/kaiser-stylus-7342/,200,,https://www.kronosolopromocionales.com/productos/kaiser-stylus-7342/,self,true,,,true,Ninguna
https://www.kronosolopromocionales.com/productos/ventura-stylus-neon-7947/,200,,https://www.kronosolopromocionales.com/productos/ventura-stylus-neon-7947/,self,true,,,true,Ninguna
https://www.kronosolopromocionales.com/productos/smith-7031/,200,,https://www.kronosolopromocionales.com/productos/smith-7031/,self,true,,,true,Ninguna
https://www.kronosolopromocionales.com/productos/billy-7010/,200,,https://www.kronosolopromocionales.com/productos/billy-7010/,self,true,,,true,Ninguna
https://www.kronosolopromocionales.com/productos/barcelona-solido-7007/,200,,https://www.kronosolopromocionales.com/productos/barcelona-solido-7007/,self,true,,,true,Ninguna
https://www.kronosolopromocionales.com/productos/lamont-6998/,200,,https://www.kronosolopromocionales.com/productos/lamont-6998/,self,true,,,true,Ninguna
https://www.kronosolopromocionales.com/productos/ventura-frost-4500/,200,,https://www.kronosolopromocionales.com/productos/ventura-frost-4500/,self,true,,,true,Ninguna
https://www.kronosolopromocionales.com/productos/boligrafo-ventura-barril-plata-1658/,200,,https://www.kronosolopromocionales.com/productos/boligrafo-ventura-barril-plata-1658/,self,true,,,true,Ninguna
https://www.kronosolopromocionales.com/productos/balmax-stylus-7330/,200,,https://www.kronosolopromocionales.com/productos/balmax-stylus-7330/,self,true,,,true,Ninguna
https://www.kronosolopromocionales.com/productos/portos-oferta-7352/,200,,https://www.kronosolopromocionales.com/productos/portos-oferta-7352/,self,true,,,false,Ninguna
https://www.kronosolopromocionales.com/productos/parrot-7856/,200,,https://www.kronosolopromocionales.com/productos/parrot-7856/,self,true,,,true,Ninguna
https://www.kronosolopromocionales.com/productos/set-de-cafe-eco-9680/,200,,https://www.kronosolopromocionales.com/productos/set-de-cafe-eco-9680/,self,true,,,true,Ninguna
https://www.kronosolopromocionales.com/productos/set-jersey-antibacteriano-9681/,200,,https://www.kronosolopromocionales.com/productos/set-jersey-antibacteriano-9681/,self,true,,,true,Ninguna
https://www.kronosolopromocionales.com/productos/set-boligrafo-y-portaminas-bamboo-9682/,200,,https://www.kronosolopromocionales.com/productos/set-boligrafo-y-portaminas-bamboo-9682/,self,true,,,true,Ninguna
https://www.kronosolopromocionales.com/productos/portaminas-jester-coffee-10021/,200,,https://www.kronosolopromocionales.com/productos/portaminas-jester-coffee-10021/,self,true,,,true,Ninguna
https://www.kronosolopromocionales.com/productos/talbot-2-1-oferta-7016/,200,,https://www.kronosolopromocionales.com/productos/talbot-2-1-oferta-7016/,self,true,,,true,Ninguna
https://www.kronosolopromocionales.com/productos/estuche-para-resaltador-de-cera-fiona-6694/,200,,https://www.kronosolopromocionales.com/productos/estuche-para-resaltador-de-cera-fiona-6694/,self,true,,,true,Ninguna
https://www.kronosolopromocionales.com/productos/set-de-resaltadores-magicos-en-cera-flipper-5496/,200,,https://www.kronosolopromocionales.com/productos/set-de-resaltadores-magicos-en-cera-flipper-5496/,self,true,,,true,Ninguna
https://www.kronosolopromocionales.com/productos/resaltador-de-cera-fiona-5749/,200,,https://www.kronosolopromocionales.com/productos/resaltador-de-cera-fiona-5749/,self,true,,,true,Ninguna
https://www.kronosolopromocionales.com/productos/resaltador-magico-en-cera-flower-5-colores-5499/,200,,https://www.kronosolopromocionales.com/productos/resaltador-magico-en-cera-flower-5-colores-5499/,self,true,,,true,Ninguna
https://www.kronosolopromocionales.com/productos/resaltador-magico-de-cera-triangulo-5497/,200,,https://www.kronosolopromocionales.com/productos/resaltador-magico-de-cera-triangulo-5497/,self,true,,,true,Ninguna
https://www.kronosolopromocionales.com/productos/resaltador-magico-en-cera-4672/,200,,https://www.kronosolopromocionales.com/productos/resaltador-magico-en-cera-4672/,self,true,,,true,Ninguna
https://www.kronosolopromocionales.com/productos/estuche-para-resaltador-magico-produccion-nacional-4673/,200,,https://www.kronosolopromocionales.com/productos/estuche-para-resaltador-magico-produccion-nacional-4673/,self,true,,,true,Ninguna
https://www.kronosolopromocionales.com/productos/comprimidos-produccion-nacional-5605/,200,,https://www.kronosolopromocionales.com/productos/comprimidos-produccion-nacional-5605/,self,true,,,true,Ninguna
https://www.kronosolopromocionales.com/productos/identificador-de-maletas-pop-10583/,200,,https://www.kronosolopromocionales.com/productos/identificador-de-maletas-pop-10583/,self,true,,,true,Ninguna
https://www.kronosolopromocionales.com/productos/clip-de-golf-para-gorra-5882/,200,,https://www.kronosolopromocionales.com/productos/clip-de-golf-para-gorra-5882/,self,true,,,true,Ninguna
https://www.kronosolopromocionales.com/productos/gorra-golf-471/,200,,https://www.kronosolopromocionales.com/productos/gorra-golf-471/,self,true,,,true,Ninguna
https://www.kronosolopromocionales.com/productos/gorra-eco-6-cascos-1082/,200,,https://www.kronosolopromocionales.com/productos/gorra-eco-6-cascos-1082/,self,true,,,true,Ninguna
https://www.kronosolopromocionales.com/productos/gorra-emergency-5887/,200,,https://www.kronosolopromocionales.com/productos/gorra-emergency-5887/,self,true,,,true,Ninguna
https://www.kronosolopromocionales.com/productos/gorra-trucker-3502/,200,,https://www.kronosolopromocionales.com/productos/gorra-trucker-3502/,self,true,,,true,Ninguna
https://www.kronosolopromocionales.com/productos/gorra-mesh-7374/,200,,https://www.kronosolopromocionales.com/productos/gorra-mesh-7374/,self,true,,,true,Ninguna
https://www.kronosolopromocionales.com/productos/gorra-modena-7375/,200,,https://www.kronosolopromocionales.com/productos/gorra-modena-7375/,self,true,,,true,Ninguna
https://www.kronosolopromocionales.com/productos/pano-en-microfibra-3192/,200,,https://www.kronosolopromocionales.com/productos/pano-en-microfibra-3192/,self,true,,,true,Ninguna
https://www.kronosolopromocionales.com/productos/toalla-cool-sport-7968/,200,,https://www.kronosolopromocionales.com/productos/toalla-cool-sport-7968/,self,true,,,true,Ninguna
https://www.kronosolopromocionales.com/productos/toalla-en-microfibra-multiusos-8688/,200,,https://www.kronosolopromocionales.com/productos/toalla-en-microfibra-multiusos-8688/,self,true,,,true,Ninguna
https://www.kronosolopromocionales.com/productos/toalla-golf-toalla-de-mano-tundida-acabado-fino-7379/,200,,https://www.kronosolopromocionales.com/productos/toalla-golf-toalla-de-mano-tundida-acabado-fino-7379/,self,true,,,true,Ninguna
https://www.kronosolopromocionales.com/productos/toalla-cool-sport-con-estuche-7956/,200,,https://www.kronosolopromocionales.com/productos/toalla-cool-sport-con-estuche-7956/,self,true,,,true,Ninguna
https://www.kronosolopromocionales.com/productos/set-de-toallitas-multiusos-3641/,200,,https://www.kronosolopromocionales.com/productos/set-de-toallitas-multiusos-3641/,self,true,,,true,Ninguna
https://www.kronosolopromocionales.com/productos/toallas-100-algodon-produccion-nacional-7689/,200,,https://www.kronosolopromocionales.com/productos/toallas-100-algodon-produccion-nacional-7689/,self,true,,,true,Ninguna
https://www.kronosolopromocionales.com/productos/toalla-cool-sport-box-9524/,200,,https://www.kronosolopromocionales.com/productos/toalla-cool-sport-box-9524/,self,true,,,true,Ninguna
https://www.kronosolopromocionales.com/productos/lapiz-plastic-clip-de-golf-5879/,200,,https://www.kronosolopromocionales.com/productos/lapiz-plastic-clip-de-golf-5879/,self,true,,,true,Ninguna
https://www.kronosolopromocionales.com/productos/paraguas-30-halley-urban-travel-10674/,200,,https://www.kronosolopromocionales.com/productos/paraguas-30-halley-urban-travel-10674/,self,true,,,true,Ninguna
https://www.kronosolopromocionales.com/productos/set-de-herramientas-neumatic-5373/,200,,https://www.kronosolopromocionales.com/productos/set-de-herramientas-neumatic-5373/,self,true,,,true,Ninguna
https://www.kronosolopromocionales.com/productos/set-de-herramientas-motobike-6530/,200,,https://www.kronosolopromocionales.com/productos/set-de-herramientas-motobike-6530/,self,true,,,true,Ninguna
https://www.kronosolopromocionales.com/productos/set-de-herramientas-saxon-6536/,200,,https://www.kronosolopromocionales.com/productos/set-de-herramientas-saxon-6536/,self,true,,,true,Ninguna
https://www.kronosolopromocionales.com/productos/set-de-herramientas-speed-7999/,200,,https://www.kronosolopromocionales.com/productos/set-de-herramientas-speed-7999/,self,true,,,true,Ninguna
https://www.kronosolopromocionales.com/productos/set-de-herramientas-mustang-8439/,200,,https://www.kronosolopromocionales.com/productos/set-de-herramientas-mustang-8439/,self,true,,,true,Ninguna
https://www.kronosolopromocionales.com/productos/set-de-herramientas-truck-9136/,200,,https://www.kronosolopromocionales.com/productos/set-de-herramientas-truck-9136/,self,true,,,true,Ninguna
https://www.kronosolopromocionales.com/productos/set-de-herramientas-lantern-9179/,200,,https://www.kronosolopromocionales.com/productos/set-de-herramientas-lantern-9179/,self,true,,,true,Ninguna
https://www.kronosolopromocionales.com/productos/linterna-dinamo-con-radio-9078/,200,,https://www.kronosolopromocionales.com/productos/linterna-dinamo-con-radio-9078/,self,true,,,true,Ninguna
https://www.kronosolopromocionales.com/productos/set-de-herramientas-handle-9533/,200,,https://www.kronosolopromocionales.com/productos/set-de-herramientas-handle-9533/,self,true,,,true,Ninguna
https://www.kronosolopromocionales.com/productos/set-de-herramientas-scout-10287/,200,,https://www.kronosolopromocionales.com/productos/set-de-herramientas-scout-10287/,self,true,,,false,Ninguna
https://www.kronosolopromocionales.com/productos/set-de-herramientas-apache-10288/,200,,https://www.kronosolopromocionales.com/productos/set-de-herramientas-apache-10288/,self,true,,,true,Ninguna
https://www.kronosolopromocionales.com/productos/candado-de-clave-metalico-6765/,200,,https://www.kronosolopromocionales.com/productos/candado-de-clave-metalico-6765/,self,true,,,true,Ninguna
https://www.kronosolopromocionales.com/productos/set-de-herramientas-alutool-3123/,200,,https://www.kronosolopromocionales.com/productos/set-de-herramientas-alutool-3123/,self,true,,,true,Ninguna
https://www.kronosolopromocionales.com/productos/mini-set-de-herramientas-avante-8844/,200,,https://www.kronosolopromocionales.com/productos/mini-set-de-herramientas-avante-8844/,self,true,,,true,Ninguna
https://www.kronosolopromocionales.com/productos/set-de-destornilladores-con-luz-car-oferta-9137/,200,,https://www.kronosolopromocionales.com/productos/set-de-destornilladores-con-luz-car-oferta-9137/,self,true,,,true,Ninguna
https://www.kronosolopromocionales.com/productos/set-de-destornilladores-pen-con-linterna-led-10251/,200,,https://www.kronosolopromocionales.com/productos/set-de-destornilladores-pen-con-linterna-led-10251/,self,true,,,true,Ninguna
https://www.kronosolopromocionales.com/productos/metro-retractil-button-294/,200,,https://www.kronosolopromocionales.com/productos/metro-retractil-button-294/,self,true,,,true,Ninguna
https://www.kronosolopromocionales.com/productos/metro-neumatic-5374/,200,,https://www.kronosolopromocionales.com/productos/metro-neumatic-5374/,self,true,,,true,Ninguna
https://www.kronosolopromocionales.com/productos/metro-carabinero-stanley-5371/,200,,https://www.kronosolopromocionales.com/productos/metro-carabinero-stanley-5371/,self,true,,,true,Ninguna
https://www.kronosolopromocionales.com/productos/metro-llavero-house-5368/,200,,https://www.kronosolopromocionales.com/productos/metro-llavero-house-5368/,self,true,,,true,Ninguna
https://www.kronosolopromocionales.com/productos/metro-arkitect-809/,200,,https://www.kronosolopromocionales.com/productos/metro-arkitect-809/,self,true,,,true,Ninguna
https://www.kronosolopromocionales.com/productos/metro-oliver-7993/,200,,https://www.kronosolopromocionales.com/productos/metro-oliver-7993/,self,true,,,true,Ninguna
https://www.kronosolopromocionales.com/productos/metro-llavero-truck-8441/,200,,https://www.kronosolopromocionales.com/productos/metro-llavero-truck-8441/,self,true,,,false,Ninguna
https://www.kronosolopromocionales.com/productos/metro-llavero-saloon-9123/,200,,https://www.kronosolopromocionales.com/productos/metro-llavero-saloon-9123/,self,true,,,true,Ninguna
https://www.kronosolopromocionales.com/productos/set-de-herramientas-en-madera-9534/,200,,https://www.kronosolopromocionales.com/productos/set-de-herramientas-en-madera-9534/,self,true,,,true,Ninguna
https://www.kronosolopromocionales.com/productos/herramientero-bamboo-box-10002/,200,,https://www.kronosolopromocionales.com/productos/herramientero-bamboo-box-10002/,self,true,,,true,Ninguna
https://www.kronosolopromocionales.com/productos/set-de-destornilladores-everest-7991/,200,,https://www.kronosolopromocionales.com/productos/set-de-destornilladores-everest-7991/,self,true,,,true,Ninguna
https://www.kronosolopromocionales.com/productos/set-de-destornilladores-diplo-9953/,200,,https://www.kronosolopromocionales.com/productos/set-de-destornilladores-diplo-9953/,self,true,,,true,Ninguna
https://www.kronosolopromocionales.com/productos/lonchera-journey-produccion-nacional-7067/,200,,https://www.kronosolopromocionales.com/productos/lonchera-journey-produccion-nacional-7067/,self,true,,,true,Ninguna
https://www.kronosolopromocionales.com/productos/portacomidas-electrico-6599/,200,,https://www.kronosolopromocionales.com/productos/portacomidas-electrico-6599/,self,true,,,true,Ninguna
https://www.kronosolopromocionales.com/productos/portavianda-produccion-nacional-6270/,200,,https://www.kronosolopromocionales.com/productos/portavianda-produccion-nacional-6270/,self,true,,,true,Ninguna
https://www.kronosolopromocionales.com/productos/set-de-bbq-6-piezas-3773/,200,,https://www.kronosolopromocionales.com/productos/set-de-bbq-6-piezas-3773/,self,true,,,true,Ninguna
https://www.kronosolopromocionales.com/productos/jarra-plastica-ovalada-1000ml-produccion-nacional-5399/,200,,https://www.kronosolopromocionales.com/productos/jarra-plastica-ovalada-1000ml-produccion-nacional-5399/,self,true,,,true,Ninguna
https://www.kronosolopromocionales.com/productos/hielera-plastica-produccion-nacional-4056/,200,,https://www.kronosolopromocionales.com/productos/hielera-plastica-produccion-nacional-4056/,self,true,,,true,Ninguna
https://www.kronosolopromocionales.com/productos/set-de-contenedores-x-3-unidades-produccion-nacional-6269/,200,,https://www.kronosolopromocionales.com/productos/set-de-contenedores-x-3-unidades-produccion-nacional-6269/,self,true,,,true,Ninguna
https://www.kronosolopromocionales.com/productos/portacomida-produccion-nacional-4857/,200,,https://www.kronosolopromocionales.com/productos/portacomida-produccion-nacional-4857/,self,true,,,true,Ninguna
https://www.kronosolopromocionales.com/productos/destapador-clip-produccion-nacional-4054/,200,,https://www.kronosolopromocionales.com/productos/destapador-clip-produccion-nacional-4054/,self,true,,,true,Ninguna
https://www.kronosolopromocionales.com/productos/portavasos-plastico-set-x-4-y-base-produccion-nacional-3348/,200,,https://www.kronosolopromocionales.com/productos/portavasos-plastico-set-x-4-y-base-produccion-nacional-3348/,self,true,,,true,Ninguna
https://www.kronosolopromocionales.com/productos/quita-motas-adhesivo-10680/,200,,https://www.kronosolopromocionales.com/productos/quita-motas-adhesivo-10680/,self,true,,,true,Ninguna
https://www.kronosolopromocionales.com/productos/quita-motas-adhesivo-repuesto-10681/,200,,https://www.kronosolopromocionales.com/productos/quita-motas-adhesivo-repuesto-10681/,self,true,,,true,Ninguna
https://www.kronosolopromocionales.com/productos/set-de-vino-bottle-4049/,200,,https://www.kronosolopromocionales.com/productos/set-de-vino-bottle-4049/,self,true,,,true,Ninguna
https://www.kronosolopromocionales.com/productos/destapador-electrico-para-vino-3778/,200,,https://www.kronosolopromocionales.com/productos/destapador-electrico-para-vino-3778/,self,true,,,true,Ninguna
https://www.kronosolopromocionales.com/productos/nevera-wine-cooler-bag-produccion-nacional-3785/,200,,https://www.kronosolopromocionales.com/productos/nevera-wine-cooler-bag-produccion-nacional-3785/,self,true,,,true,Ninguna
https://www.kronosolopromocionales.com/productos/descorchador-de-dos-tiempos-kiblack-3958/,200,,https://www.kronosolopromocionales.com/productos/descorchador-de-dos-tiempos-kiblack-3958/,self,true,,,true,Ninguna
https://www.kronosolopromocionales.com/productos/destapador-eco-wine-9541/,200,,https://www.kronosolopromocionales.com/productos/destapador-eco-wine-9541/,self,true,,,true,Ninguna
https://www.kronosolopromocionales.com/productos/set-de-bar-y-portavino-ii-9718/,200,,https://www.kronosolopromocionales.com/productos/set-de-bar-y-portavino-ii-9718/,self,true,,,true,Ninguna
https://www.kronosolopromocionales.com/productos/set-de-vino-remy-ii-9717/,200,,https://www.kronosolopromocionales.com/productos/set-de-vino-remy-ii-9717/,self,true,,,true,Ninguna
https://www.kronosolopromocionales.com/productos/set-de-vino-en-corcho-ii-9720/,200,,https://www.kronosolopromocionales.com/productos/set-de-vino-en-corcho-ii-9720/,self,true,,,true,Ninguna
https://www.kronosolopromocionales.com/productos/set-de-bar-y-portavino-cork-9750/,200,,https://www.kronosolopromocionales.com/productos/set-de-bar-y-portavino-cork-9750/,self,true,,,true,Ninguna
https://www.kronosolopromocionales.com/productos/set-enfriador-de-vino-chill-9753/,200,,https://www.kronosolopromocionales.com/productos/set-enfriador-de-vino-chill-9753/,self,true,,,true,Ninguna
https://www.kronosolopromocionales.com/productos/destapador-electrico-cork-9964/,200,,https://www.kronosolopromocionales.com/productos/destapador-electrico-cork-9964/,self,true,,,true,Ninguna
https://www.kronosolopromocionales.com/productos/juego-portavasos-en-acero-inoxidable-produccion-nacional-7406/,200,,https://www.kronosolopromocionales.com/productos/juego-portavasos-en-acero-inoxidable-produccion-nacional-7406/,self,true,,,true,Ninguna
https://www.kronosolopromocionales.com/productos/destapador-rectangular-produccion-nacional-8755/,200,,https://www.kronosolopromocionales.com/productos/destapador-rectangular-produccion-nacional-8755/,self,true,,,true,Ninguna
https://www.kronosolopromocionales.com/productos/cobija-en-fleece-1861/,200,,https://www.kronosolopromocionales.com/productos/cobija-en-fleece-1861/,self,true,,,true,Ninguna
https://www.kronosolopromocionales.com/productos/nevera-cooler-hexagon-7570/,200,,https://www.kronosolopromocionales.com/productos/nevera-cooler-hexagon-7570/,self,true,,,true,Ninguna
https://www.kronosolopromocionales.com/productos/sanduchera-plastica-produccion-nacional-8018/,200,,https://www.kronosolopromocionales.com/productos/sanduchera-plastica-produccion-nacional-8018/,self,true,,,true,Ninguna
https://www.kronosolopromocionales.com/productos/bowl-plastico-produccion-nacional-7611/,200,,https://www.kronosolopromocionales.com/productos/bowl-plastico-produccion-nacional-7611/,self,true,,,true,Ninguna
https://www.kronosolopromocionales.com/productos/nevera-cooler-bag-picnic-7015/,200,,https://www.kronosolopromocionales.com/productos/nevera-cooler-bag-picnic-7015/,self,true,,,true,Ninguna
https://www.kronosolopromocionales.com/productos/llavero-destapador-orbis-6115/,200,,https://www.kronosolopromocionales.com/productos/llavero-destapador-orbis-6115/,self,true,,,true,Ninguna
https://www.kronosolopromocionales.com/productos/destapador-bamboo-9741/,200,,https://www.kronosolopromocionales.com/productos/destapador-bamboo-9741/,self,true,,,true,Ninguna
https://www.kronosolopromocionales.com/productos/destapador-nacul-9885/,200,,https://www.kronosolopromocionales.com/productos/destapador-nacul-9885/,self,true,,,true,Ninguna
https://www.kronosolopromocionales.com/productos/llavero-destapador-stiked-9903/,200,,https://www.kronosolopromocionales.com/productos/llavero-destapador-stiked-9903/,self,true,,,true,Ninguna
https://www.kronosolopromocionales.com/productos/destapador-botella-con-iman-produccion-nacional-8756/,200,,https://www.kronosolopromocionales.com/productos/destapador-botella-con-iman-produccion-nacional-8756/,self,true,,,true,Ninguna
https://www.kronosolopromocionales.com/productos/set-de-bbq-en-aluminio-6-piezas-1866/,200,,https://www.kronosolopromocionales.com/productos/set-de-bbq-en-aluminio-6-piezas-1866/,self,true,,,true,Ninguna
https://www.kronosolopromocionales.com/productos/nevera-lonchera-con-set-bbq-8900/,200,,https://www.kronosolopromocionales.com/productos/nevera-lonchera-con-set-bbq-8900/,self,true,,,true,Ninguna
https://www.kronosolopromocionales.com/productos/set-bbq-stanton-9172/,200,,https://www.kronosolopromocionales.com/productos/set-bbq-stanton-9172/,self,true,,,false,Ninguna
https://www.kronosolopromocionales.com/productos/bbq-grill-cook-9623/,200,,https://www.kronosolopromocionales.com/productos/bbq-grill-cook-9623/,self,true,,,true,Ninguna
https://www.kronosolopromocionales.com/productos/set-bbq-con-delantal-9711/,200,,https://www.kronosolopromocionales.com/productos/set-bbq-con-delantal-9711/,self,true,,,true,Ninguna
https://www.kronosolopromocionales.com/productos/bbq-grill-con-nevera-lonchera-9978/,200,,https://www.kronosolopromocionales.com/productos/bbq-grill-con-nevera-lonchera-9978/,self,true,,,true,Ninguna
https://www.kronosolopromocionales.com/productos/set-bbq-bamboo-10062/,200,,https://www.kronosolopromocionales.com/productos/set-bbq-bamboo-10062/,self,true,,,true,Ninguna
https://www.kronosolopromocionales.com/productos/set-bbq-novak-10065/,200,,https://www.kronosolopromocionales.com/productos/set-bbq-novak-10065/,self,true,,,true,Ninguna
https://www.kronosolopromocionales.com/productos/akker-bbq-electrico-10369/,200,,https://www.kronosolopromocionales.com/productos/akker-bbq-electrico-10369/,self,true,,,true,Ninguna
https://www.kronosolopromocionales.com/productos/set-de-queso-edam-8486/,200,,https://www.kronosolopromocionales.com/productos/set-de-queso-edam-8486/,self,true,,,true,Ninguna
https://www.kronosolopromocionales.com/productos/set-de-queso-cajun-9139/,200,,https://www.kronosolopromocionales.com/productos/set-de-queso-cajun-9139/,self,true,,,true,Ninguna
https://www.kronosolopromocionales.com/productos/set-de-2-utensilios-para-queso-book-oferta-9540/,200,,https://www.kronosolopromocionales.com/productos/set-de-2-utensilios-para-queso-book-oferta-9540/,self,true,,,false,Ninguna
https://www.kronosolopromocionales.com/productos/set-de-sushi-9744/,200,,https://www.kronosolopromocionales.com/productos/set-de-sushi-9744/,self,true,,,true,Ninguna
https://www.kronosolopromocionales.com/productos/set-de-queso-italy-10057/,200,,https://www.kronosolopromocionales.com/productos/set-de-queso-italy-10057/,self,true,,,true,Ninguna
https://www.kronosolopromocionales.com/productos/organizador-de-escritorio-harmony-produccion-nacional-7056/,200,,https://www.kronosolopromocionales.com/productos/organizador-de-escritorio-harmony-produccion-nacional-7056/,self,true,,,true,Ninguna
https://www.kronosolopromocionales.com/productos/nevera-cooler-spring-produccion-nacional-6983/,200,,https://www.kronosolopromocionales.com/productos/nevera-cooler-spring-produccion-nacional-6983/,self,true,,,true,Ninguna
https://www.kronosolopromocionales.com/productos/nevera-cooler-trendy-produccion-nacional-6982/,200,,https://www.kronosolopromocionales.com/productos/nevera-cooler-trendy-produccion-nacional-6982/,self,true,,,true,Ninguna
https://www.kronosolopromocionales.com/productos/nevera-cooler-max-produccion-nacional-6981/,200,,https://www.kronosolopromocionales.com/productos/nevera-cooler-max-produccion-nacional-6981/,self,true,,,true,Ninguna
https://www.kronosolopromocionales.com/productos/estuche-multiusos-boxx-produccion-nacional-6702/,200,,https://www.kronosolopromocionales.com/productos/estuche-multiusos-boxx-produccion-nacional-6702/,self,true,,,true,Ninguna
https://www.kronosolopromocionales.com/productos/silla-nevera-cooler-con-espaldar-produccion-nacional-3270/,200,,https://www.kronosolopromocionales.com/productos/silla-nevera-cooler-con-espaldar-produccion-nacional-3270/,self,true,,,true,Ninguna
https://www.kronosolopromocionales.com/productos/set-escolar-produccion-nacional-6294/,200,,https://www.kronosolopromocionales.com/productos/set-escolar-produccion-nacional-6294/,self,true,,,true,Ninguna
https://www.kronosolopromocionales.com/productos/alcancia-cerdito-produccion-nacional-5412/,200,,https://www.kronosolopromocionales.com/productos/alcancia-cerdito-produccion-nacional-5412/,self,true,,,true,Ninguna
https://www.kronosolopromocionales.com/productos/alcancia-estrella-135cm-produccion-nacional-2390/,200,,https://www.kronosolopromocionales.com/productos/alcancia-estrella-135cm-produccion-nacional-2390/,self,true,,,true,Ninguna
https://www.kronosolopromocionales.com/productos/alcancia-balon-produccion-nacional-5687/,200,,https://www.kronosolopromocionales.com/productos/alcancia-balon-produccion-nacional-5687/,self,true,,,true,Ninguna
https://www.kronosolopromocionales.com/productos/mouse-pad-sencillo-5547/,200,,https://www.kronosolopromocionales.com/productos/mouse-pad-sencillo-5547/,self,true,,,true,Ninguna
https://www.kronosolopromocionales.com/productos/llavero-linterna-puck-6572/,200,,https://www.kronosolopromocionales.com/productos/llavero-linterna-puck-6572/,self,true,,,true,Ninguna
https://www.kronosolopromocionales.com/productos/linterna-loop-9133/,200,,https://www.kronosolopromocionales.com/productos/linterna-loop-9133/,self,true,,,true,Ninguna
https://www.kronosolopromocionales.com/productos/llavero-linterna-lamp-9984/,200,,https://www.kronosolopromocionales.com/productos/llavero-linterna-lamp-9984/,self,true,,,true,Ninguna
https://www.kronosolopromocionales.com/productos/linterna-carabinero-bamboo-10650/,200,,https://www.kronosolopromocionales.com/productos/linterna-carabinero-bamboo-10650/,self,true,,,true,Ninguna
https://www.kronosolopromocionales.com/productos/mini-linterna-ozen-13296/,200,,https://www.kronosolopromocionales.com/productos/mini-linterna-ozen-13296/,self,true,,,true,Ninguna
https://www.kronosolopromocionales.com/productos/llavero-metro-light-13352/,200,,https://www.kronosolopromocionales.com/productos/llavero-metro-light-13352/,self,true,,,true,Ninguna
https://www.kronosolopromocionales.com/productos/memoria-usb-mini-crystal-precio-neto-5883/,200,,https://www.kronosolopromocionales.com/productos/memoria-usb-mini-crystal-precio-neto-5883/,self,true,,,true,Ninguna
https://www.kronosolopromocionales.com/productos/memoria-usb-hook-precio-neto-oferta-8927/,200,,https://www.kronosolopromocionales.com/productos/memoria-usb-hook-precio-neto-oferta-8927/,self,true,,,true,Ninguna
https://www.kronosolopromocionales.com/productos/estuche-metalico-para-memoria-usb-oferta-2542/,200,,https://www.kronosolopromocionales.com/productos/estuche-metalico-para-memoria-usb-oferta-2542/,self,true,,,true,Ninguna
https://www.kronosolopromocionales.com/productos/memoria-usb-swivel-precio-neto-3932/,200,,https://www.kronosolopromocionales.com/productos/memoria-usb-swivel-precio-neto-3932/,self,true,,,true,Ninguna
https://www.kronosolopromocionales.com/productos/chip-para-memoria-usb-precio-neto-4482/,200,,https://www.kronosolopromocionales.com/productos/chip-para-memoria-usb-precio-neto-4482/,self,true,,,true,Ninguna
https://www.kronosolopromocionales.com/productos/memoria-usb-llave-precio-neto-4078/,200,,https://www.kronosolopromocionales.com/productos/memoria-usb-llave-precio-neto-4078/,self,true,,,true,Ninguna
https://www.kronosolopromocionales.com/productos/memoria-usb-portacelular-30-precio-neto-8926/,200,,https://www.kronosolopromocionales.com/productos/memoria-usb-portacelular-30-precio-neto-8926/,self,true,,,true,Ninguna
https://www.kronosolopromocionales.com/productos/lampara-usb-swan-precio-bomba-7423/,200,,https://www.kronosolopromocionales.com/productos/lampara-usb-swan-precio-bomba-7423/,self,true,,,true,Ninguna
https://www.kronosolopromocionales.com/productos/lampara-usb-snake-8117/,200,,https://www.kronosolopromocionales.com/productos/lampara-usb-snake-8117/,self,true,,,true,Ninguna
https://www.kronosolopromocionales.com/productos/linterna-cob-power-9544/,200,,https://www.kronosolopromocionales.com/productos/linterna-cob-power-9544/,self,true,,,true,Ninguna
https://www.kronosolopromocionales.com/productos/speaker-bluetooth-con-lampara-oferta-9579/,200,,https://www.kronosolopromocionales.com/productos/speaker-bluetooth-con-lampara-oferta-9579/,self,true,,,true,Ninguna
https://www.kronosolopromocionales.com/productos/carpeta-folder-congress-produccion-nacional-7090/,200,,https://www.kronosolopromocionales.com/productos/carpeta-folder-congress-produccion-nacional-7090/,self,true,,,true,Ninguna
https://www.kronosolopromocionales.com/productos/libreta-like-it-produccion-nacional-7089/,200,,https://www.kronosolopromocionales.com/productos/libreta-like-it-produccion-nacional-7089/,self,true,,,true,Ninguna
https://www.kronosolopromocionales.com/productos/libreta-con-boligrafo-hard-top-100-hojas-produccion-nacional-1064/,200,,https://www.kronosolopromocionales.com/productos/libreta-con-boligrafo-hard-top-100-hojas-produccion-nacional-1064/,self,true,,,true,Ninguna
https://www.kronosolopromocionales.com/productos/portarretrato-almanaque-produccion-nacional-4720/,200,,https://www.kronosolopromocionales.com/productos/portarretrato-almanaque-produccion-nacional-4720/,self,true,,,true,Ninguna
https://www.kronosolopromocionales.com/productos/portaboligrafos-frost-produccion-nacional-2388/,200,,https://www.kronosolopromocionales.com/productos/portaboligrafos-frost-produccion-nacional-2388/,self,true,,,true,Ninguna
https://www.kronosolopromocionales.com/productos/portaboligrafos-3-en-1-produccion-nacional-2389/,200,,https://www.kronosolopromocionales.com/productos/portaboligrafos-3-en-1-produccion-nacional-2389/,self,true,,,true,Ninguna
https://www.kronosolopromocionales.com/productos/portalapices-cilindrico-nacional-3472/,200,,https://www.kronosolopromocionales.com/productos/portalapices-cilindrico-nacional-3472/,self,true,,,true,Ninguna
https://www.kronosolopromocionales.com/productos/portatarjetas-arc-produccion-nacional-2385/,200,,https://www.kronosolopromocionales.com/productos/portatarjetas-arc-produccion-nacional-2385/,self,true,,,true,Ninguna
https://www.kronosolopromocionales.com/productos/portaidentificador-de-carnet-con-destapador-10378/,200,,https://www.kronosolopromocionales.com/productos/portaidentificador-de-carnet-con-destapador-10378/,self,true,,,true,Ninguna
https://www.kronosolopromocionales.com/productos/llavero-destapador-house-10408/,200,,https://www.kronosolopromocionales.com/productos/llavero-destapador-house-10408/,self,true,,,true,Ninguna
https://www.kronosolopromocionales.com/productos/mini-herramientero-blazor-13334/,200,,https://www.kronosolopromocionales.com/productos/mini-herramientero-blazor-13334/,self,true,,,true,Ninguna
https://www.kronosolopromocionales.com/productos/carabinero-3100/,200,,https://www.kronosolopromocionales.com/productos/carabinero-3100/,self,true,,,true,Ninguna
https://www.kronosolopromocionales.com/productos/llavero-silicone-silicona-2226/,200,,https://www.kronosolopromocionales.com/productos/llavero-silicone-silicona-2226/,self,true,,,true,Ninguna
https://www.kronosolopromocionales.com/productos/llavero-antiestres-ball-soccer-8270/,200,,https://www.kronosolopromocionales.com/productos/llavero-antiestres-ball-soccer-8270/,self,true,,,false,Ninguna
https://www.kronosolopromocionales.com/productos/llavero-corcho-oferta-8884/,200,,https://www.kronosolopromocionales.com/productos/llavero-corcho-oferta-8884/,self,true,,,true,Ninguna
https://www.kronosolopromocionales.com/productos/llavero-pop-10076/,200,,https://www.kronosolopromocionales.com/productos/llavero-pop-10076/,self,true,,,true,Ninguna
https://www.kronosolopromocionales.com/productos/llavero-double-10218/,200,,https://www.kronosolopromocionales.com/productos/llavero-double-10218/,self,true,,,true,Ninguna
https://www.kronosolopromocionales.com/productos/set-ml-391-9761/,200,,https://www.kronosolopromocionales.com/productos/set-ml-391-9761/,self,true,,,true,Ninguna
https://www.kronosolopromocionales.com/productos/llavero-ml-393-9763/,200,,https://www.kronosolopromocionales.com/productos/llavero-ml-393-9763/,self,true,,,true,Ninguna
https://www.kronosolopromocionales.com/productos/soporte-para-moviles-pop-10126/,200,,https://www.kronosolopromocionales.com/productos/soporte-para-moviles-pop-10126/,self,true,,,true,Ninguna
https://www.kronosolopromocionales.com/productos/llavero-pito-con-destapador-9132/,200,,https://www.kronosolopromocionales.com/productos/llavero-pito-con-destapador-9132/,self,true,,,true,Ninguna
https://www.kronosolopromocionales.com/productos/pito-con-luz-vision-13366/,200,,https://www.kronosolopromocionales.com/productos/pito-con-luz-vision-13366/,self,true,,,true,Ninguna
https://www.kronosolopromocionales.com/productos/gancho-portacartera-1710/,200,,https://www.kronosolopromocionales.com/productos/gancho-portacartera-1710/,self,true,,,true,Ninguna
https://www.kronosolopromocionales.com/productos/organizador-de-viaje-cork-9815/,200,,https://www.kronosolopromocionales.com/productos/organizador-de-viaje-cork-9815/,self,true,,,false,Ninguna
https://www.kronosolopromocionales.com/productos/sporty-bag-kidz-sin-diseno-13170/,200,,https://www.kronosolopromocionales.com/productos/sporty-bag-kidz-sin-diseno-13170/,self,true,,,true,Ninguna
https://www.kronosolopromocionales.com/productos/cartuchera-en-cambrel-kidz-sin-diseno-13171/,200,,https://www.kronosolopromocionales.com/productos/cartuchera-en-cambrel-kidz-sin-diseno-13171/,self,true,,,true,Ninguna
https://www.kronosolopromocionales.com/productos/bolsa-metalizada-6933/,200,,https://www.kronosolopromocionales.com/productos/bolsa-metalizada-6933/,self,true,,,true,Ninguna
https://www.kronosolopromocionales.com/productos/sporty-bag-en-cambrel-ewok-6928/,200,,https://www.kronosolopromocionales.com/productos/sporty-bag-en-cambrel-ewok-6928/,self,true,,,true,Ninguna
https://www.kronosolopromocionales.com/productos/bolsa-en-cambrel-bawel-5611/,200,,https://www.kronosolopromocionales.com/productos/bolsa-en-cambrel-bawel-5611/,self,true,,,true,Ninguna
https://www.kronosolopromocionales.com/productos/bolsa-en-cambrel-queen-6293/,200,,https://www.kronosolopromocionales.com/productos/bolsa-en-cambrel-queen-6293/,self,true,,,true,Ninguna
https://www.kronosolopromocionales.com/productos/bolsa-en-cambrel-arcadia-6247/,200,,https://www.kronosolopromocionales.com/productos/bolsa-en-cambrel-arcadia-6247/,self,true,,,true,Ninguna
https://www.kronosolopromocionales.com/productos/bolsa-en-cambrel-con-fuelle-6248/,200,,https://www.kronosolopromocionales.com/productos/bolsa-en-cambrel-con-fuelle-6248/,self,true,,,true,Ninguna
https://www.kronosolopromocionales.com/productos/mini-bolsa-en-cambrel-6235/,200,,https://www.kronosolopromocionales.com/productos/mini-bolsa-en-cambrel-6235/,self,true,,,true,Ninguna
https://www.kronosolopromocionales.com/productos/bolsa-en-cambrel-franky-6238/,200,,https://www.kronosolopromocionales.com/productos/bolsa-en-cambrel-franky-6238/,self,true,,,true,Ninguna
https://www.kronosolopromocionales.com/productos/bolsa-en-cambrel-market-7574/,200,,https://www.kronosolopromocionales.com/productos/bolsa-en-cambrel-market-7574/,self,true,,,true,Ninguna
https://www.kronosolopromocionales.com/productos/canguro-en-poliester-3615/,200,,https://www.kronosolopromocionales.com/productos/canguro-en-poliester-3615/,self,true,,,true,Ninguna
https://www.kronosolopromocionales.com/productos/canguro-orion-7602/,200,,https://www.kronosolopromocionales.com/productos/canguro-orion-7602/,self,true,,,true,Ninguna
https://www.kronosolopromocionales.com/productos/canguro-en-poliester-pocket-7766/,200,,https://www.kronosolopromocionales.com/productos/canguro-en-poliester-pocket-7766/,self,true,,,true,Ninguna
https://www.kronosolopromocionales.com/productos/canguro-gemini-produccion-nacional-8721/,200,,https://www.kronosolopromocionales.com/productos/canguro-gemini-produccion-nacional-8721/,self,true,,,true,Ninguna
https://www.kronosolopromocionales.com/productos/canguro-reflective-9156/,200,,https://www.kronosolopromocionales.com/productos/canguro-reflective-9156/,self,true,,,true,Ninguna
https://www.kronosolopromocionales.com/productos/canguro-sauris-9196/,200,,https://www.kronosolopromocionales.com/productos/canguro-sauris-9196/,self,true,,,true,Ninguna
https://www.kronosolopromocionales.com/productos/canguro-moldik-9197/,200,,https://www.kronosolopromocionales.com/productos/canguro-moldik-9197/,self,true,,,true,Ninguna
https://www.kronosolopromocionales.com/productos/canguro-para-moviles-nylon-9857/,200,,https://www.kronosolopromocionales.com/productos/canguro-para-moviles-nylon-9857/,self,true,,,true,Ninguna
https://www.kronosolopromocionales.com/productos/canguro-dior-9823/,200,,https://www.kronosolopromocionales.com/productos/canguro-dior-9823/,self,true,,,true,Ninguna
https://www.kronosolopromocionales.com/productos/canguro-london-produccion-nacional-9824/,200,,https://www.kronosolopromocionales.com/productos/canguro-london-produccion-nacional-9824/,self,true,,,true,Ninguna
https://www.kronosolopromocionales.com/productos/canguro-strike-urban-travel-10166/,200,,https://www.kronosolopromocionales.com/productos/canguro-strike-urban-travel-10166/,self,true,,,true,Ninguna
https://www.kronosolopromocionales.com/productos/morral-backpack-legacy-urban-travel-9818/,200,,https://www.kronosolopromocionales.com/productos/morral-backpack-legacy-urban-travel-9818/,self,true,,,true,Ninguna
https://www.kronosolopromocionales.com/productos/morral-backpack-crosby-urban-travel-9819/,200,,https://www.kronosolopromocionales.com/productos/morral-backpack-crosby-urban-travel-9819/,self,true,,,false,Ninguna
https://www.kronosolopromocionales.com/productos/morral-backpack-kepler-urban-travel-10164/,200,,https://www.kronosolopromocionales.com/productos/morral-backpack-kepler-urban-travel-10164/,self,true,,,true,Ninguna
https://www.kronosolopromocionales.com/productos/morral-backpack-jinx-urban-travel-10163/,200,,https://www.kronosolopromocionales.com/productos/morral-backpack-jinx-urban-travel-10163/,self,true,,,true,Ninguna
https://www.kronosolopromocionales.com/productos/trolley-morral-backpack-senior-urban-travel-10168/,200,,https://www.kronosolopromocionales.com/productos/trolley-morral-backpack-senior-urban-travel-10168/,self,true,,,false,Ninguna
https://www.kronosolopromocionales.com/productos/sporty-bag-crocket-6938/,200,,https://www.kronosolopromocionales.com/productos/sporty-bag-crocket-6938/,self,true,,,true,Ninguna
https://www.kronosolopromocionales.com/productos/morral-backpack-rush-produccion-nacional-6901/,200,,https://www.kronosolopromocionales.com/productos/morral-backpack-rush-produccion-nacional-6901/,self,true,,,true,Ninguna
https://www.kronosolopromocionales.com/productos/maletin-deportivo-florida-4876/,200,,https://www.kronosolopromocionales.com/productos/maletin-deportivo-florida-4876/,self,true,,,true,Ninguna
https://www.kronosolopromocionales.com/productos/morral-backpack-reflective-8161/,200,,https://www.kronosolopromocionales.com/productos/morral-backpack-reflective-8161/,self,true,,,true,Ninguna
https://www.kronosolopromocionales.com/productos/sporty-bag-reflective-8182/,200,,https://www.kronosolopromocionales.com/productos/sporty-bag-reflective-8182/,self,true,,,true,Ninguna
https://www.kronosolopromocionales.com/productos/morral-backpack-plegable-molly-8193/,200,,https://www.kronosolopromocionales.com/productos/morral-backpack-plegable-molly-8193/,self,true,,,true,Ninguna
https://www.kronosolopromocionales.com/productos/protector-para-morral-backpack-emergency-produccion-nacional-6919/,200,,https://www.kronosolopromocionales.com/productos/protector-para-morral-backpack-emergency-produccion-nacional-6919/,self,true,,,true,Ninguna
https://www.kronosolopromocionales.com/productos/morral-backpack-nordic-oferta-7060/,200,,https://www.kronosolopromocionales.com/productos/morral-backpack-nordic-oferta-7060/,self,true,,,false,Ninguna
https://www.kronosolopromocionales.com/productos/morral-city-backpack-6266/,200,,https://www.kronosolopromocionales.com/productos/morral-city-backpack-6266/,self,true,,,false,Ninguna
https://www.kronosolopromocionales.com/productos/morral-backpack-retro-produccion-nacional-7697/,200,,https://www.kronosolopromocionales.com/productos/morral-backpack-retro-produccion-nacional-7697/,self,true,,,true,Ninguna
https://www.kronosolopromocionales.com/productos/morral-backpack-derex-8541/,200,,https://www.kronosolopromocionales.com/productos/morral-backpack-derex-8541/,self,true,,,true,Ninguna
https://www.kronosolopromocionales.com/productos/morral-backpack-antirrobo-royal-9213/,200,,https://www.kronosolopromocionales.com/productos/morral-backpack-antirrobo-royal-9213/,self,true,,,true,Ninguna
https://www.kronosolopromocionales.com/productos/morral-backpack-catoy-9211/,200,,https://www.kronosolopromocionales.com/productos/morral-backpack-catoy-9211/,self,true,,,false,Ninguna
https://www.kronosolopromocionales.com/productos/morral-backpack-strings-9598/,200,,https://www.kronosolopromocionales.com/productos/morral-backpack-strings-9598/,self,true,,,true,Ninguna
https://www.kronosolopromocionales.com/productos/mininevera-cooler-con-portacomida-produccion-nacional-3244/,200,,https://www.kronosolopromocionales.com/productos/mininevera-cooler-con-portacomida-produccion-nacional-3244/,self,true,,,true,Ninguna
https://www.kronosolopromocionales.com/productos/nevera-cooler-bag-trolley-1073/,200,,https://www.kronosolopromocionales.com/productos/nevera-cooler-bag-trolley-1073/,self,true,,,true,Ninguna
https://www.kronosolopromocionales.com/productos/nevera-cooler-lunchy-8157/,200,,https://www.kronosolopromocionales.com/productos/nevera-cooler-lunchy-8157/,self,true,,,true,Ninguna
https://www.kronosolopromocionales.com/productos/nevera-cooler-bag-soccer-ball-produccion-nacional-8291/,200,,https://www.kronosolopromocionales.com/productos/nevera-cooler-bag-soccer-ball-produccion-nacional-8291/,self,true,,,true,Ninguna
https://www.kronosolopromocionales.com/productos/nevera-cooler-bag-goal-produccion-nacional-8290/,200,,https://www.kronosolopromocionales.com/productos/nevera-cooler-bag-goal-produccion-nacional-8290/,self,true,,,true,Ninguna
https://www.kronosolopromocionales.com/productos/nevera-cooler-kendrik-produccion-nacional-9349/,200,,https://www.kronosolopromocionales.com/productos/nevera-cooler-kendrik-produccion-nacional-9349/,self,true,,,true,Ninguna
https://www.kronosolopromocionales.com/productos/molde-de-silicona-ice-face-10677/,200,,https://www.kronosolopromocionales.com/productos/molde-de-silicona-ice-face-10677/,self,true,,,true,Ninguna
https://www.kronosolopromocionales.com/productos/organizador-multiusos-lyra-10675/,200,,https://www.kronosolopromocionales.com/productos/organizador-multiusos-lyra-10675/,self,true,,,true,Ninguna
https://www.kronosolopromocionales.com/productos/organizador-de-viaje-city-6944/,200,,https://www.kronosolopromocionales.com/productos/organizador-de-viaje-city-6944/,self,true,,,false,Ninguna
https://www.kronosolopromocionales.com/productos/cosmetiquera-venecia-6904/,200,,https://www.kronosolopromocionales.com/productos/cosmetiquera-venecia-6904/,self,true,,,true,Ninguna
https://www.kronosolopromocionales.com/productos/multiorganizador-para-cartera-y-maletin-6562/,200,,https://www.kronosolopromocionales.com/productos/multiorganizador-para-cartera-y-maletin-6562/,self,true,,,true,Ninguna
https://www.kronosolopromocionales.com/productos/bolso-venecia-nacional-6221/,200,,https://www.kronosolopromocionales.com/productos/bolso-venecia-nacional-6221/,self,true,,,true,Ninguna
https://www.kronosolopromocionales.com/productos/sporty-bag-molt-6246/,200,,https://www.kronosolopromocionales.com/productos/sporty-bag-molt-6246/,self,true,,,true,Ninguna
https://www.kronosolopromocionales.com/productos/organizador-de-viaje-zipper-4269/,200,,https://www.kronosolopromocionales.com/productos/organizador-de-viaje-zipper-4269/,self,true,,,false,Ninguna
https://www.kronosolopromocionales.com/productos/agarradera-para-bolso-compacto-con-carabinero-3258/,200,,https://www.kronosolopromocionales.com/productos/agarradera-para-bolso-compacto-con-carabinero-3258/,self,true,,,true,Ninguna
https://www.kronosolopromocionales.com/productos/portapasaporte-security-7599/,200,,https://www.kronosolopromocionales.com/productos/portapasaporte-security-7599/,self,true,,,true,Ninguna
https://www.kronosolopromocionales.com/productos/cosmetiquera-travel-produccion-nacional-8720/,200,,https://www.kronosolopromocionales.com/productos/cosmetiquera-travel-produccion-nacional-8720/,self,true,,,true,Ninguna
https://www.kronosolopromocionales.com/productos/maletin-trolley-bag-norris-oferta-6925/,200,,https://www.kronosolopromocionales.com/productos/maletin-trolley-bag-norris-oferta-6925/,self,true,,,true,Ninguna
https://www.kronosolopromocionales.com/productos/portadocumentos-security-7598/,200,,https://www.kronosolopromocionales.com/productos/portadocumentos-security-7598/,self,true,,,false,Ninguna
https://www.kronosolopromocionales.com/productos/morral-backpack-elegant-10725/,200,,https://www.kronosolopromocionales.com/productos/morral-backpack-elegant-10725/,self,true,,,true,Ninguna
https://www.kronosolopromocionales.com/productos/maletin-trolley-florida-weekend-oferta-4888/,200,,https://www.kronosolopromocionales.com/productos/maletin-trolley-florida-weekend-oferta-4888/,self,true,,,true,Ninguna
https://www.kronosolopromocionales.com/productos/morral-city-backpack-trolley-6268/,200,,https://www.kronosolopromocionales.com/productos/morral-city-backpack-trolley-6268/,self,true,,,false,Ninguna
https://www.kronosolopromocionales.com/productos/maletin-trolley-city-4886/,200,,https://www.kronosolopromocionales.com/productos/maletin-trolley-city-4886/,self,true,,,true,Ninguna
https://www.kronosolopromocionales.com/productos/morral-antirrobo-backpack-rpet-10010/,200,,https://www.kronosolopromocionales.com/productos/morral-antirrobo-backpack-rpet-10010/,self,true,,,true,Ninguna
https://www.kronosolopromocionales.com/productos/sporty-bag-sencilla-ii-rpet-10686/,200,,https://www.kronosolopromocionales.com/productos/sporty-bag-sencilla-ii-rpet-10686/,self,true,,,true,Ninguna
https://www.kronosolopromocionales.com/productos/bolsa-clear-anny-produccion-nacional-6465/,200,,https://www.kronosolopromocionales.com/productos/bolsa-clear-anny-produccion-nacional-6465/,self,true,,,true,Ninguna
https://www.kronosolopromocionales.com/productos/sporty-bag-con-malla-2129/,200,,https://www.kronosolopromocionales.com/productos/sporty-bag-con-malla-2129/,self,true,,,true,Ninguna
https://www.kronosolopromocionales.com/productos/sporty-bag-sencilla-1552/,200,,https://www.kronosolopromocionales.com/productos/sporty-bag-sencilla-1552/,self,true,,,true,Ninguna
https://www.kronosolopromocionales.com/productos/sporty-bag-aspen-7583/,200,,https://www.kronosolopromocionales.com/productos/sporty-bag-aspen-7583/,self,true,,,true,Ninguna
https://www.kronosolopromocionales.com/productos/sporty-bag-whip-7571/,200,,https://www.kronosolopromocionales.com/productos/sporty-bag-whip-7571/,self,true,,,true,Ninguna
https://www.kronosolopromocionales.com/productos/bolsa-en-cambrel-reflectiva-8199/,200,,https://www.kronosolopromocionales.com/productos/bolsa-en-cambrel-reflectiva-8199/,self,true,,,true,Ninguna
https://www.kronosolopromocionales.com/productos/sporty-bag-champion-produccion-nacional-8283/,200,,https://www.kronosolopromocionales.com/productos/sporty-bag-champion-produccion-nacional-8283/,self,true,,,true,Ninguna
https://www.kronosolopromocionales.com/productos/sporty-bag-spock-8404/,200,,https://www.kronosolopromocionales.com/productos/sporty-bag-spock-8404/,self,true,,,true,Ninguna
https://www.kronosolopromocionales.com/productos/sporty-bag-metallic-oferta-9166/,200,,https://www.kronosolopromocionales.com/productos/sporty-bag-metallic-oferta-9166/,self,true,,,false,Ninguna
https://www.kronosolopromocionales.com/productos/sporty-bag-eco-yute-280gr-9725/,200,,https://www.kronosolopromocionales.com/productos/sporty-bag-eco-yute-280gr-9725/,self,true,,,true,Ninguna
https://www.kronosolopromocionales.com/productos/llavero-ml-401-10514/,200,,https://www.kronosolopromocionales.com/productos/llavero-ml-401-10514/,self,true,,,true,Ninguna
https://www.kronosolopromocionales.com/productos/llavero-ml-402-10407/,200,,https://www.kronosolopromocionales.com/productos/llavero-ml-402-10407/,self,true,,,true,Ninguna
https://www.kronosolopromocionales.com/productos/llavero-ml-404-10950/,200,,https://www.kronosolopromocionales.com/productos/llavero-ml-404-10950/,self,true,,,true,Ninguna
https://www.kronosolopromocionales.com/productos/llavero-ml-405-10951/,200,,https://www.kronosolopromocionales.com/productos/llavero-ml-405-10951/,self,true,,,true,Ninguna
https://www.kronosolopromocionales.com/productos/llavero-ml-406-10952/,200,,https://www.kronosolopromocionales.com/productos/llavero-ml-406-10952/,self,true,,,true,Ninguna
https://www.kronosolopromocionales.com/productos/llavero-ml-407-10953/,200,,https://www.kronosolopromocionales.com/productos/llavero-ml-407-10953/,self,true,,,true,Ninguna
https://www.kronosolopromocionales.com/productos/llavero-ml-408-10954/,200,,https://www.kronosolopromocionales.com/productos/llavero-ml-408-10954/,self,true,,,true,Ninguna
https://www.kronosolopromocionales.com/productos/llavero-ml-409-10955/,200,,https://www.kronosolopromocionales.com/productos/llavero-ml-409-10955/,self,true,,,true,Ninguna
https://www.kronosolopromocionales.com/productos/llavero-ml-410-10956/,200,,https://www.kronosolopromocionales.com/productos/llavero-ml-410-10956/,self,true,,,false,Ninguna
https://www.kronosolopromocionales.com/productos/llavero-ml-411-10957/,200,,https://www.kronosolopromocionales.com/productos/llavero-ml-411-10957/,self,true,,,true,Ninguna
https://www.kronosolopromocionales.com/productos/llavero-ml-412-10958/,200,,https://www.kronosolopromocionales.com/productos/llavero-ml-412-10958/,self,true,,,true,Ninguna
https://www.kronosolopromocionales.com/productos/llavero-ml-413-11037/,200,,https://www.kronosolopromocionales.com/productos/llavero-ml-413-11037/,self,true,,,true,Ninguna
https://www.kronosolopromocionales.com/productos/clip-portamensajes-car-4214/,200,,https://www.kronosolopromocionales.com/productos/clip-portamensajes-car-4214/,self,true,,,true,Ninguna
https://www.kronosolopromocionales.com/productos/clip-portamensajes-house-oferta-4213/,200,,https://www.kronosolopromocionales.com/productos/clip-portamensajes-house-oferta-4213/,self,true,,,true,Ninguna
https://www.kronosolopromocionales.com/productos/clip-portamensajes-mini-car-oferta-8037/,200,,https://www.kronosolopromocionales.com/productos/clip-portamensajes-mini-car-oferta-8037/,self,true,,,true,Ninguna
https://www.kronosolopromocionales.com/productos/portatarjetas-ml-275-oferta-4816/,200,,https://www.kronosolopromocionales.com/productos/portatarjetas-ml-275-oferta-4816/,self,true,,,true,Ninguna
https://www.kronosolopromocionales.com/productos/porta-tarjetas-ml-307-6131/,200,,https://www.kronosolopromocionales.com/productos/porta-tarjetas-ml-307-6131/,self,true,,,true,Ninguna
https://www.kronosolopromocionales.com/productos/portatarjetas-ml-182-3089/,200,,https://www.kronosolopromocionales.com/productos/portatarjetas-ml-182-3089/,self,true,,,true,Ninguna
https://www.kronosolopromocionales.com/productos/set-monarch-7443/,200,,https://www.kronosolopromocionales.com/productos/set-monarch-7443/,self,true,,,true,Ninguna
https://www.kronosolopromocionales.com/productos/portatarjetas-ml-376-oferta-8610/,200,,https://www.kronosolopromocionales.com/productos/portatarjetas-ml-376-oferta-8610/,self,true,,,true,Ninguna
https://www.kronosolopromocionales.com/productos/set-de-llavero-y-portatarjetas-ml-372-oferta-8606/,200,,https://www.kronosolopromocionales.com/productos/set-de-llavero-y-portatarjetas-ml-372-oferta-8606/,self,true,,,true,Ninguna
https://www.kronosolopromocionales.com/productos/set-ml-383-9191/,200,,https://www.kronosolopromocionales.com/productos/set-ml-383-9191/,self,true,,,true,Ninguna
https://www.kronosolopromocionales.com/productos/portatarjetas-ml-384-oferta-9192/,200,,https://www.kronosolopromocionales.com/productos/portatarjetas-ml-384-oferta-9192/,self,true,,,true,Ninguna
https://www.kronosolopromocionales.com/productos/memoria-usb-boligrafo-wood-precio-neto-10011/,200,,https://www.kronosolopromocionales.com/productos/memoria-usb-boligrafo-wood-precio-neto-10011/,self,true,,,true,Ninguna
https://www.kronosolopromocionales.com/productos/memoria-usb-credit-card-precio-neto-3301/,200,,https://www.kronosolopromocionales.com/productos/memoria-usb-credit-card-precio-neto-3301/,self,true,,,true,Ninguna
https://www.kronosolopromocionales.com/productos/memoria-usb-manilla-slimmy-ver-chip-of-228-ch-precio-neto-7271/,200,,https://www.kronosolopromocionales.com/productos/memoria-usb-manilla-slimmy-ver-chip-of-228-ch-precio-neto-7271/,self,true,,,true,Ninguna
https://www.kronosolopromocionales.com/productos/memoria-usb-manilla-bandy-ii-precio-neto-7259/,200,,https://www.kronosolopromocionales.com/productos/memoria-usb-manilla-bandy-ii-precio-neto-7259/,self,true,,,true,Ninguna
https://www.kronosolopromocionales.com/productos/pvc-memoria-usb-medic-3d-ver-of-228-ch-precio-neto-8802/,200,,https://www.kronosolopromocionales.com/productos/pvc-memoria-usb-medic-3d-ver-of-228-ch-precio-neto-8802/,self,true,,,true,Ninguna
https://www.kronosolopromocionales.com/productos/pvc-memoria-usb-soccer-ver-of-228-ch-oferta-9929/,200,,https://www.kronosolopromocionales.com/productos/pvc-memoria-usb-soccer-ver-of-228-ch-oferta-9929/,self,true,,,true,Ninguna
https://www.kronosolopromocionales.com/productos/memoria-usb-credit-card-eco-precio-neto-oferta-10012/,200,,https://www.kronosolopromocionales.com/productos/memoria-usb-credit-card-eco-precio-neto-oferta-10012/,self,true,,,true,Ninguna
https://www.kronosolopromocionales.com/productos/botilito-metalico-sublimacion-sport-bottle-500ml-10667/,200,,https://www.kronosolopromocionales.com/productos/botilito-metalico-sublimacion-sport-bottle-500ml-10667/,self,true,,,true,Ninguna
https://www.kronosolopromocionales.com/productos/botilito-plastico-counter-650ml-9775/,200,,https://www.kronosolopromocionales.com/productos/botilito-plastico-counter-650ml-9775/,self,true,,,true,Ninguna
https://www.kronosolopromocionales.com/productos/botilito-metalico-para-sublimacion-gipsy-700ml-10684/,200,,https://www.kronosolopromocionales.com/productos/botilito-metalico-para-sublimacion-gipsy-700ml-10684/,self,true,,,true,Ninguna
https://www.kronosolopromocionales.com/productos/mezclador-en-acero-inoxidable-6701/,200,,https://www.kronosolopromocionales.com/productos/mezclador-en-acero-inoxidable-6701/,self,true,,,true,Ninguna
https://www.kronosolopromocionales.com/productos/botilito-sport-laguna-800ml-4440/,200,,https://www.kronosolopromocionales.com/productos/botilito-sport-laguna-800ml-4440/,self,true,,,true,Ninguna
https://www.kronosolopromocionales.com/productos/botilito-en-pvc-curvy-525ml-produccion-nacional-6322/,200,,https://www.kronosolopromocionales.com/productos/botilito-en-pvc-curvy-525ml-produccion-nacional-6322/,self,true,,,true,Ninguna
https://www.kronosolopromocionales.com/productos/botilito-sport-titan-650-ml-produccion-nacional-4439/,200,,https://www.kronosolopromocionales.com/productos/botilito-sport-titan-650-ml-produccion-nacional-4439/,self,true,,,true,Ninguna
https://www.kronosolopromocionales.com/productos/botilito-pvc-mercury-850ml-precio-bomba-3742/,200,,https://www.kronosolopromocionales.com/productos/botilito-pvc-mercury-850ml-precio-bomba-3742/,self,true,,,true,Ninguna
https://www.kronosolopromocionales.com/productos/botilito-mini-spring-550ml-5159/,200,,https://www.kronosolopromocionales.com/productos/botilito-mini-spring-550ml-5159/,self,true,,,true,Ninguna
https://www.kronosolopromocionales.com/productos/botilito-urban-700ml-produccion-nacional-4080/,200,,https://www.kronosolopromocionales.com/productos/botilito-urban-700ml-produccion-nacional-4080/,self,true,,,true,Ninguna
https://www.kronosolopromocionales.com/productos/botilito-igloo-500ml-produccion-nacional-ver-tapa-energy-2375/,200,,https://www.kronosolopromocionales.com/productos/botilito-igloo-500ml-produccion-nacional-ver-tapa-energy-2375/,self,true,,,true,Ninguna
https://www.kronosolopromocionales.com/productos/botilito-metalico-sport-bottle-500ml-4433/,200,,https://www.kronosolopromocionales.com/productos/botilito-metalico-sport-bottle-500ml-4433/,self,true,,,true,Ninguna
https://www.kronosolopromocionales.com/productos/botilito-metalico-otto-600-ml-8530/,200,,https://www.kronosolopromocionales.com/productos/botilito-metalico-otto-600-ml-8530/,self,true,,,true,Ninguna
https://www.kronosolopromocionales.com/productos/botilito-metalico-jupiter-500-ml-8514/,200,,https://www.kronosolopromocionales.com/productos/botilito-metalico-jupiter-500-ml-8514/,self,true,,,true,Ninguna
https://www.kronosolopromocionales.com/productos/botilito-metalico-wolfgang-500-ml-8531/,200,,https://www.kronosolopromocionales.com/productos/botilito-metalico-wolfgang-500-ml-8531/,self,true,,,true,Ninguna
https://www.kronosolopromocionales.com/productos/botilito-en-aluminio-parsons-700ml-8758/,200,,https://www.kronosolopromocionales.com/productos/botilito-en-aluminio-parsons-700ml-8758/,self,true,,,true,Ninguna
https://www.kronosolopromocionales.com/productos/botilito-metalico-wood-700ml-9016/,200,,https://www.kronosolopromocionales.com/productos/botilito-metalico-wood-700ml-9016/,self,true,,,true,Ninguna
https://www.kronosolopromocionales.com/productos/botilito-metalico-barry-600ml-9017/,200,,https://www.kronosolopromocionales.com/productos/botilito-metalico-barry-600ml-9017/,self,true,,,true,Ninguna
https://www.kronosolopromocionales.com/productos/botilito-metalico-jumbo-750ml-9396/,200,,https://www.kronosolopromocionales.com/productos/botilito-metalico-jumbo-750ml-9396/,self,true,,,true,Ninguna
https://www.kronosolopromocionales.com/productos/botilito-metalico-hans-600ml-9437/,200,,https://www.kronosolopromocionales.com/productos/botilito-metalico-hans-600ml-9437/,self,true,,,true,Ninguna
https://www.kronosolopromocionales.com/productos/botilito-metalico-vortex-600ml-9550/,200,,https://www.kronosolopromocionales.com/productos/botilito-metalico-vortex-600ml-9550/,self,true,,,true,Ninguna
https://www.kronosolopromocionales.com/productos/botilito-supra-en-pet-610ml-produccion-nacional-6706/,200,,https://www.kronosolopromocionales.com/productos/botilito-supra-en-pet-610ml-produccion-nacional-6706/,self,true,,,true,Ninguna
https://www.kronosolopromocionales.com/productos/botilito-en-pvc-helice-650ml-produccion-nacional-5741/,200,,https://www.kronosolopromocionales.com/productos/botilito-en-pvc-helice-650ml-produccion-nacional-5741/,self,true,,,true,Ninguna
https://www.kronosolopromocionales.com/productos/botilito-spider-pvc-650-ml-produccion-nacional-5486/,200,,https://www.kronosolopromocionales.com/productos/botilito-spider-pvc-650-ml-produccion-nacional-5486/,self,true,,,true,Ninguna
https://www.kronosolopromocionales.com/productos/botilito-en-pvc-curvy-500ml-produccion-nacional-6322/,200,,https://www.kronosolopromocionales.com/productos/botilito-en-pvc-curvy-500ml-produccion-nacional-6322/,self,true,,,true,Ninguna
https://www.kronosolopromocionales.com/productos/botilito-sport-titan-690-ml-produccion-nacional-4439/,200,,https://www.kronosolopromocionales.com/productos/botilito-sport-titan-690-ml-produccion-nacional-4439/,self,true,,,true,Ninguna
https://www.kronosolopromocionales.com/productos/botilito-pvc-mercury-850ml-3742/,200,,https://www.kronosolopromocionales.com/productos/botilito-pvc-mercury-850ml-3742/,self,true,,,true,Ninguna
https://www.kronosolopromocionales.com/productos/botilito-saturno-pvc-900ml-produccion-nacional-ver-mu-35-tapa-pesta-6705/,200,,https://www.kronosolopromocionales.com/productos/botilito-saturno-pvc-900ml-produccion-nacional-ver-mu-35-tapa-pesta-6705/,self,true,,,true,Ninguna
https://www.kronosolopromocionales.com/productos/mini-botilito-ergo-400ml-produccion-nacional-5484/,200,,https://www.kronosolopromocionales.com/productos/mini-botilito-ergo-400ml-produccion-nacional-5484/,self,true,,,true,Ninguna
https://www.kronosolopromocionales.com/productos/botilito-carabinero-pvc-690ml-produccion-nacional-5820/,200,,https://www.kronosolopromocionales.com/productos/botilito-carabinero-pvc-690ml-produccion-nacional-5820/,self,true,,,true,Ninguna
https://www.kronosolopromocionales.com/productos/botilito-mini-spring-590ml-tapa-importada-o-nacional-5159/,200,,https://www.kronosolopromocionales.com/productos/botilito-mini-spring-590ml-tapa-importada-o-nacional-5159/,self,true,,,true,Ninguna
https://www.kronosolopromocionales.com/productos/botilito-en-tritan-bugsy-630ml-6815/,200,,https://www.kronosolopromocionales.com/productos/botilito-en-tritan-bugsy-630ml-6815/,self,true,,,true,Ninguna
https://www.kronosolopromocionales.com/productos/botilito-infussion-800ml-5762/,200,,https://www.kronosolopromocionales.com/productos/botilito-infussion-800ml-5762/,self,true,,,true,Ninguna
https://www.kronosolopromocionales.com/productos/botilito-en-tritan-swat-600ml-oferta-9559/,200,,https://www.kronosolopromocionales.com/productos/botilito-en-tritan-swat-600ml-oferta-9559/,self,true,,,true,Ninguna
https://www.kronosolopromocionales.com/productos/agarradera-en-polietileno-nuevo-13405/,200,,https://www.kronosolopromocionales.com/productos/agarradera-en-polietileno-nuevo-13405/,self,true,,,true,Ninguna
https://www.kronosolopromocionales.com/productos/mug-ceramica-neon-11oz-oferta-6821/,200,,https://www.kronosolopromocionales.com/productos/mug-ceramica-neon-11oz-oferta-6821/,self,true,,,true,Ninguna
https://www.kronosolopromocionales.com/productos/mug-oxford-ceramica-11oz-3505/,200,,https://www.kronosolopromocionales.com/productos/mug-oxford-ceramica-11oz-3505/,self,true,,,true,Ninguna
https://www.kronosolopromocionales.com/productos/mug-ceramica-cuadrado-10-oz-1591/,200,,https://www.kronosolopromocionales.com/productos/mug-ceramica-cuadrado-10-oz-1591/,self,true,,,true,Ninguna
https://www.kronosolopromocionales.com/productos/mug-ceramica-tablero-11oz-con-tiza-4059/,200,,https://www.kronosolopromocionales.com/productos/mug-ceramica-tablero-11oz-con-tiza-4059/,self,true,,,true,Ninguna
https://www.kronosolopromocionales.com/productos/mug-ceramica-para-sublimacion-i-11oz-4065/,200,,https://www.kronosolopromocionales.com/productos/mug-ceramica-para-sublimacion-i-11oz-4065/,self,true,,,true,Ninguna
https://www.kronosolopromocionales.com/productos/mug-ceramica-sublimacion-magic-color-11oz-4064/,200,,https://www.kronosolopromocionales.com/productos/mug-ceramica-sublimacion-magic-color-11oz-4064/,self,true,,,true,Ninguna
https://www.kronosolopromocionales.com/productos/mug-ceramica-con-cuchara-trump-10oz-6822/,200,,https://www.kronosolopromocionales.com/productos/mug-ceramica-con-cuchara-trump-10oz-6822/,self,true,,,true,Ninguna
https://www.kronosolopromocionales.com/productos/mug-firenze-ceramica-neon-10oz-oferta-2831/,200,,https://www.kronosolopromocionales.com/productos/mug-firenze-ceramica-neon-10oz-oferta-2831/,self,true,,,true,Ninguna
https://www.kronosolopromocionales.com/productos/mug-ceramica-con-corcho-11-oz-7453/,200,,https://www.kronosolopromocionales.com/productos/mug-ceramica-con-corcho-11-oz-7453/,self,true,,,true,Ninguna
https://www.kronosolopromocionales.com/productos/mug-ceramica-zenith-12oz-7874/,200,,https://www.kronosolopromocionales.com/productos/mug-ceramica-zenith-12oz-7874/,self,true,,,true,Ninguna
https://www.kronosolopromocionales.com/productos/mug-ceramica-ottis-11oz-oferta-8421/,200,,https://www.kronosolopromocionales.com/productos/mug-ceramica-ottis-11oz-oferta-8421/,self,true,,,true,Ninguna
https://www.kronosolopromocionales.com/productos/mug-doble-pared-en-acero-ii-16oz-1342/,200,,https://www.kronosolopromocionales.com/productos/mug-doble-pared-en-acero-ii-16oz-1342/,self,true,,,true,Ninguna
https://www.kronosolopromocionales.com/productos/minimug-en-acero-con-tapa-180ml-3481/,200,,https://www.kronosolopromocionales.com/productos/minimug-en-acero-con-tapa-180ml-3481/,self,true,,,false,Ninguna
https://www.kronosolopromocionales.com/productos/mug-metalico-galileo-16oz-8060/,200,,https://www.kronosolopromocionales.com/productos/mug-metalico-galileo-16oz-8060/,self,true,,,true,Ninguna
https://www.kronosolopromocionales.com/productos/mug-metalico-peyton-470-ml-8667/,200,,https://www.kronosolopromocionales.com/productos/mug-metalico-peyton-470-ml-8667/,self,true,,,true,Ninguna
https://www.kronosolopromocionales.com/productos/mug-metalico-moritz-450-ml-8526/,200,,https://www.kronosolopromocionales.com/productos/mug-metalico-moritz-450-ml-8526/,self,true,,,true,Ninguna
https://www.kronosolopromocionales.com/productos/set-de-mugs-con-termo-cascade-8853/,200,,https://www.kronosolopromocionales.com/productos/set-de-mugs-con-termo-cascade-8853/,self,true,,,true,Ninguna
https://www.kronosolopromocionales.com/productos/mug-metalico-star-350ml-8986/,200,,https://www.kronosolopromocionales.com/productos/mug-metalico-star-350ml-8986/,self,true,,,true,Ninguna
https://www.kronosolopromocionales.com/productos/mug-metalico-mask-350ml-9018/,200,,https://www.kronosolopromocionales.com/productos/mug-metalico-mask-350ml-9018/,self,true,,,true,Ninguna
https://www.kronosolopromocionales.com/productos/mug-metalico-slash-550ml-9019/,200,,https://www.kronosolopromocionales.com/productos/mug-metalico-slash-550ml-9019/,self,true,,,true,Ninguna
https://www.kronosolopromocionales.com/productos/mug-metalico-quest-450ml-9389/,200,,https://www.kronosolopromocionales.com/productos/mug-metalico-quest-450ml-9389/,self,true,,,true,Ninguna
https://www.kronosolopromocionales.com/productos/mug-metalico-con-bamboo-500ml-9699/,200,,https://www.kronosolopromocionales.com/productos/mug-metalico-con-bamboo-500ml-9699/,self,true,,,true,Ninguna
https://www.kronosolopromocionales.com/productos/mug-metalico-warmer-450ml-9707/,200,,https://www.kronosolopromocionales.com/productos/mug-metalico-warmer-450ml-9707/,self,true,,,true,Ninguna
https://www.kronosolopromocionales.com/productos/vaso-yumbo-32oz-produccion-nacional-11149/,200,,https://www.kronosolopromocionales.com/productos/vaso-yumbo-32oz-produccion-nacional-11149/,self,true,,,true,Ninguna
https://www.kronosolopromocionales.com/productos/mug-plastico-morning-320ml-produccion-nacional-11150/,200,,https://www.kronosolopromocionales.com/productos/mug-plastico-morning-320ml-produccion-nacional-11150/,self,true,,,false,Ninguna
https://www.kronosolopromocionales.com/productos/maxi-mug-produccion-nacional-2362/,200,,https://www.kronosolopromocionales.com/productos/maxi-mug-produccion-nacional-2362/,self,true,,,true,Ninguna
https://www.kronosolopromocionales.com/productos/mug-kid-produccion-nacional-2869/,200,,https://www.kronosolopromocionales.com/productos/mug-kid-produccion-nacional-2869/,self,true,,,true,Ninguna
https://www.kronosolopromocionales.com/productos/mug-mediano-club-produccion-nacional-2873/,200,,https://www.kronosolopromocionales.com/productos/mug-mediano-club-produccion-nacional-2873/,self,true,,,true,Ninguna
https://www.kronosolopromocionales.com/productos/vaso-plastico-new-york-23-oz-produccion-nacional-8714/,200,,https://www.kronosolopromocionales.com/productos/vaso-plastico-new-york-23-oz-produccion-nacional-8714/,self,true,,,true,Ninguna
https://www.kronosolopromocionales.com/productos/vaso-plastico-new-york-20-oz-produccion-nacional-8735/,200,,https://www.kronosolopromocionales.com/productos/vaso-plastico-new-york-20-oz-produccion-nacional-8735/,self,true,,,true,Ninguna
https://www.kronosolopromocionales.com/productos/botilito-metalico-para-sublimacion-wolfgang-500ml-9967/,200,,https://www.kronosolopromocionales.com/productos/botilito-metalico-para-sublimacion-wolfgang-500ml-9967/,self,true,,,true,Ninguna
https://www.kronosolopromocionales.com/productos/botilito-en-aluminio-para-sublimacion-parsons-750ml-9968/,200,,https://www.kronosolopromocionales.com/productos/botilito-en-aluminio-para-sublimacion-parsons-750ml-9968/,self,true,,,true,Ninguna
https://www.kronosolopromocionales.com/productos/mug-metalico-para-sublimacion-galileo-450ml-9969/,200,,https://www.kronosolopromocionales.com/productos/mug-metalico-para-sublimacion-galileo-450ml-9969/,self,true,,,true,Ninguna
https://www.kronosolopromocionales.com/productos/mug-metalico-para-sublimacion-mask-350ml-9973/,200,,https://www.kronosolopromocionales.com/productos/mug-metalico-para-sublimacion-mask-350ml-9973/,self,true,,,true,Ninguna
https://www.kronosolopromocionales.com/productos/botilito-metalico-anders-500ml-10502/,200,,https://www.kronosolopromocionales.com/productos/botilito-metalico-anders-500ml-10502/,self,true,,,true,Ninguna
https://www.kronosolopromocionales.com/productos/botilito-plastico-wonder-650ml-produccion-nacional-10688/,200,,https://www.kronosolopromocionales.com/productos/botilito-plastico-wonder-650ml-produccion-nacional-10688/,self,true,,,true,Ninguna
https://www.kronosolopromocionales.com/productos/termo-bullet-350ml-912/,200,,https://www.kronosolopromocionales.com/productos/termo-bullet-350ml-912/,self,true,,,true,Ninguna
https://www.kronosolopromocionales.com/productos/termo-zeus-500-ml-4432/,200,,https://www.kronosolopromocionales.com/productos/termo-zeus-500-ml-4432/,self,true,,,true,Ninguna
https://www.kronosolopromocionales.com/productos/termo-bamboo-500ml-9771/,200,,https://www.kronosolopromocionales.com/productos/termo-bamboo-500ml-9771/,self,true,,,true,Ninguna
https://www.kronosolopromocionales.com/productos/termo-urban-travel-hydra-500ml-10206/,200,,https://www.kronosolopromocionales.com/productos/termo-urban-travel-hydra-500ml-10206/,self,true,,,true,Ninguna
https://www.kronosolopromocionales.com/productos/aro-de-silicona-para-mug-orbit-5890/,200,,https://www.kronosolopromocionales.com/productos/aro-de-silicona-para-mug-orbit-5890/,self,true,,,true,Ninguna
https://www.kronosolopromocionales.com/productos/vaso-circular-320ml-produccion-nacional-2374/,200,,https://www.kronosolopromocionales.com/productos/vaso-circular-320ml-produccion-nacional-2374/,self,true,,,true,Ninguna
https://www.kronosolopromocionales.com/productos/vaso-speedy-14-oz-san-produccion-nacional-5482/,200,,https://www.kronosolopromocionales.com/productos/vaso-speedy-14-oz-san-produccion-nacional-5482/,self,true,,,true,Ninguna
https://www.kronosolopromocionales.com/productos/vaso-cuadrado-7oz-cristal-produccion-nacional-5479/,200,,https://www.kronosolopromocionales.com/productos/vaso-cuadrado-7oz-cristal-produccion-nacional-5479/,self,true,,,true,Ninguna
https://www.kronosolopromocionales.com/productos/vaso-twister-12-oz-san-produccion-nacional-5481/,200,,https://www.kronosolopromocionales.com/productos/vaso-twister-12-oz-san-produccion-nacional-5481/,self,true,,,true,Ninguna
https://www.kronosolopromocionales.com/productos/vaso-triangular-250ml-produccion-nacional-3274/,200,,https://www.kronosolopromocionales.com/productos/vaso-triangular-250ml-produccion-nacional-3274/,self,true,,,true,Ninguna
https://www.kronosolopromocionales.com/productos/vaso-tapa-plastico-14-oz-produccion-nacional-2871/,200,,https://www.kronosolopromocionales.com/productos/vaso-tapa-plastico-14-oz-produccion-nacional-2871/,self,true,,,true,Ninguna
https://www.kronosolopromocionales.com/productos/vaso-con-pitillo-produccion-nacional-2870/,200,,https://www.kronosolopromocionales.com/productos/vaso-con-pitillo-produccion-nacional-2870/,self,true,,,true,Ninguna
https://www.kronosolopromocionales.com/productos/copa-para-vino-7oz-produccion-nacional-2007/,200,,https://www.kronosolopromocionales.com/productos/copa-para-vino-7oz-produccion-nacional-2007/,self,true,,,true,Ninguna
https://www.kronosolopromocionales.com/productos/copa-cilindrica-2oz-cristal-produccion-nacional-5480/,200,,https://www.kronosolopromocionales.com/productos/copa-cilindrica-2oz-cristal-produccion-nacional-5480/,self,true,,,true,Ninguna
https://www.kronosolopromocionales.com/productos/botilito-metalico-shelby-600ml-9555/,200,,https://www.kronosolopromocionales.com/productos/botilito-metalico-shelby-600ml-9555/,self,true,,,true,Ninguna
https://www.kronosolopromocionales.com/productos/botilito-metalico-uv-c-clean-500ml-9686/,200,,https://www.kronosolopromocionales.com/productos/botilito-metalico-uv-c-clean-500ml-9686/,self,true,,,true,Ninguna
https://www.kronosolopromocionales.com/productos/mug-metalico-doble-pared-coffee-urban-travel-380ml-9766/,200,,https://www.kronosolopromocionales.com/productos/mug-metalico-doble-pared-coffee-urban-travel-380ml-9766/,self,true,,,true,Ninguna
https://www.kronosolopromocionales.com/productos/botilito-metalico-atomic-500ml-9970/,200,,https://www.kronosolopromocionales.com/productos/botilito-metalico-atomic-500ml-9970/,self,true,,,true,Ninguna
https://www.kronosolopromocionales.com/productos/mug-metalico-grant-urban-travel-500ml-10081/,200,,https://www.kronosolopromocionales.com/productos/mug-metalico-grant-urban-travel-500ml-10081/,self,true,,,true,Ninguna
https://www.kronosolopromocionales.com/productos/memo-stick-personalizados-6963/,200,,https://www.kronosolopromocionales.com/productos/memo-stick-personalizados-6963/,self,true,,,true,Ninguna
https://www.kronosolopromocionales.com/productos/alcancia-con-portaboligrafo-6920/,200,,https://www.kronosolopromocionales.com/productos/alcancia-con-portaboligrafo-6920/,self,true,,,true,Ninguna
https://www.kronosolopromocionales.com/productos/regla-flexy-pvc-30cm-produccion-nacional-6848/,200,,https://www.kronosolopromocionales.com/productos/regla-flexy-pvc-30cm-produccion-nacional-6848/,self,true,,,true,Ninguna
https://www.kronosolopromocionales.com/productos/set-de-escritorio-magnum-6829/,200,,https://www.kronosolopromocionales.com/productos/set-de-escritorio-magnum-6829/,self,true,,,true,Ninguna
https://www.kronosolopromocionales.com/productos/boton-plastico-para-portacarnet-oferta-6561/,200,,https://www.kronosolopromocionales.com/productos/boton-plastico-para-portacarnet-oferta-6561/,self,true,,,true,Ninguna
https://www.kronosolopromocionales.com/productos/set-de-bandas-elasticas-oferta-6560/,200,,https://www.kronosolopromocionales.com/productos/set-de-bandas-elasticas-oferta-6560/,self,true,,,true,Ninguna
https://www.kronosolopromocionales.com/productos/juego-desestresante-con-clips-2198/,200,,https://www.kronosolopromocionales.com/productos/juego-desestresante-con-clips-2198/,self,true,,,true,Ninguna
https://www.kronosolopromocionales.com/productos/juego-imantado-desestresante-1772/,200,,https://www.kronosolopromocionales.com/productos/juego-imantado-desestresante-1772/,self,true,,,true,Ninguna
https://www.kronosolopromocionales.com/productos/libreta-igor-jumbo-11119/,200,,https://www.kronosolopromocionales.com/productos/libreta-igor-jumbo-11119/,self,true,,,true,Ninguna
https://www.kronosolopromocionales.com/productos/libreta-pollux-eco-11019/,200,,https://www.kronosolopromocionales.com/productos/libreta-pollux-eco-11019/,self,true,,,false,Ninguna
https://www.kronosolopromocionales.com/productos/libreta-arista-11024/,200,,https://www.kronosolopromocionales.com/productos/libreta-arista-11024/,self,true,,,false,Ninguna
https://www.kronosolopromocionales.com/productos/libreta-igor-80-hojas-6843/,200,,https://www.kronosolopromocionales.com/productos/libreta-igor-80-hojas-6843/,self,true,,,true,Ninguna
https://www.kronosolopromocionales.com/productos/libreta-century-6838/,200,,https://www.kronosolopromocionales.com/productos/libreta-century-6838/,self,true,,,true,Ninguna
https://www.kronosolopromocionales.com/productos/mini-libreta-forest-6189/,200,,https://www.kronosolopromocionales.com/productos/mini-libreta-forest-6189/,self,true,,,true,Ninguna
https://www.kronosolopromocionales.com/productos/mini-libreta-sevilla-80-hojas-5739/,200,,https://www.kronosolopromocionales.com/productos/mini-libreta-sevilla-80-hojas-5739/,self,true,,,true,Ninguna
https://www.kronosolopromocionales.com/productos/sticky-set-en-trigo-wheat-eco-9678/,200,,https://www.kronosolopromocionales.com/productos/sticky-set-en-trigo-wheat-eco-9678/,self,true,,,true,Ninguna
https://www.kronosolopromocionales.com/productos/sticky-set-cubik-9974/,200,,https://www.kronosolopromocionales.com/productos/sticky-set-cubik-9974/,self,true,,,true,Ninguna
https://www.kronosolopromocionales.com/productos/bamboo-sticky-pad-9955/,200,,https://www.kronosolopromocionales.com/productos/bamboo-sticky-pad-9955/,self,true,,,true,Ninguna
https://www.kronosolopromocionales.com/productos/memo-sticky-set-bamboo-10100/,200,,https://www.kronosolopromocionales.com/productos/memo-sticky-set-bamboo-10100/,self,true,,,true,Ninguna
https://www.kronosolopromocionales.com/productos/portataco-duo-produccion-nacional-3845/,200,,https://www.kronosolopromocionales.com/productos/portataco-duo-produccion-nacional-3845/,self,true,,,true,Ninguna
https://www.kronosolopromocionales.com/productos/sticky-set-doctor-9090/,200,,https://www.kronosolopromocionales.com/productos/sticky-set-doctor-9090/,self,true,,,true,Ninguna
https://www.kronosolopromocionales.com/productos/sticky-set-ottis-oferta-9786/,200,,https://www.kronosolopromocionales.com/productos/sticky-set-ottis-oferta-9786/,self,true,,,false,Ninguna
https://www.kronosolopromocionales.com/productos/planeador-semanal-ecologico-9975/,200,,https://www.kronosolopromocionales.com/productos/planeador-semanal-ecologico-9975/,self,true,,,true,Ninguna
https://www.kronosolopromocionales.com/productos/memo-clip-bamboo-ii-10242/,200,,https://www.kronosolopromocionales.com/productos/memo-clip-bamboo-ii-10242/,self,true,,,true,Ninguna
https://www.kronosolopromocionales.com/productos/set-memo-pad-eco-10099/,200,,https://www.kronosolopromocionales.com/productos/set-memo-pad-eco-10099/,self,true,,,true,Ninguna
https://www.kronosolopromocionales.com/productos/cargador-inalambrico-office-10150/,200,,https://www.kronosolopromocionales.com/productos/cargador-inalambrico-office-10150/,self,true,,,true,Ninguna
https://www.kronosolopromocionales.com/productos/mouse-pad-plastificado-5549/,200,,https://www.kronosolopromocionales.com/productos/mouse-pad-plastificado-5549/,self,true,,,true,Ninguna
https://www.kronosolopromocionales.com/productos/mouse-pad-ergonomico-produccion-nacional-5542/,200,,https://www.kronosolopromocionales.com/productos/mouse-pad-ergonomico-produccion-nacional-5542/,self,true,,,true,Ninguna
https://www.kronosolopromocionales.com/productos/mouse-pad-frost-produccion-nacional-2006/,200,,https://www.kronosolopromocionales.com/productos/mouse-pad-frost-produccion-nacional-2006/,self,true,,,true,Ninguna
https://www.kronosolopromocionales.com/productos/mouse-pad-vaniat-9862/,200,,https://www.kronosolopromocionales.com/productos/mouse-pad-vaniat-9862/,self,true,,,true,Ninguna
https://www.kronosolopromocionales.com/productos/organizador-de-escritorio-office-10112/,200,,https://www.kronosolopromocionales.com/productos/organizador-de-escritorio-office-10112/,self,true,,,true,Ninguna
https://www.kronosolopromocionales.com/productos/mouse-pad-calendar-produccion-nacional-10159/,200,,https://www.kronosolopromocionales.com/productos/mouse-pad-calendar-produccion-nacional-10159/,self,true,,,true,Ninguna
https://www.kronosolopromocionales.com/productos/mouse-pad-con-cargador-inalambrico-dexter-10113/,200,,https://www.kronosolopromocionales.com/productos/mouse-pad-con-cargador-inalambrico-dexter-10113/,self,true,,,true,Ninguna
https://www.kronosolopromocionales.com/productos/cargador-inalambrico-flexi-pad-10524/,200,,https://www.kronosolopromocionales.com/productos/cargador-inalambrico-flexi-pad-10524/,self,true,,,true,Ninguna
https://www.kronosolopromocionales.com/productos/mouse-pad-3-1-lcd-10461/,200,,https://www.kronosolopromocionales.com/productos/mouse-pad-3-1-lcd-10461/,self,true,,,true,Ninguna
https://www.kronosolopromocionales.com/productos/mouse-bamboo-10340/,200,,https://www.kronosolopromocionales.com/productos/mouse-bamboo-10340/,self,true,,,true,Ninguna
https://www.kronosolopromocionales.com/productos/mouse-pad-cork-con-apoya-munecas-10557/,200,,https://www.kronosolopromocionales.com/productos/mouse-pad-cork-con-apoya-munecas-10557/,self,true,,,true,Ninguna
https://www.kronosolopromocionales.com/productos/tablero-week-6932/,200,,https://www.kronosolopromocionales.com/productos/tablero-week-6932/,self,true,,,true,Ninguna
https://www.kronosolopromocionales.com/productos/carpeta-folder-london-6844/,200,,https://www.kronosolopromocionales.com/productos/carpeta-folder-london-6844/,self,true,,,true,Ninguna
https://www.kronosolopromocionales.com/productos/bolsa-portapapeles-produccion-nacional-4058/,200,,https://www.kronosolopromocionales.com/productos/bolsa-portapapeles-produccion-nacional-4058/,self,true,,,true,Ninguna
https://www.kronosolopromocionales.com/productos/carpeta-folder-a4-crown-5507/,200,,https://www.kronosolopromocionales.com/productos/carpeta-folder-a4-crown-5507/,self,true,,,true,Ninguna
https://www.kronosolopromocionales.com/productos/carpeta-folder-sencillo-en-pvc-1888/,200,,https://www.kronosolopromocionales.com/productos/carpeta-folder-sencillo-en-pvc-1888/,self,true,,,false,Ninguna
https://www.kronosolopromocionales.com/productos/portaidentificador-de-carnet-medic-8077/,200,,https://www.kronosolopromocionales.com/productos/portaidentificador-de-carnet-medic-8077/,self,true,,,true,Ninguna
https://www.kronosolopromocionales.com/productos/carpeta-folder-zipper-8078/,200,,https://www.kronosolopromocionales.com/productos/carpeta-folder-zipper-8078/,self,true,,,true,Ninguna
https://www.kronosolopromocionales.com/productos/portaidentificador-de-carnet-redondo-ii-8226/,200,,https://www.kronosolopromocionales.com/productos/portaidentificador-de-carnet-redondo-ii-8226/,self,true,,,true,Ninguna
https://www.kronosolopromocionales.com/productos/calculadora-multifuncion-oferta-8477/,200,,https://www.kronosolopromocionales.com/productos/calculadora-multifuncion-oferta-8477/,self,true,,,true,Ninguna
https://www.kronosolopromocionales.com/productos/portaboligrafos-flex-produccion-nacional-4113/,200,,https://www.kronosolopromocionales.com/productos/portaboligrafos-flex-produccion-nacional-4113/,self,true,,,true,Ninguna
https://www.kronosolopromocionales.com/productos/portatacos-con-portalapices-produccion-nacional-7496/,200,,https://www.kronosolopromocionales.com/productos/portatacos-con-portalapices-produccion-nacional-7496/,self,true,,,true,Ninguna
https://www.kronosolopromocionales.com/productos/estuche-plastico-de-tres-cuerpos-produccion-nacional-7613/,200,,https://www.kronosolopromocionales.com/productos/estuche-plastico-de-tres-cuerpos-produccion-nacional-7613/,self,true,,,true,Ninguna
https://www.kronosolopromocionales.com/productos/libreta-con-portalapices-produccion-nacional-7687/,200,,https://www.kronosolopromocionales.com/productos/libreta-con-portalapices-produccion-nacional-7687/,self,true,,,true,Ninguna
https://www.kronosolopromocionales.com/productos/set-de-escritorio-en-pu-stickies-y-resaltadores-magicos-5503/,200,,https://www.kronosolopromocionales.com/productos/set-de-escritorio-en-pu-stickies-y-resaltadores-magicos-5503/,self,true,,,true,Ninguna
https://www.kronosolopromocionales.com/productos/set-de-escritorio-octagon-8072/,200,,https://www.kronosolopromocionales.com/productos/set-de-escritorio-octagon-8072/,self,true,,,false,Ninguna
https://www.kronosolopromocionales.com/productos/sticky-set-flag-oferta-8475/,200,,https://www.kronosolopromocionales.com/productos/sticky-set-flag-oferta-8475/,self,true,,,true,Ninguna
https://www.kronosolopromocionales.com/productos/set-de-clips-smiley-faces-8866/,200,,https://www.kronosolopromocionales.com/productos/set-de-clips-smiley-faces-8866/,self,true,,,true,Ninguna
https://www.kronosolopromocionales.com/productos/portatarjetas-plastico-produccion-nacional-4462/,200,,https://www.kronosolopromocionales.com/productos/portatarjetas-plastico-produccion-nacional-4462/,self,true,,,true,Ninguna
https://www.kronosolopromocionales.com/productos/mobile-holder-3-1-produccion-nacional-3471/,200,,https://www.kronosolopromocionales.com/productos/mobile-holder-3-1-produccion-nacional-3471/,self,true,,,true,Ninguna
https://www.kronosolopromocionales.com/productos/portapapel-car-oferta-7440/,200,,https://www.kronosolopromocionales.com/productos/portapapel-car-oferta-7440/,self,true,,,true,Ninguna
https://www.kronosolopromocionales.com/productos/portatarjetas-en-silicona-doctor-oferta-8953/,200,,https://www.kronosolopromocionales.com/productos/portatarjetas-en-silicona-doctor-oferta-8953/,self,true,,,true,Ninguna
https://www.kronosolopromocionales.com/productos/chaqueta-en-pvc-5466/,200,,https://www.kronosolopromocionales.com/productos/chaqueta-en-pvc-5466/,self,true,,,true,Ninguna
https://www.kronosolopromocionales.com/productos/llavero-con-capa-3336/,200,,https://www.kronosolopromocionales.com/productos/llavero-con-capa-3336/,self,true,,,true,Ninguna
https://www.kronosolopromocionales.com/productos/abrigo-impermeable-3640/,200,,https://www.kronosolopromocionales.com/productos/abrigo-impermeable-3640/,self,true,,,true,Ninguna
https://www.kronosolopromocionales.com/productos/poncho-pvc-con-estuche-4832/,200,,https://www.kronosolopromocionales.com/productos/poncho-pvc-con-estuche-4832/,self,true,,,true,Ninguna
https://www.kronosolopromocionales.com/productos/llavero-con-capa-poncho-soccer-8294/,200,,https://www.kronosolopromocionales.com/productos/llavero-con-capa-poncho-soccer-8294/,self,true,,,true,Ninguna
https://www.kronosolopromocionales.com/productos/paraguas-dayton-23-9790/,200,,https://www.kronosolopromocionales.com/productos/paraguas-dayton-23-9790/,self,true,,,false,Ninguna
https://www.kronosolopromocionales.com/productos/paraguas-osmond-21-10672/,200,,https://www.kronosolopromocionales.com/productos/paraguas-osmond-21-10672/,self,true,,,true,Ninguna
https://www.kronosolopromocionales.com/productos/mini-paraguas-lloyd-21-8658/,200,,https://www.kronosolopromocionales.com/productos/mini-paraguas-lloyd-21-8658/,self,true,,,true,Ninguna
https://www.kronosolopromocionales.com/productos/mini-paraguas-arc-clipper-21-8889/,200,,https://www.kronosolopromocionales.com/productos/mini-paraguas-arc-clipper-21-8889/,self,true,,,true,Ninguna
https://www.kronosolopromocionales.com/productos/paraguas-kenny-215-8909/,200,,https://www.kronosolopromocionales.com/productos/paraguas-kenny-215-8909/,self,true,,,false,Ninguna
https://www.kronosolopromocionales.com/productos/mini-paraguas-maverick-21-9426/,200,,https://www.kronosolopromocionales.com/productos/mini-paraguas-maverick-21-9426/,self,true,,,true,Ninguna
https://www.kronosolopromocionales.com/productos/bolsa-plegable-para-paraguas-hansel-oferta-8657/,200,,https://www.kronosolopromocionales.com/productos/bolsa-plegable-para-paraguas-hansel-oferta-8657/,self,true,,,true,Ninguna
https://www.kronosolopromocionales.com/productos/mini-paraguas-biondi-21-8911/,200,,https://www.kronosolopromocionales.com/productos/mini-paraguas-biondi-21-8911/,self,true,,,true,Ninguna
https://www.kronosolopromocionales.com/productos/paraguas-scorpius-urban-travel-21-10588/,200,,https://www.kronosolopromocionales.com/productos/paraguas-scorpius-urban-travel-21-10588/,self,true,,,true,Ninguna
https://www.kronosolopromocionales.com/productos/paraguas-brook-ergo-27-7512/,200,,https://www.kronosolopromocionales.com/productos/paraguas-brook-ergo-27-7512/,self,true,,,true,Ninguna
https://www.kronosolopromocionales.com/productos/costurero-sammy-6757/,200,,https://www.kronosolopromocionales.com/productos/costurero-sammy-6757/,self,true,,,true,Ninguna
https://www.kronosolopromocionales.com/productos/espejo-starlett-4926/,200,,https://www.kronosolopromocionales.com/productos/espejo-starlett-4926/,self,true,,,true,Ninguna
https://www.kronosolopromocionales.com/productos/medidor-de-masa-muscular-5255/,200,,https://www.kronosolopromocionales.com/productos/medidor-de-masa-muscular-5255/,self,true,,,true,Ninguna
https://www.kronosolopromocionales.com/productos/costurero-ovalado-3155/,200,,https://www.kronosolopromocionales.com/productos/costurero-ovalado-3155/,self,true,,,true,Ninguna
https://www.kronosolopromocionales.com/productos/espejo-circular-3120/,200,,https://www.kronosolopromocionales.com/productos/espejo-circular-3120/,self,true,,,true,Ninguna
https://www.kronosolopromocionales.com/productos/hojas-de-jabon-antibacteriano-con-estuche-7376/,200,,https://www.kronosolopromocionales.com/productos/hojas-de-jabon-antibacteriano-con-estuche-7376/,self,true,,,true,Ninguna
https://www.kronosolopromocionales.com/productos/hojas-de-jabon-antibacteriano-repuesto-7377/,200,,https://www.kronosolopromocionales.com/productos/hojas-de-jabon-antibacteriano-repuesto-7377/,self,true,,,true,Ninguna
https://www.kronosolopromocionales.com/productos/gel-antibacterial-moss-30ml-6025/,200,,https://www.kronosolopromocionales.com/productos/gel-antibacterial-moss-30ml-6025/,self,true,,,true,Ninguna
https://www.kronosolopromocionales.com/productos/gel-antibacterial-round-40ml-6003/,200,,https://www.kronosolopromocionales.com/productos/gel-antibacterial-round-40ml-6003/,self,true,,,true,Ninguna
https://www.kronosolopromocionales.com/productos/gel-antibacterial-bella-15ml-6016/,200,,https://www.kronosolopromocionales.com/productos/gel-antibacterial-bella-15ml-6016/,self,true,,,true,Ninguna
https://www.kronosolopromocionales.com/productos/mini-tarro-panos-humedos-antibacterial-30und-6004/,200,,https://www.kronosolopromocionales.com/productos/mini-tarro-panos-humedos-antibacterial-30und-6004/,self,true,,,true,Ninguna
https://www.kronosolopromocionales.com/productos/panos-humedos-antibacterial-klean-60und-7960/,200,,https://www.kronosolopromocionales.com/productos/panos-humedos-antibacterial-klean-60und-7960/,self,true,,,true,Ninguna
https://www.kronosolopromocionales.com/productos/gel-antibacterial-con-dispensador-60ml-7831/,200,,https://www.kronosolopromocionales.com/productos/gel-antibacterial-con-dispensador-60ml-7831/,self,true,,,true,Ninguna
https://www.kronosolopromocionales.com/productos/gel-antibacterial-300ml-8548/,200,,https://www.kronosolopromocionales.com/productos/gel-antibacterial-300ml-8548/,self,true,,,true,Ninguna
https://www.kronosolopromocionales.com/productos/gel-antibacterial-color-30ml-oferta-9449/,200,,https://www.kronosolopromocionales.com/productos/gel-antibacterial-color-30ml-oferta-9449/,self,true,,,true,Ninguna
https://www.kronosolopromocionales.com/productos/gel-antibacterial-transparente-produccion-nacional-9452/,200,,https://www.kronosolopromocionales.com/productos/gel-antibacterial-transparente-produccion-nacional-9452/,self,true,,,true,Ninguna
https://www.kronosolopromocionales.com/productos/alcohol-etilico-70-produccion-nacional-9469/,200,,https://www.kronosolopromocionales.com/productos/alcohol-etilico-70-produccion-nacional-9469/,self,true,,,true,Ninguna
https://www.kronosolopromocionales.com/productos/masajeador-mink-3154/,200,,https://www.kronosolopromocionales.com/productos/masajeador-mink-3154/,self,true,,,true,Ninguna
https://www.kronosolopromocionales.com/productos/masajeador-corazon-4980/,200,,https://www.kronosolopromocionales.com/productos/masajeador-corazon-4980/,self,true,,,true,Ninguna
https://www.kronosolopromocionales.com/productos/masajeador-face-6061/,200,,https://www.kronosolopromocionales.com/productos/masajeador-face-6061/,self,true,,,true,Ninguna
https://www.kronosolopromocionales.com/productos/gafas-terapeuticas-produccion-nacional-1063/,200,,https://www.kronosolopromocionales.com/productos/gafas-terapeuticas-produccion-nacional-1063/,self,true,,,true,Ninguna
https://www.kronosolopromocionales.com/productos/cojin-terapeutico-produccion-nacional-2394/,200,,https://www.kronosolopromocionales.com/productos/cojin-terapeutico-produccion-nacional-2394/,self,true,,,true,Ninguna
https://www.kronosolopromocionales.com/productos/mini-masajeador-marilyn-9117/,200,,https://www.kronosolopromocionales.com/productos/mini-masajeador-marilyn-9117/,self,true,,,true,Ninguna
https://www.kronosolopromocionales.com/productos/esponja-para-maquillaje-drop-9163/,200,,https://www.kronosolopromocionales.com/productos/esponja-para-maquillaje-drop-9163/,self,true,,,true,Ninguna
https://www.kronosolopromocionales.com/productos/banda-finger-9733/,200,,https://www.kronosolopromocionales.com/productos/banda-finger-9733/,self,true,,,true,Ninguna
https://www.kronosolopromocionales.com/productos/boligrafo-boost-13324/,200,,https://www.kronosolopromocionales.com/productos/boligrafo-boost-13324/,self,true,,,true,Ninguna
https://www.kronosolopromocionales.com/productos/pastillero-vaso-2-en-1-6055/,200,,https://www.kronosolopromocionales.com/productos/pastillero-vaso-2-en-1-6055/,self,true,,,true,Ninguna
https://www.kronosolopromocionales.com/productos/pastillero-giratorio-7388/,200,,https://www.kronosolopromocionales.com/productos/pastillero-giratorio-7388/,self,true,,,true,Ninguna
https://www.kronosolopromocionales.com/productos/pastillero-tank-7785/,200,,https://www.kronosolopromocionales.com/productos/pastillero-tank-7785/,self,true,,,true,Ninguna
https://www.kronosolopromocionales.com/productos/pastillero-dharma-7786/,200,,https://www.kronosolopromocionales.com/productos/pastillero-dharma-7786/,self,true,,,true,Ninguna
https://www.kronosolopromocionales.com/productos/pastillero-eco-9102/,200,,https://www.kronosolopromocionales.com/productos/pastillero-eco-9102/,self,true,,,true,Ninguna
https://www.kronosolopromocionales.com/productos/botilito-plastico-pillbox-750ml-10089/,200,,https://www.kronosolopromocionales.com/productos/botilito-plastico-pillbox-750ml-10089/,self,true,,,true,Ninguna
https://www.kronosolopromocionales.com/productos/llavero-pastillero-capsula-10450/,200,,https://www.kronosolopromocionales.com/productos/llavero-pastillero-capsula-10450/,self,true,,,true,Ninguna
https://www.kronosolopromocionales.com/productos/espejo-doble-zonder-oferta-6756/,200,,https://www.kronosolopromocionales.com/productos/espejo-doble-zonder-oferta-6756/,self,true,,,true,Ninguna
https://www.kronosolopromocionales.com/productos/espejo-magnolia-7387/,200,,https://www.kronosolopromocionales.com/productos/espejo-magnolia-7387/,self,true,,,true,Ninguna
https://www.kronosolopromocionales.com/productos/cepillo-con-espejo-kolors-7788/,200,,https://www.kronosolopromocionales.com/productos/cepillo-con-espejo-kolors-7788/,self,true,,,true,Ninguna
https://www.kronosolopromocionales.com/productos/banda-elastica-doble-7959/,200,,https://www.kronosolopromocionales.com/productos/banda-elastica-doble-7959/,self,true,,,true,Ninguna
https://www.kronosolopromocionales.com/productos/cepillo-con-espejo-sully-8872/,200,,https://www.kronosolopromocionales.com/productos/cepillo-con-espejo-sully-8872/,self,true,,,true,Ninguna
https://www.kronosolopromocionales.com/productos/espejo-doble-steffi-oferta-8897/,200,,https://www.kronosolopromocionales.com/productos/espejo-doble-steffi-oferta-8897/,self,true,,,true,Ninguna
https://www.kronosolopromocionales.com/productos/espejo-doble-tod-oferta-9091/,200,,https://www.kronosolopromocionales.com/productos/espejo-doble-tod-oferta-9091/,self,true,,,true,Ninguna
https://www.kronosolopromocionales.com/productos/mecanismo-para-reloj-analogo-con-manecillas-5056/,200,,https://www.kronosolopromocionales.com/productos/mecanismo-para-reloj-analogo-con-manecillas-5056/,self,true,,,true,Ninguna
https://www.kronosolopromocionales.com/productos/reloj-quincy-produccion-nacional-7628/,200,,https://www.kronosolopromocionales.com/productos/reloj-quincy-produccion-nacional-7628/,self,true,,,true,Ninguna
https://www.kronosolopromocionales.com/productos/cargador-inalambrico-con-reloj-bamboo-9724/,200,,https://www.kronosolopromocionales.com/productos/cargador-inalambrico-con-reloj-bamboo-9724/,self,true,,,true,Ninguna
https://www.kronosolopromocionales.com/productos/reloj-con-portaboligrafo-bamboo-9722/,200,,https://www.kronosolopromocionales.com/productos/reloj-con-portaboligrafo-bamboo-9722/,self,true,,,true,Ninguna
https://www.kronosolopromocionales.com/productos/reloj-portaboligrafo-crystal-bamboo-9982/,200,,https://www.kronosolopromocionales.com/productos/reloj-portaboligrafo-crystal-bamboo-9982/,self,true,,,true,Ninguna
https://www.kronosolopromocionales.com/productos/reloj-con-cargador-inalambrico-denver-10138/,200,,https://www.kronosolopromocionales.com/productos/reloj-con-cargador-inalambrico-denver-10138/,self,true,,,true,Ninguna
https://www.kronosolopromocionales.com/productos/reloj-portaboligrafos-cork-10098/,200,,https://www.kronosolopromocionales.com/productos/reloj-portaboligrafos-cork-10098/,self,true,,,true,Ninguna
https://www.kronosolopromocionales.com/productos/reloj-de-pared-colors-produccion-nacional-9863/,200,,https://www.kronosolopromocionales.com/productos/reloj-de-pared-colors-produccion-nacional-9863/,self,true,,,true,Ninguna
https://www.kronosolopromocionales.com/productos/reloj-de-pared-tempo-produccion-nacional-7208/,200,,https://www.kronosolopromocionales.com/productos/reloj-de-pared-tempo-produccion-nacional-7208/,self,true,,,true,Ninguna
https://www.kronosolopromocionales.com/productos/reloj-de-pared-wall-metal-clock-2693/,200,,https://www.kronosolopromocionales.com/productos/reloj-de-pared-wall-metal-clock-2693/,self,true,,,true,Ninguna
https://www.kronosolopromocionales.com/productos/reloj-dual-produccion-nacional-933/,200,,https://www.kronosolopromocionales.com/productos/reloj-dual-produccion-nacional-933/,self,true,,,true,Ninguna
https://www.kronosolopromocionales.com/productos/reloj-mondrian-cuadrado-produccion-nacional-5252/,200,,https://www.kronosolopromocionales.com/productos/reloj-mondrian-cuadrado-produccion-nacional-5252/,self,true,,,true,Ninguna
https://www.kronosolopromocionales.com/productos/reloj-de-pared-cosmos-produccion-nacional-8232/,200,,https://www.kronosolopromocionales.com/productos/reloj-de-pared-cosmos-produccion-nacional-8232/,self,true,,,true,Ninguna
https://www.kronosolopromocionales.com/productos/reloj-de-pared-tremont-produccion-nacional-8743/,200,,https://www.kronosolopromocionales.com/productos/reloj-de-pared-tremont-produccion-nacional-8743/,self,true,,,true,Ninguna
https://www.kronosolopromocionales.com/productos/reloj-wall-bamboo-10578/,200,,https://www.kronosolopromocionales.com/productos/reloj-wall-bamboo-10578/,self,true,,,true,Ninguna
https://www.kronosolopromocionales.com/productos/reloj-digital-bowen-oferta-9789/,200,,https://www.kronosolopromocionales.com/productos/reloj-digital-bowen-oferta-9789/,self,true,,,false,Ninguna
https://www.kronosolopromocionales.com/productos/reloj-inteligente-fyllex-13377/,200,,https://www.kronosolopromocionales.com/productos/reloj-inteligente-fyllex-13377/,self,true,,,true,Ninguna
https://www.kronosolopromocionales.com/productos/reloj-inteligente-brish-13378/,200,,https://www.kronosolopromocionales.com/productos/reloj-inteligente-brish-13378/,self,true,,,true,Ninguna
https://www.kronosolopromocionales.com/productos/puerto-usb-einstein-6880/,200,,https://www.kronosolopromocionales.com/productos/puerto-usb-einstein-6880/,self,true,,,true,Ninguna
https://www.kronosolopromocionales.com/productos/puerto-usb-edon-6053/,200,,https://www.kronosolopromocionales.com/productos/puerto-usb-edon-6053/,self,true,,,true,Ninguna
https://www.kronosolopromocionales.com/productos/soporte-magnetico-para-moviles-7557/,200,,https://www.kronosolopromocionales.com/productos/soporte-magnetico-para-moviles-7557/,self,true,,,true,Ninguna
https://www.kronosolopromocionales.com/productos/soporte-para-movil-flexi-7518/,200,,https://www.kronosolopromocionales.com/productos/soporte-para-movil-flexi-7518/,self,true,,,true,Ninguna
https://www.kronosolopromocionales.com/productos/audifono-bluetooth-manos-libres-2-1-oferta-9587/,200,,https://www.kronosolopromocionales.com/productos/audifono-bluetooth-manos-libres-2-1-oferta-9587/,self,true,,,true,Ninguna
https://www.kronosolopromocionales.com/productos/set-de-cables-de-carga-tyson-9804/,200,,https://www.kronosolopromocionales.com/productos/set-de-cables-de-carga-tyson-9804/,self,true,,,true,Ninguna
https://www.kronosolopromocionales.com/productos/cable-multicargador-tyler-10129/,200,,https://www.kronosolopromocionales.com/productos/cable-multicargador-tyler-10129/,self,true,,,true,Ninguna
https://www.kronosolopromocionales.com/productos/soporte-para-moviles-nixon-10120/,200,,https://www.kronosolopromocionales.com/productos/soporte-para-moviles-nixon-10120/,self,true,,,true,Ninguna
https://www.kronosolopromocionales.com/productos/soporte-para-moviles-karter-10132/,200,,https://www.kronosolopromocionales.com/productos/soporte-para-moviles-karter-10132/,self,true,,,true,Ninguna
https://www.kronosolopromocionales.com/productos/set-de-carro-universal-ii-oferta-8919/,200,,https://www.kronosolopromocionales.com/productos/set-de-carro-universal-ii-oferta-8919/,self,true,,,true,Ninguna
https://www.kronosolopromocionales.com/productos/localizador-de-llaves-7776/,200,,https://www.kronosolopromocionales.com/productos/localizador-de-llaves-7776/,self,true,,,true,Ninguna
https://www.kronosolopromocionales.com/productos/soporte-para-tablets-8454/,200,,https://www.kronosolopromocionales.com/productos/soporte-para-tablets-8454/,self,true,,,true,Ninguna
https://www.kronosolopromocionales.com/productos/audifonos-bowie-con-manos-libres-tipo-c-10702/,200,,https://www.kronosolopromocionales.com/productos/audifonos-bowie-con-manos-libres-tipo-c-10702/,self,true,,,true,Ninguna
https://www.kronosolopromocionales.com/productos/soporte-para-moviles-jet-10706/,200,,https://www.kronosolopromocionales.com/productos/soporte-para-moviles-jet-10706/,self,true,,,true,Ninguna
https://www.kronosolopromocionales.com/productos/pila-recargable-power-bank-con-boton-2200mah-7517/,200,,https://www.kronosolopromocionales.com/productos/pila-recargable-power-bank-con-boton-2200mah-7517/,self,true,,,false,Ninguna
https://www.kronosolopromocionales.com/productos/speaker-bluetooth-barack-8135/,200,,https://www.kronosolopromocionales.com/productos/speaker-bluetooth-barack-8135/,self,true,,,true,Ninguna
https://www.kronosolopromocionales.com/productos/audifonos-bluetooth-jumper-10769/,200,,https://www.kronosolopromocionales.com/productos/audifonos-bluetooth-jumper-10769/,self,true,,,true,Ninguna
https://www.kronosolopromocionales.com/productos/audifonos-boom-precio-bomba-5657/,200,,https://www.kronosolopromocionales.com/productos/audifonos-boom-precio-bomba-5657/,self,true,,,true,Ninguna
https://www.kronosolopromocionales.com/productos/portatarjetas-con-organizador-de-cables-8109/,200,,https://www.kronosolopromocionales.com/productos/portatarjetas-con-organizador-de-cables-8109/,self,true,,,true,Ninguna
https://www.kronosolopromocionales.com/productos/soporte-para-moviles-pump-8230/,200,,https://www.kronosolopromocionales.com/productos/soporte-para-moviles-pump-8230/,self,true,,,true,Ninguna
https://www.kronosolopromocionales.com/productos/audifonos-bluetooth-air-i7-8857/,200,,https://www.kronosolopromocionales.com/productos/audifonos-bluetooth-air-i7-8857/,self,true,,,true,Ninguna
https://www.kronosolopromocionales.com/productos/audifonos-bluetooth-big-display-9569/,200,,https://www.kronosolopromocionales.com/productos/audifonos-bluetooth-big-display-9569/,self,true,,,true,Ninguna
https://www.kronosolopromocionales.com/productos/audifonos-bluetooth-fresh-9575/,200,,https://www.kronosolopromocionales.com/productos/audifonos-bluetooth-fresh-9575/,self,true,,,true,Ninguna
https://www.kronosolopromocionales.com/productos/accesorio-en-silicona-para-gafas-y-audifonos-oferta-9603/,200,,https://www.kronosolopromocionales.com/productos/accesorio-en-silicona-para-gafas-y-audifonos-oferta-9603/,self,true,,,true,Ninguna
https://www.kronosolopromocionales.com/productos/audifonos-bluetooth-dj-ii-con-lector-tf-9637/,200,,https://www.kronosolopromocionales.com/productos/audifonos-bluetooth-dj-ii-con-lector-tf-9637/,self,true,,,true,Ninguna
https://www.kronosolopromocionales.com/productos/audifonos-bluetooth-airbone-9808/,200,,https://www.kronosolopromocionales.com/productos/audifonos-bluetooth-airbone-9808/,self,true,,,true,Ninguna
https://www.kronosolopromocionales.com/productos/cargador-inalambrico-multiorganizador-8715/,200,,https://www.kronosolopromocionales.com/productos/cargador-inalambrico-multiorganizador-8715/,self,true,,,true,Ninguna
https://www.kronosolopromocionales.com/productos/pila-recargable-en-aluminio-4000mah-8727/,200,,https://www.kronosolopromocionales.com/productos/pila-recargable-en-aluminio-4000mah-8727/,self,true,,,false,Ninguna
https://www.kronosolopromocionales.com/productos/pila-recargable-2600-mah-con-pesa-de-equipaje-ii-8757/,200,,https://www.kronosolopromocionales.com/productos/pila-recargable-2600-mah-con-pesa-de-equipaje-ii-8757/,self,true,,,true,Ninguna
https://www.kronosolopromocionales.com/productos/organizador-de-escritorio-bamboo-con-cargador-oferta-9268/,200,,https://www.kronosolopromocionales.com/productos/organizador-de-escritorio-bamboo-con-cargador-oferta-9268/,self,true,,,true,Ninguna
https://www.kronosolopromocionales.com/productos/cargador-inalambrico-con-cable-multicargador-oferta-9050/,200,,https://www.kronosolopromocionales.com/productos/cargador-inalambrico-con-cable-multicargador-oferta-9050/,self,true,,,true,Ninguna
https://www.kronosolopromocionales.com/productos/set-de-cables-de-carga-mini-kit-9436/,200,,https://www.kronosolopromocionales.com/productos/set-de-cables-de-carga-mini-kit-9436/,self,true,,,true,Ninguna
https://www.kronosolopromocionales.com/productos/esterilizador-inalambrico-con-luz-uv-led-klean-oferta-9483/,200,,https://www.kronosolopromocionales.com/productos/esterilizador-inalambrico-con-luz-uv-led-klean-oferta-9483/,self,true,,,true,Ninguna
https://www.kronosolopromocionales.com/productos/organizador-light-con-cargador-inalambrico-oferta-9588/,200,,https://www.kronosolopromocionales.com/productos/organizador-light-con-cargador-inalambrico-oferta-9588/,self,true,,,true,Ninguna
https://www.kronosolopromocionales.com/productos/esterilizador-con-luz-uv-led-klean-bamboo-oferta-9673/,200,,https://www.kronosolopromocionales.com/productos/esterilizador-con-luz-uv-led-klean-bamboo-oferta-9673/,self,true,,,true,Ninguna
https://www.kronosolopromocionales.com/productos/cargador-inalambrico-cubik-9793/,200,,https://www.kronosolopromocionales.com/productos/cargador-inalambrico-cubik-9793/,self,true,,,true,Ninguna
https://www.kronosolopromocionales.com/productos/esterilizador-con-luz-uv-smart-oferta-9472/,200,,https://www.kronosolopromocionales.com/productos/esterilizador-con-luz-uv-smart-oferta-9472/,self,true,,,true,Ninguna
https://www.kronosolopromocionales.com/productos/organizador-de-cables-oval-produccion-nacional-6220/,200,,https://www.kronosolopromocionales.com/productos/organizador-de-cables-oval-produccion-nacional-6220/,self,true,,,true,Ninguna
https://www.kronosolopromocionales.com/productos/soporte-para-moviles-2-1-bamboo-9924/,200,,https://www.kronosolopromocionales.com/productos/soporte-para-moviles-2-1-bamboo-9924/,self,true,,,true,Ninguna
https://www.kronosolopromocionales.com/productos/portatarjetas-pump-9906/,200,,https://www.kronosolopromocionales.com/productos/portatarjetas-pump-9906/,self,true,,,true,Ninguna
https://www.kronosolopromocionales.com/productos/soporte-para-moviles-eco-bamboo-9919/,200,,https://www.kronosolopromocionales.com/productos/soporte-para-moviles-eco-bamboo-9919/,self,true,,,true,Ninguna
https://www.kronosolopromocionales.com/productos/portatarjetas-pump-bamboo-10360/,200,,https://www.kronosolopromocionales.com/productos/portatarjetas-pump-bamboo-10360/,self,true,,,true,Ninguna
https://www.kronosolopromocionales.com/productos/speaker-bluetooth-rainbow-8656/,200,,https://www.kronosolopromocionales.com/productos/speaker-bluetooth-rainbow-8656/,self,true,,,true,Ninguna
https://www.kronosolopromocionales.com/productos/portacelular-plastico-produccion-nacional-8773/,200,,https://www.kronosolopromocionales.com/productos/portacelular-plastico-produccion-nacional-8773/,self,true,,,true,Ninguna
https://www.kronosolopromocionales.com/productos/pulsera-inteligente-gym-9312/,200,,https://www.kronosolopromocionales.com/productos/pulsera-inteligente-gym-9312/,self,true,,,true,Ninguna
https://www.kronosolopromocionales.com/productos/funda-para-moviles-protector-9076/,200,,https://www.kronosolopromocionales.com/productos/funda-para-moviles-protector-9076/,self,true,,,true,Ninguna
https://www.kronosolopromocionales.com/productos/soporte-para-moviles-pilot-9080/,200,,https://www.kronosolopromocionales.com/productos/soporte-para-moviles-pilot-9080/,self,true,,,true,Ninguna
https://www.kronosolopromocionales.com/productos/speaker-bluetooth-rocco-8637/,200,,https://www.kronosolopromocionales.com/productos/speaker-bluetooth-rocco-8637/,self,true,,,true,Ninguna
https://www.kronosolopromocionales.com/productos/speaker-bluetooth-barack-bamboo-9413/,200,,https://www.kronosolopromocionales.com/productos/speaker-bluetooth-barack-bamboo-9413/,self,true,,,true,Ninguna
https://www.kronosolopromocionales.com/productos/speaker-bluetooth-bamboo-eco-9723/,200,,https://www.kronosolopromocionales.com/productos/speaker-bluetooth-bamboo-eco-9723/,self,true,,,true,Ninguna
https://www.kronosolopromocionales.com/productos/speaker-bluetooth-soundbar-9796/,200,,https://www.kronosolopromocionales.com/productos/speaker-bluetooth-soundbar-9796/,self,true,,,true,Ninguna
https://www.kronosolopromocionales.com/productos/speaker-bluetooth-lights-eco-9798/,200,,https://www.kronosolopromocionales.com/productos/speaker-bluetooth-lights-eco-9798/,self,true,,,true,Ninguna
https://www.kronosolopromocionales.com/productos/speaker-bluetooth-bryson-9801/,200,,https://www.kronosolopromocionales.com/productos/speaker-bluetooth-bryson-9801/,self,true,,,true,Ninguna
https://www.kronosolopromocionales.com/productos/speaker-bluetooth-retro-bamboo-9923/,200,,https://www.kronosolopromocionales.com/productos/speaker-bluetooth-retro-bamboo-9923/,self,true,,,true,Ninguna
https://www.kronosolopromocionales.com/productos/speaker-bluetooth-artix-bamboo-9956/,200,,https://www.kronosolopromocionales.com/productos/speaker-bluetooth-artix-bamboo-9956/,self,true,,,true,Ninguna
https://www.kronosolopromocionales.com/productos/memoria-usb-carabinero-precio-neto-oferta-4727/,200,,https://www.kronosolopromocionales.com/productos/memoria-usb-carabinero-precio-neto-oferta-4727/,self,true,,,true,Ninguna
https://www.kronosolopromocionales.com/productos/memoria-mini-usb-en-imitacion-cuero-precio-neto-oferta-5277/,200,,https://www.kronosolopromocionales.com/productos/memoria-mini-usb-en-imitacion-cuero-precio-neto-oferta-5277/,self,true,,,true,Ninguna
https://www.kronosolopromocionales.com/productos/memoria-usb-braxton-precio-neto-oferta-7987/,200,,https://www.kronosolopromocionales.com/productos/memoria-usb-braxton-precio-neto-oferta-7987/,self,true,,,true,Ninguna
https://www.kronosolopromocionales.com/productos/memoria-usb-credit-card-zilda-bamboo-precio-neto-9432/,200,,https://www.kronosolopromocionales.com/productos/memoria-usb-credit-card-zilda-bamboo-precio-neto-9432/,self,true,,,true,Ninguna
https://www.kronosolopromocionales.com/productos/memoria-usb-eco-precio-neto-oferta-7254/,200,,https://www.kronosolopromocionales.com/productos/memoria-usb-eco-precio-neto-oferta-7254/,self,true,,,true,Ninguna
https://www.kronosolopromocionales.com/productos/alcancia-elefante-2-1-6410/,200,,https://www.kronosolopromocionales.com/productos/alcancia-elefante-2-1-6410/,self,true,,,false,Ninguna
https://www.kronosolopromocionales.com/productos/alcancia-mini-piggy-5134/,200,,https://www.kronosolopromocionales.com/productos/alcancia-mini-piggy-5134/,self,true,,,true,Ninguna
https://www.kronosolopromocionales.com/productos/alcancia-hippo-5910/,200,,https://www.kronosolopromocionales.com/productos/alcancia-hippo-5910/,self,true,,,true,Ninguna
https://www.kronosolopromocionales.com/productos/alcancia-mini-cerdito-cristal-produccion-nacional-6032/,200,,https://www.kronosolopromocionales.com/productos/alcancia-mini-cerdito-cristal-produccion-nacional-6032/,self,true,,,true,Ninguna
https://www.kronosolopromocionales.com/productos/alcancia-piggy-produccion-nacional-2868/,200,,https://www.kronosolopromocionales.com/productos/alcancia-piggy-produccion-nacional-2868/,self,true,,,true,Ninguna
https://www.kronosolopromocionales.com/productos/alcancia-flex-produccion-nacional-7578/,200,,https://www.kronosolopromocionales.com/productos/alcancia-flex-produccion-nacional-7578/,self,true,,,true,Ninguna
https://www.kronosolopromocionales.com/productos/alcancia-cow-oferta-7595/,200,,https://www.kronosolopromocionales.com/productos/alcancia-cow-oferta-7595/,self,true,,,false,Ninguna
https://www.kronosolopromocionales.com/productos/alcancia-estrella-16cm-produccion-nacional-7768/,200,,https://www.kronosolopromocionales.com/productos/alcancia-estrella-16cm-produccion-nacional-7768/,self,true,,,true,Ninguna
https://www.kronosolopromocionales.com/productos/bola-antiestres-tricolor-5877/,200,,https://www.kronosolopromocionales.com/productos/bola-antiestres-tricolor-5877/,self,true,,,true,Ninguna
https://www.kronosolopromocionales.com/productos/corazon-antiestres-3650/,200,,https://www.kronosolopromocionales.com/productos/corazon-antiestres-3650/,self,true,,,true,Ninguna
https://www.kronosolopromocionales.com/productos/bola-antiestres-neon-63cm-1213/,200,,https://www.kronosolopromocionales.com/productos/bola-antiestres-neon-63cm-1213/,self,true,,,true,Ninguna
https://www.kronosolopromocionales.com/productos/llavero-antiestres-ball-1216/,200,,https://www.kronosolopromocionales.com/productos/llavero-antiestres-ball-1216/,self,true,,,true,Ninguna
https://www.kronosolopromocionales.com/productos/gota-antiestres-7597/,200,,https://www.kronosolopromocionales.com/productos/gota-antiestres-7597/,self,true,,,true,Ninguna
https://www.kronosolopromocionales.com/productos/soporte-para-moviles-antiestres-10158/,200,,https://www.kronosolopromocionales.com/productos/soporte-para-moviles-antiestres-10158/,self,true,,,true,Ninguna
https://www.kronosolopromocionales.com/productos/bola-pop-it-10160/,200,,https://www.kronosolopromocionales.com/productos/bola-pop-it-10160/,self,true,,,true,Ninguna
https://www.kronosolopromocionales.com/productos/estuche-multiusos-en-silicona-kamelot-6913/,200,,https://www.kronosolopromocionales.com/productos/estuche-multiusos-en-silicona-kamelot-6913/,self,true,,,true,Ninguna
https://www.kronosolopromocionales.com/productos/set-de-colores-kidz-6558/,200,,https://www.kronosolopromocionales.com/productos/set-de-colores-kidz-6558/,self,true,,,false,Ninguna
https://www.kronosolopromocionales.com/productos/mini-set-de-colores-x-12-unidades-5688/,200,,https://www.kronosolopromocionales.com/productos/mini-set-de-colores-x-12-unidades-5688/,self,true,,,true,Ninguna
https://www.kronosolopromocionales.com/productos/set-de-colores-cartoon-3441/,200,,https://www.kronosolopromocionales.com/productos/set-de-colores-cartoon-3441/,self,true,,,true,Ninguna
https://www.kronosolopromocionales.com/productos/set-de-colores-x-6-1510/,200,,https://www.kronosolopromocionales.com/productos/set-de-colores-x-6-1510/,self,true,,,true,Ninguna
https://www.kronosolopromocionales.com/productos/set-dony-4962/,200,,https://www.kronosolopromocionales.com/productos/set-dony-4962/,self,true,,,true,Ninguna
https://www.kronosolopromocionales.com/productos/set-de-crayolas-x-6-5436/,200,,https://www.kronosolopromocionales.com/productos/set-de-crayolas-x-6-5436/,self,true,,,true,Ninguna
https://www.kronosolopromocionales.com/productos/set-crayolas-dexter-7592/,200,,https://www.kronosolopromocionales.com/productos/set-crayolas-dexter-7592/,self,true,,,true,Ninguna
https://www.kronosolopromocionales.com/productos/sporty-bag-kidz-con-diseno-8179/,200,,https://www.kronosolopromocionales.com/productos/sporty-bag-kidz-con-diseno-8179/,self,true,,,true,Ninguna
https://www.kronosolopromocionales.com/productos/mini-monedero-en-silicona-6241/,200,,https://www.kronosolopromocionales.com/productos/mini-monedero-en-silicona-6241/,self,true,,,true,Ninguna
https://www.kronosolopromocionales.com/productos/estuche-multifuncion-produccion-nacional-2874/,200,,https://www.kronosolopromocionales.com/productos/estuche-multifuncion-produccion-nacional-2874/,self,true,,,true,Ninguna
https://www.kronosolopromocionales.com/productos/cosmetiquera-monroe-8233/,200,,https://www.kronosolopromocionales.com/productos/cosmetiquera-monroe-8233/,self,true,,,true,Ninguna
https://www.kronosolopromocionales.com/productos/cosmetiquera-farrow-8898/,200,,https://www.kronosolopromocionales.com/productos/cosmetiquera-farrow-8898/,self,true,,,true,Ninguna
https://www.kronosolopromocionales.com/productos/organizador-cosmet-9604/,200,,https://www.kronosolopromocionales.com/productos/organizador-cosmet-9604/,self,true,,,true,Ninguna
https://www.kronosolopromocionales.com/productos/maracas-produccion-nacional-5683/,200,,https://www.kronosolopromocionales.com/productos/maracas-produccion-nacional-5683/,self,true,,,false,Ninguna
https://www.kronosolopromocionales.com/productos/aplausometro-redondo-produccion-nacional-5685/,200,,https://www.kronosolopromocionales.com/productos/aplausometro-redondo-produccion-nacional-5685/,self,true,,,true,Ninguna
https://www.kronosolopromocionales.com/productos/aplausometro-triangular-produccion-nacional-5686/,200,,https://www.kronosolopromocionales.com/productos/aplausometro-triangular-produccion-nacional-5686/,self,true,,,true,Ninguna
https://www.kronosolopromocionales.com/productos/matraca-sencilla-produccion-nacional-5684/,200,,https://www.kronosolopromocionales.com/productos/matraca-sencilla-produccion-nacional-5684/,self,true,,,true,Ninguna
https://www.kronosolopromocionales.com/productos/corneta-stadium-produccion-nacional-5765/,200,,https://www.kronosolopromocionales.com/productos/corneta-stadium-produccion-nacional-5765/,self,true,,,true,Ninguna
https://www.kronosolopromocionales.com/productos/vuvuzela-produccion-nacional-5682/,200,,https://www.kronosolopromocionales.com/productos/vuvuzela-produccion-nacional-5682/,self,true,,,false,Ninguna
https://www.kronosolopromocionales.com/productos/aplausometro-manos-produccion-nacional-6034/,200,,https://www.kronosolopromocionales.com/productos/aplausometro-manos-produccion-nacional-6034/,self,true,,,true,Ninguna
https://www.kronosolopromocionales.com/productos/gafas-fashion-6240/,200,,https://www.kronosolopromocionales.com/productos/gafas-fashion-6240/,self,true,,,true,Ninguna
https://www.kronosolopromocionales.com/productos/gafas-gambler-7587/,200,,https://www.kronosolopromocionales.com/productos/gafas-gambler-7587/,self,true,,,true,Ninguna
https://www.kronosolopromocionales.com/productos/gafas-kilpan-eco-9441/,200,,https://www.kronosolopromocionales.com/productos/gafas-kilpan-eco-9441/,self,true,,,true,Ninguna
https://www.kronosolopromocionales.com/productos/mouse-pad-con-cargador-inalambrico-slim-15w-9994/,200,,https://www.kronosolopromocionales.com/productos/mouse-pad-con-cargador-inalambrico-slim-15w-9994/,self,true,,,true,Ninguna
https://www.kronosolopromocionales.com/productos/portarretrato-cork-10530/,200,,https://www.kronosolopromocionales.com/productos/portarretrato-cork-10530/,self,true,,,true,Ninguna
https://www.kronosolopromocionales.com/productos/portarretrato-verena-11126/,200,,https://www.kronosolopromocionales.com/productos/portarretrato-verena-11126/,self,true,,,true,Ninguna
https://www.kronosolopromocionales.com/productos/silla-plegable-1557/,200,,https://www.kronosolopromocionales.com/productos/silla-plegable-1557/,self,true,,,true,Ninguna
https://www.kronosolopromocionales.com/productos/silla-camp-importada-7682/,200,,https://www.kronosolopromocionales.com/productos/silla-camp-importada-7682/,self,true,,,true,Ninguna
https://www.kronosolopromocionales.com/productos/abanico-con-mango-stick-produccion-nacional-5382/,200,,https://www.kronosolopromocionales.com/productos/abanico-con-mango-stick-produccion-nacional-5382/,self,true,,,true,Ninguna
https://www.kronosolopromocionales.com/productos/abanico-finger-produccion-nacional-5377/,200,,https://www.kronosolopromocionales.com/productos/abanico-finger-produccion-nacional-5377/,self,true,,,true,Ninguna
https://www.kronosolopromocionales.com/productos/abanico-2697/,200,,https://www.kronosolopromocionales.com/productos/abanico-2697/,self,true,,,true,Ninguna
https://www.kronosolopromocionales.com/productos/abanico-plegable-frisbee-flexible-7577/,200,,https://www.kronosolopromocionales.com/productos/abanico-plegable-frisbee-flexible-7577/,self,true,,,true,Ninguna
https://www.kronosolopromocionales.com/productos/ventilador-usb-heat-9812/,200,,https://www.kronosolopromocionales.com/productos/ventilador-usb-heat-9812/,self,true,,,true,Ninguna
https://www.kronosolopromocionales.com/productos/mini-ventilador-usb-de-escritorio-ii-8659/,200,,https://www.kronosolopromocionales.com/productos/mini-ventilador-usb-de-escritorio-ii-8659/,self,true,,,true,Ninguna
https://www.kronosolopromocionales.com/productos/ventilador-hook-10472/,200,,https://www.kronosolopromocionales.com/productos/ventilador-hook-10472/,self,true,,,true,Ninguna
https://www.kronosolopromocionales.com/productos/trolley-morral-backpack-dilbert-6926/,200,,https://www.kronosolopromocionales.com/productos/trolley-morral-backpack-dilbert-6926/,self,true,,,true,Ninguna
https://www.kronosolopromocionales.com/productos/pesa-de-viaje-digital-6262/,200,,https://www.kronosolopromocionales.com/productos/pesa-de-viaje-digital-6262/,self,true,,,true,Ninguna
https://www.kronosolopromocionales.com/productos/estuche-para-moviles-flex-waterproof-10889/,200,,https://www.kronosolopromocionales.com/productos/estuche-para-moviles-flex-waterproof-10889/,self,true,,,true,Ninguna
https://www.kronosolopromocionales.com/productos/panos-humedos-antibacterial-60und-6753/,200,,https://www.kronosolopromocionales.com/productos/panos-humedos-antibacterial-60und-6753/,self,true,,,true,Ninguna
https://www.kronosolopromocionales.com/productos/termo-viajero-calientito-tu-companero-ideal-9707/,200,,https://www.kronosolopromocionales.com/productos/termo-viajero-calientito-tu-companero-ideal-9707/,self,true,,,true,Ninguna
https://www.kronosolopromocionales.com/productos/set-de-herramientas-con-lampara-led-10250/,200,,https://www.kronosolopromocionales.com/productos/set-de-herramientas-con-lampara-led-10250/,self,true,,,true,Ninguna
https://www.kronosolopromocionales.com/productos/set-ml-422-rpet-nuevo-13557/,200,,https://www.kronosolopromocionales.com/productos/set-ml-422-rpet-nuevo-13557/,self,true,,,true,Ninguna
https://www.kronosolopromocionales.com/productos/set-ml-421-rpet-nuevo-13558/,200,,https://www.kronosolopromocionales.com/productos/set-ml-421-rpet-nuevo-13558/,self,true,,,true,Ninguna
https://www.kronosolopromocionales.com/productos/caja-de-te-produccion-nacional-7415/,200,,https://www.kronosolopromocionales.com/productos/caja-de-te-produccion-nacional-7415/,self,true,,,true,Ninguna
https://www.kronosolopromocionales.com/productos/domino-grande-ver-estuche-produccion-nacional-5291/,200,,https://www.kronosolopromocionales.com/productos/domino-grande-ver-estuche-produccion-nacional-5291/,self,true,,,true,Ninguna
https://www.kronosolopromocionales.com/productos/minidomino-produccion-nacional-2789/,200,,https://www.kronosolopromocionales.com/productos/minidomino-produccion-nacional-2789/,self,true,,,true,Ninguna
https://www.kronosolopromocionales.com/productos/frisbee-enjoy-produccion-nacional-5245/,200,,https://www.kronosolopromocionales.com/productos/frisbee-enjoy-produccion-nacional-5245/,self,true,,,true,Ninguna
https://www.kronosolopromocionales.com/productos/frisbee-original-produccion-nacional-2866/,200,,https://www.kronosolopromocionales.com/productos/frisbee-original-produccion-nacional-2866/,self,true,,,true,Ninguna
https://www.kronosolopromocionales.com/productos/frisbee-dinamo-produccion-nacional-2864/,200,,https://www.kronosolopromocionales.com/productos/frisbee-dinamo-produccion-nacional-2864/,self,true,,,true,Ninguna
https://www.kronosolopromocionales.com/productos/juego-portatil-produccion-nacional-7685/,200,,https://www.kronosolopromocionales.com/productos/juego-portatil-produccion-nacional-7685/,self,true,,,true,Ninguna
https://www.kronosolopromocionales.com/productos/frisbee-flexible-produccion-nacional-2865/,200,,https://www.kronosolopromocionales.com/productos/frisbee-flexible-produccion-nacional-2865/,self,true,,,true,Ninguna
https://www.kronosolopromocionales.com/productos/frisbee-aero-produccion-nacional-8028/,200,,https://www.kronosolopromocionales.com/productos/frisbee-aero-produccion-nacional-8028/,self,true,,,true,Ninguna
https://www.kronosolopromocionales.com/productos/yoyo-plastico-produccion-nacional-nuevo-9860/,200,,https://www.kronosolopromocionales.com/productos/yoyo-plastico-produccion-nacional-nuevo-9860/,self,true,,,true,Ninguna
https://www.kronosolopromocionales.com/productos/botilito-siluet-500-ml-ver-tipo-tapa-produccion-nacional-4086/,200,,https://www.kronosolopromocionales.com/productos/botilito-siluet-500-ml-ver-tipo-tapa-produccion-nacional-4086/,self,true,,,true,Ninguna
https://www.kronosolopromocionales.com/productos/soporte-para-moviles-strike-produccion-nacionalmas-10282/,200,,https://www.kronosolopromocionales.com/productos/soporte-para-moviles-strike-produccion-nacionalmas-10282/,self,true,,,true,Ninguna
https://www.kronosolopromocionales.com/productos/relojes-alcancia-piggy-max/,200,,https://www.kronosolopromocionales.com/productos/relojes-alcancia-piggy-max/,self,true,dup-1,,true,Definir canonical entre el grupo o consolidar contenido
https://www.kronosolopromocionales.com/productos/relojes-boligrafo-mini-dwell/,200,,https://www.kronosolopromocionales.com/productos/relojes-boligrafo-mini-dwell/,self,true,,,true,Ninguna
https://www.kronosolopromocionales.com/productos/relojes-sporty-bag-garda/,200,,https://www.kronosolopromocionales.com/productos/relojes-sporty-bag-garda/,self,true,,,true,Ninguna
https://www.kronosolopromocionales.com/productos/relojes-cobija-pillow/,200,,https://www.kronosolopromocionales.com/productos/relojes-cobija-pillow/,self,true,dup-2,,true,Definir canonical entre el grupo o consolidar contenido
https://www.kronosolopromocionales.com/productos/relojes-catalogo-novelties/,200,,https://www.kronosolopromocionales.com/productos/relojes-catalogo-novelties/,self,true,,,true,Ninguna
https://www.kronosolopromocionales.com/productos/relojes-catalogo-novelties-2026/,200,,https://www.kronosolopromocionales.com/productos/relojes-catalogo-novelties-2026/,self,true,,,true,Ninguna
https://www.kronosolopromocionales.com/productos/relojes-catalogo-mundial-2026/,200,,https://www.kronosolopromocionales.com/productos/relojes-catalogo-mundial-2026/,self,true,,,true,Ninguna
https://www.kronosolopromocionales.com/productos/relojes-catalogo-produccion-nacional/,200,,https://www.kronosolopromocionales.com/productos/relojes-catalogo-produccion-nacional/,self,true,,,true,Ninguna
https://www.kronosolopromocionales.com/productos/boligrafo-carter-eco-10533/,200,,https://www.kronosolopromocionales.com/productos/boligrafo-carter-eco-10533/,self,true,,,true,Ninguna
https://www.kronosolopromocionales.com/productos/liquido-antibacterial-holder-spray-10ml-produccion-nacional-9731/,200,,https://www.kronosolopromocionales.com/productos/liquido-antibacterial-holder-spray-10ml-produccion-nacional-9731/,self,true,,,true,Ninguna
https://www.kronosolopromocionales.com/productos/aro-de-pilates-ring-9736/,200,,https://www.kronosolopromocionales.com/productos/aro-de-pilates-ring-9736/,self,true,,,true,Ninguna
https://www.kronosolopromocionales.com/productos/pitillo-reutilizable-metalico-bamboo-9954/,200,,https://www.kronosolopromocionales.com/productos/pitillo-reutilizable-metalico-bamboo-9954/,self,true,,,true,Ninguna
https://www.kronosolopromocionales.com/productos/ducal-eco-9252/,200,,https://www.kronosolopromocionales.com/productos/ducal-eco-9252/,self,true,,,true,Ninguna
https://www.kronosolopromocionales.com/productos/boligrafo-flom-4-1-antibacteriano-9531/,200,,https://www.kronosolopromocionales.com/productos/boligrafo-flom-4-1-antibacteriano-9531/,self,true,,,true,Ninguna
https://www.kronosolopromocionales.com/productos/boligrafo-gamma-rpet-10017/,200,,https://www.kronosolopromocionales.com/productos/boligrafo-gamma-rpet-10017/,self,true,,,true,Ninguna
https://www.kronosolopromocionales.com/productos/metro-square-bamboo-10448/,200,,https://www.kronosolopromocionales.com/productos/metro-square-bamboo-10448/,self,true,,,true,Ninguna
https://www.kronosolopromocionales.com/productos/set-de-destornilladores-triangular-10536/,200,,https://www.kronosolopromocionales.com/productos/set-de-destornilladores-triangular-10536/,self,true,,,true,Ninguna
https://www.kronosolopromocionales.com/productos/set-de-destornilladores-paddle-10965/,200,,https://www.kronosolopromocionales.com/productos/set-de-destornilladores-paddle-10965/,self,true,,,true,Ninguna
https://www.kronosolopromocionales.com/productos/regla-plegable-con-llavero-11052/,200,,https://www.kronosolopromocionales.com/productos/regla-plegable-con-llavero-11052/,self,true,,,true,Ninguna
https://www.kronosolopromocionales.com/productos/crispetera-en-silicona-oil-free-9634/,200,,https://www.kronosolopromocionales.com/productos/crispetera-en-silicona-oil-free-9634/,self,true,,,true,Ninguna
https://www.kronosolopromocionales.com/productos/aireador-electrico-para-vino-9965/,200,,https://www.kronosolopromocionales.com/productos/aireador-electrico-para-vino-9965/,self,true,,,true,Ninguna
https://www.kronosolopromocionales.com/productos/set-de-bomba-de-vacio-9966/,200,,https://www.kronosolopromocionales.com/productos/set-de-bomba-de-vacio-9966/,self,true,,,true,Ninguna
https://www.kronosolopromocionales.com/productos/espatula-para-pizza-10061/,200,,https://www.kronosolopromocionales.com/productos/espatula-para-pizza-10061/,self,true,,,true,Ninguna
https://www.kronosolopromocionales.com/productos/set-de-cubiertos-camping-10064/,200,,https://www.kronosolopromocionales.com/productos/set-de-cubiertos-camping-10064/,self,true,,,true,Ninguna
https://www.kronosolopromocionales.com/productos/portabotellas-en-madera-10071/,200,,https://www.kronosolopromocionales.com/productos/portabotellas-en-madera-10071/,self,true,,,true,Ninguna
https://www.kronosolopromocionales.com/productos/picnic-set-10074/,200,,https://www.kronosolopromocionales.com/productos/picnic-set-10074/,self,true,,,true,Ninguna
https://www.kronosolopromocionales.com/productos/soporte-en-silicona-para-cucharas-de-cocina-10528/,200,,https://www.kronosolopromocionales.com/productos/soporte-en-silicona-para-cucharas-de-cocina-10528/,self,true,,,true,Ninguna
https://www.kronosolopromocionales.com/productos/destapador-con-navaja-eco-11049/,200,,https://www.kronosolopromocionales.com/productos/destapador-con-navaja-eco-11049/,self,true,,,true,Ninguna
https://www.kronosolopromocionales.com/productos/boligrafo-holographic-10245/,200,,https://www.kronosolopromocionales.com/productos/boligrafo-holographic-10245/,self,true,,,true,Ninguna
https://www.kronosolopromocionales.com/productos/boligrafo-jenkin-10246/,200,,https://www.kronosolopromocionales.com/productos/boligrafo-jenkin-10246/,self,true,,,true,Ninguna
https://www.kronosolopromocionales.com/productos/boligrafo-jester-coffee-10019/,200,,https://www.kronosolopromocionales.com/productos/boligrafo-jester-coffee-10019/,self,true,,,true,Ninguna
https://www.kronosolopromocionales.com/productos/frisbee-pop-10484/,200,,https://www.kronosolopromocionales.com/productos/frisbee-pop-10484/,self,true,,,true,Ninguna
https://www.kronosolopromocionales.com/productos/boligrafo-lepper-10024/,200,,https://www.kronosolopromocionales.com/productos/boligrafo-lepper-10024/,self,true,,,true,Ninguna
https://www.kronosolopromocionales.com/productos/boligrafo-maze-9946/,200,,https://www.kronosolopromocionales.com/productos/boligrafo-maze-9946/,self,true,,,true,Ninguna
https://www.kronosolopromocionales.com/productos/jarra-en-vidrio-kolors-16oz-8052/,200,,https://www.kronosolopromocionales.com/productos/jarra-en-vidrio-kolors-16oz-8052/,self,true,,,true,Ninguna
https://www.kronosolopromocionales.com/productos/jarra-cafetera-en-acero-inoxidable-coffee-13l-9194/,200,,https://www.kronosolopromocionales.com/productos/jarra-cafetera-en-acero-inoxidable-coffee-13l-9194/,self,true,,,true,Ninguna
https://www.kronosolopromocionales.com/productos/botilito-en-vidrio-neoprene-450ml-9438/,200,,https://www.kronosolopromocionales.com/productos/botilito-en-vidrio-neoprene-450ml-9438/,self,true,,,true,Ninguna
https://www.kronosolopromocionales.com/productos/mug-plastico-con-corcho-16oz-9562/,200,,https://www.kronosolopromocionales.com/productos/mug-plastico-con-corcho-16oz-9562/,self,true,,,true,Ninguna
https://www.kronosolopromocionales.com/productos/mug-plastico-trink-480ml-10080/,200,,https://www.kronosolopromocionales.com/productos/mug-plastico-trink-480ml-10080/,self,true,,,true,Ninguna
https://www.kronosolopromocionales.com/productos/botilito-plastico-cory-petg-900ml-10090/,200,,https://www.kronosolopromocionales.com/productos/botilito-plastico-cory-petg-900ml-10090/,self,true,,,true,Ninguna
https://www.kronosolopromocionales.com/productos/botilito-plastico-kepler-650ml-10295/,200,,https://www.kronosolopromocionales.com/productos/botilito-plastico-kepler-650ml-10295/,self,true,,,true,Ninguna
https://www.kronosolopromocionales.com/productos/mug-plastico-idris-300ml-10355/,200,,https://www.kronosolopromocionales.com/productos/mug-plastico-idris-300ml-10355/,self,true,,,true,Ninguna
https://www.kronosolopromocionales.com/productos/botilito-plastico-avalon-pet-750ml-10490/,200,,https://www.kronosolopromocionales.com/productos/botilito-plastico-avalon-pet-750ml-10490/,self,true,,,true,Ninguna
https://www.kronosolopromocionales.com/productos/set-de-boligrafo-y-libreta-lawson-9089/,200,,https://www.kronosolopromocionales.com/productos/set-de-boligrafo-y-libreta-lawson-9089/,self,true,,,true,Ninguna
https://www.kronosolopromocionales.com/productos/portaidentificador-de-carnet-con-limpiador-9321/,200,,https://www.kronosolopromocionales.com/productos/portaidentificador-de-carnet-con-limpiador-9321/,self,true,,,true,Ninguna
https://www.kronosolopromocionales.com/productos/mini-libreta-bamboo-eco-9950/,200,,https://www.kronosolopromocionales.com/productos/mini-libreta-bamboo-eco-9950/,self,true,,,true,Ninguna
https://www.kronosolopromocionales.com/productos/libreta-con-boligrafo-coffee-10105/,200,,https://www.kronosolopromocionales.com/productos/libreta-con-boligrafo-coffee-10105/,self,true,,,true,Ninguna
https://www.kronosolopromocionales.com/productos/libreta-malik-96-hojas-10409/,200,,https://www.kronosolopromocionales.com/productos/libreta-malik-96-hojas-10409/,self,true,,,true,Ninguna
https://www.kronosolopromocionales.com/productos/cinta-para-portacarnet-cork-10346/,200,,https://www.kronosolopromocionales.com/productos/cinta-para-portacarnet-cork-10346/,self,true,,,true,Ninguna
https://www.kronosolopromocionales.com/productos/libreta-eco-milk-70-hojas-10447/,200,,https://www.kronosolopromocionales.com/productos/libreta-eco-milk-70-hojas-10447/,self,true,,,true,Ninguna
https://www.kronosolopromocionales.com/productos/libreta-jokull-10984/,200,,https://www.kronosolopromocionales.com/productos/libreta-jokull-10984/,self,true,,,true,Ninguna
https://www.kronosolopromocionales.com/productos/regla-pop-it-11027/,200,,https://www.kronosolopromocionales.com/productos/regla-pop-it-11027/,self,true,,,true,Ninguna
https://www.kronosolopromocionales.com/productos/libreta-valdis-cork-11058/,200,,https://www.kronosolopromocionales.com/productos/libreta-valdis-cork-11058/,self,true,,,true,Ninguna
https://www.kronosolopromocionales.com/productos/mini-libreta-darvi-11059/,200,,https://www.kronosolopromocionales.com/productos/mini-libreta-darvi-11059/,self,true,,,true,Ninguna
https://www.kronosolopromocionales.com/productos/boligrafo-pebble-11022/,200,,https://www.kronosolopromocionales.com/productos/boligrafo-pebble-11022/,self,true,,,true,Ninguna
https://www.kronosolopromocionales.com/productos/boligrafo-portent-cartoon-10031/,200,,https://www.kronosolopromocionales.com/productos/boligrafo-portent-cartoon-10031/,self,true,,,true,Ninguna
https://www.kronosolopromocionales.com/productos/boligrafo-rush-neon-10034/,200,,https://www.kronosolopromocionales.com/productos/boligrafo-rush-neon-10034/,self,true,,,true,Ninguna
https://www.kronosolopromocionales.com/productos/paraguas-de-madera-en-poliester-23-8910/,200,,https://www.kronosolopromocionales.com/productos/paraguas-de-madera-en-poliester-23-8910/,self,true,,,true,Ninguna
https://www.kronosolopromocionales.com/productos/paraguas-brook-ergo-27-9187/,200,,https://www.kronosolopromocionales.com/productos/paraguas-brook-ergo-27-9187/,self,true,dup-3,,true,Definir canonical entre el grupo o consolidar contenido
https://www.kronosolopromocionales.com/productos/boligrafo-spray-max-antibacteriano-9479/,200,,https://www.kronosolopromocionales.com/productos/boligrafo-spray-max-antibacteriano-9479/,self,true,,,true,Ninguna
https://www.kronosolopromocionales.com/productos/soporte-para-moviles-pump-bamboo-10431/,200,,https://www.kronosolopromocionales.com/productos/soporte-para-moviles-pump-bamboo-10431/,self,true,,,true,Ninguna
https://www.kronosolopromocionales.com/productos/soporte-magnetico-para-moviles-aluminio-9636/,200,,https://www.kronosolopromocionales.com/productos/soporte-magnetico-para-moviles-aluminio-9636/,self,true,,,true,Ninguna
https://www.kronosolopromocionales.com/productos/soporte-metalico-para-moviles-aluminium-9662/,200,,https://www.kronosolopromocionales.com/productos/soporte-metalico-para-moviles-aluminium-9662/,self,true,,,true,Ninguna
https://www.kronosolopromocionales.com/productos/bandeja-portatil-para-laptop-9672/,200,,https://www.kronosolopromocionales.com/productos/bandeja-portatil-para-laptop-9672/,self,true,,,true,Ninguna
https://www.kronosolopromocionales.com/productos/soporte-para-tablets-pillow-9691/,200,,https://www.kronosolopromocionales.com/productos/soporte-para-tablets-pillow-9691/,self,true,,,true,Ninguna
https://www.kronosolopromocionales.com/productos/mesa-para-laptop-9805/,200,,https://www.kronosolopromocionales.com/productos/mesa-para-laptop-9805/,self,true,,,true,Ninguna
https://www.kronosolopromocionales.com/productos/cargador-inalambrico-3-1-9959/,200,,https://www.kronosolopromocionales.com/productos/cargador-inalambrico-3-1-9959/,self,true,,,true,Ninguna
https://www.kronosolopromocionales.com/productos/audifonos-bluetooth-sportbone-9943/,200,,https://www.kronosolopromocionales.com/productos/audifonos-bluetooth-sportbone-9943/,self,true,,,true,Ninguna
https://www.kronosolopromocionales.com/productos/audifonos-bluetooth-aerobone-9944/,200,,https://www.kronosolopromocionales.com/productos/audifonos-bluetooth-aerobone-9944/,self,true,,,true,Ninguna
https://www.kronosolopromocionales.com/productos/audifonos-inalambricos-kick-urban-travel-9925/,200,,https://www.kronosolopromocionales.com/productos/audifonos-inalambricos-kick-urban-travel-9925/,self,true,,,true,Ninguna
https://www.kronosolopromocionales.com/productos/speaker-bluetooth-con-luz-emergency-10134/,200,,https://www.kronosolopromocionales.com/productos/speaker-bluetooth-con-luz-emergency-10134/,self,true,,,true,Ninguna
https://www.kronosolopromocionales.com/productos/speaker-de-induccion-bamboo-10141/,200,,https://www.kronosolopromocionales.com/productos/speaker-de-induccion-bamboo-10141/,self,true,,,true,Ninguna
https://www.kronosolopromocionales.com/productos/speaker-bluetooth-con-audifonos-10142/,200,,https://www.kronosolopromocionales.com/productos/speaker-bluetooth-con-audifonos-10142/,self,true,,,true,Ninguna
https://www.kronosolopromocionales.com/productos/soporte-para-moviles-con-microfibra-10403/,200,,https://www.kronosolopromocionales.com/productos/soporte-para-moviles-con-microfibra-10403/,self,true,,,true,Ninguna
https://www.kronosolopromocionales.com/productos/soporte-para-moviles-chill-10382/,200,,https://www.kronosolopromocionales.com/productos/soporte-para-moviles-chill-10382/,self,true,,,true,Ninguna
https://www.kronosolopromocionales.com/productos/speaker-bluetooth-eco-cork-10336/,200,,https://www.kronosolopromocionales.com/productos/speaker-bluetooth-eco-cork-10336/,self,true,,,true,Ninguna
https://www.kronosolopromocionales.com/productos/speaker-bluetooth-zip-cork-10424/,200,,https://www.kronosolopromocionales.com/productos/speaker-bluetooth-zip-cork-10424/,self,true,,,true,Ninguna
https://www.kronosolopromocionales.com/productos/audifonos-bluetooth-cork-10425/,200,,https://www.kronosolopromocionales.com/productos/audifonos-bluetooth-cork-10425/,self,true,,,true,Ninguna
https://www.kronosolopromocionales.com/productos/speaker-bluetooth-tanner-rpet-10491/,200,,https://www.kronosolopromocionales.com/productos/speaker-bluetooth-tanner-rpet-10491/,self,true,,,true,Ninguna
https://www.kronosolopromocionales.com/productos/speaker-bluetooth-ringo-bamboo-10495/,200,,https://www.kronosolopromocionales.com/productos/speaker-bluetooth-ringo-bamboo-10495/,self,true,,,true,Ninguna
https://www.kronosolopromocionales.com/productos/speaker-bluetooth-wyn-2-1-10478/,200,,https://www.kronosolopromocionales.com/productos/speaker-bluetooth-wyn-2-1-10478/,self,true,,,true,Ninguna
https://www.kronosolopromocionales.com/productos/speaker-bluetooth-cyrus-cork-10475/,200,,https://www.kronosolopromocionales.com/productos/speaker-bluetooth-cyrus-cork-10475/,self,true,,,true,Ninguna
https://www.kronosolopromocionales.com/productos/cargador-inalambrico-multifuncion-10328/,200,,https://www.kronosolopromocionales.com/productos/cargador-inalambrico-multifuncion-10328/,self,true,,,true,Ninguna
https://www.kronosolopromocionales.com/productos/soporte-para-moviles-cup-10477/,200,,https://www.kronosolopromocionales.com/productos/soporte-para-moviles-cup-10477/,self,true,,,true,Ninguna
https://www.kronosolopromocionales.com/productos/speaker-bluetooth-micro-karaoke-10919/,200,,https://www.kronosolopromocionales.com/productos/speaker-bluetooth-micro-karaoke-10919/,self,true,,,true,Ninguna
https://www.kronosolopromocionales.com/productos/cargador-inalambrico-coil-eco-10742/,200,,https://www.kronosolopromocionales.com/productos/cargador-inalambrico-coil-eco-10742/,self,true,,,true,Ninguna
https://www.kronosolopromocionales.com/productos/speaker-bluetooth-alden-eco-10743/,200,,https://www.kronosolopromocionales.com/productos/speaker-bluetooth-alden-eco-10743/,self,true,,,true,Ninguna
https://www.kronosolopromocionales.com/productos/gancho-carabinero-lock-10401/,200,,https://www.kronosolopromocionales.com/productos/gancho-carabinero-lock-10401/,self,true,,,true,Ninguna
https://www.kronosolopromocionales.com/productos/timbre-bike-10359/,200,,https://www.kronosolopromocionales.com/productos/timbre-bike-10359/,self,true,,,true,Ninguna
https://www.kronosolopromocionales.com/productos/morral-backpack-glow-10366/,200,,https://www.kronosolopromocionales.com/productos/morral-backpack-glow-10366/,self,true,,,true,Ninguna
https://www.kronosolopromocionales.com/productos/mouse-pad-iggy-10373/,200,,https://www.kronosolopromocionales.com/productos/mouse-pad-iggy-10373/,self,true,,,true,Ninguna
https://www.kronosolopromocionales.com/productos/estuche-cosmetiquera-10572/,200,,https://www.kronosolopromocionales.com/productos/estuche-cosmetiquera-10572/,self,true,,,true,Ninguna
https://www.kronosolopromocionales.com/productos/bowl-mat-para-mascotas-10981/,200,,https://www.kronosolopromocionales.com/productos/bowl-mat-para-mascotas-10981/,self,true,,,true,Ninguna
https://www.kronosolopromocionales.com/productos/morral-backpack-skylar-10786/,200,,https://www.kronosolopromocionales.com/productos/morral-backpack-skylar-10786/,self,true,,,true,Ninguna
https://www.kronosolopromocionales.com/productos/clip-cork-10939/,200,,https://www.kronosolopromocionales.com/productos/clip-cork-10939/,self,true,,,true,Ninguna
https://www.kronosolopromocionales.com/productos/bolsa-en-cambrel-savannah-8190/,200,,https://www.kronosolopromocionales.com/productos/bolsa-en-cambrel-savannah-8190/,self,true,,,true,Ninguna
https://www.kronosolopromocionales.com/productos/soporte-viajero-8674/,200,,https://www.kronosolopromocionales.com/productos/soporte-viajero-8674/,self,true,,,true,Ninguna
https://www.kronosolopromocionales.com/productos/bolsa-metalizada-hologram-9154/,200,,https://www.kronosolopromocionales.com/productos/bolsa-metalizada-hologram-9154/,self,true,,,true,Ninguna
https://www.kronosolopromocionales.com/productos/manija-shopping-9816/,200,,https://www.kronosolopromocionales.com/productos/manija-shopping-9816/,self,true,,,true,Ninguna
https://www.kronosolopromocionales.com/productos/morral-backpack-bound-10172/,200,,https://www.kronosolopromocionales.com/productos/morral-backpack-bound-10172/,self,true,,,true,Ninguna
https://www.kronosolopromocionales.com/productos/morral-backpack-onyx-oferta-10365/,200,,https://www.kronosolopromocionales.com/productos/morral-backpack-onyx-oferta-10365/,self,true,,,true,Ninguna
https://www.kronosolopromocionales.com/productos/set-de-cubiertos-eco-material-antibacteriano-9694/,200,,https://www.kronosolopromocionales.com/productos/set-de-cubiertos-eco-material-antibacteriano-9694/,self,true,,,true,Ninguna
https://www.kronosolopromocionales.com/productos/portacomidas-eco-holder-antibacteriano-9536/,200,,https://www.kronosolopromocionales.com/productos/portacomidas-eco-holder-antibacteriano-9536/,self,true,,,true,Ninguna
https://www.kronosolopromocionales.com/productos/klean-antibacteriano-oferta-9468/,200,,https://www.kronosolopromocionales.com/productos/klean-antibacteriano-oferta-9468/,self,true,,,true,Ninguna
https://www.kronosolopromocionales.com/productos/portacomidas-con-cubiertos-eco-square-ii-produccion-nacional-9855/,200,,https://www.kronosolopromocionales.com/productos/portacomidas-con-cubiertos-eco-square-ii-produccion-nacional-9855/,self,true,,,true,Ninguna
https://www.kronosolopromocionales.com/productos/boligrafo-ventura-spray-antibacteriano-oferta-9482/,200,,https://www.kronosolopromocionales.com/productos/boligrafo-ventura-spray-antibacteriano-oferta-9482/,self,true,,,true,Ninguna
https://www.kronosolopromocionales.com/productos/boligrafo-vinnie-antibacteriano-9611/,200,,https://www.kronosolopromocionales.com/productos/boligrafo-vinnie-antibacteriano-9611/,self,true,,,true,Ninguna
https://www.kronosolopromocionales.com/productos/boligrafo-vinnie-stylus-antibacteriano-9669/,200,,https://www.kronosolopromocionales.com/productos/boligrafo-vinnie-stylus-antibacteriano-9669/,self,true,,,true,Ninguna
https://www.kronosolopromocionales.com/productos/sporty-bag-reflectiva-security-9190/,200,,https://www.kronosolopromocionales.com/productos/sporty-bag-reflectiva-security-9190/,self,true,,,true,Ninguna
https://www.kronosolopromocionales.com/productos/bolsa-reflectiva-security-9189/,200,,https://www.kronosolopromocionales.com/productos/bolsa-reflectiva-security-9189/,self,true,,,true,Ninguna
https://www.kronosolopromocionales.com/productos/set-de-herramientas-bottle-bike-10286/,200,,https://www.kronosolopromocionales.com/productos/set-de-herramientas-bottle-bike-10286/,self,true,,,true,Ninguna
https://www.kronosolopromocionales.com/productos/set-licorera-malt-9909/,200,,https://www.kronosolopromocionales.com/productos/set-licorera-malt-9909/,self,true,,,true,Ninguna
https://www.kronosolopromocionales.com/productos/mini-licorera-6oz-8463/,200,,https://www.kronosolopromocionales.com/productos/mini-licorera-6oz-8463/,self,true,,,true,Ninguna
https://www.kronosolopromocionales.com/productos/set-de-vino-sutton-10070/,200,,https://www.kronosolopromocionales.com/productos/set-de-vino-sutton-10070/,self,true,,,true,Ninguna
https://www.kronosolopromocionales.com/productos/mini-licorera-jacoby-6oz-10075/,200,,https://www.kronosolopromocionales.com/productos/mini-licorera-jacoby-6oz-10075/,self,true,,,true,Ninguna
https://www.kronosolopromocionales.com/productos/set-portavasos-bamboo-puzzle-10072/,200,,https://www.kronosolopromocionales.com/productos/set-portavasos-bamboo-puzzle-10072/,self,true,,,true,Ninguna
https://www.kronosolopromocionales.com/productos/copa-plastica-celtic-15oz-produccion-nacional-9920/,200,,https://www.kronosolopromocionales.com/productos/copa-plastica-celtic-15oz-produccion-nacional-9920/,self,true,,,true,Ninguna
https://www.kronosolopromocionales.com/productos/copa-plastica-party-1oz-produccion-nacional-9696/,200,,https://www.kronosolopromocionales.com/productos/copa-plastica-party-1oz-produccion-nacional-9696/,self,true,,,true,Ninguna
https://www.kronosolopromocionales.com/productos/metro-destapador-bamboo-10262/,200,,https://www.kronosolopromocionales.com/productos/metro-destapador-bamboo-10262/,self,true,,,true,Ninguna
https://www.kronosolopromocionales.com/productos/set-de-vino-en-bambu-ii-9719/,200,,https://www.kronosolopromocionales.com/productos/set-de-vino-en-bambu-ii-9719/,self,true,,,true,Ninguna
https://www.kronosolopromocionales.com/productos/set-de-bar-martini-9740/,200,,https://www.kronosolopromocionales.com/productos/set-de-bar-martini-9740/,self,true,,,true,Ninguna
https://www.kronosolopromocionales.com/productos/set-de-tablas-wine-snack-9755/,200,,https://www.kronosolopromocionales.com/productos/set-de-tablas-wine-snack-9755/,self,true,,,true,Ninguna
https://www.kronosolopromocionales.com/productos/llavero-destapador-holder-9546/,200,,https://www.kronosolopromocionales.com/productos/llavero-destapador-holder-9546/,self,true,,,true,Ninguna
https://www.kronosolopromocionales.com/productos/balde-multiusos-10281/,200,,https://www.kronosolopromocionales.com/productos/balde-multiusos-10281/,self,true,,,true,Ninguna
https://www.kronosolopromocionales.com/productos/set-de-licorera-con-juegos-10405/,200,,https://www.kronosolopromocionales.com/productos/set-de-licorera-con-juegos-10405/,self,true,,,true,Ninguna
https://www.kronosolopromocionales.com/productos/set-de-bar-benson-10404/,200,,https://www.kronosolopromocionales.com/productos/set-de-bar-benson-10404/,self,true,,,true,Ninguna
https://www.kronosolopromocionales.com/productos/destapador-bamboo-wine-10406/,200,,https://www.kronosolopromocionales.com/productos/destapador-bamboo-wine-10406/,self,true,,,true,Ninguna
https://www.kronosolopromocionales.com/productos/cuello-multifuncional-para-sublimacion-8689/,200,,https://www.kronosolopromocionales.com/productos/cuello-multifuncional-para-sublimacion-8689/,self,true,,,true,Ninguna
https://www.kronosolopromocionales.com/productos/set-de-herramientas-para-bicicleta-gearx-oferta-10055/,200,,https://www.kronosolopromocionales.com/productos/set-de-herramientas-para-bicicleta-gearx-oferta-10055/,self,true,,,true,Ninguna
https://www.kronosolopromocionales.com/productos/linterna-para-bicicleta-snake-ii-10197/,200,,https://www.kronosolopromocionales.com/productos/linterna-para-bicicleta-snake-ii-10197/,self,true,,,true,Ninguna
https://www.kronosolopromocionales.com/productos/banda-sport-led-10468/,200,,https://www.kronosolopromocionales.com/productos/banda-sport-led-10468/,self,true,,,true,Ninguna
https://www.kronosolopromocionales.com/productos/audifonos-bluetooth-taylor-ii-oferta-9865/,200,,https://www.kronosolopromocionales.com/productos/audifonos-bluetooth-taylor-ii-oferta-9865/,self,true,,,true,Ninguna
https://www.kronosolopromocionales.com/productos/organizador-para-bicicleta-9821/,200,,https://www.kronosolopromocionales.com/productos/organizador-para-bicicleta-9821/,self,true,,,true,Ninguna
https://www.kronosolopromocionales.com/productos/morral-backpack-grant-9832/,200,,https://www.kronosolopromocionales.com/productos/morral-backpack-grant-9832/,self,true,,,true,Ninguna
https://www.kronosolopromocionales.com/productos/linterna-recargable-head-13227/,200,,https://www.kronosolopromocionales.com/productos/linterna-recargable-head-13227/,self,true,,,true,Ninguna
https://www.kronosolopromocionales.com/productos/banda-recargable-sporty-13228/,200,,https://www.kronosolopromocionales.com/productos/banda-recargable-sporty-13228/,self,true,,,true,Ninguna
https://www.kronosolopromocionales.com/productos/calculadora-multicolor-12-digitos-11121/,200,,https://www.kronosolopromocionales.com/productos/calculadora-multicolor-12-digitos-11121/,self,true,,,true,Ninguna
https://www.kronosolopromocionales.com/productos/calculadora-executive-12-digitos-4335/,200,,https://www.kronosolopromocionales.com/productos/calculadora-executive-12-digitos-4335/,self,true,,,true,Ninguna
https://www.kronosolopromocionales.com/productos/calculadora-clipboard-4336/,200,,https://www.kronosolopromocionales.com/productos/calculadora-clipboard-4336/,self,true,,,true,Ninguna
https://www.kronosolopromocionales.com/productos/calculadora-brody-9730/,200,,https://www.kronosolopromocionales.com/productos/calculadora-brody-9730/,self,true,,,true,Ninguna
https://www.kronosolopromocionales.com/productos/bola-antiestres-rubber-9738/,200,,https://www.kronosolopromocionales.com/productos/bola-antiestres-rubber-9738/,self,true,,,true,Ninguna
https://www.kronosolopromocionales.com/productos/botilito-plastico-galaxy-900ml-produccion-nacional-7890/,200,,https://www.kronosolopromocionales.com/productos/botilito-plastico-galaxy-900ml-produccion-nacional-7890/,self,true,,,true,Ninguna
https://www.kronosolopromocionales.com/productos/morral-backpack-stallone-7582/,200,,https://www.kronosolopromocionales.com/productos/morral-backpack-stallone-7582/,self,true,,,true,Ninguna
https://www.kronosolopromocionales.com/productos/botilito-plastico-lambert-petg-710ml-9872/,200,,https://www.kronosolopromocionales.com/productos/botilito-plastico-lambert-petg-710ml-9872/,self,true,,,true,Ninguna
https://www.kronosolopromocionales.com/productos/botilito-plastico-langdon-petg-850ml-9873/,200,,https://www.kronosolopromocionales.com/productos/botilito-plastico-langdon-petg-850ml-9873/,self,true,,,true,Ninguna
https://www.kronosolopromocionales.com/productos/botilito-plastico-zigor-600ml-produccion-nacional-8054/,200,,https://www.kronosolopromocionales.com/productos/botilito-plastico-zigor-600ml-produccion-nacional-8054/,self,true,,,true,Ninguna
https://www.kronosolopromocionales.com/productos/botilito-de-silicona-twiggy-600ml-9902/,200,,https://www.kronosolopromocionales.com/productos/botilito-de-silicona-twiggy-600ml-9902/,self,true,,,true,Ninguna
https://www.kronosolopromocionales.com/productos/botilito-en-pet-tiffany-680ml-produccion-nacional-9354/,200,,https://www.kronosolopromocionales.com/productos/botilito-en-pet-tiffany-680ml-produccion-nacional-9354/,self,true,,,true,Ninguna
https://www.kronosolopromocionales.com/productos/botilito-en-pet-capri-750ml-produccion-nacional-9356/,200,,https://www.kronosolopromocionales.com/productos/botilito-en-pet-capri-750ml-produccion-nacional-9356/,self,true,,,true,Ninguna
https://www.kronosolopromocionales.com/productos/botilito-plastico-biggy-1500ml-10088/,200,,https://www.kronosolopromocionales.com/productos/botilito-plastico-biggy-1500ml-10088/,self,true,,,true,Ninguna
https://www.kronosolopromocionales.com/productos/botilito-plastico-mack-petg-700ml-oferta-10091/,200,,https://www.kronosolopromocionales.com/productos/botilito-plastico-mack-petg-700ml-oferta-10091/,self,true,,,true,Ninguna
https://www.kronosolopromocionales.com/productos/botilitro-plastico-1000ml-1-litro-produccion-nacional-10300/,200,,https://www.kronosolopromocionales.com/productos/botilitro-plastico-1000ml-1-litro-produccion-nacional-10300/,self,true,,,true,Ninguna
https://www.kronosolopromocionales.com/productos/audifonos-bluetooth-tron-9869/,200,,https://www.kronosolopromocionales.com/productos/audifonos-bluetooth-tron-9869/,self,true,,,true,Ninguna
https://www.kronosolopromocionales.com/productos/sporty-bag-baylor-10186/,200,,https://www.kronosolopromocionales.com/productos/sporty-bag-baylor-10186/,self,true,,,true,Ninguna
https://www.kronosolopromocionales.com/productos/botilito-en-silicona-compact-500ml-10563/,200,,https://www.kronosolopromocionales.com/productos/botilito-en-silicona-compact-500ml-10563/,self,true,,,true,Ninguna
https://www.kronosolopromocionales.com/productos/funda-portacelular-reflect-sport-rpet-10415/,200,,https://www.kronosolopromocionales.com/productos/funda-portacelular-reflect-sport-rpet-10415/,self,true,,,true,Ninguna
https://www.kronosolopromocionales.com/productos/funda-portacelular-sport-rpet-10417/,200,,https://www.kronosolopromocionales.com/productos/funda-portacelular-sport-rpet-10417/,self,true,,,true,Ninguna
https://www.kronosolopromocionales.com/productos/gorra-fashion-urban-travel-10625/,200,,https://www.kronosolopromocionales.com/productos/gorra-fashion-urban-travel-10625/,self,true,,,true,Ninguna
https://www.kronosolopromocionales.com/productos/sporty-bag-ozuma-13485/,200,,https://www.kronosolopromocionales.com/productos/sporty-bag-ozuma-13485/,self,true,,,true,Ninguna
https://www.kronosolopromocionales.com/productos/maletin-compacto-soccer-cup-13291/,200,,https://www.kronosolopromocionales.com/productos/maletin-compacto-soccer-cup-13291/,self,true,,,true,Ninguna
https://www.kronosolopromocionales.com/productos/juego-de-raquetas-board-game-13435/,200,,https://www.kronosolopromocionales.com/productos/juego-de-raquetas-board-game-13435/,self,true,,,true,Ninguna
https://www.kronosolopromocionales.com/productos/maletin-harmony-13363/,200,,https://www.kronosolopromocionales.com/productos/maletin-harmony-13363/,self,true,,,true,Ninguna
https://www.kronosolopromocionales.com/productos/boligrafo-flaggy-13287/,200,,https://www.kronosolopromocionales.com/productos/boligrafo-flaggy-13287/,self,true,,,false,Ninguna
https://www.kronosolopromocionales.com/productos/lazo-jump-nuevo-13549/,200,,https://www.kronosolopromocionales.com/productos/lazo-jump-nuevo-13549/,self,true,,,true,Ninguna
https://www.kronosolopromocionales.com/productos/set-de-bandas-elasticas-en-bolsa-nuevo-13594/,200,,https://www.kronosolopromocionales.com/productos/set-de-bandas-elasticas-en-bolsa-nuevo-13594/,self,true,,,true,Ninguna
https://www.kronosolopromocionales.com/productos/boligrafo-aston-eco-9914/,200,,https://www.kronosolopromocionales.com/productos/boligrafo-aston-eco-9914/,self,true,,,true,Ninguna
https://www.kronosolopromocionales.com/productos/pitillo-reutilizable-metalico-wheat-9708/,200,,https://www.kronosolopromocionales.com/productos/pitillo-reutilizable-metalico-wheat-9708/,self,true,,,true,Ninguna
https://www.kronosolopromocionales.com/productos/metro-arkitect-eco-10454/,200,,https://www.kronosolopromocionales.com/productos/metro-arkitect-eco-10454/,self,true,,,true,Ninguna
https://www.kronosolopromocionales.com/productos/metro-oval-eco-9739/,200,,https://www.kronosolopromocionales.com/productos/metro-oval-eco-9739/,self,true,,,true,Ninguna
https://www.kronosolopromocionales.com/productos/portacomidas-con-cubiertos-eco-nature-9031/,200,,https://www.kronosolopromocionales.com/productos/portacomidas-con-cubiertos-eco-nature-9031/,self,true,,,true,Ninguna
https://www.kronosolopromocionales.com/productos/portacomidas-eco-denver-9746/,200,,https://www.kronosolopromocionales.com/productos/portacomidas-eco-denver-9746/,self,true,,,true,Ninguna
https://www.kronosolopromocionales.com/productos/portacomidas-con-cubiertos-eco-davis-9747/,200,,https://www.kronosolopromocionales.com/productos/portacomidas-con-cubiertos-eco-davis-9747/,self,true,,,true,Ninguna
https://www.kronosolopromocionales.com/productos/portacomidas-julius-10335/,200,,https://www.kronosolopromocionales.com/productos/portacomidas-julius-10335/,self,true,,,true,Ninguna
https://www.kronosolopromocionales.com/productos/juego-parchis-13183/,200,,https://www.kronosolopromocionales.com/productos/juego-parchis-13183/,self,true,,,true,Ninguna
https://www.kronosolopromocionales.com/productos/juego-de-letras-nuevo-13576/,200,,https://www.kronosolopromocionales.com/productos/juego-de-letras-nuevo-13576/,self,true,,,true,Ninguna
https://www.kronosolopromocionales.com/productos/kirk-eco-9225/,200,,https://www.kronosolopromocionales.com/productos/kirk-eco-9225/,self,true,,,true,Ninguna
https://www.kronosolopromocionales.com/productos/mug-plastico-con-cuchara-tiffany-350ml-produccion-nacional-10125/,200,,https://www.kronosolopromocionales.com/productos/mug-plastico-con-cuchara-tiffany-350ml-produccion-nacional-10125/,self,true,,,true,Ninguna
https://www.kronosolopromocionales.com/productos/pestana-plastica-para-mug-orbit-5892/,200,,https://www.kronosolopromocionales.com/productos/pestana-plastica-para-mug-orbit-5892/,self,true,,,true,Ninguna
https://www.kronosolopromocionales.com/productos/tapa-plastica-para-mug-orbit-incluye-mu-62p-5891/,200,,https://www.kronosolopromocionales.com/productos/tapa-plastica-para-mug-orbit-incluye-mu-62p-5891/,self,true,,,true,Ninguna
https://www.kronosolopromocionales.com/productos/natura-eco-9244/,200,,https://www.kronosolopromocionales.com/productos/natura-eco-9244/,self,true,,,true,Ninguna
https://www.kronosolopromocionales.com/productos/resaltador-triangulo-eco-13187/,200,,https://www.kronosolopromocionales.com/productos/resaltador-triangulo-eco-13187/,self,true,,,true,Ninguna
https://www.kronosolopromocionales.com/productos/libreta-con-boligrafo-leroy-eco-10106/,200,,https://www.kronosolopromocionales.com/productos/libreta-con-boligrafo-leroy-eco-10106/,self,true,,,true,Ninguna
https://www.kronosolopromocionales.com/productos/set-goblet-eco-13189/,200,,https://www.kronosolopromocionales.com/productos/set-goblet-eco-13189/,self,true,,,true,Ninguna
https://www.kronosolopromocionales.com/productos/calendario-bamboo-13185/,200,,https://www.kronosolopromocionales.com/productos/calendario-bamboo-13185/,self,true,,,true,Ninguna
https://www.kronosolopromocionales.com/productos/set-boligrafo-y-portaminas-dakota-eco-9684/,200,,https://www.kronosolopromocionales.com/productos/set-boligrafo-y-portaminas-dakota-eco-9684/,self,true,,,true,Ninguna
https://www.kronosolopromocionales.com/productos/cable-multicargador-cotton-10507/,200,,https://www.kronosolopromocionales.com/productos/cable-multicargador-cotton-10507/,self,true,,,true,Ninguna
https://www.kronosolopromocionales.com/productos/soporte-para-moviles-tropic-bamboo-nuevo-13574/,200,,https://www.kronosolopromocionales.com/productos/soporte-para-moviles-tropic-bamboo-nuevo-13574/,self,true,,,true,Ninguna
https://www.kronosolopromocionales.com/productos/identificador-de-maletas-eco-10356/,200,,https://www.kronosolopromocionales.com/productos/identificador-de-maletas-eco-10356/,self,true,,,true,Ninguna
https://www.kronosolopromocionales.com/productos/set-de-colores-smile-nuevo-13573/,200,,https://www.kronosolopromocionales.com/productos/set-de-colores-smile-nuevo-13573/,self,true,,,true,Ninguna
https://www.kronosolopromocionales.com/productos/ventura-eco-stylus-9250/,200,,https://www.kronosolopromocionales.com/productos/ventura-eco-stylus-9250/,self,true,,,true,Ninguna
https://www.kronosolopromocionales.com/productos/set-de-golf-tees-10929/,200,,https://www.kronosolopromocionales.com/productos/set-de-golf-tees-10929/,self,true,,,true,Ninguna
https://www.kronosolopromocionales.com/productos/visera-trucker-10895/,200,,https://www.kronosolopromocionales.com/productos/visera-trucker-10895/,self,true,,,true,Ninguna
https://www.kronosolopromocionales.com/productos/gorra-beisbol-469/,200,,https://www.kronosolopromocionales.com/productos/gorra-beisbol-469/,self,true,,,true,Ninguna
https://www.kronosolopromocionales.com/productos/gorra-taslon-urban-travel-13402/,200,,https://www.kronosolopromocionales.com/productos/gorra-taslon-urban-travel-13402/,self,true,,,true,Ninguna
https://www.kronosolopromocionales.com/productos/linterna-neck-9757/,200,,https://www.kronosolopromocionales.com/productos/linterna-neck-9757/,self,true,,,true,Ninguna
https://www.kronosolopromocionales.com/productos/mini-lampara-para-laptop-9758/,200,,https://www.kronosolopromocionales.com/productos/mini-lampara-para-laptop-9758/,self,true,,,true,Ninguna
https://www.kronosolopromocionales.com/productos/linterna-doctor-10699/,200,,https://www.kronosolopromocionales.com/productos/linterna-doctor-10699/,self,true,,,true,Ninguna
https://www.kronosolopromocionales.com/productos/linterna-recargable-morven-10816/,200,,https://www.kronosolopromocionales.com/productos/linterna-recargable-morven-10816/,self,true,,,true,Ninguna
https://www.kronosolopromocionales.com/productos/mini-linterna-bamboo-9926/,200,,https://www.kronosolopromocionales.com/productos/mini-linterna-bamboo-9926/,self,true,,,true,Ninguna
https://www.kronosolopromocionales.com/productos/linterna-de-9-leds-flynt-5753/,200,,https://www.kronosolopromocionales.com/productos/linterna-de-9-leds-flynt-5753/,self,true,,,true,Ninguna
https://www.kronosolopromocionales.com/productos/mini-selfie-light-para-moviles-9689/,200,,https://www.kronosolopromocionales.com/productos/mini-selfie-light-para-moviles-9689/,self,true,,,true,Ninguna
https://www.kronosolopromocionales.com/productos/dispensador-de-bolsas-muller-oferta-9934/,200,,https://www.kronosolopromocionales.com/productos/dispensador-de-bolsas-muller-oferta-9934/,self,true,,,true,Ninguna
https://www.kronosolopromocionales.com/productos/metro-llavero-nitto-10051/,200,,https://www.kronosolopromocionales.com/productos/metro-llavero-nitto-10051/,self,true,,,true,Ninguna
https://www.kronosolopromocionales.com/productos/cargador-inalambrico-con-lampara-flex-oferta-10467/,200,,https://www.kronosolopromocionales.com/productos/cargador-inalambrico-con-lampara-flex-oferta-10467/,self,true,,,true,Ninguna
https://www.kronosolopromocionales.com/productos/linterna-tom-10374/,200,,https://www.kronosolopromocionales.com/productos/linterna-tom-10374/,self,true,,,true,Ninguna
https://www.kronosolopromocionales.com/productos/luz-de-emergencia-v16-magnetica-13423/,200,,https://www.kronosolopromocionales.com/productos/luz-de-emergencia-v16-magnetica-13423/,self,true,,,true,Ninguna
https://www.kronosolopromocionales.com/productos/luz-portable-work-13223/,200,,https://www.kronosolopromocionales.com/productos/luz-portable-work-13223/,self,true,,,true,Ninguna
https://www.kronosolopromocionales.com/productos/linterna-recargable-ultan-13226/,200,,https://www.kronosolopromocionales.com/productos/linterna-recargable-ultan-13226/,self,true,,,true,Ninguna
https://www.kronosolopromocionales.com/productos/paraguas-autolight-23-13284/,200,,https://www.kronosolopromocionales.com/productos/paraguas-autolight-23-13284/,self,true,,,true,Ninguna
https://www.kronosolopromocionales.com/productos/linterna-recargable-neck-13406/,200,,https://www.kronosolopromocionales.com/productos/linterna-recargable-neck-13406/,self,true,,,true,Ninguna
https://www.kronosolopromocionales.com/productos/llavero-sigma-13407/,200,,https://www.kronosolopromocionales.com/productos/llavero-sigma-13407/,self,true,,,true,Ninguna
https://www.kronosolopromocionales.com/productos/miniset-de-escritorio-2047/,200,,https://www.kronosolopromocionales.com/productos/miniset-de-escritorio-2047/,self,true,,,true,Ninguna
https://www.kronosolopromocionales.com/productos/alcancia-cubo-apilable-produccion-nacional-8716/,200,,https://www.kronosolopromocionales.com/productos/alcancia-cubo-apilable-produccion-nacional-8716/,self,true,,,true,Ninguna
https://www.kronosolopromocionales.com/productos/cartuchera-en-cambrel-kidz-con-diseno-8511/,200,,https://www.kronosolopromocionales.com/productos/cartuchera-en-cambrel-kidz-con-diseno-8511/,self,true,,,true,Ninguna
https://www.kronosolopromocionales.com/productos/set-de-colores-y-crayolas-gavino-8654/,200,,https://www.kronosolopromocionales.com/productos/set-de-colores-y-crayolas-gavino-8654/,self,true,,,true,Ninguna
https://www.kronosolopromocionales.com/productos/mini-tablero-borrable-9101/,200,,https://www.kronosolopromocionales.com/productos/mini-tablero-borrable-9101/,self,true,,,true,Ninguna
https://www.kronosolopromocionales.com/productos/botilito-plastico-thor-470ml-produccion-nacional-9393/,200,,https://www.kronosolopromocionales.com/productos/botilito-plastico-thor-470ml-produccion-nacional-9393/,self,true,,,true,Ninguna
https://www.kronosolopromocionales.com/productos/tapa-alcancia-produccion-nacional-9387/,200,,https://www.kronosolopromocionales.com/productos/tapa-alcancia-produccion-nacional-9387/,self,true,,,true,Ninguna
https://www.kronosolopromocionales.com/productos/set-de-4-mini-marcadores-tinta-lavable-9415/,200,,https://www.kronosolopromocionales.com/productos/set-de-4-mini-marcadores-tinta-lavable-9415/,self,true,,,true,Ninguna
https://www.kronosolopromocionales.com/productos/set-paint-9814/,200,,https://www.kronosolopromocionales.com/productos/set-paint-9814/,self,true,,,true,Ninguna
https://www.kronosolopromocionales.com/productos/set-de-colores-annie-10157/,200,,https://www.kronosolopromocionales.com/productos/set-de-colores-annie-10157/,self,true,,,true,Ninguna
https://www.kronosolopromocionales.com/productos/set-de-juegos-pelkat-9886/,200,,https://www.kronosolopromocionales.com/productos/set-de-juegos-pelkat-9886/,self,true,,,true,Ninguna
https://www.kronosolopromocionales.com/productos/botilito-wave-pvc-640ml-produccion-nacional-7763/,200,,https://www.kronosolopromocionales.com/productos/botilito-wave-pvc-640ml-produccion-nacional-7763/,self,true,,,true,Ninguna
https://www.kronosolopromocionales.com/productos/botilito-murray-700ml-8665/,200,,https://www.kronosolopromocionales.com/productos/botilito-murray-700ml-8665/,self,true,,,true,Ninguna
https://www.kronosolopromocionales.com/productos/resaltador-magico-en-cera-flower-4-colores-7243/,200,,https://www.kronosolopromocionales.com/productos/resaltador-magico-en-cera-flower-4-colores-7243/,self,true,,,true,Ninguna
https://www.kronosolopromocionales.com/productos/set-de-escritorio-office-8718/,200,,https://www.kronosolopromocionales.com/productos/set-de-escritorio-office-8718/,self,true,,,true,Ninguna
https://www.kronosolopromocionales.com/productos/clip-marcador-de-hojas-oferta-9039/,200,,https://www.kronosolopromocionales.com/productos/clip-marcador-de-hojas-oferta-9039/,self,true,,,true,Ninguna
https://www.kronosolopromocionales.com/productos/sticky-set-separador-de-hojas-10102/,200,,https://www.kronosolopromocionales.com/productos/sticky-set-separador-de-hojas-10102/,self,true,,,true,Ninguna
https://www.kronosolopromocionales.com/productos/vaso-pitillo-balon-720ml-produccion-nacional-4094/,200,,https://www.kronosolopromocionales.com/productos/vaso-pitillo-balon-720ml-produccion-nacional-4094/,self,true,,,true,Ninguna
https://www.kronosolopromocionales.com/productos/lonchera-multifuncion-produccion-nacional-3280/,200,,https://www.kronosolopromocionales.com/productos/lonchera-multifuncion-produccion-nacional-3280/,self,true,,,true,Ninguna
https://www.kronosolopromocionales.com/productos/juego-triqui-10651/,200,,https://www.kronosolopromocionales.com/productos/juego-triqui-10651/,self,true,,,true,Ninguna
https://www.kronosolopromocionales.com/productos/coca-tradicional-produccion-nacional-13174/,200,,https://www.kronosolopromocionales.com/productos/coca-tradicional-produccion-nacional-13174/,self,true,,,true,Ninguna
https://www.kronosolopromocionales.com/productos/set-de-resaltadores-trumix-13292/,200,,https://www.kronosolopromocionales.com/productos/set-de-resaltadores-trumix-13292/,self,true,,,true,Ninguna
https://www.kronosolopromocionales.com/productos/resaltador-triple-13310/,200,,https://www.kronosolopromocionales.com/productos/resaltador-triple-13310/,self,true,,,true,Ninguna
https://www.kronosolopromocionales.com/productos/estuche-en-silicona-lybra-13429/,200,,https://www.kronosolopromocionales.com/productos/estuche-en-silicona-lybra-13429/,self,true,,,true,Ninguna
https://www.kronosolopromocionales.com/productos/tangram-eco-13498/,200,,https://www.kronosolopromocionales.com/productos/tangram-eco-13498/,self,true,,,true,Ninguna
https://www.kronosolopromocionales.com/productos/juego-de-madera-win-13508/,200,,https://www.kronosolopromocionales.com/productos/juego-de-madera-win-13508/,self,true,,,true,Ninguna
https://www.kronosolopromocionales.com/productos/juego-brain-nuevo-13550/,200,,https://www.kronosolopromocionales.com/productos/juego-brain-nuevo-13550/,self,true,,,true,Ninguna
https://www.kronosolopromocionales.com/productos/juego-de-dados-nuevo-13546/,200,,https://www.kronosolopromocionales.com/productos/juego-de-dados-nuevo-13546/,self,true,,,true,Ninguna
https://www.kronosolopromocionales.com/productos/tajalapiz-con-borrador-run-nuevo-13551/,200,,https://www.kronosolopromocionales.com/productos/tajalapiz-con-borrador-run-nuevo-13551/,self,true,,,true,Ninguna
https://www.kronosolopromocionales.com/productos/set-kramer-nuevo-13562/,200,,https://www.kronosolopromocionales.com/productos/set-kramer-nuevo-13562/,self,true,,,true,Ninguna
https://www.kronosolopromocionales.com/productos/torre-de-madera-skill-2-11151/,200,,https://www.kronosolopromocionales.com/productos/torre-de-madera-skill-2-11151/,self,true,,,true,Ninguna
https://www.kronosolopromocionales.com/productos/set-de-juego-en-madera-3-1-9715/,200,,https://www.kronosolopromocionales.com/productos/set-de-juego-en-madera-3-1-9715/,self,true,,,true,Ninguna
https://www.kronosolopromocionales.com/productos/juego-de-raquetas-wood-beach-10380/,200,,https://www.kronosolopromocionales.com/productos/juego-de-raquetas-wood-beach-10380/,self,true,,,true,Ninguna
https://www.kronosolopromocionales.com/productos/set-de-cartas-eco-10379/,200,,https://www.kronosolopromocionales.com/productos/set-de-cartas-eco-10379/,self,true,,,true,Ninguna
https://www.kronosolopromocionales.com/productos/mini-cancha-basket-10347/,200,,https://www.kronosolopromocionales.com/productos/mini-cancha-basket-10347/,self,true,,,true,Ninguna
https://www.kronosolopromocionales.com/productos/golf-tees-7cm-10988/,200,,https://www.kronosolopromocionales.com/productos/golf-tees-7cm-10988/,self,true,,,true,Ninguna
https://www.kronosolopromocionales.com/productos/golf-tees-7cm-bamboo-10989/,200,,https://www.kronosolopromocionales.com/productos/golf-tees-7cm-bamboo-10989/,self,true,,,true,Ninguna
https://www.kronosolopromocionales.com/productos/lapiz-golf-pencil-11005/,200,,https://www.kronosolopromocionales.com/productos/lapiz-golf-pencil-11005/,self,true,,,true,Ninguna
https://www.kronosolopromocionales.com/productos/juego-cartas-y-domino-eco-11013/,200,,https://www.kronosolopromocionales.com/productos/juego-cartas-y-domino-eco-11013/,self,true,,,true,Ninguna
https://www.kronosolopromocionales.com/productos/juego-triqui-box-eco-11031/,200,,https://www.kronosolopromocionales.com/productos/juego-triqui-box-eco-11031/,self,true,,,true,Ninguna
https://www.kronosolopromocionales.com/productos/set-de-juego-chessman-11067/,200,,https://www.kronosolopromocionales.com/productos/set-de-juego-chessman-11067/,self,true,,,true,Ninguna
https://www.kronosolopromocionales.com/productos/set-de-juegos-genium-9961/,200,,https://www.kronosolopromocionales.com/productos/set-de-juegos-genium-9961/,self,true,,,true,Ninguna
https://www.kronosolopromocionales.com/productos/set-de-poker-13401/,200,,https://www.kronosolopromocionales.com/productos/set-de-poker-13401/,self,true,,,true,Ninguna
https://www.kronosolopromocionales.com/productos/juego-ruleta-nuevo-13331/,200,,https://www.kronosolopromocionales.com/productos/juego-ruleta-nuevo-13331/,self,true,,,true,Ninguna
https://www.kronosolopromocionales.com/productos/juego-triqui-eco-13315/,200,,https://www.kronosolopromocionales.com/productos/juego-triqui-eco-13315/,self,true,,,true,Ninguna
https://www.kronosolopromocionales.com/productos/domino-bamboo-nuevo-13306/,200,,https://www.kronosolopromocionales.com/productos/domino-bamboo-nuevo-13306/,self,true,,,true,Ninguna
https://www.kronosolopromocionales.com/productos/mini-balon-de-futbol-inter-no-1-13374/,200,,https://www.kronosolopromocionales.com/productos/mini-balon-de-futbol-inter-no-1-13374/,self,true,,,true,Ninguna
https://www.kronosolopromocionales.com/productos/balon-de-futbol-united-no-5-13372/,200,,https://www.kronosolopromocionales.com/productos/balon-de-futbol-united-no-5-13372/,self,true,,,true,Ninguna
https://www.kronosolopromocionales.com/productos/balon-de-futbol-manchester-no-5-13373/,200,,https://www.kronosolopromocionales.com/productos/balon-de-futbol-manchester-no-5-13373/,self,true,,,true,Ninguna
https://www.kronosolopromocionales.com/productos/llavero-con-nivelador-magnet-11129/,200,,https://www.kronosolopromocionales.com/productos/llavero-con-nivelador-magnet-11129/,self,true,,,true,Ninguna
https://www.kronosolopromocionales.com/productos/llavero-silver-ml-259-4790/,200,,https://www.kronosolopromocionales.com/productos/llavero-silver-ml-259-4790/,self,true,,,true,Ninguna
https://www.kronosolopromocionales.com/productos/set-ml-398-10077/,200,,https://www.kronosolopromocionales.com/productos/set-ml-398-10077/,self,true,,,true,Ninguna
https://www.kronosolopromocionales.com/productos/llavero-ml-103-1572/,200,,https://www.kronosolopromocionales.com/productos/llavero-ml-103-1572/,self,true,,,true,Ninguna
https://www.kronosolopromocionales.com/productos/llavero-silver-ml-145-2257/,200,,https://www.kronosolopromocionales.com/productos/llavero-silver-ml-145-2257/,self,true,,,true,Ninguna
https://www.kronosolopromocionales.com/productos/llavero-car-ii-3204/,200,,https://www.kronosolopromocionales.com/productos/llavero-car-ii-3204/,self,true,,,true,Ninguna
https://www.kronosolopromocionales.com/productos/llavero-silver-ml-196-3359/,200,,https://www.kronosolopromocionales.com/productos/llavero-silver-ml-196-3359/,self,true,,,true,Ninguna
https://www.kronosolopromocionales.com/productos/llavero-silver-ml-262-4793/,200,,https://www.kronosolopromocionales.com/productos/llavero-silver-ml-262-4793/,self,true,,,true,Ninguna
https://www.kronosolopromocionales.com/productos/llavero-ml-294-5454/,200,,https://www.kronosolopromocionales.com/productos/llavero-ml-294-5454/,self,true,,,true,Ninguna
https://www.kronosolopromocionales.com/productos/llavero-silver-ml-217-3549/,200,,https://www.kronosolopromocionales.com/productos/llavero-silver-ml-217-3549/,self,true,,,true,Ninguna
https://www.kronosolopromocionales.com/productos/llavero-silver-ml-241-4417/,200,,https://www.kronosolopromocionales.com/productos/llavero-silver-ml-241-4417/,self,true,,,true,Ninguna
https://www.kronosolopromocionales.com/productos/placa-metalica-con-pin-ml-332-7438/,200,,https://www.kronosolopromocionales.com/productos/placa-metalica-con-pin-ml-332-7438/,self,true,,,true,Ninguna
https://www.kronosolopromocionales.com/productos/llavero-ml-379-9174/,200,,https://www.kronosolopromocionales.com/productos/llavero-ml-379-9174/,self,true,,,true,Ninguna
https://www.kronosolopromocionales.com/productos/soporte-para-moviles-ml-382-oferta-9177/,200,,https://www.kronosolopromocionales.com/productos/soporte-para-moviles-ml-382-oferta-9177/,self,true,,,true,Ninguna
https://www.kronosolopromocionales.com/productos/llavero-multiusos-metalico-touch-free-ml-386-oferta-9490/,200,,https://www.kronosolopromocionales.com/productos/llavero-multiusos-metalico-touch-free-ml-386-oferta-9490/,self,true,,,true,Ninguna
https://www.kronosolopromocionales.com/productos/llavero-ml-399-10078/,200,,https://www.kronosolopromocionales.com/productos/llavero-ml-399-10078/,self,true,,,true,Ninguna
https://www.kronosolopromocionales.com/productos/llavero-ml-417-13523/,200,,https://www.kronosolopromocionales.com/productos/llavero-ml-417-13523/,self,true,,,true,Ninguna
https://www.kronosolopromocionales.com/productos/llavero-ml-416-13522/,200,,https://www.kronosolopromocionales.com/productos/llavero-ml-416-13522/,self,true,,,true,Ninguna
https://www.kronosolopromocionales.com/productos/llavero-bamboo-round-13494/,200,,https://www.kronosolopromocionales.com/productos/llavero-bamboo-round-13494/,self,true,,,true,Ninguna
https://www.kronosolopromocionales.com/productos/llavero-bamboo-square-13496/,200,,https://www.kronosolopromocionales.com/productos/llavero-bamboo-square-13496/,self,true,,,true,Ninguna
https://www.kronosolopromocionales.com/productos/llavero-ml-419-13395/,200,,https://www.kronosolopromocionales.com/productos/llavero-ml-419-13395/,self,true,,,true,Ninguna
https://www.kronosolopromocionales.com/productos/llavero-ml-418-13394/,200,,https://www.kronosolopromocionales.com/productos/llavero-ml-418-13394/,self,true,,,true,Ninguna
https://www.kronosolopromocionales.com/productos/llavero-portacelular-nook-13323/,200,,https://www.kronosolopromocionales.com/productos/llavero-portacelular-nook-13323/,self,true,,,true,Ninguna
https://www.kronosolopromocionales.com/productos/liquido-antibacterial-pump-spray-10ml-produccion-nacional-9619/,200,,https://www.kronosolopromocionales.com/productos/liquido-antibacterial-pump-spray-10ml-produccion-nacional-9619/,self,true,,,true,Ninguna
https://www.kronosolopromocionales.com/productos/espejo-maxx-9146/,200,,https://www.kronosolopromocionales.com/productos/espejo-maxx-9146/,self,true,,,true,Ninguna
https://www.kronosolopromocionales.com/productos/boligrafo-medic-7022/,200,,https://www.kronosolopromocionales.com/productos/boligrafo-medic-7022/,self,true,,,true,Ninguna
https://www.kronosolopromocionales.com/productos/portaidentificador-para-cinta-portacarnet-redondo-8875/,200,,https://www.kronosolopromocionales.com/productos/portaidentificador-para-cinta-portacarnet-redondo-8875/,self,true,,,true,Ninguna
https://www.kronosolopromocionales.com/productos/tabla-metrica-produccion-nacional-3869/,200,,https://www.kronosolopromocionales.com/productos/tabla-metrica-produccion-nacional-3869/,self,true,,,true,Ninguna
https://www.kronosolopromocionales.com/productos/mini-resaltador-de-cera-ver-of-376eof-376j-5884/,200,,https://www.kronosolopromocionales.com/productos/mini-resaltador-de-cera-ver-of-376eof-376j-5884/,self,true,,,true,Ninguna
https://www.kronosolopromocionales.com/productos/portatacos-frost-con-portatarjetas-produccion-nacional-2547/,200,,https://www.kronosolopromocionales.com/productos/portatacos-frost-con-portatarjetas-produccion-nacional-2547/,self,true,,,true,Ninguna
https://www.kronosolopromocionales.com/productos/resaltador-en-cera-adam-7491/,200,,https://www.kronosolopromocionales.com/productos/resaltador-en-cera-adam-7491/,self,true,,,true,Ninguna
https://www.kronosolopromocionales.com/productos/estuche-para-2-resaltadores-en-cera-adam-7492/,200,,https://www.kronosolopromocionales.com/productos/estuche-para-2-resaltadores-en-cera-adam-7492/,self,true,,,true,Ninguna
https://www.kronosolopromocionales.com/productos/calendario-perpetuo-plastico-7500/,200,,https://www.kronosolopromocionales.com/productos/calendario-perpetuo-plastico-7500/,self,true,,,true,Ninguna
https://www.kronosolopromocionales.com/productos/set-de-resaltadores-en-cera-quattro-7507/,200,,https://www.kronosolopromocionales.com/productos/set-de-resaltadores-en-cera-quattro-7507/,self,true,,,true,Ninguna
https://www.kronosolopromocionales.com/productos/calendario-perpetuo-produccion-nacional-7513/,200,,https://www.kronosolopromocionales.com/productos/calendario-perpetuo-produccion-nacional-7513/,self,true,,,true,Ninguna
https://www.kronosolopromocionales.com/productos/portaidentificador-de-carnet-home-oferta-8440/,200,,https://www.kronosolopromocionales.com/productos/portaidentificador-de-carnet-home-oferta-8440/,self,true,,,true,Ninguna
https://www.kronosolopromocionales.com/productos/cinta-para-portacarnet-kunel-9892/,200,,https://www.kronosolopromocionales.com/productos/cinta-para-portacarnet-kunel-9892/,self,true,,,true,Ninguna
https://www.kronosolopromocionales.com/productos/calendario-perpetuo-wood-9983/,200,,https://www.kronosolopromocionales.com/productos/calendario-perpetuo-wood-9983/,self,true,,,true,Ninguna
https://www.kronosolopromocionales.com/productos/tablero-spock-6931/,200,,https://www.kronosolopromocionales.com/productos/tablero-spock-6931/,self,true,,,true,Ninguna
https://www.kronosolopromocionales.com/productos/dispensador-de-notas-medic-8150/,200,,https://www.kronosolopromocionales.com/productos/dispensador-de-notas-medic-8150/,self,true,,,true,Ninguna
https://www.kronosolopromocionales.com/productos/antiestres-doctor-8858/,200,,https://www.kronosolopromocionales.com/productos/antiestres-doctor-8858/,self,true,,,true,Ninguna
https://www.kronosolopromocionales.com/productos/bolsa-plegable-medic-8954/,200,,https://www.kronosolopromocionales.com/productos/bolsa-plegable-medic-8954/,self,true,,,true,Ninguna
https://www.kronosolopromocionales.com/productos/pastillero-en-bambu-nuevo-13544/,200,,https://www.kronosolopromocionales.com/productos/pastillero-en-bambu-nuevo-13544/,self,true,,,true,Ninguna
https://www.kronosolopromocionales.com/productos/memoria-usb-mini-bamboo-precio-neto-10322/,200,,https://www.kronosolopromocionales.com/productos/memoria-usb-mini-bamboo-precio-neto-10322/,self,true,,,true,Ninguna
https://www.kronosolopromocionales.com/productos/reloj-de-arena-petit-4-minutos-7753/,200,,https://www.kronosolopromocionales.com/productos/reloj-de-arena-petit-4-minutos-7753/,self,true,,,true,Ninguna
https://www.kronosolopromocionales.com/productos/botilito-plastico-fruit-600ml-nuevo-13575/,200,,https://www.kronosolopromocionales.com/productos/botilito-plastico-fruit-600ml-nuevo-13575/,self,true,,,true,Ninguna
https://www.kronosolopromocionales.com/productos/botilito-metalico-concord-negro-550ml-nuevo-13578/,200,,https://www.kronosolopromocionales.com/productos/botilito-metalico-concord-negro-550ml-nuevo-13578/,self,true,,,true,Ninguna
https://www.kronosolopromocionales.com/productos/botilito-metalico-concord-550ml-nuevo-13579/,200,,https://www.kronosolopromocionales.com/productos/botilito-metalico-concord-550ml-nuevo-13579/,self,true,,,true,Ninguna
https://www.kronosolopromocionales.com/productos/botilito-metalico-cuppa-600ml-nuevo-13571/,200,,https://www.kronosolopromocionales.com/productos/botilito-metalico-cuppa-600ml-nuevo-13571/,self,true,,,true,Ninguna
https://www.kronosolopromocionales.com/productos/mug-metalico-para-sublimacion-kup-550-ml-nuevo-13572/,200,,https://www.kronosolopromocionales.com/productos/mug-metalico-para-sublimacion-kup-550-ml-nuevo-13572/,self,true,,,true,Ninguna
https://www.kronosolopromocionales.com/productos/morral-backpack-taos-nuevo-13585/,200,,https://www.kronosolopromocionales.com/productos/morral-backpack-taos-nuevo-13585/,self,true,,,true,Ninguna
https://www.kronosolopromocionales.com/productos/morral-backpack-barbour-nuevo-13586/,200,,https://www.kronosolopromocionales.com/productos/morral-backpack-barbour-nuevo-13586/,self,true,,,true,Ninguna
https://www.kronosolopromocionales.com/productos/mug-metalico-dewar-400-ml-nuevo-13577/,200,,https://www.kronosolopromocionales.com/productos/mug-metalico-dewar-400-ml-nuevo-13577/,self,true,,,true,Ninguna
https://www.kronosolopromocionales.com/productos/bolsa-en-cambrel-con-fuelle-para-sublimacion-nuevo-13587/,200,,https://www.kronosolopromocionales.com/productos/bolsa-en-cambrel-con-fuelle-para-sublimacion-nuevo-13587/,self,true,,,true,Ninguna
https://www.kronosolopromocionales.com/productos/bolsa-en-cambrel-arcadia-para-sublimacion-nuevo-13591/,200,,https://www.kronosolopromocionales.com/productos/bolsa-en-cambrel-arcadia-para-sublimacion-nuevo-13591/,self,true,,,true,Ninguna
https://www.kronosolopromocionales.com/productos/boligrafo-castell-nuevo-13588/,200,,https://www.kronosolopromocionales.com/productos/boligrafo-castell-nuevo-13588/,self,true,,,true,Ninguna
https://www.kronosolopromocionales.com/productos/nevera-cooler-origin-rpet-nuevo-13561/,200,,https://www.kronosolopromocionales.com/productos/nevera-cooler-origin-rpet-nuevo-13561/,self,true,,,true,Ninguna
https://www.kronosolopromocionales.com/productos/portarretrato-kids-nuevo-13563/,200,,https://www.kronosolopromocionales.com/productos/portarretrato-kids-nuevo-13563/,self,true,,,true,Ninguna
https://www.kronosolopromocionales.com/productos/pila-recargable-byte-2200-mah-nuevo-13565/,200,,https://www.kronosolopromocionales.com/productos/pila-recargable-byte-2200-mah-nuevo-13565/,self,true,,,true,Ninguna
https://www.kronosolopromocionales.com/productos/pila-recargable-kode-5000-mah-rpet-nuevo-13566/,200,,https://www.kronosolopromocionales.com/productos/pila-recargable-kode-5000-mah-rpet-nuevo-13566/,self,true,,,true,Ninguna
https://www.kronosolopromocionales.com/productos/cepillo-de-dientes-bambu-nuevo-13567/,200,,https://www.kronosolopromocionales.com/productos/cepillo-de-dientes-bambu-nuevo-13567/,self,true,,,true,Ninguna
https://www.kronosolopromocionales.com/productos/cepillo-de-dientes-travel-nuevo-13568/,200,,https://www.kronosolopromocionales.com/productos/cepillo-de-dientes-travel-nuevo-13568/,self,true,,,true,Ninguna
https://www.kronosolopromocionales.com/productos/speaker-bluetooth-soccer-man-nuevo-13389/,200,,https://www.kronosolopromocionales.com/productos/speaker-bluetooth-soccer-man-nuevo-13389/,self,true,,,true,Ninguna
https://www.kronosolopromocionales.com/productos/cobija-en-fleece-con-velcro-nuevo-6313/,200,,https://www.kronosolopromocionales.com/productos/cobija-en-fleece-con-velcro-nuevo-6313/,self,true,,,true,Ninguna
https://www.kronosolopromocionales.com/productos/botilito-plastico-vita-600ml-rpet-nuevo-13246/,200,,https://www.kronosolopromocionales.com/productos/botilito-plastico-vita-600ml-rpet-nuevo-13246/,self,true,,,true,Ninguna
https://www.kronosolopromocionales.com/productos/cargador-inalambrico-element-nuevo-13541/,200,,https://www.kronosolopromocionales.com/productos/cargador-inalambrico-element-nuevo-13541/,self,true,,,true,Ninguna
https://www.kronosolopromocionales.com/productos/set-vera-nuevo-13542/,200,,https://www.kronosolopromocionales.com/productos/set-vera-nuevo-13542/,self,true,,,true,Ninguna
https://www.kronosolopromocionales.com/productos/cepillo-exfoliante-skin-nuevo-13543/,200,,https://www.kronosolopromocionales.com/productos/cepillo-exfoliante-skin-nuevo-13543/,self,true,,,true,Ninguna
https://www.kronosolopromocionales.com/productos/set-de-cubiertos-craft-nuevo-13545/,200,,https://www.kronosolopromocionales.com/productos/set-de-cubiertos-craft-nuevo-13545/,self,true,,,true,Ninguna
https://www.kronosolopromocionales.com/productos/joyero-en-algodon-200-gr-nuevo-13547/,200,,https://www.kronosolopromocionales.com/productos/joyero-en-algodon-200-gr-nuevo-13547/,self,true,,,true,Ninguna
https://www.kronosolopromocionales.com/productos/speaker-bluetooth-soccer-ball-13276/,200,,https://www.kronosolopromocionales.com/productos/speaker-bluetooth-soccer-ball-13276/,self,true,,,true,Ninguna
https://www.kronosolopromocionales.com/productos/speaker-bluetooth-aqua-13277/,200,,https://www.kronosolopromocionales.com/productos/speaker-bluetooth-aqua-13277/,self,true,,,true,Ninguna
https://www.kronosolopromocionales.com/productos/puerto-usb-syntra-13303/,200,,https://www.kronosolopromocionales.com/productos/puerto-usb-syntra-13303/,self,true,,,true,Ninguna
https://www.kronosolopromocionales.com/productos/mug-metalico-vinga-eco-350-ml-13313/,200,,https://www.kronosolopromocionales.com/productos/mug-metalico-vinga-eco-350-ml-13313/,self,true,,,true,Ninguna
https://www.kronosolopromocionales.com/productos/botilito-metalico-drover-650ml-13314/,200,,https://www.kronosolopromocionales.com/productos/botilito-metalico-drover-650ml-13314/,self,true,,,true,Ninguna
https://www.kronosolopromocionales.com/productos/pila-recargable-digital-display5000-mah-13316/,200,,https://www.kronosolopromocionales.com/productos/pila-recargable-digital-display5000-mah-13316/,self,true,,,true,Ninguna
https://www.kronosolopromocionales.com/productos/pila-recargable-nomu-5000mah-13317/,200,,https://www.kronosolopromocionales.com/productos/pila-recargable-nomu-5000mah-13317/,self,true,,,true,Ninguna
https://www.kronosolopromocionales.com/productos/set-de-herramientas-hammer-13325/,200,,https://www.kronosolopromocionales.com/productos/set-de-herramientas-hammer-13325/,self,true,,,true,Ninguna
https://www.kronosolopromocionales.com/productos/set-de-herramientas-bamboo-13326/,200,,https://www.kronosolopromocionales.com/productos/set-de-herramientas-bamboo-13326/,self,true,,,true,Ninguna
https://www.kronosolopromocionales.com/productos/cargador-inalambrico-heston-13328/,200,,https://www.kronosolopromocionales.com/productos/cargador-inalambrico-heston-13328/,self,true,,,true,Ninguna
https://www.kronosolopromocionales.com/productos/portacomidas-wing-eco-13329/,200,,https://www.kronosolopromocionales.com/productos/portacomidas-wing-eco-13329/,self,true,,,true,Ninguna
https://www.kronosolopromocionales.com/productos/mini-herramientero-kronus-13335/,200,,https://www.kronosolopromocionales.com/productos/mini-herramientero-kronus-13335/,self,true,,,true,Ninguna
https://www.kronosolopromocionales.com/productos/audifonos-tekflow-13339/,200,,https://www.kronosolopromocionales.com/productos/audifonos-tekflow-13339/,self,true,,,true,Ninguna
https://www.kronosolopromocionales.com/productos/llavero-metro-tools-13351/,200,,https://www.kronosolopromocionales.com/productos/llavero-metro-tools-13351/,self,true,,,true,Ninguna
https://www.kronosolopromocionales.com/productos/llavero-metro-3-1-13354/,200,,https://www.kronosolopromocionales.com/productos/llavero-metro-3-1-13354/,self,true,,,true,Ninguna
https://www.kronosolopromocionales.com/productos/mug-plastico-voltra-400ml-13247/,200,,https://www.kronosolopromocionales.com/productos/mug-plastico-voltra-400ml-13247/,self,true,,,true,Ninguna
https://www.kronosolopromocionales.com/productos/portacomidas-stora-eco-13242/,200,,https://www.kronosolopromocionales.com/productos/portacomidas-stora-eco-13242/,self,true,,,true,Ninguna
https://www.kronosolopromocionales.com/productos/botilito-plastico-napper-800ml-13243/,200,,https://www.kronosolopromocionales.com/productos/botilito-plastico-napper-800ml-13243/,self,true,,,true,Ninguna
https://www.kronosolopromocionales.com/productos/botilito-plastico-griply-rpet-700ml-13244/,200,,https://www.kronosolopromocionales.com/productos/botilito-plastico-griply-rpet-700ml-13244/,self,true,,,true,Ninguna
https://www.kronosolopromocionales.com/productos/mug-plastico-glimm-eco-300ml-13245/,200,,https://www.kronosolopromocionales.com/productos/mug-plastico-glimm-eco-300ml-13245/,self,true,,,true,Ninguna
https://www.kronosolopromocionales.com/productos/molde-para-paletas-13270/,200,,https://www.kronosolopromocionales.com/productos/molde-para-paletas-13270/,self,true,,,true,Ninguna
https://www.kronosolopromocionales.com/productos/set-glim-13272/,200,,https://www.kronosolopromocionales.com/productos/set-glim-13272/,self,true,,,true,Ninguna
https://www.kronosolopromocionales.com/productos/set-sos-13273/,200,,https://www.kronosolopromocionales.com/productos/set-sos-13273/,self,true,,,true,Ninguna
https://www.kronosolopromocionales.com/productos/llavero-destapador-truck-13257/,200,,https://www.kronosolopromocionales.com/productos/llavero-destapador-truck-13257/,self,true,,,true,Ninguna
https://www.kronosolopromocionales.com/productos/llavero-destapador-motorbike-13258/,200,,https://www.kronosolopromocionales.com/productos/llavero-destapador-motorbike-13258/,self,true,,,true,Ninguna
https://www.kronosolopromocionales.com/productos/llavero-destapador-broq-13259/,200,,https://www.kronosolopromocionales.com/productos/llavero-destapador-broq-13259/,self,true,,,true,Ninguna
https://www.kronosolopromocionales.com/productos/botilito-jormi-1000ml-13217/,200,,https://www.kronosolopromocionales.com/productos/botilito-jormi-1000ml-13217/,self,true,,,true,Ninguna
https://www.kronosolopromocionales.com/productos/botilito-metalico-plivi-660ml-13218/,200,,https://www.kronosolopromocionales.com/productos/botilito-metalico-plivi-660ml-13218/,self,true,,,true,Ninguna
https://www.kronosolopromocionales.com/productos/mug-ethio-cofee-473-ml-13219/,200,,https://www.kronosolopromocionales.com/productos/mug-ethio-cofee-473-ml-13219/,self,true,,,true,Ninguna
https://www.kronosolopromocionales.com/productos/multicargador-con-puertos-fast-35w-13225/,200,,https://www.kronosolopromocionales.com/productos/multicargador-con-puertos-fast-35w-13225/,self,true,,,true,Ninguna
https://www.kronosolopromocionales.com/productos/cooler-para-botellas-13232/,200,,https://www.kronosolopromocionales.com/productos/cooler-para-botellas-13232/,self,true,,,true,Ninguna
https://www.kronosolopromocionales.com/productos/botilito-plastico-pvc-runny-690ml-produccion-nacional-13236/,200,,https://www.kronosolopromocionales.com/productos/botilito-plastico-pvc-runny-690ml-produccion-nacional-13236/,self,true,,,true,Ninguna
https://www.kronosolopromocionales.com/productos/mug-metalico-lumix-600-ml-13237/,200,,https://www.kronosolopromocionales.com/productos/mug-metalico-lumix-600-ml-13237/,self,true,,,true,Ninguna
https://www.kronosolopromocionales.com/productos/set-de-mugs-metalicos-stylor-200-ml-13238/,200,,https://www.kronosolopromocionales.com/productos/set-de-mugs-metalicos-stylor-200-ml-13238/,self,true,,,true,Ninguna
https://www.kronosolopromocionales.com/productos/botilito-metalico-swivo-750ml-13239/,200,,https://www.kronosolopromocionales.com/productos/botilito-metalico-swivo-750ml-13239/,self,true,,,true,Ninguna
https://www.kronosolopromocionales.com/productos/mini-aspiradora-lautus-13515/,200,,https://www.kronosolopromocionales.com/productos/mini-aspiradora-lautus-13515/,self,true,,,true,Ninguna
https://www.kronosolopromocionales.com/productos/mini-herramientero-clipin-13518/,200,,https://www.kronosolopromocionales.com/productos/mini-herramientero-clipin-13518/,self,true,,,true,Ninguna
https://www.kronosolopromocionales.com/productos/destapador-house-bamboo-13519/,200,,https://www.kronosolopromocionales.com/productos/destapador-house-bamboo-13519/,self,true,,,true,Ninguna
https://www.kronosolopromocionales.com/productos/botilito-metalico-glider-520ml-13520/,200,,https://www.kronosolopromocionales.com/productos/botilito-metalico-glider-520ml-13520/,self,true,,,true,Ninguna
https://www.kronosolopromocionales.com/productos/mug-metalico-lumora-300ml-13524/,200,,https://www.kronosolopromocionales.com/productos/mug-metalico-lumora-300ml-13524/,self,true,,,true,Ninguna
https://www.kronosolopromocionales.com/productos/botilito-metalico-plugsy-750ml-13525/,200,,https://www.kronosolopromocionales.com/productos/botilito-metalico-plugsy-750ml-13525/,self,true,,,true,Ninguna
https://www.kronosolopromocionales.com/productos/mug-plastico-atom-370-ml-produccion-nacional-13530/,200,,https://www.kronosolopromocionales.com/productos/mug-plastico-atom-370-ml-produccion-nacional-13530/,self,true,,,true,Ninguna
https://www.kronosolopromocionales.com/productos/cable-multicargador-spectra-13390/,200,,https://www.kronosolopromocionales.com/productos/cable-multicargador-spectra-13390/,self,true,,,true,Ninguna
https://www.kronosolopromocionales.com/productos/mouse-inalambrico-zenith-eco-13391/,200,,https://www.kronosolopromocionales.com/productos/mouse-inalambrico-zenith-eco-13391/,self,true,,,true,Ninguna
https://www.kronosolopromocionales.com/productos/soporte-para-movil-nyro-13392/,200,,https://www.kronosolopromocionales.com/productos/soporte-para-movil-nyro-13392/,self,true,,,true,Ninguna
https://www.kronosolopromocionales.com/productos/soporte-para-movil-chair-13393/,200,,https://www.kronosolopromocionales.com/productos/soporte-para-movil-chair-13393/,self,true,,,true,Ninguna
https://www.kronosolopromocionales.com/productos/soporte-para-celular-magmount-eco-13397/,200,,https://www.kronosolopromocionales.com/productos/soporte-para-celular-magmount-eco-13397/,self,true,,,true,Ninguna
https://www.kronosolopromocionales.com/productos/cargador-inalambrico-con-tablero-13388/,200,,https://www.kronosolopromocionales.com/productos/cargador-inalambrico-con-tablero-13388/,self,true,,,true,Ninguna
https://www.kronosolopromocionales.com/productos/cable-multicargador-fast-65w-13364/,200,,https://www.kronosolopromocionales.com/productos/cable-multicargador-fast-65w-13364/,self,true,,,true,Ninguna
https://www.kronosolopromocionales.com/productos/cable-multicargador-eco-fast-65w-13365/,200,,https://www.kronosolopromocionales.com/productos/cable-multicargador-eco-fast-65w-13365/,self,true,,,true,Ninguna
https://www.kronosolopromocionales.com/productos/mug-metalico-terra-720ml-13367/,200,,https://www.kronosolopromocionales.com/productos/mug-metalico-terra-720ml-13367/,self,true,,,true,Ninguna
https://www.kronosolopromocionales.com/productos/portacomidas-novus-13368/,200,,https://www.kronosolopromocionales.com/productos/portacomidas-novus-13368/,self,true,,,true,Ninguna
https://www.kronosolopromocionales.com/productos/portacomidas-triton-13369/,200,,https://www.kronosolopromocionales.com/productos/portacomidas-triton-13369/,self,true,,,true,Ninguna
https://www.kronosolopromocionales.com/productos/portacomidas-jolt-13370/,200,,https://www.kronosolopromocionales.com/productos/portacomidas-jolt-13370/,self,true,,,true,Ninguna
https://www.kronosolopromocionales.com/productos/mug-metalico-micron-800ml-13371/,200,,https://www.kronosolopromocionales.com/productos/mug-metalico-micron-800ml-13371/,self,true,,,true,Ninguna
https://www.kronosolopromocionales.com/productos/audifonos-bluetooth-con-traductor-13379/,200,,https://www.kronosolopromocionales.com/productos/audifonos-bluetooth-con-traductor-13379/,self,true,,,true,Ninguna
https://www.kronosolopromocionales.com/productos/audifonos-bluetooth-kynor-13381/,200,,https://www.kronosolopromocionales.com/productos/audifonos-bluetooth-kynor-13381/,self,true,,,true,Ninguna
https://www.kronosolopromocionales.com/productos/audifonos-bluetooth-screen-13382/,200,,https://www.kronosolopromocionales.com/productos/audifonos-bluetooth-screen-13382/,self,true,,,true,Ninguna
https://www.kronosolopromocionales.com/productos/audifonos-bluetooth-devola-13383/,200,,https://www.kronosolopromocionales.com/productos/audifonos-bluetooth-devola-13383/,self,true,,,true,Ninguna
https://www.kronosolopromocionales.com/productos/mini-proyector-lcd-13384/,200,,https://www.kronosolopromocionales.com/productos/mini-proyector-lcd-13384/,self,true,,,true,Ninguna
https://www.kronosolopromocionales.com/productos/audifonos-bluetooth-soccer-ball-13385/,200,,https://www.kronosolopromocionales.com/productos/audifonos-bluetooth-soccer-ball-13385/,self,true,,,true,Ninguna
https://www.kronosolopromocionales.com/productos/cargador-inalambrico-bamboo-clock-13404/,200,,https://www.kronosolopromocionales.com/productos/cargador-inalambrico-bamboo-clock-13404/,self,true,,,true,Ninguna
https://www.kronosolopromocionales.com/productos/set-de-limpieza-nomi-13408/,200,,https://www.kronosolopromocionales.com/productos/set-de-limpieza-nomi-13408/,self,true,,,true,Ninguna
https://www.kronosolopromocionales.com/productos/cable-tipo-c-1mt-13410/,200,,https://www.kronosolopromocionales.com/productos/cable-tipo-c-1mt-13410/,self,true,,,true,Ninguna
https://www.kronosolopromocionales.com/productos/pila-recargable-powerbank-astro-2000mah-13411/,200,,https://www.kronosolopromocionales.com/productos/pila-recargable-powerbank-astro-2000mah-13411/,self,true,,,true,Ninguna
https://www.kronosolopromocionales.com/productos/puerto-usb-apex-13414/,200,,https://www.kronosolopromocionales.com/productos/puerto-usb-apex-13414/,self,true,,,true,Ninguna
https://www.kronosolopromocionales.com/productos/pila-recargable-nevol-2000mah-13421/,200,,https://www.kronosolopromocionales.com/productos/pila-recargable-nevol-2000mah-13421/,self,true,,,true,Ninguna
https://www.kronosolopromocionales.com/productos/pila-recargable-zyma10000mah-13422/,200,,https://www.kronosolopromocionales.com/productos/pila-recargable-zyma10000mah-13422/,self,true,,,true,Ninguna
https://www.kronosolopromocionales.com/productos/bolsa-en-algodon-y-yute-13436/,200,,https://www.kronosolopromocionales.com/productos/bolsa-en-algodon-y-yute-13436/,self,true,,,true,Ninguna
https://www.kronosolopromocionales.com/productos/portacomidas-puzzle-13437/,200,,https://www.kronosolopromocionales.com/productos/portacomidas-puzzle-13437/,self,true,,,true,Ninguna
https://www.kronosolopromocionales.com/productos/set-de-cocina-trattoria-13433/,200,,https://www.kronosolopromocionales.com/productos/set-de-cocina-trattoria-13433/,self,true,,,true,Ninguna
https://www.kronosolopromocionales.com/productos/vaso-en-silicona-muggo-13434/,200,,https://www.kronosolopromocionales.com/productos/vaso-en-silicona-muggo-13434/,self,true,,,true,Ninguna
https://www.kronosolopromocionales.com/productos/cable-multicargador-gauss-eco-13444/,200,,https://www.kronosolopromocionales.com/productos/cable-multicargador-gauss-eco-13444/,self,true,,,true,Ninguna
https://www.kronosolopromocionales.com/productos/mug-metalico-juggy-880ml-13450/,200,,https://www.kronosolopromocionales.com/productos/mug-metalico-juggy-880ml-13450/,self,true,,,true,Ninguna
https://www.kronosolopromocionales.com/productos/botilito-metalico-warp-700ml-13451/,200,,https://www.kronosolopromocionales.com/productos/botilito-metalico-warp-700ml-13451/,self,true,,,true,Ninguna
https://www.kronosolopromocionales.com/productos/masajeador-roller-2-1-13452/,200,,https://www.kronosolopromocionales.com/productos/masajeador-roller-2-1-13452/,self,true,,,true,Ninguna
https://www.kronosolopromocionales.com/productos/portacelular-elephant-13453/,200,,https://www.kronosolopromocionales.com/productos/portacelular-elephant-13453/,self,true,,,true,Ninguna
https://www.kronosolopromocionales.com/productos/clip-magnetico-2-1-13455/,200,,https://www.kronosolopromocionales.com/productos/clip-magnetico-2-1-13455/,self,true,,,true,Ninguna
https://www.kronosolopromocionales.com/productos/martillo-reflex-13456/,200,,https://www.kronosolopromocionales.com/productos/martillo-reflex-13456/,self,true,,,true,Ninguna
https://www.kronosolopromocionales.com/productos/mug-metalico-noma-chili-900ml-13459/,200,,https://www.kronosolopromocionales.com/productos/mug-metalico-noma-chili-900ml-13459/,self,true,,,true,Ninguna
https://www.kronosolopromocionales.com/productos/botilito-metalico-klak-chili-1l-13460/,200,,https://www.kronosolopromocionales.com/productos/botilito-metalico-klak-chili-1l-13460/,self,true,,,true,Ninguna
https://www.kronosolopromocionales.com/productos/speaker-bluetooth-fyra-13466/,200,,https://www.kronosolopromocionales.com/productos/speaker-bluetooth-fyra-13466/,self,true,,,true,Ninguna
https://www.kronosolopromocionales.com/productos/botilito-metalico-kolvo-urban-travel-440ml-13467/,200,,https://www.kronosolopromocionales.com/productos/botilito-metalico-kolvo-urban-travel-440ml-13467/,self,true,,,true,Ninguna
https://www.kronosolopromocionales.com/productos/mug-metalico-avenix380-ml-13468/,200,,https://www.kronosolopromocionales.com/productos/mug-metalico-avenix380-ml-13468/,self,true,,,true,Ninguna
https://www.kronosolopromocionales.com/productos/speaker-bluetooth-bambino-3-1-13470/,200,,https://www.kronosolopromocionales.com/productos/speaker-bluetooth-bambino-3-1-13470/,self,true,,,true,Ninguna
https://www.kronosolopromocionales.com/productos/speaker-bluetooth-auralux-13471/,200,,https://www.kronosolopromocionales.com/productos/speaker-bluetooth-auralux-13471/,self,true,,,true,Ninguna
https://www.kronosolopromocionales.com/productos/botilito-hoola-rpet-750ml-13473/,200,,https://www.kronosolopromocionales.com/productos/botilito-hoola-rpet-750ml-13473/,self,true,,,true,Ninguna
https://www.kronosolopromocionales.com/productos/mug-plastico-quovo-500ml-13474/,200,,https://www.kronosolopromocionales.com/productos/mug-plastico-quovo-500ml-13474/,self,true,,,true,Ninguna
https://www.kronosolopromocionales.com/productos/cargador-inalambrico-voss-13475/,200,,https://www.kronosolopromocionales.com/productos/cargador-inalambrico-voss-13475/,self,true,,,true,Ninguna
https://www.kronosolopromocionales.com/productos/cable-multicargador-voss-13476/,200,,https://www.kronosolopromocionales.com/productos/cable-multicargador-voss-13476/,self,true,,,true,Ninguna
https://www.kronosolopromocionales.com/productos/cargador-inalambrico-con-cables-4-1-13478/,200,,https://www.kronosolopromocionales.com/productos/cargador-inalambrico-con-cables-4-1-13478/,self,true,,,true,Ninguna
https://www.kronosolopromocionales.com/productos/mug-metalico-camper-urban-travel-1100-ml-13479/,200,,https://www.kronosolopromocionales.com/productos/mug-metalico-camper-urban-travel-1100-ml-13479/,self,true,,,true,Ninguna
https://www.kronosolopromocionales.com/productos/botilito-metalico-gulpy-790-ml-13480/,200,,https://www.kronosolopromocionales.com/productos/botilito-metalico-gulpy-790-ml-13480/,self,true,,,true,Ninguna
https://www.kronosolopromocionales.com/productos/mug-en-ceramica-earth-450ml-13482/,200,,https://www.kronosolopromocionales.com/productos/mug-en-ceramica-earth-450ml-13482/,self,true,,,true,Ninguna
https://www.kronosolopromocionales.com/productos/mug-en-ceramica-rubber-325ml-13483/,200,,https://www.kronosolopromocionales.com/productos/mug-en-ceramica-rubber-325ml-13483/,self,true,,,true,Ninguna
https://www.kronosolopromocionales.com/productos/botilito-dual-rpet-700-ml-13487/,200,,https://www.kronosolopromocionales.com/productos/botilito-dual-rpet-700-ml-13487/,self,true,,,true,Ninguna
https://www.kronosolopromocionales.com/productos/mug-kolly-500-ml-13488/,200,,https://www.kronosolopromocionales.com/productos/mug-kolly-500-ml-13488/,self,true,,,true,Ninguna
https://www.kronosolopromocionales.com/productos/mug-metalico-boof-600-ml-13489/,200,,https://www.kronosolopromocionales.com/productos/mug-metalico-boof-600-ml-13489/,self,true,,,true,Ninguna
https://www.kronosolopromocionales.com/productos/mug-metalico-tasso-500ml-13463/,200,,https://www.kronosolopromocionales.com/productos/mug-metalico-tasso-500ml-13463/,self,true,,,true,Ninguna
https://www.kronosolopromocionales.com/productos/mug-metalico-brumo-1200ml-13464/,200,,https://www.kronosolopromocionales.com/productos/mug-metalico-brumo-1200ml-13464/,self,true,,,true,Ninguna
https://www.kronosolopromocionales.com/productos/coge-ollas-con-silicona-13497/,200,,https://www.kronosolopromocionales.com/productos/coge-ollas-con-silicona-13497/,self,true,,,true,Ninguna
https://www.kronosolopromocionales.com/productos/funda-para-mouse-13493/,200,,https://www.kronosolopromocionales.com/productos/funda-para-mouse-13493/,self,true,,,true,Ninguna
https://www.kronosolopromocionales.com/productos/botilito-metalico-lumo-550ml-13511/,200,,https://www.kronosolopromocionales.com/productos/botilito-metalico-lumo-550ml-13511/,self,true,,,true,Ninguna
https://www.kronosolopromocionales.com/productos/costurero-valen-13340/,200,,https://www.kronosolopromocionales.com/productos/costurero-valen-13340/,self,true,,,true,Ninguna
https://www.kronosolopromocionales.com/productos/set-de-mini-frascos-travel-13330/,200,,https://www.kronosolopromocionales.com/productos/set-de-mini-frascos-travel-13330/,self,true,,,true,Ninguna
https://www.kronosolopromocionales.com/productos/llavero-pop-it-bolt-13321/,200,,https://www.kronosolopromocionales.com/productos/llavero-pop-it-bolt-13321/,self,true,,,true,Ninguna
https://www.kronosolopromocionales.com/productos/apoya-munecas-pop-it-13322/,200,,https://www.kronosolopromocionales.com/productos/apoya-munecas-pop-it-13322/,self,true,,,true,Ninguna
https://www.kronosolopromocionales.com/productos/antiestres-pop-it-13318/,200,,https://www.kronosolopromocionales.com/productos/antiestres-pop-it-13318/,self,true,,,true,Ninguna
https://www.kronosolopromocionales.com/productos/paraguas-comforella-20-13283/,200,,https://www.kronosolopromocionales.com/productos/paraguas-comforella-20-13283/,self,true,,,true,Ninguna
https://www.kronosolopromocionales.com/productos/paraguas-easyroll-23-13285/,200,,https://www.kronosolopromocionales.com/productos/paraguas-easyroll-23-13285/,self,true,,,true,Ninguna
https://www.kronosolopromocionales.com/productos/paraguas-voltus-27-urban-travel-13233/,200,,https://www.kronosolopromocionales.com/productos/paraguas-voltus-27-urban-travel-13233/,self,true,,,true,Ninguna
https://www.kronosolopromocionales.com/productos/mini-paraguas-hook-21-urban-travel-13234/,200,,https://www.kronosolopromocionales.com/productos/mini-paraguas-hook-21-urban-travel-13234/,self,true,,,true,Ninguna
https://www.kronosolopromocionales.com/productos/mini-paraguas-super-light-21-urban-travel-13235/,200,,https://www.kronosolopromocionales.com/productos/mini-paraguas-super-light-21-urban-travel-13235/,self,true,,,true,Ninguna
https://www.kronosolopromocionales.com/productos/manilla-pocket-13249/,200,,https://www.kronosolopromocionales.com/productos/manilla-pocket-13249/,self,true,,,true,Ninguna
https://www.kronosolopromocionales.com/productos/banda-head-13250/,200,,https://www.kronosolopromocionales.com/productos/banda-head-13250/,self,true,,,true,Ninguna
https://www.kronosolopromocionales.com/productos/set-de-manicure-zeldra-13491/,200,,https://www.kronosolopromocionales.com/productos/set-de-manicure-zeldra-13491/,self,true,,,true,Ninguna
https://www.kronosolopromocionales.com/productos/balaca-para-maquillaje-13484/,200,,https://www.kronosolopromocionales.com/productos/balaca-para-maquillaje-13484/,self,true,,,true,Ninguna
https://www.kronosolopromocionales.com/productos/toalla-cooltech-13481/,200,,https://www.kronosolopromocionales.com/productos/toalla-cooltech-13481/,self,true,,,true,Ninguna
https://www.kronosolopromocionales.com/productos/tijeras-plasticas-13454/,200,,https://www.kronosolopromocionales.com/productos/tijeras-plasticas-13454/,self,true,,,true,Ninguna
https://www.kronosolopromocionales.com/productos/cepillo-en-silicona-eco-13430/,200,,https://www.kronosolopromocionales.com/productos/cepillo-en-silicona-eco-13430/,self,true,,,true,Ninguna
https://www.kronosolopromocionales.com/productos/set-de-maquillaje-tasking-13432/,200,,https://www.kronosolopromocionales.com/productos/set-de-maquillaje-tasking-13432/,self,true,,,true,Ninguna
https://www.kronosolopromocionales.com/productos/espejo-con-luz-garda-13413/,200,,https://www.kronosolopromocionales.com/productos/espejo-con-luz-garda-13413/,self,true,,,true,Ninguna
https://www.kronosolopromocionales.com/productos/espejo-shower-13419/,200,,https://www.kronosolopromocionales.com/productos/espejo-shower-13419/,self,true,,,true,Ninguna
https://www.kronosolopromocionales.com/productos/espejo-flex-square-13420/,200,,https://www.kronosolopromocionales.com/productos/espejo-flex-square-13420/,self,true,,,true,Ninguna
https://www.kronosolopromocionales.com/productos/set-de-brochas-mirror-light-13409/,200,,https://www.kronosolopromocionales.com/productos/set-de-brochas-mirror-light-13409/,self,true,,,true,Ninguna
https://www.kronosolopromocionales.com/productos/masajeador-brandon-13521/,200,,https://www.kronosolopromocionales.com/productos/masajeador-brandon-13521/,self,true,,,true,Ninguna
https://www.kronosolopromocionales.com/productos/memo-pad-con-destapador-13337/,200,,https://www.kronosolopromocionales.com/productos/memo-pad-con-destapador-13337/,self,true,,,true,Ninguna
https://www.kronosolopromocionales.com/productos/set-de-viaje-icarus-13348/,200,,https://www.kronosolopromocionales.com/productos/set-de-viaje-icarus-13348/,self,true,,,true,Ninguna
https://www.kronosolopromocionales.com/productos/cepillo-para-mascota-13427/,200,,https://www.kronosolopromocionales.com/productos/cepillo-para-mascota-13427/,self,true,,,true,Ninguna
https://www.kronosolopromocionales.com/productos/identificador-de-maletas-en-pvc-13490/,200,,https://www.kronosolopromocionales.com/productos/identificador-de-maletas-en-pvc-13490/,self,true,,,true,Ninguna
https://www.kronosolopromocionales.com/productos/set-travel-lock-13274/,200,,https://www.kronosolopromocionales.com/productos/set-travel-lock-13274/,self,true,,,true,Ninguna
https://www.kronosolopromocionales.com/productos/pito-5-1-nuevo-13304/,200,,https://www.kronosolopromocionales.com/productos/pito-5-1-nuevo-13304/,self,true,,,true,Ninguna
https://www.kronosolopromocionales.com/productos/set-midas-13336/,200,,https://www.kronosolopromocionales.com/productos/set-midas-13336/,self,true,,,true,Ninguna
https://www.kronosolopromocionales.com/productos/morral-backpack-circuit-urban-travel-13341/,200,,https://www.kronosolopromocionales.com/productos/morral-backpack-circuit-urban-travel-13341/,self,true,,,true,Ninguna
https://www.kronosolopromocionales.com/productos/morral-backpack-quasar-urban-travel-13342/,200,,https://www.kronosolopromocionales.com/productos/morral-backpack-quasar-urban-travel-13342/,self,true,,,true,Ninguna
https://www.kronosolopromocionales.com/productos/libreta-klivor-13305/,200,,https://www.kronosolopromocionales.com/productos/libreta-klivor-13305/,self,true,,,true,Ninguna
https://www.kronosolopromocionales.com/productos/ventilador-veltra-13301/,200,,https://www.kronosolopromocionales.com/productos/ventilador-veltra-13301/,self,true,,,true,Ninguna
https://www.kronosolopromocionales.com/productos/ventilador-skylon-13302/,200,,https://www.kronosolopromocionales.com/productos/ventilador-skylon-13302/,self,true,,,true,Ninguna
https://www.kronosolopromocionales.com/productos/morral-backpack-kazomi-13311/,200,,https://www.kronosolopromocionales.com/productos/morral-backpack-kazomi-13311/,self,true,,,true,Ninguna
https://www.kronosolopromocionales.com/productos/libreta-inker-rpet-13241/,200,,https://www.kronosolopromocionales.com/productos/libreta-inker-rpet-13241/,self,true,,,true,Ninguna
https://www.kronosolopromocionales.com/productos/set-ecologico-demin-13278/,200,,https://www.kronosolopromocionales.com/productos/set-ecologico-demin-13278/,self,true,,,true,Ninguna
https://www.kronosolopromocionales.com/productos/set-ecologico-element-13279/,200,,https://www.kronosolopromocionales.com/productos/set-ecologico-element-13279/,self,true,,,true,Ninguna
https://www.kronosolopromocionales.com/productos/sticky-set-home-13281/,200,,https://www.kronosolopromocionales.com/productos/sticky-set-home-13281/,self,true,,,true,Ninguna
https://www.kronosolopromocionales.com/productos/sticky-set-con-regla-13282/,200,,https://www.kronosolopromocionales.com/productos/sticky-set-con-regla-13282/,self,true,,,true,Ninguna
https://www.kronosolopromocionales.com/productos/calculadora-con-tablero-13275/,200,,https://www.kronosolopromocionales.com/productos/calculadora-con-tablero-13275/,self,true,,,true,Ninguna
https://www.kronosolopromocionales.com/productos/morral-backpack-omni-13268/,200,,https://www.kronosolopromocionales.com/productos/morral-backpack-omni-13268/,self,true,,,true,Ninguna
https://www.kronosolopromocionales.com/productos/sticky-set-thunder-13265/,200,,https://www.kronosolopromocionales.com/productos/sticky-set-thunder-13265/,self,true,,,true,Ninguna
https://www.kronosolopromocionales.com/productos/silla-compact-flex-13251/,200,,https://www.kronosolopromocionales.com/productos/silla-compact-flex-13251/,self,true,,,true,Ninguna
https://www.kronosolopromocionales.com/productos/tabla-clip-bamboo-13499/,200,,https://www.kronosolopromocionales.com/productos/tabla-clip-bamboo-13499/,self,true,,,true,Ninguna
https://www.kronosolopromocionales.com/productos/tabla-anotadora-box-nuevo-13486/,200,,https://www.kronosolopromocionales.com/productos/tabla-anotadora-box-nuevo-13486/,self,true,,,true,Ninguna
https://www.kronosolopromocionales.com/productos/memo-pad-milk-13504/,200,,https://www.kronosolopromocionales.com/productos/memo-pad-milk-13504/,self,true,,,true,Ninguna
https://www.kronosolopromocionales.com/productos/sticky-set-milk-13505/,200,,https://www.kronosolopromocionales.com/productos/sticky-set-milk-13505/,self,true,,,true,Ninguna
https://www.kronosolopromocionales.com/productos/sticky-set-oval-milk-13506/,200,,https://www.kronosolopromocionales.com/productos/sticky-set-oval-milk-13506/,self,true,,,true,Ninguna
https://www.kronosolopromocionales.com/productos/cordon-para-portacelular-bamboo-eco-13507/,200,,https://www.kronosolopromocionales.com/productos/cordon-para-portacelular-bamboo-eco-13507/,self,true,,,true,Ninguna
https://www.kronosolopromocionales.com/productos/camion-antiestres-13492/,200,,https://www.kronosolopromocionales.com/productos/camion-antiestres-13492/,self,true,,,true,Ninguna
https://www.kronosolopromocionales.com/productos/portaboligrafos-en-bamboo-360-13442/,200,,https://www.kronosolopromocionales.com/productos/portaboligrafos-en-bamboo-360-13442/,self,true,,,true,Ninguna
https://www.kronosolopromocionales.com/productos/calendario-perpetuo-pad-bamboo-13443/,200,,https://www.kronosolopromocionales.com/productos/calendario-perpetuo-pad-bamboo-13443/,self,true,,,true,Ninguna
https://www.kronosolopromocionales.com/productos/sticky-set-micron-13445/,200,,https://www.kronosolopromocionales.com/productos/sticky-set-micron-13445/,self,true,,,true,Ninguna
https://www.kronosolopromocionales.com/productos/mini-set-goblet-eco-13446/,200,,https://www.kronosolopromocionales.com/productos/mini-set-goblet-eco-13446/,self,true,,,true,Ninguna
https://www.kronosolopromocionales.com/productos/morral-backpack-luno-master-ocean-13457/,200,,https://www.kronosolopromocionales.com/productos/morral-backpack-luno-master-ocean-13457/,self,true,,,true,Ninguna
https://www.kronosolopromocionales.com/productos/libreta-astralis-cork-13469/,200,,https://www.kronosolopromocionales.com/productos/libreta-astralis-cork-13469/,self,true,,,true,Ninguna
https://www.kronosolopromocionales.com/productos/joyero-krono-13431/,200,,https://www.kronosolopromocionales.com/productos/joyero-krono-13431/,self,true,,,true,Ninguna
https://www.kronosolopromocionales.com/productos/set-jorka-urban-business-13425/,200,,https://www.kronosolopromocionales.com/productos/set-jorka-urban-business-13425/,self,true,,,true,Ninguna
https://www.kronosolopromocionales.com/productos/set-bantik-urban-business-13426/,200,,https://www.kronosolopromocionales.com/productos/set-bantik-urban-business-13426/,self,true,,,true,Ninguna
https://www.kronosolopromocionales.com/productos/organizador-de-escritorio-bamboo-13415/,200,,https://www.kronosolopromocionales.com/productos/organizador-de-escritorio-bamboo-13415/,self,true,,,true,Ninguna
https://www.kronosolopromocionales.com/productos/repelente-de-insectos-13412/,200,,https://www.kronosolopromocionales.com/productos/repelente-de-insectos-13412/,self,true,,,true,Ninguna
https://www.kronosolopromocionales.com/productos/morral-backpack-swiss-peak-buzz-13398/,200,,https://www.kronosolopromocionales.com/productos/morral-backpack-swiss-peak-buzz-13398/,self,true,,,true,Ninguna
https://www.kronosolopromocionales.com/productos/morral-backpack-krum-13399/,200,,https://www.kronosolopromocionales.com/productos/morral-backpack-krum-13399/,self,true,,,true,Ninguna
https://www.kronosolopromocionales.com/productos/cobija-manta-de-viaje-travel-produccion-nacional-13528/,200,,https://www.kronosolopromocionales.com/productos/cobija-manta-de-viaje-travel-produccion-nacional-13528/,self,true,,,true,Ninguna
https://www.kronosolopromocionales.com/productos/organizador-de-escritorio-crunch-produccion-nacional-13529/,200,,https://www.kronosolopromocionales.com/productos/organizador-de-escritorio-crunch-produccion-nacional-13529/,self,true,,,true,Ninguna
https://www.kronosolopromocionales.com/productos/bolsa-en-yute-mirka-13526/,200,,https://www.kronosolopromocionales.com/productos/bolsa-en-yute-mirka-13526/,self,true,,,true,Ninguna
https://www.kronosolopromocionales.com/productos/nevera-cooler-glidex-13361/,200,,https://www.kronosolopromocionales.com/productos/nevera-cooler-glidex-13361/,self,true,,,true,Ninguna
https://www.kronosolopromocionales.com/productos/morral-backpack-metrix-13375/,200,,https://www.kronosolopromocionales.com/productos/morral-backpack-metrix-13375/,self,true,,,true,Ninguna
https://www.kronosolopromocionales.com/productos/nevera-cooler-kael-13376/,200,,https://www.kronosolopromocionales.com/productos/nevera-cooler-kael-13376/,self,true,,,true,Ninguna
https://www.kronosolopromocionales.com/productos/bolsa-organizador-glinter-13428/,200,,https://www.kronosolopromocionales.com/productos/bolsa-organizador-glinter-13428/,self,true,,,true,Ninguna
https://www.kronosolopromocionales.com/productos/morral-backpack-templi-13424/,200,,https://www.kronosolopromocionales.com/productos/morral-backpack-templi-13424/,self,true,,,true,Ninguna
https://www.kronosolopromocionales.com/productos/organizador-womp-master-ocean-13458/,200,,https://www.kronosolopromocionales.com/productos/organizador-womp-master-ocean-13458/,self,true,,,true,Ninguna
https://www.kronosolopromocionales.com/productos/estuche-sencillo-magnetic-13447/,200,,https://www.kronosolopromocionales.com/productos/estuche-sencillo-magnetic-13447/,self,true,,,true,Ninguna
https://www.kronosolopromocionales.com/productos/estuche-doble-magnetic-13448/,200,,https://www.kronosolopromocionales.com/productos/estuche-doble-magnetic-13448/,self,true,,,true,Ninguna
https://www.kronosolopromocionales.com/productos/maletin-en-cambrel-13509/,200,,https://www.kronosolopromocionales.com/productos/maletin-en-cambrel-13509/,self,true,,,true,Ninguna
https://www.kronosolopromocionales.com/productos/bolsa-ember-13503/,200,,https://www.kronosolopromocionales.com/productos/bolsa-ember-13503/,self,true,,,true,Ninguna
https://www.kronosolopromocionales.com/productos/organizador-dalia-13252/,200,,https://www.kronosolopromocionales.com/productos/organizador-dalia-13252/,self,true,,,true,Ninguna
https://www.kronosolopromocionales.com/productos/morral-backpack-galko-13254/,200,,https://www.kronosolopromocionales.com/productos/morral-backpack-galko-13254/,self,true,,,true,Ninguna
https://www.kronosolopromocionales.com/productos/bolsa-en-cambrel-clento-13255/,200,,https://www.kronosolopromocionales.com/productos/bolsa-en-cambrel-clento-13255/,self,true,,,true,Ninguna
https://www.kronosolopromocionales.com/productos/bolsa-en-cambrel-vest-13256/,200,,https://www.kronosolopromocionales.com/productos/bolsa-en-cambrel-vest-13256/,self,true,,,true,Ninguna
https://www.kronosolopromocionales.com/productos/set-de-resaltadores-heart-13260/,200,,https://www.kronosolopromocionales.com/productos/set-de-resaltadores-heart-13260/,self,true,,,true,Ninguna
https://www.kronosolopromocionales.com/productos/set-de-resaltadores-square-13261/,200,,https://www.kronosolopromocionales.com/productos/set-de-resaltadores-square-13261/,self,true,,,true,Ninguna
https://www.kronosolopromocionales.com/productos/morral-backpack-zylos-13266/,200,,https://www.kronosolopromocionales.com/productos/morral-backpack-zylos-13266/,self,true,,,true,Ninguna
https://www.kronosolopromocionales.com/productos/nevera-cooler-cassian-13267/,200,,https://www.kronosolopromocionales.com/productos/nevera-cooler-cassian-13267/,self,true,,,true,Ninguna
https://www.kronosolopromocionales.com/productos/nevera-cooler-dapper-13269/,200,,https://www.kronosolopromocionales.com/productos/nevera-cooler-dapper-13269/,self,true,,,true,Ninguna
https://www.kronosolopromocionales.com/productos/nevera-cooler-champ-13229/,200,,https://www.kronosolopromocionales.com/productos/nevera-cooler-champ-13229/,self,true,,,true,Ninguna
https://www.kronosolopromocionales.com/productos/portadocumentos-de-viaje-y-de-cables-lumen-13230/,200,,https://www.kronosolopromocionales.com/productos/portadocumentos-de-viaje-y-de-cables-lumen-13230/,self,true,,,true,Ninguna
https://www.kronosolopromocionales.com/productos/cosmetiquera-kovina-13231/,200,,https://www.kronosolopromocionales.com/productos/cosmetiquera-kovina-13231/,self,true,,,true,Ninguna
https://www.kronosolopromocionales.com/productos/organizador-liloz-13240/,200,,https://www.kronosolopromocionales.com/productos/organizador-liloz-13240/,self,true,,,true,Ninguna
https://www.kronosolopromocionales.com/productos/set-de-resaltadores-luban-13221/,200,,https://www.kronosolopromocionales.com/productos/set-de-resaltadores-luban-13221/,self,true,,,true,Ninguna
https://www.kronosolopromocionales.com/productos/morral-backpack-radeon-13209/,200,,https://www.kronosolopromocionales.com/productos/morral-backpack-radeon-13209/,self,true,,,true,Ninguna
https://www.kronosolopromocionales.com/productos/nevera-cooler-fluent-13289/,200,,https://www.kronosolopromocionales.com/productos/nevera-cooler-fluent-13289/,self,true,,,true,Ninguna
https://www.kronosolopromocionales.com/productos/nevera-cooler-midas-13290/,200,,https://www.kronosolopromocionales.com/productos/nevera-cooler-midas-13290/,self,true,,,true,Ninguna
https://www.kronosolopromocionales.com/productos/organizador-kappa-urban-travel-13343/,200,,https://www.kronosolopromocionales.com/productos/organizador-kappa-urban-travel-13343/,self,true,,,true,Ninguna
https://www.kronosolopromocionales.com/productos/boligrafo-dash-solido-13344/,200,,https://www.kronosolopromocionales.com/productos/boligrafo-dash-solido-13344/,self,true,,,true,Ninguna
https://www.kronosolopromocionales.com/productos/boligrafo-dash-frost-13345/,200,,https://www.kronosolopromocionales.com/productos/boligrafo-dash-frost-13345/,self,true,,,true,Ninguna
https://www.kronosolopromocionales.com/productos/boligrafo-summit-metal-13346/,200,,https://www.kronosolopromocionales.com/productos/boligrafo-summit-metal-13346/,self,true,,,true,Ninguna
https://www.kronosolopromocionales.com/productos/boligrafo-swift-eco-13347/,200,,https://www.kronosolopromocionales.com/productos/boligrafo-swift-eco-13347/,self,true,,,true,Ninguna
https://www.kronosolopromocionales.com/productos/boligrafo-allegro-13355/,200,,https://www.kronosolopromocionales.com/productos/boligrafo-allegro-13355/,self,true,,,true,Ninguna
https://www.kronosolopromocionales.com/productos/boligrafo-clasp-borrable-13356/,200,,https://www.kronosolopromocionales.com/productos/boligrafo-clasp-borrable-13356/,self,true,,,true,Ninguna
https://www.kronosolopromocionales.com/productos/set-de-boligrafos-emblem-13357/,200,,https://www.kronosolopromocionales.com/productos/set-de-boligrafos-emblem-13357/,self,true,,,true,Ninguna
https://www.kronosolopromocionales.com/productos/boligrafo-helix-bamboo-13358/,200,,https://www.kronosolopromocionales.com/productos/boligrafo-helix-bamboo-13358/,self,true,,,true,Ninguna
https://www.kronosolopromocionales.com/productos/boligrafo-nest-13359/,200,,https://www.kronosolopromocionales.com/productos/boligrafo-nest-13359/,self,true,,,true,Ninguna
https://www.kronosolopromocionales.com/productos/boligrafo-nest-eco-13360/,200,,https://www.kronosolopromocionales.com/productos/boligrafo-nest-eco-13360/,self,true,,,true,Ninguna
https://www.kronosolopromocionales.com/productos/roller-nimbus-13309/,200,,https://www.kronosolopromocionales.com/productos/roller-nimbus-13309/,self,true,,,true,Ninguna
https://www.kronosolopromocionales.com/productos/boligrafo-lynx-solido-13312/,200,,https://www.kronosolopromocionales.com/productos/boligrafo-lynx-solido-13312/,self,true,,,true,Ninguna
https://www.kronosolopromocionales.com/productos/boligrafo-lynx-frost-13307/,200,,https://www.kronosolopromocionales.com/productos/boligrafo-lynx-frost-13307/,self,true,,,true,Ninguna
https://www.kronosolopromocionales.com/productos/boligrafo-rompecabezas-13295/,200,,https://www.kronosolopromocionales.com/productos/boligrafo-rompecabezas-13295/,self,true,,,true,Ninguna
https://www.kronosolopromocionales.com/productos/boligrafo-grasp-13286/,200,,https://www.kronosolopromocionales.com/productos/boligrafo-grasp-13286/,self,true,,,true,Ninguna
https://www.kronosolopromocionales.com/productos/boligrafo-x-tool-6-en-1-13288/,200,,https://www.kronosolopromocionales.com/productos/boligrafo-x-tool-6-en-1-13288/,self,true,,,true,Ninguna
https://www.kronosolopromocionales.com/productos/boligrafo-vinnie-pastel-13214/,200,,https://www.kronosolopromocionales.com/productos/boligrafo-vinnie-pastel-13214/,self,true,,,true,Ninguna
https://www.kronosolopromocionales.com/productos/boligrafo-summit-metal-cork-13215/,200,,https://www.kronosolopromocionales.com/productos/boligrafo-summit-metal-cork-13215/,self,true,,,true,Ninguna
https://www.kronosolopromocionales.com/productos/boligrafo-glimmer-13216/,200,,https://www.kronosolopromocionales.com/productos/boligrafo-glimmer-13216/,self,true,,,true,Ninguna
https://www.kronosolopromocionales.com/productos/boligrafo-mystic-13220/,200,,https://www.kronosolopromocionales.com/productos/boligrafo-mystic-13220/,self,true,,,true,Ninguna
https://www.kronosolopromocionales.com/productos/set-jolt-13271/,200,,https://www.kronosolopromocionales.com/productos/set-jolt-13271/,self,true,,,true,Ninguna
https://www.kronosolopromocionales.com/productos/boligrafo-shimmer-13263/,200,,https://www.kronosolopromocionales.com/productos/boligrafo-shimmer-13263/,self,true,,,true,Ninguna
https://www.kronosolopromocionales.com/productos/roller-shimmer-13264/,200,,https://www.kronosolopromocionales.com/productos/roller-shimmer-13264/,self,true,,,true,Ninguna
https://www.kronosolopromocionales.com/productos/set-de-boligrafos-vector-13465/,200,,https://www.kronosolopromocionales.com/productos/set-de-boligrafos-vector-13465/,self,true,,,true,Ninguna
https://www.kronosolopromocionales.com/productos/estuche-black-carton-13449/,200,,https://www.kronosolopromocionales.com/productos/estuche-black-carton-13449/,self,true,,,true,Ninguna
https://www.kronosolopromocionales.com/productos/vector-roller-13461/,200,,https://www.kronosolopromocionales.com/productos/vector-roller-13461/,self,true,,,true,Ninguna
https://www.kronosolopromocionales.com/productos/boligrafo-cork-stand-13462/,200,,https://www.kronosolopromocionales.com/productos/boligrafo-cork-stand-13462/,self,true,,,true,Ninguna
https://www.kronosolopromocionales.com/productos/boligrafo-blink-13438/,200,,https://www.kronosolopromocionales.com/productos/boligrafo-blink-13438/,self,true,,,true,Ninguna
https://www.kronosolopromocionales.com/productos/boligrafo-delphi-13439/,200,,https://www.kronosolopromocionales.com/productos/boligrafo-delphi-13439/,self,true,,,true,Ninguna
https://www.kronosolopromocionales.com/productos/boligrafo-roller-delphi-13440/,200,,https://www.kronosolopromocionales.com/productos/boligrafo-roller-delphi-13440/,self,true,,,true,Ninguna
https://www.kronosolopromocionales.com/productos/boligrafo-vinnie-grip-13441/,200,,https://www.kronosolopromocionales.com/productos/boligrafo-vinnie-grip-13441/,self,true,,,true,Ninguna
https://www.kronosolopromocionales.com/productos/set-de-boligrafo-y-portaminas-stanley-13416/,200,,https://www.kronosolopromocionales.com/productos/set-de-boligrafo-y-portaminas-stanley-13416/,self,true,,,true,Ninguna
https://www.kronosolopromocionales.com/productos/boligrafo-artisan-13417/,200,,https://www.kronosolopromocionales.com/productos/boligrafo-artisan-13417/,self,true,,,true,Ninguna
https://www.kronosolopromocionales.com/productos/boligrafo-avert-13418/,200,,https://www.kronosolopromocionales.com/productos/boligrafo-avert-13418/,self,true,,,true,Ninguna
https://www.kronosolopromocionales.com/productos/boligrafo-ventura-13349/,200,,https://www.kronosolopromocionales.com/productos/boligrafo-ventura-13349/,self,true,,,false,Ninguna
https://www.kronosolopromocionales.com/productos/set-de-boligrafos-baltimore-vinga-eco-13400/,200,,https://www.kronosolopromocionales.com/productos/set-de-boligrafos-baltimore-vinga-eco-13400/,self,true,,,true,Ninguna
https://www.kronosolopromocionales.com/productos/organizador-multiusos-monet-produccion-nacional-13403/,200,,https://www.kronosolopromocionales.com/productos/organizador-multiusos-monet-produccion-nacional-13403/,self,true,,,true,Ninguna
https://www.kronosolopromocionales.com/productos/mug-shaker-nyro-600ml-13248/,200,,https://www.kronosolopromocionales.com/productos/mug-shaker-nyro-600ml-13248/,self,true,,,true,Ninguna
https://www.kronosolopromocionales.com/productos/boligrafo-abanico-13293/,200,,https://www.kronosolopromocionales.com/productos/boligrafo-abanico-13293/,self,true,,,true,Ninguna
https://www.kronosolopromocionales.com/productos/rastreador-airtag-seek-13203/,200,,https://www.kronosolopromocionales.com/productos/rastreador-airtag-seek-13203/,self,true,,,true,Ninguna
https://www.kronosolopromocionales.com/productos/rastreador-airtag-vibe-13204/,200,,https://www.kronosolopromocionales.com/productos/rastreador-airtag-vibe-13204/,self,true,,,true,Ninguna
https://www.kronosolopromocionales.com/productos/boligrafo-vinnie-13386/,200,,https://www.kronosolopromocionales.com/productos/boligrafo-vinnie-13386/,self,true,,,true,Ninguna
https://www.kronosolopromocionales.com/productos/alcancia-piggy-max-13495/,200,,https://www.kronosolopromocionales.com/productos/alcancia-piggy-max-13495/,self,true,dup-1,,true,Definir canonical entre el grupo o consolidar contenido
https://www.kronosolopromocionales.com/productos/boligrafo-mini-dwell-13512/,200,,https://www.kronosolopromocionales.com/productos/boligrafo-mini-dwell-13512/,self,true,,,true,Ninguna
https://www.kronosolopromocionales.com/productos/cobija-pillow-13501/,200,,https://www.kronosolopromocionales.com/productos/cobija-pillow-13501/,self,true,dup-2,,true,Definir canonical entre el grupo o consolidar contenido
https://www.kronosolopromocionales.com/productos/sporty-bag-garda-rpet-13502/,200,,https://www.kronosolopromocionales.com/productos/sporty-bag-garda-rpet-13502/,self,true,,,true,Ninguna
https://www.kronosolopromocionales.com/productos/bolsa-en-algodon-solara-240gr-13207/,200,,https://www.kronosolopromocionales.com/productos/bolsa-en-algodon-solara-240gr-13207/,self,true,,,true,Ninguna
https://www.kronosolopromocionales.com/productos/sporty-bag-en-algodon-zetta-100gr-13208/,200,,https://www.kronosolopromocionales.com/productos/sporty-bag-en-algodon-zetta-100gr-13208/,self,true,,,true,Ninguna
https://www.kronosolopromocionales.com/productos/botilito-oasis-800ml-prod-nacional-13194/,200,,https://www.kronosolopromocionales.com/productos/botilito-oasis-800ml-prod-nacional-13194/,self,true,,,true,Ninguna
https://www.kronosolopromocionales.com/productos/boligrafo-ecopetite-13196/,200,,https://www.kronosolopromocionales.com/productos/boligrafo-ecopetite-13196/,self,true,,,true,Ninguna
https://www.kronosolopromocionales.com/productos/mug-metalico-star-350ml-13197/,200,,https://www.kronosolopromocionales.com/productos/mug-metalico-star-350ml-13197/,self,true,,,true,Ninguna
https://www.kronosolopromocionales.com/productos/bolsa-en-cambrel-baxter-para-sublimacion-80gr-13198/,200,,https://www.kronosolopromocionales.com/productos/bolsa-en-cambrel-baxter-para-sublimacion-80gr-13198/,self,true,,,true,Ninguna
https://www.kronosolopromocionales.com/productos/sporty-bag-en-cambrel-ewok-sublimacion-80gr-13199/,200,,https://www.kronosolopromocionales.com/productos/sporty-bag-en-cambrel-ewok-sublimacion-80gr-13199/,self,true,,,true,Ninguna
https://www.kronosolopromocionales.com/productos/portarretrato-digital-frame-13206/,200,,https://www.kronosolopromocionales.com/productos/portarretrato-digital-frame-13206/,self,true,,,true,Ninguna
https://www.kronosolopromocionales.com/productos/mug-plastico-willow-350ml-13195/,200,,https://www.kronosolopromocionales.com/productos/mug-plastico-willow-350ml-13195/,self,true,,,true,Ninguna
https://www.kronosolopromocionales.com/productos/boligrafo-crystal-2-1-13173/,200,,https://www.kronosolopromocionales.com/productos/boligrafo-crystal-2-1-13173/,self,true,,,true,Ninguna
https://www.kronosolopromocionales.com/productos/boligrafo-big-bang-13175/,200,,https://www.kronosolopromocionales.com/productos/boligrafo-big-bang-13175/,self,true,,,true,Ninguna
https://www.kronosolopromocionales.com/productos/boligrafo-multi-metal-4-1-13176/,200,,https://www.kronosolopromocionales.com/productos/boligrafo-multi-metal-4-1-13176/,self,true,,,true,Ninguna
https://www.kronosolopromocionales.com/productos/cordon-portacelular-con-cables-chili-13177/,200,,https://www.kronosolopromocionales.com/productos/cordon-portacelular-con-cables-chili-13177/,self,true,,,true,Ninguna
https://www.kronosolopromocionales.com/productos/set-de-botilitos-trio-13180/,200,,https://www.kronosolopromocionales.com/productos/set-de-botilitos-trio-13180/,self,true,,,true,Ninguna
https://www.kronosolopromocionales.com/productos/cafetera-en-vidrio-y-bambu-600ml-13181/,200,,https://www.kronosolopromocionales.com/productos/cafetera-en-vidrio-y-bambu-600ml-13181/,self,true,,,true,Ninguna
https://www.kronosolopromocionales.com/productos/set-de-botellas-de-viaje-13184/,200,,https://www.kronosolopromocionales.com/productos/set-de-botellas-de-viaje-13184/,self,true,,,true,Ninguna
https://www.kronosolopromocionales.com/productos/set-de-bano-vanity-13186/,200,,https://www.kronosolopromocionales.com/productos/set-de-bano-vanity-13186/,self,true,,,true,Ninguna
https://www.kronosolopromocionales.com/productos/mug-sparkle-296ml-13188/,200,,https://www.kronosolopromocionales.com/productos/mug-sparkle-296ml-13188/,self,true,,,true,Ninguna
https://www.kronosolopromocionales.com/productos/bolsa-en-cambrel-nevada-7767/,200,,https://www.kronosolopromocionales.com/productos/bolsa-en-cambrel-nevada-7767/,self,true,,,true,Ninguna
https://www.kronosolopromocionales.com/productos/bolsa-en-cambrel-winter-8191/,200,,https://www.kronosolopromocionales.com/productos/bolsa-en-cambrel-winter-8191/,self,true,,,true,Ninguna
https://www.kronosolopromocionales.com/productos/bolsa-en-cambrel-petit-8206/,200,,https://www.kronosolopromocionales.com/productos/bolsa-en-cambrel-petit-8206/,self,true,,,true,Ninguna
https://www.kronosolopromocionales.com/productos/sticky-set-milla-9229/,200,,https://www.kronosolopromocionales.com/productos/sticky-set-milla-9229/,self,true,,,true,Ninguna
https://www.kronosolopromocionales.com/productos/sticky-set-kerry-9230/,200,,https://www.kronosolopromocionales.com/productos/sticky-set-kerry-9230/,self,true,,,true,Ninguna
https://www.kronosolopromocionales.com/productos/memo-sticky-set-clapton-9095/,200,,https://www.kronosolopromocionales.com/productos/memo-sticky-set-clapton-9095/,self,true,,,true,Ninguna
https://www.kronosolopromocionales.com/productos/boligrafo-bamboo-9317/,200,,https://www.kronosolopromocionales.com/productos/boligrafo-bamboo-9317/,self,true,,,true,Ninguna
https://www.kronosolopromocionales.com/productos/libreta-con-boligrafo-button-reciclable-7207/,200,,https://www.kronosolopromocionales.com/productos/libreta-con-boligrafo-button-reciclable-7207/,self,true,,,true,Ninguna
https://www.kronosolopromocionales.com/productos/libreta-futbol-produccion-nacional-5633/,200,,https://www.kronosolopromocionales.com/productos/libreta-futbol-produccion-nacional-5633/,self,true,,,true,Ninguna
https://www.kronosolopromocionales.com/productos/boligrafo-bamboo-clip-eco-9675/,200,,https://www.kronosolopromocionales.com/productos/boligrafo-bamboo-clip-eco-9675/,self,true,,,true,Ninguna
https://www.kronosolopromocionales.com/productos/boligrafo-geometric-eco-9676/,200,,https://www.kronosolopromocionales.com/productos/boligrafo-geometric-eco-9676/,self,true,,,true,Ninguna
https://www.kronosolopromocionales.com/productos/botilito-metalico-troy-700ml-oferta-9773/,200,,https://www.kronosolopromocionales.com/productos/botilito-metalico-troy-700ml-oferta-9773/,self,true,,,true,Ninguna
https://www.kronosolopromocionales.com/productos/mug-metalico-bamboo-eco-350ml-9779/,200,,https://www.kronosolopromocionales.com/productos/mug-metalico-bamboo-eco-350ml-9779/,self,true,,,true,Ninguna
https://www.kronosolopromocionales.com/productos/set-de-escritorio-sticky-calendar-9785/,200,,https://www.kronosolopromocionales.com/productos/set-de-escritorio-sticky-calendar-9785/,self,true,,,true,Ninguna
https://www.kronosolopromocionales.com/productos/boligrafo-forest-bamboo-9837/,200,,https://www.kronosolopromocionales.com/productos/boligrafo-forest-bamboo-9837/,self,true,,,true,Ninguna
https://www.kronosolopromocionales.com/productos/boligrafo-lolly-bamboo-eco-9913/,200,,https://www.kronosolopromocionales.com/productos/boligrafo-lolly-bamboo-eco-9913/,self,true,,,true,Ninguna
https://www.kronosolopromocionales.com/productos/boligrafo-cartoon-mini-10015/,200,,https://www.kronosolopromocionales.com/productos/boligrafo-cartoon-mini-10015/,self,true,,,true,Ninguna
https://www.kronosolopromocionales.com/productos/boligrafo-vardis-bamboo-10044/,200,,https://www.kronosolopromocionales.com/productos/boligrafo-vardis-bamboo-10044/,self,true,,,true,Ninguna
https://www.kronosolopromocionales.com/productos/set-mirror-eco-10047/,200,,https://www.kronosolopromocionales.com/productos/set-mirror-eco-10047/,self,true,,,true,Ninguna
https://www.kronosolopromocionales.com/productos/carpeta-folder-con-cargador-inalambrico-cork-10114/,200,,https://www.kronosolopromocionales.com/productos/carpeta-folder-con-cargador-inalambrico-cork-10114/,self,true,,,true,Ninguna
https://www.kronosolopromocionales.com/productos/set-de-herramientas-maxton-10053/,200,,https://www.kronosolopromocionales.com/productos/set-de-herramientas-maxton-10053/,self,true,,,true,Ninguna
https://www.kronosolopromocionales.com/productos/metro-bamboo-10007/,200,,https://www.kronosolopromocionales.com/productos/metro-bamboo-10007/,self,true,,,true,Ninguna
https://www.kronosolopromocionales.com/productos/set-de-cubiertos-natura-eco-10066/,200,,https://www.kronosolopromocionales.com/productos/set-de-cubiertos-natura-eco-10066/,self,true,,,true,Ninguna
https://www.kronosolopromocionales.com/productos/bolsa-metalizada-mate-10236/,200,,https://www.kronosolopromocionales.com/productos/bolsa-metalizada-mate-10236/,self,true,,,true,Ninguna
https://www.kronosolopromocionales.com/productos/pitillo-reutilizable-metalico-9160/,200,,https://www.kronosolopromocionales.com/productos/pitillo-reutilizable-metalico-9160/,self,true,,,true,Ninguna
https://www.kronosolopromocionales.com/productos/espejo-bamboo-9737/,200,,https://www.kronosolopromocionales.com/productos/espejo-bamboo-9737/,self,true,,,true,Ninguna
https://www.kronosolopromocionales.com/productos/set-manicure-cork-10048/,200,,https://www.kronosolopromocionales.com/productos/set-manicure-cork-10048/,self,true,,,true,Ninguna
https://www.kronosolopromocionales.com/productos/set-de-cubiertos-bamboo-9384/,200,,https://www.kronosolopromocionales.com/productos/set-de-cubiertos-bamboo-9384/,self,true,,,true,Ninguna
https://www.kronosolopromocionales.com/productos/carpeta-de-carton-reciclable-ii-9908/,200,,https://www.kronosolopromocionales.com/productos/carpeta-de-carton-reciclable-ii-9908/,self,true,,,true,Ninguna
https://www.kronosolopromocionales.com/productos/libreta-con-boligrafo-bamboo-9683/,200,,https://www.kronosolopromocionales.com/productos/libreta-con-boligrafo-bamboo-9683/,self,true,,,true,Ninguna
https://www.kronosolopromocionales.com/productos/sticky-set-bamboo-eco-9949/,200,,https://www.kronosolopromocionales.com/productos/sticky-set-bamboo-eco-9949/,self,true,,,true,Ninguna
https://www.kronosolopromocionales.com/productos/libreta-vincent-10095/,200,,https://www.kronosolopromocionales.com/productos/libreta-vincent-10095/,self,true,,,true,Ninguna
https://www.kronosolopromocionales.com/productos/cargador-inalambrico-bamboo-ii-9893/,200,,https://www.kronosolopromocionales.com/productos/cargador-inalambrico-bamboo-ii-9893/,self,true,,,true,Ninguna
https://www.kronosolopromocionales.com/productos/cargador-inalambrico-bamboo-square-oferta-9979/,200,,https://www.kronosolopromocionales.com/productos/cargador-inalambrico-bamboo-square-oferta-9979/,self,true,,,true,Ninguna
https://www.kronosolopromocionales.com/productos/speaker-bluetooth-onyx-oferta-10135/,200,,https://www.kronosolopromocionales.com/productos/speaker-bluetooth-onyx-oferta-10135/,self,true,,,true,Ninguna
https://www.kronosolopromocionales.com/productos/speaker-bluetooth-mack-10137/,200,,https://www.kronosolopromocionales.com/productos/speaker-bluetooth-mack-10137/,self,true,,,true,Ninguna
https://www.kronosolopromocionales.com/productos/cargador-inalambrico-nembar-10278/,200,,https://www.kronosolopromocionales.com/productos/cargador-inalambrico-nembar-10278/,self,true,,,true,Ninguna
https://www.kronosolopromocionales.com/productos/libreta-igor-bamboo-10309/,200,,https://www.kronosolopromocionales.com/productos/libreta-igor-bamboo-10309/,self,true,,,true,Ninguna
https://www.kronosolopromocionales.com/productos/puerto-usb-rpet-10494/,200,,https://www.kronosolopromocionales.com/productos/puerto-usb-rpet-10494/,self,true,,,true,Ninguna
https://www.kronosolopromocionales.com/productos/cable-multicargador-3-1-bamboo-10473/,200,,https://www.kronosolopromocionales.com/productos/cable-multicargador-3-1-bamboo-10473/,self,true,,,true,Ninguna
https://www.kronosolopromocionales.com/productos/soporte-para-celular-note-10579/,200,,https://www.kronosolopromocionales.com/productos/soporte-para-celular-note-10579/,self,true,,,true,Ninguna
https://www.kronosolopromocionales.com/productos/soporte-para-moviles-nixon-bamboo-10339/,200,,https://www.kronosolopromocionales.com/productos/soporte-para-moviles-nixon-bamboo-10339/,self,true,,,true,Ninguna
https://www.kronosolopromocionales.com/productos/soporte-magnetico-para-moviles-bamboo-10509/,200,,https://www.kronosolopromocionales.com/productos/soporte-magnetico-para-moviles-bamboo-10509/,self,true,,,true,Ninguna
https://www.kronosolopromocionales.com/productos/espejo-bamboo-max-10323/,200,,https://www.kronosolopromocionales.com/productos/espejo-bamboo-max-10323/,self,true,,,true,Ninguna
https://www.kronosolopromocionales.com/productos/joyero-eco-bamboo-10439/,200,,https://www.kronosolopromocionales.com/productos/joyero-eco-bamboo-10439/,self,true,,,true,Ninguna
https://www.kronosolopromocionales.com/productos/espejo-joyero-bamboo-10377/,200,,https://www.kronosolopromocionales.com/productos/espejo-joyero-bamboo-10377/,self,true,,,true,Ninguna
https://www.kronosolopromocionales.com/productos/cepillo-eco-bamboo-10437/,200,,https://www.kronosolopromocionales.com/productos/cepillo-eco-bamboo-10437/,self,true,,,true,Ninguna
https://www.kronosolopromocionales.com/productos/set-de-pelotas-cork-10434/,200,,https://www.kronosolopromocionales.com/productos/set-de-pelotas-cork-10434/,self,true,,,true,Ninguna
https://www.kronosolopromocionales.com/productos/botilito-metalico-murphy-750ml-10503/,200,,https://www.kronosolopromocionales.com/productos/botilito-metalico-murphy-750ml-10503/,self,true,,,true,Ninguna
https://www.kronosolopromocionales.com/productos/portacelular-2-1-eco-10436/,200,,https://www.kronosolopromocionales.com/productos/portacelular-2-1-eco-10436/,self,true,,,true,Ninguna
https://www.kronosolopromocionales.com/productos/boligrafo-aston-cartoon-10534/,200,,https://www.kronosolopromocionales.com/productos/boligrafo-aston-cartoon-10534/,self,true,,,true,Ninguna
https://www.kronosolopromocionales.com/productos/boligrafo-sawyer-10515/,200,,https://www.kronosolopromocionales.com/productos/boligrafo-sawyer-10515/,self,true,,,true,Ninguna
https://www.kronosolopromocionales.com/productos/vaso-plegable-eco-10820/,200,,https://www.kronosolopromocionales.com/productos/vaso-plegable-eco-10820/,self,true,,,true,Ninguna
https://www.kronosolopromocionales.com/productos/eco-pet-9391/,200,,https://www.kronosolopromocionales.com/productos/eco-pet-9391/,self,true,,,true,Ninguna
https://www.kronosolopromocionales.com/productos/summit-eco-9416/,200,,https://www.kronosolopromocionales.com/productos/summit-eco-9416/,self,true,,,true,Ninguna
https://www.kronosolopromocionales.com/productos/boligrafo-coffee-eco-9677/,200,,https://www.kronosolopromocionales.com/productos/boligrafo-coffee-eco-9677/,self,true,,,true,Ninguna
https://www.kronosolopromocionales.com/productos/boligrafo-hollow-cartoon-9839/,200,,https://www.kronosolopromocionales.com/productos/boligrafo-hollow-cartoon-9839/,self,true,,,true,Ninguna
https://www.kronosolopromocionales.com/productos/boligrafo-hollow-eco-oferta-9840/,200,,https://www.kronosolopromocionales.com/productos/boligrafo-hollow-eco-oferta-9840/,self,true,,,true,Ninguna
https://www.kronosolopromocionales.com/productos/boligrafo-jovi-eco-9844/,200,,https://www.kronosolopromocionales.com/productos/boligrafo-jovi-eco-9844/,self,true,,,true,Ninguna
https://www.kronosolopromocionales.com/productos/boligrafo-ventura-eco-bamboo-9849/,200,,https://www.kronosolopromocionales.com/productos/boligrafo-ventura-eco-bamboo-9849/,self,true,,,true,Ninguna
https://www.kronosolopromocionales.com/productos/boligrafo-infinity-2-1-oferta-9962/,200,,https://www.kronosolopromocionales.com/productos/boligrafo-infinity-2-1-oferta-9962/,self,true,,,true,Ninguna
https://www.kronosolopromocionales.com/productos/boligrafo-ventura-bamboo-natural-9905/,200,,https://www.kronosolopromocionales.com/productos/boligrafo-ventura-bamboo-natural-9905/,self,true,,,true,Ninguna
https://www.kronosolopromocionales.com/productos/boligrafo-ventura-eco-fibra-de-trigo-9947/,200,,https://www.kronosolopromocionales.com/productos/boligrafo-ventura-eco-fibra-de-trigo-9947/,self,true,,,true,Ninguna
https://www.kronosolopromocionales.com/productos/boligrafo-grayson-stylus-cork-10018/,200,,https://www.kronosolopromocionales.com/productos/boligrafo-grayson-stylus-cork-10018/,self,true,,,true,Ninguna
https://www.kronosolopromocionales.com/productos/boligrafo-lit-10025/,200,,https://www.kronosolopromocionales.com/productos/boligrafo-lit-10025/,self,true,,,true,Ninguna
https://www.kronosolopromocionales.com/productos/set-de-boligrafos-cork-10039/,200,,https://www.kronosolopromocionales.com/productos/set-de-boligrafos-cork-10039/,self,true,,,true,Ninguna
https://www.kronosolopromocionales.com/productos/boligrafo-alden-10441/,200,,https://www.kronosolopromocionales.com/productos/boligrafo-alden-10441/,self,true,,,true,Ninguna
https://www.kronosolopromocionales.com/productos/boligrafo-ashby-10428/,200,,https://www.kronosolopromocionales.com/productos/boligrafo-ashby-10428/,self,true,,,true,Ninguna
https://www.kronosolopromocionales.com/productos/boligrafo-foster-10440/,200,,https://www.kronosolopromocionales.com/productos/boligrafo-foster-10440/,self,true,,,true,Ninguna
https://www.kronosolopromocionales.com/productos/boligrafo-vinnie-coffee-10545/,200,,https://www.kronosolopromocionales.com/productos/boligrafo-vinnie-coffee-10545/,self,true,,,true,Ninguna
https://www.kronosolopromocionales.com/productos/boligrafo-vinnie-eco-10546/,200,,https://www.kronosolopromocionales.com/productos/boligrafo-vinnie-eco-10546/,self,true,,,true,Ninguna
https://www.kronosolopromocionales.com/productos/set-alter-boligrafo-y-portaminas-9847/,200,,https://www.kronosolopromocionales.com/productos/set-alter-boligrafo-y-portaminas-9847/,self,true,,,true,Ninguna
https://www.kronosolopromocionales.com/productos/funda-para-boligrafos-rpet-10443/,200,,https://www.kronosolopromocionales.com/productos/funda-para-boligrafos-rpet-10443/,self,true,,,true,Ninguna
https://www.kronosolopromocionales.com/productos/boligrafo-merrick-10444/,200,,https://www.kronosolopromocionales.com/productos/boligrafo-merrick-10444/,self,true,,,true,Ninguna
https://www.kronosolopromocionales.com/productos/set-de-paraguas-luxury-13190/,200,,https://www.kronosolopromocionales.com/productos/set-de-paraguas-luxury-13190/,self,true,,,true,Ninguna
https://www.kronosolopromocionales.com/productos/bowl-plastico-liso-produccion-nacional-8731/,200,,https://www.kronosolopromocionales.com/productos/bowl-plastico-liso-produccion-nacional-8731/,self,true,,,true,Ninguna
https://www.kronosolopromocionales.com/productos/bowl-plastico-con-base-produccion-nacional-8730/,200,,https://www.kronosolopromocionales.com/productos/bowl-plastico-con-base-produccion-nacional-8730/,self,true,,,true,Ninguna
https://www.kronosolopromocionales.com/productos/bolsa-en-cambrel-fest-oferta-8372/,200,,https://www.kronosolopromocionales.com/productos/bolsa-en-cambrel-fest-oferta-8372/,self,true,,,true,Ninguna
https://www.kronosolopromocionales.com/productos/bolsa-plegable-neon-emma-8535/,200,,https://www.kronosolopromocionales.com/productos/bolsa-plegable-neon-emma-8535/,self,true,,,true,Ninguna
https://www.kronosolopromocionales.com/productos/globo-terraqueo-antique-oferta-9144/,200,,https://www.kronosolopromocionales.com/productos/globo-terraqueo-antique-oferta-9144/,self,true,,,true,Ninguna
https://www.kronosolopromocionales.com/productos/colgador-de-botellas-con-carabinero-oferta-9116/,200,,https://www.kronosolopromocionales.com/productos/colgador-de-botellas-con-carabinero-oferta-9116/,self,true,,,true,Ninguna
https://www.kronosolopromocionales.com/productos/set-de-tablas-cuisine-oferta-9749/,200,,https://www.kronosolopromocionales.com/productos/set-de-tablas-cuisine-oferta-9749/,self,true,,,true,Ninguna
https://www.kronosolopromocionales.com/productos/funda-portabotella-con-destapador-oferta-10183/,200,,https://www.kronosolopromocionales.com/productos/funda-portabotella-con-destapador-oferta-10183/,self,true,,,true,Ninguna
https://www.kronosolopromocionales.com/productos/cafetera-en-vidrio-compact-350ml-9560/,200,,https://www.kronosolopromocionales.com/productos/cafetera-en-vidrio-compact-350ml-9560/,self,true,,,true,Ninguna
https://www.kronosolopromocionales.com/productos/cafetera-en-vidrio-600ml-9866/,200,,https://www.kronosolopromocionales.com/productos/cafetera-en-vidrio-600ml-9866/,self,true,,,true,Ninguna
https://www.kronosolopromocionales.com/productos/mug-metalico-stabby-380ml-10203/,200,,https://www.kronosolopromocionales.com/productos/mug-metalico-stabby-380ml-10203/,self,true,,,true,Ninguna
https://www.kronosolopromocionales.com/productos/mug-plastico-coffee-plus-12oz-produccion-nacional-10215/,200,,https://www.kronosolopromocionales.com/productos/mug-plastico-coffee-plus-12oz-produccion-nacional-10215/,self,true,,,true,Ninguna
https://www.kronosolopromocionales.com/productos/portacomidas-celebrity-10535/,200,,https://www.kronosolopromocionales.com/productos/portacomidas-celebrity-10535/,self,true,,,true,Ninguna
https://www.kronosolopromocionales.com/productos/portacomidas-spencer-10334/,200,,https://www.kronosolopromocionales.com/productos/portacomidas-spencer-10334/,self,true,,,true,Ninguna
https://www.kronosolopromocionales.com/productos/set-de-cubiertos-metalicos-rpet-10435/,200,,https://www.kronosolopromocionales.com/productos/set-de-cubiertos-metalicos-rpet-10435/,self,true,,,true,Ninguna
https://www.kronosolopromocionales.com/productos/mini-pano-microfibra-5390/,200,,https://www.kronosolopromocionales.com/productos/mini-pano-microfibra-5390/,self,true,,,true,Ninguna
https://www.kronosolopromocionales.com/productos/bolso-mindy-oferta-7575/,200,,https://www.kronosolopromocionales.com/productos/bolso-mindy-oferta-7575/,self,true,,,true,Ninguna
https://www.kronosolopromocionales.com/productos/florero-inox-produccion-nacional-oferta-8375/,200,,https://www.kronosolopromocionales.com/productos/florero-inox-produccion-nacional-oferta-8375/,self,true,,,true,Ninguna
https://www.kronosolopromocionales.com/productos/joyero-produccion-nacional-8712/,200,,https://www.kronosolopromocionales.com/productos/joyero-produccion-nacional-8712/,self,true,,,true,Ninguna
https://www.kronosolopromocionales.com/productos/set-de-viaje-pillow-produccion-nacional-8722/,200,,https://www.kronosolopromocionales.com/productos/set-de-viaje-pillow-produccion-nacional-8722/,self,true,,,true,Ninguna
https://www.kronosolopromocionales.com/productos/carrito-para-mercado-shopper-8787/,200,,https://www.kronosolopromocionales.com/productos/carrito-para-mercado-shopper-8787/,self,true,,,true,Ninguna
https://www.kronosolopromocionales.com/productos/cojin-de-viaje-doble-uso-plush-produccion-nacional-8871/,200,,https://www.kronosolopromocionales.com/productos/cojin-de-viaje-doble-uso-plush-produccion-nacional-8871/,self,true,,,true,Ninguna
https://www.kronosolopromocionales.com/productos/nevera-cooler-bag-pocket-9401/,200,,https://www.kronosolopromocionales.com/productos/nevera-cooler-bag-pocket-9401/,self,true,,,true,Ninguna
https://www.kronosolopromocionales.com/productos/portacomidas-con-cubiertos-jakarta-produccion-nacional-9403/,200,,https://www.kronosolopromocionales.com/productos/portacomidas-con-cubiertos-jakarta-produccion-nacional-9403/,self,true,,,true,Ninguna
https://www.kronosolopromocionales.com/productos/protector-en-silicona-para-cepillo-de-dientes-oferta-9529/,200,,https://www.kronosolopromocionales.com/productos/protector-en-silicona-para-cepillo-de-dientes-oferta-9529/,self,true,,,true,Ninguna
https://www.kronosolopromocionales.com/productos/bolsa-ecologica-laminada-en-rpet-9608/,200,,https://www.kronosolopromocionales.com/productos/bolsa-ecologica-laminada-en-rpet-9608/,self,true,,,true,Ninguna
https://www.kronosolopromocionales.com/productos/bolsa-ecologica-recycled-rpet-9615/,200,,https://www.kronosolopromocionales.com/productos/bolsa-ecologica-recycled-rpet-9615/,self,true,,,true,Ninguna
https://www.kronosolopromocionales.com/productos/limpiador-de-pantallas-sticky-roll-9605/,200,,https://www.kronosolopromocionales.com/productos/limpiador-de-pantallas-sticky-roll-9605/,self,true,,,true,Ninguna
https://www.kronosolopromocionales.com/productos/dispensador-de-bolsas-dog-9606/,200,,https://www.kronosolopromocionales.com/productos/dispensador-de-bolsas-dog-9606/,self,true,,,true,Ninguna
https://www.kronosolopromocionales.com/productos/dispensador-de-bolsas-bone-material-antibacteriano-9695/,200,,https://www.kronosolopromocionales.com/productos/dispensador-de-bolsas-bone-material-antibacteriano-9695/,self,true,,,true,Ninguna
https://www.kronosolopromocionales.com/productos/espejo-plegable-2-1-9709/,200,,https://www.kronosolopromocionales.com/productos/espejo-plegable-2-1-9709/,self,true,,,true,Ninguna
https://www.kronosolopromocionales.com/productos/bolsa-plegable-reflect-9822/,200,,https://www.kronosolopromocionales.com/productos/bolsa-plegable-reflect-9822/,self,true,,,true,Ninguna
https://www.kronosolopromocionales.com/productos/nevera-cooler-bag-ava-oferta-9833/,200,,https://www.kronosolopromocionales.com/productos/nevera-cooler-bag-ava-oferta-9833/,self,true,,,true,Ninguna
https://www.kronosolopromocionales.com/productos/limpiador-pantallas-30ml-con-microfibra-produccion-nacional-9729/,200,,https://www.kronosolopromocionales.com/productos/limpiador-pantallas-30ml-con-microfibra-produccion-nacional-9729/,self,true,,,true,Ninguna
https://www.kronosolopromocionales.com/productos/pesa-digital-feet-9882/,200,,https://www.kronosolopromocionales.com/productos/pesa-digital-feet-9882/,self,true,,,true,Ninguna
https://www.kronosolopromocionales.com/productos/espejo-comby-2-1-9907/,200,,https://www.kronosolopromocionales.com/productos/espejo-comby-2-1-9907/,self,true,,,true,Ninguna
https://www.kronosolopromocionales.com/productos/set-de-belleza-halston-9710/,200,,https://www.kronosolopromocionales.com/productos/set-de-belleza-halston-9710/,self,true,,,true,Ninguna
https://www.kronosolopromocionales.com/productos/bandeja-portatil-para-laptop-ryper-oferta-9935/,200,,https://www.kronosolopromocionales.com/productos/bandeja-portatil-para-laptop-ryper-oferta-9935/,self,true,,,true,Ninguna
https://www.kronosolopromocionales.com/productos/bolsa-plegable-gibson-10187/,200,,https://www.kronosolopromocionales.com/productos/bolsa-plegable-gibson-10187/,self,true,,,true,Ninguna
https://www.kronosolopromocionales.com/productos/organizador-multiusos-tech-10192/,200,,https://www.kronosolopromocionales.com/productos/organizador-multiusos-tech-10192/,self,true,,,true,Ninguna
https://www.kronosolopromocionales.com/productos/protector-solar-para-carro-sunshade-10312/,200,,https://www.kronosolopromocionales.com/productos/protector-solar-para-carro-sunshade-10312/,self,true,,,true,Ninguna
https://www.kronosolopromocionales.com/productos/adaptador-universal-travel-10459/,200,,https://www.kronosolopromocionales.com/productos/adaptador-universal-travel-10459/,self,true,,,true,Ninguna
https://www.kronosolopromocionales.com/productos/morral-backpack-bemot-produccion-nacional-8539/,200,,https://www.kronosolopromocionales.com/productos/morral-backpack-bemot-produccion-nacional-8539/,self,true,,,true,Ninguna
https://www.kronosolopromocionales.com/productos/morral-backpack-randy-9820/,200,,https://www.kronosolopromocionales.com/productos/morral-backpack-randy-9820/,self,true,,,true,Ninguna
https://www.kronosolopromocionales.com/productos/maletin-deportivo-soccer-oferta-9930/,200,,https://www.kronosolopromocionales.com/productos/maletin-deportivo-soccer-oferta-9930/,self,true,,,true,Ninguna
https://www.kronosolopromocionales.com/productos/maletin-neo-urban-travel-10550/,200,,https://www.kronosolopromocionales.com/productos/maletin-neo-urban-travel-10550/,self,true,,,true,Ninguna
https://www.kronosolopromocionales.com/productos/canguro-athos-rpet-10418/,200,,https://www.kronosolopromocionales.com/productos/canguro-athos-rpet-10418/,self,true,,,true,Ninguna
https://www.kronosolopromocionales.com/productos/canguro-snap-rpet-10419/,200,,https://www.kronosolopromocionales.com/productos/canguro-snap-rpet-10419/,self,true,,,true,Ninguna
https://www.kronosolopromocionales.com/productos/canguro-sandy-10569/,200,,https://www.kronosolopromocionales.com/productos/canguro-sandy-10569/,self,true,,,true,Ninguna
https://www.kronosolopromocionales.com/productos/morral-backpack-alpha-10333/,200,,https://www.kronosolopromocionales.com/productos/morral-backpack-alpha-10333/,self,true,,,true,Ninguna
https://www.kronosolopromocionales.com/productos/morral-backpack-mush-2-10487/,200,,https://www.kronosolopromocionales.com/productos/morral-backpack-mush-2-10487/,self,true,,,true,Ninguna
https://www.kronosolopromocionales.com/productos/estuche-dry-bag-25l-10517/,200,,https://www.kronosolopromocionales.com/productos/estuche-dry-bag-25l-10517/,self,true,,,true,Ninguna
https://www.kronosolopromocionales.com/productos/bolso-compacto-con-carabinero-produccion-nacional-3256/,200,,https://www.kronosolopromocionales.com/productos/bolso-compacto-con-carabinero-produccion-nacional-3256/,self,true,,,true,Ninguna
https://www.kronosolopromocionales.com/productos/llavero-ml-414-10771/,200,,https://www.kronosolopromocionales.com/productos/llavero-ml-414-10771/,self,true,,,true,Ninguna
https://www.kronosolopromocionales.com/productos/llavero-ml-415-10772/,200,,https://www.kronosolopromocionales.com/productos/llavero-ml-415-10772/,self,true,,,true,Ninguna
https://www.kronosolopromocionales.com/productos/tapa-pestana-para-botilito-saturno-7686/,200,,https://www.kronosolopromocionales.com/productos/tapa-pestana-para-botilito-saturno-7686/,self,true,,,true,Ninguna
https://www.kronosolopromocionales.com/productos/botilito-energy-pvc-produccion-nacional-stock-telefonicamente-7793/,200,,https://www.kronosolopromocionales.com/productos/botilito-energy-pvc-produccion-nacional-stock-telefonicamente-7793/,self,true,,,true,Ninguna
https://www.kronosolopromocionales.com/productos/botilito-en-pet-granada-760ml-produccion-nacional-nuevo-9357/,200,,https://www.kronosolopromocionales.com/productos/botilito-en-pet-granada-760ml-produccion-nacional-nuevo-9357/,self,true,,,true,Ninguna
https://www.kronosolopromocionales.com/productos/botilito-logomax-750ml-produccion-naltapa-mu-90-9889/,200,,https://www.kronosolopromocionales.com/productos/botilito-logomax-750ml-produccion-naltapa-mu-90-9889/,self,true,,,true,Ninguna
https://www.kronosolopromocionales.com/productos/botilito-astron-800ml-vaso-produccion-nacional-2380/,200,,https://www.kronosolopromocionales.com/productos/botilito-astron-800ml-vaso-produccion-nacional-2380/,self,true,,,true,Ninguna
https://www.kronosolopromocionales.com/productos/botilito-maxi-supra-pet-890ml-produccion-nacional-10616/,200,,https://www.kronosolopromocionales.com/productos/botilito-maxi-supra-pet-890ml-produccion-nacional-10616/,self,true,,,true,Ninguna
https://www.kronosolopromocionales.com/productos/libreta-milky-oferta-10108/,200,,https://www.kronosolopromocionales.com/productos/libreta-milky-oferta-10108/,self,true,,,true,Ninguna
https://www.kronosolopromocionales.com/productos/libreta-legend-rpet-10096/,200,,https://www.kronosolopromocionales.com/productos/libreta-legend-rpet-10096/,self,true,,,true,Ninguna
https://www.kronosolopromocionales.com/productos/estuche-con-portacelular-rpet-10433/,200,,https://www.kronosolopromocionales.com/productos/estuche-con-portacelular-rpet-10433/,self,true,,,true,Ninguna
https://www.kronosolopromocionales.com/productos/cordon-para-portacelular-holder-eco-10511/,200,,https://www.kronosolopromocionales.com/productos/cordon-para-portacelular-holder-eco-10511/,self,true,,,true,Ninguna
https://www.kronosolopromocionales.com/productos/base-para-escritorio-multiple-produccion-nacional-2008/,200,,https://www.kronosolopromocionales.com/productos/base-para-escritorio-multiple-produccion-nacional-2008/,self,true,,,true,Ninguna
https://www.kronosolopromocionales.com/productos/libreta-con-boligrafo-kadens-produccion-nacional-8090/,200,,https://www.kronosolopromocionales.com/productos/libreta-con-boligrafo-kadens-produccion-nacional-8090/,self,true,,,true,Ninguna
https://www.kronosolopromocionales.com/productos/libreta-wave-produccion-nacional-8097/,200,,https://www.kronosolopromocionales.com/productos/libreta-wave-produccion-nacional-8097/,self,true,,,true,Ninguna
https://www.kronosolopromocionales.com/productos/libreta-arco-produccion-nacional-8098/,200,,https://www.kronosolopromocionales.com/productos/libreta-arco-produccion-nacional-8098/,self,true,,,true,Ninguna
https://www.kronosolopromocionales.com/productos/libreta-spyro-produccion-nacional-8099/,200,,https://www.kronosolopromocionales.com/productos/libreta-spyro-produccion-nacional-8099/,self,true,,,true,Ninguna
https://www.kronosolopromocionales.com/productos/libreta-dots-produccion-nacional-8096/,200,,https://www.kronosolopromocionales.com/productos/libreta-dots-produccion-nacional-8096/,self,true,,,true,Ninguna
https://www.kronosolopromocionales.com/productos/cinta-blanca-especial-para-sublimacion-produccion-nacional-sobre-pedido-5744/,200,,https://www.kronosolopromocionales.com/productos/cinta-blanca-especial-para-sublimacion-produccion-nacional-sobre-pedido-5744/,self,true,,,true,Ninguna
https://www.kronosolopromocionales.com/productos/mini-libreta-memphis-produccion-nacional-9353/,200,,https://www.kronosolopromocionales.com/productos/mini-libreta-memphis-produccion-nacional-9353/,self,true,,,true,Ninguna
https://www.kronosolopromocionales.com/productos/libreta-rectangular-produccion-nacional-8363/,200,,https://www.kronosolopromocionales.com/productos/libreta-rectangular-produccion-nacional-8363/,self,true,,,true,Ninguna
https://www.kronosolopromocionales.com/productos/mini-libreta-like-it-eco-produccion-nacional-10101/,200,,https://www.kronosolopromocionales.com/productos/mini-libreta-like-it-eco-produccion-nacional-10101/,self,true,,,true,Ninguna
https://www.kronosolopromocionales.com/productos/funda-en-silicona-para-cp-242-colapsible-de-60ml-oferta-9492/,200,,https://www.kronosolopromocionales.com/productos/funda-en-silicona-para-cp-242-colapsible-de-60ml-oferta-9492/,self,true,,,true,Ninguna
https://www.kronosolopromocionales.com/productos/alcancia-esfera-produccion-nacional-8211/,200,,https://www.kronosolopromocionales.com/productos/alcancia-esfera-produccion-nacional-8211/,self,true,,,true,Ninguna
https://www.kronosolopromocionales.com/productos/maraca-grande-unidad-produccion-nacional-8370/,200,,https://www.kronosolopromocionales.com/productos/maraca-grande-unidad-produccion-nacional-8370/,self,true,,,true,Ninguna
https://www.kronosolopromocionales.com/productos/mini-monedero-en-pvc-produccion-nacional-6237/,200,,https://www.kronosolopromocionales.com/productos/mini-monedero-en-pvc-produccion-nacional-6237/,self,true,,,true,Ninguna
https://www.kronosolopromocionales.com/productos/boligrafo-ballpop-oferta-10014/,200,,https://www.kronosolopromocionales.com/productos/boligrafo-ballpop-oferta-10014/,self,true,,,true,Ninguna
https://www.kronosolopromocionales.com/productos/portatarjetas-pop-10149/,200,,https://www.kronosolopromocionales.com/productos/portatarjetas-pop-10149/,self,true,,,true,Ninguna
https://www.kronosolopromocionales.com/productos/mug-metalico-arrow-600-ml-nuevo-13569/,200,,https://www.kronosolopromocionales.com/productos/mug-metalico-arrow-600-ml-nuevo-13569/,self,true,,,true,Ninguna
https://www.kronosolopromocionales.com/productos/mug-metalico-gillan-500-ml-nuevo-13570/,200,,https://www.kronosolopromocionales.com/productos/mug-metalico-gillan-500-ml-nuevo-13570/,self,true,,,true,Ninguna
https://www.kronosolopromocionales.com/productos/resaltador-de-cera-seren-nuevo-13539/,200,,https://www.kronosolopromocionales.com/productos/resaltador-de-cera-seren-nuevo-13539/,self,true,,,true,Ninguna
https://www.kronosolopromocionales.com/productos/lapiz-infinito-gemini-nuevo-13540/,200,,https://www.kronosolopromocionales.com/productos/lapiz-infinito-gemini-nuevo-13540/,self,true,,,true,Ninguna
https://www.kronosolopromocionales.com/productos/bolsa-en-cambrel-soot-nuevo-13553/,200,,https://www.kronosolopromocionales.com/productos/bolsa-en-cambrel-soot-nuevo-13553/,self,true,,,true,Ninguna
https://www.kronosolopromocionales.com/productos/bolsa-en-algodon-y-yute-nativ-300-gm-nuevo-13554/,200,,https://www.kronosolopromocionales.com/productos/bolsa-en-algodon-y-yute-nativ-300-gm-nuevo-13554/,self,true,,,true,Ninguna
https://www.kronosolopromocionales.com/productos/bolsa-en-algodon-basic-300-gm-nuevo-13555/,200,,https://www.kronosolopromocionales.com/productos/bolsa-en-algodon-basic-300-gm-nuevo-13555/,self,true,,,true,Ninguna
https://www.kronosolopromocionales.com/productos/planeador-semanal-week-nuevo-13556/,200,,https://www.kronosolopromocionales.com/productos/planeador-semanal-week-nuevo-13556/,self,true,,,true,Ninguna
https://www.kronosolopromocionales.com/productos/mug-lume-350-ml-nuevo-13559/,200,,https://www.kronosolopromocionales.com/productos/mug-lume-350-ml-nuevo-13559/,self,true,,,true,Ninguna
https://www.kronosolopromocionales.com/productos/paraguas-balan-23-13560/,200,,https://www.kronosolopromocionales.com/productos/paraguas-balan-23-13560/,self,true,,,true,Ninguna
https://www.kronosolopromocionales.com/productos/medidor-de-presion-para-neumaticos-13297/,200,,https://www.kronosolopromocionales.com/productos/medidor-de-presion-para-neumaticos-13297/,self,true,,,true,Ninguna
https://www.kronosolopromocionales.com/productos/speaker-bluetooth-novark-13298/,200,,https://www.kronosolopromocionales.com/productos/speaker-bluetooth-novark-13298/,self,true,,,true,Ninguna
https://www.kronosolopromocionales.com/productos/teclado-bluetooth-orbi-13299/,200,,https://www.kronosolopromocionales.com/productos/teclado-bluetooth-orbi-13299/,self,true,,,true,Ninguna
https://www.kronosolopromocionales.com/productos/mouse-inalambrico-lumo-13300/,200,,https://www.kronosolopromocionales.com/productos/mouse-inalambrico-lumo-13300/,self,true,,,true,Ninguna
https://www.kronosolopromocionales.com/productos/soporte-para-celular-pop-it-13320/,200,,https://www.kronosolopromocionales.com/productos/soporte-para-celular-pop-it-13320/,self,true,,,true,Ninguna
https://www.kronosolopromocionales.com/productos/reloj-de-arena-doble-13333/,200,,https://www.kronosolopromocionales.com/productos/reloj-de-arena-doble-13333/,self,true,,,true,Ninguna
https://www.kronosolopromocionales.com/productos/pastillero-radion-13332/,200,,https://www.kronosolopromocionales.com/productos/pastillero-radion-13332/,self,true,,,true,Ninguna
https://www.kronosolopromocionales.com/productos/portadocumentos-de-viajes-y-de-cables-neox-rpet-13362/,200,,https://www.kronosolopromocionales.com/productos/portadocumentos-de-viajes-y-de-cables-neox-rpet-13362/,self,true,,,true,Ninguna
https://www.kronosolopromocionales.com/productos/cosmetiquera-terra-13500/,200,,https://www.kronosolopromocionales.com/productos/cosmetiquera-terra-13500/,self,true,,,true,Ninguna
https://www.kronosolopromocionales.com/productos/mini-bolsa-en-algodon-100gms-13253/,200,,https://www.kronosolopromocionales.com/productos/mini-bolsa-en-algodon-100gms-13253/,self,true,,,true,Ninguna
https://www.kronosolopromocionales.com/productos/resaltadores-jeringa-13262/,200,,https://www.kronosolopromocionales.com/productos/resaltadores-jeringa-13262/,self,true,,,true,Ninguna
https://www.kronosolopromocionales.com/productos/portadocumentos-vintra-13308/,200,,https://www.kronosolopromocionales.com/productos/portadocumentos-vintra-13308/,self,true,,,true,Ninguna
https://www.kronosolopromocionales.com/productos/boligrafo-scroll-13294/,200,,https://www.kronosolopromocionales.com/productos/boligrafo-scroll-13294/,self,true,,,true,Ninguna
https://www.kronosolopromocionales.com/productos/rastreador-airtag-boomtag-13210/,200,,https://www.kronosolopromocionales.com/productos/rastreador-airtag-boomtag-13210/,self,true,,,true,Ninguna
https://www.kronosolopromocionales.com/productos/rastreador-airtag-boomcard-13211/,200,,https://www.kronosolopromocionales.com/productos/rastreador-airtag-boomcard-13211/,self,true,,,true,Ninguna
https://www.kronosolopromocionales.com/productos/audifonos-bluetooth-anc-13212/,200,,https://www.kronosolopromocionales.com/productos/audifonos-bluetooth-anc-13212/,self,true,,,true,Ninguna
https://www.kronosolopromocionales.com/productos/speaker-bluetooth-beach-35-boompods-13213/,200,,https://www.kronosolopromocionales.com/productos/speaker-bluetooth-beach-35-boompods-13213/,self,true,,,true,Ninguna
https://www.kronosolopromocionales.com/productos/bbq-grill-soccer-cook-13202/,200,,https://www.kronosolopromocionales.com/productos/bbq-grill-soccer-cook-13202/,self,true,,,true,Ninguna
https://www.kronosolopromocionales.com/productos/masajeador-hyper-eco-13338/,200,,https://www.kronosolopromocionales.com/productos/masajeador-hyper-eco-13338/,self,true,,,true,Ninguna
https://www.kronosolopromocionales.com/productos/abanico-en-madera-11142/,200,,https://www.kronosolopromocionales.com/productos/abanico-en-madera-11142/,self,true,,,true,Ninguna
https://www.kronosolopromocionales.com/productos/correa-para-mascota-10815/,200,,https://www.kronosolopromocionales.com/productos/correa-para-mascota-10815/,self,true,,,true,Ninguna
https://www.kronosolopromocionales.com/productos/ventilador-niklas-10817/,200,,https://www.kronosolopromocionales.com/productos/ventilador-niklas-10817/,self,true,,,true,Ninguna
https://www.kronosolopromocionales.com/productos/set-de-12-colores-eco-kraft-10996/,200,,https://www.kronosolopromocionales.com/productos/set-de-12-colores-eco-kraft-10996/,self,true,,,true,Ninguna
https://www.kronosolopromocionales.com/productos/set-de-12-colores-en-bolsa-10997/,200,,https://www.kronosolopromocionales.com/productos/set-de-12-colores-en-bolsa-10997/,self,true,,,true,Ninguna
https://www.kronosolopromocionales.com/productos/estuche-multiusos-en-silicona-summer-11085/,200,,https://www.kronosolopromocionales.com/productos/estuche-multiusos-en-silicona-summer-11085/,self,true,,,true,Ninguna
https://www.kronosolopromocionales.com/productos/mini-monedero-en-silicona-city-10906/,200,,https://www.kronosolopromocionales.com/productos/mini-monedero-en-silicona-city-10906/,self,true,,,true,Ninguna
https://www.kronosolopromocionales.com/productos/identificador-de-maletas-nesus-10930/,200,,https://www.kronosolopromocionales.com/productos/identificador-de-maletas-nesus-10930/,self,true,,,true,Ninguna
https://www.kronosolopromocionales.com/productos/juego-para-mascotas-10931/,200,,https://www.kronosolopromocionales.com/productos/juego-para-mascotas-10931/,self,true,,,true,Ninguna
https://www.kronosolopromocionales.com/productos/gafas-bamboo-eco-10933/,200,,https://www.kronosolopromocionales.com/productos/gafas-bamboo-eco-10933/,self,true,,,true,Ninguna
https://www.kronosolopromocionales.com/productos/poncho-en-bolsa-rpet-10936/,200,,https://www.kronosolopromocionales.com/productos/poncho-en-bolsa-rpet-10936/,self,true,,,true,Ninguna
https://www.kronosolopromocionales.com/productos/funda-portacelular-marathon-11118/,200,,https://www.kronosolopromocionales.com/productos/funda-portacelular-marathon-11118/,self,true,,,true,Ninguna
https://www.kronosolopromocionales.com/productos/alcancia-cork-11125/,200,,https://www.kronosolopromocionales.com/productos/alcancia-cork-11125/,self,true,,,true,Ninguna
https://www.kronosolopromocionales.com/productos/dispensador-de-bolsas-string-11127/,200,,https://www.kronosolopromocionales.com/productos/dispensador-de-bolsas-string-11127/,self,true,,,true,Ninguna
https://www.kronosolopromocionales.com/productos/bola-antiestres-neon-67cm-10947/,200,,https://www.kronosolopromocionales.com/productos/bola-antiestres-neon-67cm-10947/,self,true,,,true,Ninguna
https://www.kronosolopromocionales.com/productos/bowl-para-mascota-9813/,200,,https://www.kronosolopromocionales.com/productos/bowl-para-mascota-9813/,self,true,,,true,Ninguna
https://www.kronosolopromocionales.com/productos/protector-solar-para-carro-1442/,200,,https://www.kronosolopromocionales.com/productos/protector-solar-para-carro-1442/,self,true,,,true,Ninguna
https://www.kronosolopromocionales.com/productos/banderitas-magic-index-722/,200,,https://www.kronosolopromocionales.com/productos/banderitas-magic-index-722/,self,true,,,true,Ninguna
https://www.kronosolopromocionales.com/productos/banderitas-magic-index-ii-2576/,200,,https://www.kronosolopromocionales.com/productos/banderitas-magic-index-ii-2576/,self,true,,,true,Ninguna
https://www.kronosolopromocionales.com/productos/tapa-chupo-para-va-160-mu-53-mu-07-6310/,200,,https://www.kronosolopromocionales.com/productos/tapa-chupo-para-va-160-mu-53-mu-07-6310/,self,true,,,true,Ninguna
https://www.kronosolopromocionales.com/productos/identificador-de-maletas-flat-7296/,200,,https://www.kronosolopromocionales.com/productos/identificador-de-maletas-flat-7296/,self,true,,,true,Ninguna
https://www.kronosolopromocionales.com/productos/aspiradora-para-carro-7410/,200,,https://www.kronosolopromocionales.com/productos/aspiradora-para-carro-7410/,self,true,,,true,Ninguna
https://www.kronosolopromocionales.com/productos/alcancia-house-8154/,200,,https://www.kronosolopromocionales.com/productos/alcancia-house-8154/,self,true,,,true,Ninguna
https://www.kronosolopromocionales.com/productos/bolsa-plegable-market-8192/,200,,https://www.kronosolopromocionales.com/productos/bolsa-plegable-market-8192/,self,true,,,true,Ninguna
https://www.kronosolopromocionales.com/productos/bolsa-en-cambrel-multiusos-vita-prod-nacional-9364/,200,,https://www.kronosolopromocionales.com/productos/bolsa-en-cambrel-multiusos-vita-prod-nacional-9364/,self,true,,,true,Ninguna
https://www.kronosolopromocionales.com/productos/monedero-en-silicona-backpack-9086/,200,,https://www.kronosolopromocionales.com/productos/monedero-en-silicona-backpack-9086/,self,true,,,true,Ninguna
https://www.kronosolopromocionales.com/productos/cojin-de-viaje-triple-uso-produccion-nacional-9333/,200,,https://www.kronosolopromocionales.com/productos/cojin-de-viaje-triple-uso-produccion-nacional-9333/,self,true,,,true,Ninguna
https://www.kronosolopromocionales.com/productos/bolsa-en-algodon-corcho-135gr-9103/,200,,https://www.kronosolopromocionales.com/productos/bolsa-en-algodon-corcho-135gr-9103/,self,true,,,true,Ninguna
https://www.kronosolopromocionales.com/productos/bolsa-plegable-sunday-9216/,200,,https://www.kronosolopromocionales.com/productos/bolsa-plegable-sunday-9216/,self,true,,,true,Ninguna
https://www.kronosolopromocionales.com/productos/yoga-mat-9609/,200,,https://www.kronosolopromocionales.com/productos/yoga-mat-9609/,self,true,,,true,Ninguna
https://www.kronosolopromocionales.com/productos/alcancia-piggy-con-portacelular-9661/,200,,https://www.kronosolopromocionales.com/productos/alcancia-piggy-con-portacelular-9661/,self,true,,,true,Ninguna
https://www.kronosolopromocionales.com/productos/cuerpo-plastico-para-abanico-tela-impresa-prod-nal-9439/,200,,https://www.kronosolopromocionales.com/productos/cuerpo-plastico-para-abanico-tela-impresa-prod-nal-9439/,self,true,,,true,Ninguna
https://www.kronosolopromocionales.com/productos/carrito-shopping-bag-zipper-9867/,200,,https://www.kronosolopromocionales.com/productos/carrito-shopping-bag-zipper-9867/,self,true,,,true,Ninguna
https://www.kronosolopromocionales.com/productos/identificador-de-maletas-cork-10357/,200,,https://www.kronosolopromocionales.com/productos/identificador-de-maletas-cork-10357/,self,true,,,true,Ninguna
https://www.kronosolopromocionales.com/productos/identificador-de-maletas-murdock-10541/,200,,https://www.kronosolopromocionales.com/productos/identificador-de-maletas-murdock-10541/,self,true,,,true,Ninguna
https://www.kronosolopromocionales.com/productos/portatarjetas-myles-rpet-10445/,200,,https://www.kronosolopromocionales.com/productos/portatarjetas-myles-rpet-10445/,self,true,,,true,Ninguna
https://www.kronosolopromocionales.com/productos/morral-backpack-limit-10488/,200,,https://www.kronosolopromocionales.com/productos/morral-backpack-limit-10488/,self,true,,,true,Ninguna
https://www.kronosolopromocionales.com/productos/bolsa-en-algodon-botanik-135gr-7533/,200,,https://www.kronosolopromocionales.com/productos/bolsa-en-algodon-botanik-135gr-7533/,self,true,,,true,Ninguna
https://www.kronosolopromocionales.com/productos/dispensador-de-bolsas-bone-13179/,200,,https://www.kronosolopromocionales.com/productos/dispensador-de-bolsas-bone-13179/,self,true,,,true,Ninguna
https://www.kronosolopromocionales.com/productos/soporte-para-moviles-y-tablets-bamboo-13182/,200,,https://www.kronosolopromocionales.com/productos/soporte-para-moviles-y-tablets-bamboo-13182/,self,true,,,true,Ninguna
https://www.kronosolopromocionales.com/productos/cepillo-con-espejo-ulys-11123/,200,,https://www.kronosolopromocionales.com/productos/cepillo-con-espejo-ulys-11123/,self,true,,,true,Ninguna
https://www.kronosolopromocionales.com/productos/set-de-portavasos-cork-10969/,200,,https://www.kronosolopromocionales.com/productos/set-de-portavasos-cork-10969/,self,true,,,true,Ninguna
https://www.kronosolopromocionales.com/productos/portacomidas-attila-10818/,200,,https://www.kronosolopromocionales.com/productos/portacomidas-attila-10818/,self,true,,,true,Ninguna
https://www.kronosolopromocionales.com/productos/set-de-cubiertos-dimitri-10822/,200,,https://www.kronosolopromocionales.com/productos/set-de-cubiertos-dimitri-10822/,self,true,,,true,Ninguna
https://www.kronosolopromocionales.com/productos/set-de-fondue-petra-10990/,200,,https://www.kronosolopromocionales.com/productos/set-de-fondue-petra-10990/,self,true,,,true,Ninguna
https://www.kronosolopromocionales.com/productos/set-de-fondue-queralt-10991/,200,,https://www.kronosolopromocionales.com/productos/set-de-fondue-queralt-10991/,self,true,,,true,Ninguna
https://www.kronosolopromocionales.com/productos/portacomidas-albus-eco-11030/,200,,https://www.kronosolopromocionales.com/productos/portacomidas-albus-eco-11030/,self,true,,,true,Ninguna
https://www.kronosolopromocionales.com/productos/set-de-queso-annika-11056/,200,,https://www.kronosolopromocionales.com/productos/set-de-queso-annika-11056/,self,true,,,true,Ninguna
https://www.kronosolopromocionales.com/productos/reloj-de-arena-skai-eco-11062/,200,,https://www.kronosolopromocionales.com/productos/reloj-de-arena-skai-eco-11062/,self,true,,,true,Ninguna
https://www.kronosolopromocionales.com/productos/set-de-queso-beret-10896/,200,,https://www.kronosolopromocionales.com/productos/set-de-queso-beret-10896/,self,true,,,true,Ninguna
https://www.kronosolopromocionales.com/productos/molde-de-hielo-nook-10907/,200,,https://www.kronosolopromocionales.com/productos/molde-de-hielo-nook-10907/,self,true,,,true,Ninguna
https://www.kronosolopromocionales.com/productos/portaliquido-metalico-chunky-420ml-11093/,200,,https://www.kronosolopromocionales.com/productos/portaliquido-metalico-chunky-420ml-11093/,self,true,,,true,Ninguna
https://www.kronosolopromocionales.com/productos/set-de-cubiertos-en-acero-11096/,200,,https://www.kronosolopromocionales.com/productos/set-de-cubiertos-en-acero-11096/,self,true,,,true,Ninguna
https://www.kronosolopromocionales.com/productos/portacomidas-anton-eco-11097/,200,,https://www.kronosolopromocionales.com/productos/portacomidas-anton-eco-11097/,self,true,,,true,Ninguna
https://www.kronosolopromocionales.com/productos/cobija-spark-10937/,200,,https://www.kronosolopromocionales.com/productos/cobija-spark-10937/,self,true,,,true,Ninguna
https://www.kronosolopromocionales.com/productos/mezclador-coffee-mixer-10946/,200,,https://www.kronosolopromocionales.com/productos/mezclador-coffee-mixer-10946/,self,true,,,true,Ninguna
https://www.kronosolopromocionales.com/productos/portacomidas-lagoon-10887/,200,,https://www.kronosolopromocionales.com/productos/portacomidas-lagoon-10887/,self,true,,,true,Ninguna
https://www.kronosolopromocionales.com/productos/mezclador-en-madera-10912/,200,,https://www.kronosolopromocionales.com/productos/mezclador-en-madera-10912/,self,true,,,true,Ninguna
https://www.kronosolopromocionales.com/productos/mug-metalico-con-prensa-francesa-450ml-10824/,200,,https://www.kronosolopromocionales.com/productos/mug-metalico-con-prensa-francesa-450ml-10824/,self,true,,,true,Ninguna
https://www.kronosolopromocionales.com/productos/llavero-destapador-campello-4808/,200,,https://www.kronosolopromocionales.com/productos/llavero-destapador-campello-4808/,self,true,,,true,Ninguna
https://www.kronosolopromocionales.com/productos/speaker-bluetooth-plant-10555/,200,,https://www.kronosolopromocionales.com/productos/speaker-bluetooth-plant-10555/,self,true,,,true,Ninguna
https://www.kronosolopromocionales.com/productos/boligrafo-kord-bamboo-10841/,200,,https://www.kronosolopromocionales.com/productos/boligrafo-kord-bamboo-10841/,self,true,,,true,Ninguna
https://www.kronosolopromocionales.com/productos/lapiz-rojo-check-para-contabilidad-11000/,200,,https://www.kronosolopromocionales.com/productos/lapiz-rojo-check-para-contabilidad-11000/,self,true,,,true,Ninguna
https://www.kronosolopromocionales.com/productos/set-resaltador-fingers-ii-eco-10720/,200,,https://www.kronosolopromocionales.com/productos/set-resaltador-fingers-ii-eco-10720/,self,true,,,true,Ninguna
https://www.kronosolopromocionales.com/productos/resaltador-raff-rpet-ii-11048/,200,,https://www.kronosolopromocionales.com/productos/resaltador-raff-rpet-ii-11048/,self,true,,,true,Ninguna
https://www.kronosolopromocionales.com/productos/set-de-clips-cork-10383/,200,,https://www.kronosolopromocionales.com/productos/set-de-clips-cork-10383/,self,true,,,true,Ninguna
https://www.kronosolopromocionales.com/productos/planeador-semanal-cartoon-10345/,200,,https://www.kronosolopromocionales.com/productos/planeador-semanal-cartoon-10345/,self,true,,,true,Ninguna
https://www.kronosolopromocionales.com/productos/cordon-portacelular-chili-10520/,200,,https://www.kronosolopromocionales.com/productos/cordon-portacelular-chili-10520/,self,true,,,true,Ninguna
https://www.kronosolopromocionales.com/productos/libreta-plastica-klio-60-hojas-10559/,200,,https://www.kronosolopromocionales.com/productos/libreta-plastica-klio-60-hojas-10559/,self,true,,,true,Ninguna
https://www.kronosolopromocionales.com/productos/libreta-attis-80-hojas-10561/,200,,https://www.kronosolopromocionales.com/productos/libreta-attis-80-hojas-10561/,self,true,,,true,Ninguna
https://www.kronosolopromocionales.com/productos/libreta-mouse-pad-80-hojas-10375/,200,,https://www.kronosolopromocionales.com/productos/libreta-mouse-pad-80-hojas-10375/,self,true,,,true,Ninguna
https://www.kronosolopromocionales.com/productos/libreta-narnia-80-hojas-10580/,200,,https://www.kronosolopromocionales.com/productos/libreta-narnia-80-hojas-10580/,self,true,,,true,Ninguna
https://www.kronosolopromocionales.com/productos/carpeta-folder-flap-10329/,200,,https://www.kronosolopromocionales.com/productos/carpeta-folder-flap-10329/,self,true,,,true,Ninguna
https://www.kronosolopromocionales.com/productos/libreta-everest-rpet-80-hojas-10331/,200,,https://www.kronosolopromocionales.com/productos/libreta-everest-rpet-80-hojas-10331/,self,true,,,true,Ninguna
https://www.kronosolopromocionales.com/productos/libreta-multifuncional-rpet-bamboo-urban-business-10792/,200,,https://www.kronosolopromocionales.com/productos/libreta-multifuncional-rpet-bamboo-urban-business-10792/,self,true,,,true,Ninguna
https://www.kronosolopromocionales.com/productos/carpeta-folder-velvet-rpet-10793/,200,,https://www.kronosolopromocionales.com/productos/carpeta-folder-velvet-rpet-10793/,self,true,,,true,Ninguna
https://www.kronosolopromocionales.com/productos/libreta-velvet-rpet-10794/,200,,https://www.kronosolopromocionales.com/productos/libreta-velvet-rpet-10794/,self,true,,,true,Ninguna
https://www.kronosolopromocionales.com/productos/resaltador-relaxy-10838/,200,,https://www.kronosolopromocionales.com/productos/resaltador-relaxy-10838/,self,true,,,true,Ninguna
https://www.kronosolopromocionales.com/productos/portaboligrafos-konstantin-bamboo-10986/,200,,https://www.kronosolopromocionales.com/productos/portaboligrafos-konstantin-bamboo-10986/,self,true,,,true,Ninguna
https://www.kronosolopromocionales.com/productos/calendario-perpetuo-loic-bamboo-10987/,200,,https://www.kronosolopromocionales.com/productos/calendario-perpetuo-loic-bamboo-10987/,self,true,,,true,Ninguna
https://www.kronosolopromocionales.com/productos/set-romain-urban-business-10992/,200,,https://www.kronosolopromocionales.com/productos/set-romain-urban-business-10992/,self,true,,,true,Ninguna
https://www.kronosolopromocionales.com/productos/libreta-saskia-urban-business-10994/,200,,https://www.kronosolopromocionales.com/productos/libreta-saskia-urban-business-10994/,self,true,,,true,Ninguna
https://www.kronosolopromocionales.com/productos/borrador-school-10999/,200,,https://www.kronosolopromocionales.com/productos/borrador-school-10999/,self,true,,,true,Ninguna
https://www.kronosolopromocionales.com/productos/set-cyrus-eco-11006/,200,,https://www.kronosolopromocionales.com/productos/set-cyrus-eco-11006/,self,true,,,true,Ninguna
https://www.kronosolopromocionales.com/productos/set-de-escritorio-lynx-eco-11011/,200,,https://www.kronosolopromocionales.com/productos/set-de-escritorio-lynx-eco-11011/,self,true,,,true,Ninguna
https://www.kronosolopromocionales.com/productos/set-de-resaltadores-perseus-11016/,200,,https://www.kronosolopromocionales.com/productos/set-de-resaltadores-perseus-11016/,self,true,,,true,Ninguna
https://www.kronosolopromocionales.com/productos/set-de-reglas-metalicas-11021/,200,,https://www.kronosolopromocionales.com/productos/set-de-reglas-metalicas-11021/,self,true,,,true,Ninguna
https://www.kronosolopromocionales.com/productos/resaltador-round-eco-11029/,200,,https://www.kronosolopromocionales.com/productos/resaltador-round-eco-11029/,self,true,,,true,Ninguna
https://www.kronosolopromocionales.com/productos/libreta-bamboo-eco-cover-11032/,200,,https://www.kronosolopromocionales.com/productos/libreta-bamboo-eco-cover-11032/,self,true,,,true,Ninguna
https://www.kronosolopromocionales.com/productos/set-aquarius-10783/,200,,https://www.kronosolopromocionales.com/productos/set-aquarius-10783/,self,true,,,true,Ninguna
https://www.kronosolopromocionales.com/productos/libreta-albus-10784/,200,,https://www.kronosolopromocionales.com/productos/libreta-albus-10784/,self,true,,,true,Ninguna
https://www.kronosolopromocionales.com/productos/regla-con-aluminio-30cm-11051/,200,,https://www.kronosolopromocionales.com/productos/regla-con-aluminio-30cm-11051/,self,true,,,true,Ninguna
https://www.kronosolopromocionales.com/productos/libreta-folke-eco-11060/,200,,https://www.kronosolopromocionales.com/productos/libreta-folke-eco-11060/,self,true,,,true,Ninguna
https://www.kronosolopromocionales.com/productos/set-carlson-eco-11064/,200,,https://www.kronosolopromocionales.com/productos/set-carlson-eco-11064/,self,true,,,true,Ninguna
https://www.kronosolopromocionales.com/productos/libreta-hakan-eco-11065/,200,,https://www.kronosolopromocionales.com/productos/libreta-hakan-eco-11065/,self,true,,,true,Ninguna
https://www.kronosolopromocionales.com/productos/set-de-escritorio-rolf-eco-11071/,200,,https://www.kronosolopromocionales.com/productos/set-de-escritorio-rolf-eco-11071/,self,true,,,true,Ninguna
https://www.kronosolopromocionales.com/productos/set-flok-urban-business-10901/,200,,https://www.kronosolopromocionales.com/productos/set-flok-urban-business-10901/,self,true,,,true,Ninguna
https://www.kronosolopromocionales.com/productos/set-henrik-urban-business-10902/,200,,https://www.kronosolopromocionales.com/productos/set-henrik-urban-business-10902/,self,true,,,true,Ninguna
https://www.kronosolopromocionales.com/productos/libreta-klaus-urban-business-10903/,200,,https://www.kronosolopromocionales.com/productos/libreta-klaus-urban-business-10903/,self,true,,,true,Ninguna
https://www.kronosolopromocionales.com/productos/memo-stickies-house-10881/,200,,https://www.kronosolopromocionales.com/productos/memo-stickies-house-10881/,self,true,,,true,Ninguna
https://www.kronosolopromocionales.com/productos/libreta-astralis-rpet-11094/,200,,https://www.kronosolopromocionales.com/productos/libreta-astralis-rpet-11094/,self,true,,,true,Ninguna
https://www.kronosolopromocionales.com/productos/pila-recargable-goliath-5000mah-10639/,200,,https://www.kronosolopromocionales.com/productos/pila-recargable-goliath-5000mah-10639/,self,true,,,true,Ninguna
https://www.kronosolopromocionales.com/productos/mouse-pad-rpet-urban-business-10790/,200,,https://www.kronosolopromocionales.com/productos/mouse-pad-rpet-urban-business-10790/,self,true,,,true,Ninguna
https://www.kronosolopromocionales.com/productos/puerto-usb-orion-eco-11014/,200,,https://www.kronosolopromocionales.com/productos/puerto-usb-orion-eco-11014/,self,true,,,true,Ninguna
https://www.kronosolopromocionales.com/productos/mouse-pad-organizer-eco-11015/,200,,https://www.kronosolopromocionales.com/productos/mouse-pad-organizer-eco-11015/,self,true,,,true,Ninguna
https://www.kronosolopromocionales.com/productos/set-de-mouse-pad-y-mouse-11018/,200,,https://www.kronosolopromocionales.com/productos/set-de-mouse-pad-y-mouse-11018/,self,true,,,true,Ninguna
https://www.kronosolopromocionales.com/productos/cargador-inalambrico-sabik-eco-11020/,200,,https://www.kronosolopromocionales.com/productos/cargador-inalambrico-sabik-eco-11020/,self,true,,,true,Ninguna
https://www.kronosolopromocionales.com/productos/organizador-de-cables-flex-11028/,200,,https://www.kronosolopromocionales.com/productos/organizador-de-cables-flex-11028/,self,true,,,true,Ninguna
https://www.kronosolopromocionales.com/productos/mouse-pad-cork-10394/,200,,https://www.kronosolopromocionales.com/productos/mouse-pad-cork-10394/,self,true,,,true,Ninguna
https://www.kronosolopromocionales.com/productos/estacion-de-trabajo-rpet-urban-business-10796/,200,,https://www.kronosolopromocionales.com/productos/estacion-de-trabajo-rpet-urban-business-10796/,self,true,,,true,Ninguna
https://www.kronosolopromocionales.com/productos/boligrafo-ventura-clean-set-10840/,200,,https://www.kronosolopromocionales.com/productos/boligrafo-ventura-clean-set-10840/,self,true,dup-4,,true,Definir canonical entre el grupo o consolidar contenido
https://www.kronosolopromocionales.com/productos/set-harley-10107/,200,,https://www.kronosolopromocionales.com/productos/set-harley-10107/,self,true,,,true,Ninguna
https://www.kronosolopromocionales.com/productos/resaltador-raff-rpet-10109/,200,,https://www.kronosolopromocionales.com/productos/resaltador-raff-rpet-10109/,self,true,,,true,Ninguna
https://www.kronosolopromocionales.com/productos/libreta-scorpius-rpet-10271/,200,,https://www.kronosolopromocionales.com/productos/libreta-scorpius-rpet-10271/,self,true,,,true,Ninguna
https://www.kronosolopromocionales.com/productos/libreta-atlas-rpet-10272/,200,,https://www.kronosolopromocionales.com/productos/libreta-atlas-rpet-10272/,self,true,,,true,Ninguna
https://www.kronosolopromocionales.com/productos/lacol-cubre-camara-9896/,200,,https://www.kronosolopromocionales.com/productos/lacol-cubre-camara-9896/,self,true,,,true,Ninguna
https://www.kronosolopromocionales.com/productos/mouse-pad-minet-9900/,200,,https://www.kronosolopromocionales.com/productos/mouse-pad-minet-9900/,self,true,,,true,Ninguna
https://www.kronosolopromocionales.com/productos/mini-libreta-duo-produccion-nacional-ver-ref-bolian-6051/,200,,https://www.kronosolopromocionales.com/productos/mini-libreta-duo-produccion-nacional-ver-ref-bolian-6051/,self,true,,,true,Ninguna
https://www.kronosolopromocionales.com/productos/set-de-resaltadores-de-cera-trio-6524/,200,,https://www.kronosolopromocionales.com/productos/set-de-resaltadores-de-cera-trio-6524/,self,true,,,true,Ninguna
https://www.kronosolopromocionales.com/productos/resaltador-magico-en-cera-mega-5152/,200,,https://www.kronosolopromocionales.com/productos/resaltador-magico-en-cera-mega-5152/,self,true,,,true,Ninguna
https://www.kronosolopromocionales.com/productos/estuche-para-resaltador-magico-mega-5154/,200,,https://www.kronosolopromocionales.com/productos/estuche-para-resaltador-magico-mega-5154/,self,true,,,true,Ninguna
https://www.kronosolopromocionales.com/productos/set-mini-resaltador-de-tinta-6594/,200,,https://www.kronosolopromocionales.com/productos/set-mini-resaltador-de-tinta-6594/,self,true,,,true,Ninguna
https://www.kronosolopromocionales.com/productos/estuche-rectangular-para-of-376-5886/,200,,https://www.kronosolopromocionales.com/productos/estuche-rectangular-para-of-376-5886/,self,true,,,true,Ninguna
https://www.kronosolopromocionales.com/productos/estuche-jar-para-of-376-y-of-19-5885/,200,,https://www.kronosolopromocionales.com/productos/estuche-jar-para-of-376-y-of-19-5885/,self,true,,,true,Ninguna
https://www.kronosolopromocionales.com/productos/set-resaltador-fingers-6707/,200,,https://www.kronosolopromocionales.com/productos/set-resaltador-fingers-6707/,self,true,,,true,Ninguna
https://www.kronosolopromocionales.com/productos/marcador-borrable-3999/,200,,https://www.kronosolopromocionales.com/productos/marcador-borrable-3999/,self,true,,,true,Ninguna
https://www.kronosolopromocionales.com/productos/estuche-para-4-resaltadores-en-cera-adam-7493/,200,,https://www.kronosolopromocionales.com/productos/estuche-para-4-resaltadores-en-cera-adam-7493/,self,true,,,true,Ninguna
https://www.kronosolopromocionales.com/productos/libreta-newton-7485/,200,,https://www.kronosolopromocionales.com/productos/libreta-newton-7485/,self,true,,,true,Ninguna
https://www.kronosolopromocionales.com/productos/mini-libreta-soker-7748/,200,,https://www.kronosolopromocionales.com/productos/mini-libreta-soker-7748/,self,true,,,true,Ninguna
https://www.kronosolopromocionales.com/productos/libreta-cedric-oferta-8474/,200,,https://www.kronosolopromocionales.com/productos/libreta-cedric-oferta-8474/,self,true,,,true,Ninguna
https://www.kronosolopromocionales.com/productos/mini-libreta-niccolo-8640/,200,,https://www.kronosolopromocionales.com/productos/mini-libreta-niccolo-8640/,self,true,,,true,Ninguna
https://www.kronosolopromocionales.com/productos/mini-libreta-neon-ii-8739/,200,,https://www.kronosolopromocionales.com/productos/mini-libreta-neon-ii-8739/,self,true,,,true,Ninguna
https://www.kronosolopromocionales.com/productos/estuche-metalico-avalon-8400/,200,,https://www.kronosolopromocionales.com/productos/estuche-metalico-avalon-8400/,self,true,,,true,Ninguna
https://www.kronosolopromocionales.com/productos/libreta-british-9041/,200,,https://www.kronosolopromocionales.com/productos/libreta-british-9041/,self,true,,,true,Ninguna
https://www.kronosolopromocionales.com/productos/libreta-zipper-oferta-9062/,200,,https://www.kronosolopromocionales.com/productos/libreta-zipper-oferta-9062/,self,true,,,true,Ninguna
https://www.kronosolopromocionales.com/productos/buckingham-roller-9360/,200,,https://www.kronosolopromocionales.com/productos/buckingham-roller-9360/,self,true,,,true,Ninguna
https://www.kronosolopromocionales.com/productos/cargador-inalambrico-portadocumentos-8908/,200,,https://www.kronosolopromocionales.com/productos/cargador-inalambrico-portadocumentos-8908/,self,true,,,true,Ninguna
https://www.kronosolopromocionales.com/productos/mouse-inalambrico-9105/,200,,https://www.kronosolopromocionales.com/productos/mouse-inalambrico-9105/,self,true,,,true,Ninguna
https://www.kronosolopromocionales.com/productos/calentador-de-mugs-usb-9328/,200,,https://www.kronosolopromocionales.com/productos/calentador-de-mugs-usb-9328/,self,true,,,true,Ninguna
https://www.kronosolopromocionales.com/productos/maui-9248/,200,,https://www.kronosolopromocionales.com/productos/maui-9248/,self,true,,,true,Ninguna
https://www.kronosolopromocionales.com/productos/soporte-metalico-para-portatil-aluminium-ii-9868/,200,,https://www.kronosolopromocionales.com/productos/soporte-metalico-para-portatil-aluminium-ii-9868/,self,true,,,true,Ninguna
https://www.kronosolopromocionales.com/productos/buckingham-boligrafo-9881/,200,,https://www.kronosolopromocionales.com/productos/buckingham-boligrafo-9881/,self,true,,,true,Ninguna
https://www.kronosolopromocionales.com/productos/cargador-inalambrico-para-moviles-flat-10w-9940/,200,,https://www.kronosolopromocionales.com/productos/cargador-inalambrico-para-moviles-flat-10w-9940/,self,true,,,true,Ninguna
https://www.kronosolopromocionales.com/productos/libreta-igor-100-hojas-10198/,200,,https://www.kronosolopromocionales.com/productos/libreta-igor-100-hojas-10198/,self,true,,,true,Ninguna
https://www.kronosolopromocionales.com/productos/mini-libreta-sevilla-100-hojas-10199/,200,,https://www.kronosolopromocionales.com/productos/mini-libreta-sevilla-100-hojas-10199/,self,true,,,true,Ninguna
https://www.kronosolopromocionales.com/productos/carpeta-folder-con-cargador-inalambrico-grimm-10115/,200,,https://www.kronosolopromocionales.com/productos/carpeta-folder-con-cargador-inalambrico-grimm-10115/,self,true,,,true,Ninguna
https://www.kronosolopromocionales.com/productos/libreta-multifuncional-cargador-inalambrico-grimm-10117/,200,,https://www.kronosolopromocionales.com/productos/libreta-multifuncional-cargador-inalambrico-grimm-10117/,self,true,,,true,Ninguna
https://www.kronosolopromocionales.com/productos/cargador-inalambrico-emmett-10128/,200,,https://www.kronosolopromocionales.com/productos/cargador-inalambrico-emmett-10128/,self,true,,,true,Ninguna
https://www.kronosolopromocionales.com/productos/soporte-metalico-premium-10131/,200,,https://www.kronosolopromocionales.com/productos/soporte-metalico-premium-10131/,self,true,,,true,Ninguna
https://www.kronosolopromocionales.com/productos/soporte-para-moviles-strike-produccion-nacional-10282/,200,,https://www.kronosolopromocionales.com/productos/soporte-para-moviles-strike-produccion-nacional-10282/,self,true,,,true,Ninguna
https://www.kronosolopromocionales.com/productos/soporte-para-moviles-handy-7550/,200,,https://www.kronosolopromocionales.com/productos/soporte-para-moviles-handy-7550/,self,true,,,true,Ninguna
https://www.kronosolopromocionales.com/productos/portatarjetas-en-silicona-con-soporte-9377/,200,,https://www.kronosolopromocionales.com/productos/portatarjetas-en-silicona-con-soporte-9377/,self,true,,,true,Ninguna
https://www.kronosolopromocionales.com/productos/portatarjetas-en-silicona-magnet-9378/,200,,https://www.kronosolopromocionales.com/productos/portatarjetas-en-silicona-magnet-9378/,self,true,,,true,Ninguna
https://www.kronosolopromocionales.com/productos/cargador-inalambrico-credit-card-oferta-9572/,200,,https://www.kronosolopromocionales.com/productos/cargador-inalambrico-credit-card-oferta-9572/,self,true,,,true,Ninguna
https://www.kronosolopromocionales.com/productos/soporte-plastico-para-portatil-ii-10280/,200,,https://www.kronosolopromocionales.com/productos/soporte-plastico-para-portatil-ii-10280/,self,true,,,true,Ninguna
https://www.kronosolopromocionales.com/productos/cable-multicargador-bamboo-9794/,200,,https://www.kronosolopromocionales.com/productos/cable-multicargador-bamboo-9794/,self,true,,,true,Ninguna
https://www.kronosolopromocionales.com/productos/mouse-pad-con-cargador-inalambrico-mylo-9806/,200,,https://www.kronosolopromocionales.com/productos/mouse-pad-con-cargador-inalambrico-mylo-9806/,self,true,,,true,Ninguna
https://www.kronosolopromocionales.com/productos/portatarjetas-becam-9894/,200,,https://www.kronosolopromocionales.com/productos/portatarjetas-becam-9894/,self,true,,,true,Ninguna
https://www.kronosolopromocionales.com/productos/portatarjetas-en-lycra-9910/,200,,https://www.kronosolopromocionales.com/productos/portatarjetas-en-lycra-9910/,self,true,,,true,Ninguna
https://www.kronosolopromocionales.com/productos/puerto-usb-gyro-oferta-9977/,200,,https://www.kronosolopromocionales.com/productos/puerto-usb-gyro-oferta-9977/,self,true,,,true,Ninguna
https://www.kronosolopromocionales.com/productos/cargador-inalambrico-collin-10136/,200,,https://www.kronosolopromocionales.com/productos/cargador-inalambrico-collin-10136/,self,true,,,true,Ninguna
https://www.kronosolopromocionales.com/productos/soporte-para-moviles-miller-10140/,200,,https://www.kronosolopromocionales.com/productos/soporte-para-moviles-miller-10140/,self,true,,,true,Ninguna
https://www.kronosolopromocionales.com/productos/portatarjetas-adhesivo-con-boligrafo-oferta-10146/,200,,https://www.kronosolopromocionales.com/productos/portatarjetas-adhesivo-con-boligrafo-oferta-10146/,self,true,,,true,Ninguna
https://www.kronosolopromocionales.com/productos/audifonos-bluetooth-polka-oferta-10147/,200,,https://www.kronosolopromocionales.com/productos/audifonos-bluetooth-polka-oferta-10147/,self,true,,,true,Ninguna
https://www.kronosolopromocionales.com/productos/gemini-roller-10304/,200,,https://www.kronosolopromocionales.com/productos/gemini-roller-10304/,self,true,,,true,Ninguna
https://www.kronosolopromocionales.com/productos/organizador-de-escritorio-3-1-rpet-10493/,200,,https://www.kronosolopromocionales.com/productos/organizador-de-escritorio-3-1-rpet-10493/,self,true,,,true,Ninguna
https://www.kronosolopromocionales.com/productos/cubre-camara-eco-clip-10486/,200,,https://www.kronosolopromocionales.com/productos/cubre-camara-eco-clip-10486/,self,true,,,true,Ninguna
https://www.kronosolopromocionales.com/productos/puerto-usb-bamboo-spirit-10311/,200,,https://www.kronosolopromocionales.com/productos/puerto-usb-bamboo-spirit-10311/,self,true,,,true,Ninguna
https://www.kronosolopromocionales.com/productos/soporte-para-moviles-deluxe-10527/,200,,https://www.kronosolopromocionales.com/productos/soporte-para-moviles-deluxe-10527/,self,true,,,true,Ninguna
https://www.kronosolopromocionales.com/productos/soporte-para-moviles-gyro-10526/,200,,https://www.kronosolopromocionales.com/productos/soporte-para-moviles-gyro-10526/,self,true,,,true,Ninguna
https://www.kronosolopromocionales.com/productos/set-de-libreta-y-boligrafo-2-1-rpet-10330/,200,,https://www.kronosolopromocionales.com/productos/set-de-libreta-y-boligrafo-2-1-rpet-10330/,self,true,,,true,Ninguna
https://www.kronosolopromocionales.com/productos/portaidentificador-de-carnet-con-metro-10624/,200,,https://www.kronosolopromocionales.com/productos/portaidentificador-de-carnet-con-metro-10624/,self,true,,,true,Ninguna
https://www.kronosolopromocionales.com/productos/audifonos-bluetooth-vibe-boompods-10883/,200,,https://www.kronosolopromocionales.com/productos/audifonos-bluetooth-vibe-boompods-10883/,self,true,,,true,Ninguna
https://www.kronosolopromocionales.com/productos/audifonos-bluetooth-sportpods-boompods-10884/,200,,https://www.kronosolopromocionales.com/productos/audifonos-bluetooth-sportpods-boompods-10884/,self,true,,,true,Ninguna
https://www.kronosolopromocionales.com/productos/speaker-bluetooth-beach-boompods-10885/,200,,https://www.kronosolopromocionales.com/productos/speaker-bluetooth-beach-boompods-10885/,self,true,,,true,Ninguna
https://www.kronosolopromocionales.com/productos/reloj-inteligente-korbin-plus-10353/,200,,https://www.kronosolopromocionales.com/productos/reloj-inteligente-korbin-plus-10353/,self,true,,,true,Ninguna
https://www.kronosolopromocionales.com/productos/pila-recargable-con-cargador-inalambrico-4000mah-10532/,200,,https://www.kronosolopromocionales.com/productos/pila-recargable-con-cargador-inalambrico-4000mah-10532/,self,true,,,true,Ninguna
https://www.kronosolopromocionales.com/productos/speaker-bluetooth-waterproof-ii-10645/,200,,https://www.kronosolopromocionales.com/productos/speaker-bluetooth-waterproof-ii-10645/,self,true,,,true,Ninguna
https://www.kronosolopromocionales.com/productos/pila-recargable-en-bamboo-nipax-5000mah-ii-10648/,200,,https://www.kronosolopromocionales.com/productos/pila-recargable-en-bamboo-nipax-5000mah-ii-10648/,self,true,,,true,Ninguna
https://www.kronosolopromocionales.com/productos/soporte-para-moviles-alarik-ii-10277/,200,,https://www.kronosolopromocionales.com/productos/soporte-para-moviles-alarik-ii-10277/,self,true,,,true,Ninguna
https://www.kronosolopromocionales.com/productos/speaker-bluetooth-bentley-10351/,200,,https://www.kronosolopromocionales.com/productos/speaker-bluetooth-bentley-10351/,self,true,,,true,Ninguna
https://www.kronosolopromocionales.com/productos/speaker-bluetooth-callum-10386/,200,,https://www.kronosolopromocionales.com/productos/speaker-bluetooth-callum-10386/,self,true,,,true,Ninguna
https://www.kronosolopromocionales.com/productos/speaker-bluetooth-dallas-10385/,200,,https://www.kronosolopromocionales.com/productos/speaker-bluetooth-dallas-10385/,self,true,,,true,Ninguna
https://www.kronosolopromocionales.com/productos/cargador-inalambrico-magnet-oferta-10482/,200,,https://www.kronosolopromocionales.com/productos/cargador-inalambrico-magnet-oferta-10482/,self,true,,,true,Ninguna
https://www.kronosolopromocionales.com/productos/soporte-para-moviles-scully-10539/,200,,https://www.kronosolopromocionales.com/productos/soporte-para-moviles-scully-10539/,self,true,,,true,Ninguna
https://www.kronosolopromocionales.com/productos/speaker-bluetooth-owen-urban-travel-10476/,200,,https://www.kronosolopromocionales.com/productos/speaker-bluetooth-owen-urban-travel-10476/,self,true,,,true,Ninguna
https://www.kronosolopromocionales.com/productos/cargador-para-carro-dino-10460/,200,,https://www.kronosolopromocionales.com/productos/cargador-para-carro-dino-10460/,self,true,,,true,Ninguna
https://www.kronosolopromocionales.com/productos/puerto-usb-6-1-10471/,200,,https://www.kronosolopromocionales.com/productos/puerto-usb-6-1-10471/,self,true,,,true,Ninguna
https://www.kronosolopromocionales.com/productos/soporte-para-moviles-mirror-10649/,200,,https://www.kronosolopromocionales.com/productos/soporte-para-moviles-mirror-10649/,self,true,,,true,Ninguna
https://www.kronosolopromocionales.com/productos/ventilador-tipo-c-10705/,200,,https://www.kronosolopromocionales.com/productos/ventilador-tipo-c-10705/,self,true,,,true,Ninguna
https://www.kronosolopromocionales.com/productos/speaker-bluetooth-groovy-urban-travel-10917/,200,,https://www.kronosolopromocionales.com/productos/speaker-bluetooth-groovy-urban-travel-10917/,self,true,,,true,Ninguna
https://www.kronosolopromocionales.com/productos/speaker-bluetooth-vortex-10918/,200,,https://www.kronosolopromocionales.com/productos/speaker-bluetooth-vortex-10918/,self,true,,,true,Ninguna
https://www.kronosolopromocionales.com/productos/pila-recargable-flashlight-5000-mah-10826/,200,,https://www.kronosolopromocionales.com/productos/pila-recargable-flashlight-5000-mah-10826/,self,true,,,true,Ninguna
https://www.kronosolopromocionales.com/productos/soporte-metalico-atlas-eco-10740/,200,,https://www.kronosolopromocionales.com/productos/soporte-metalico-atlas-eco-10740/,self,true,,,true,Ninguna
https://www.kronosolopromocionales.com/productos/puerto-usb-dante-eco-10741/,200,,https://www.kronosolopromocionales.com/productos/puerto-usb-dante-eco-10741/,self,true,,,true,Ninguna
https://www.kronosolopromocionales.com/productos/puerto-usb-casiuss-eco-10744/,200,,https://www.kronosolopromocionales.com/productos/puerto-usb-casiuss-eco-10744/,self,true,,,true,Ninguna
https://www.kronosolopromocionales.com/productos/cargador-inalambrico-con-tablero-eco-10745/,200,,https://www.kronosolopromocionales.com/productos/cargador-inalambrico-con-tablero-eco-10745/,self,true,,,true,Ninguna
https://www.kronosolopromocionales.com/productos/cargador-inalambrico-magnet-3-1-eco-10746/,200,,https://www.kronosolopromocionales.com/productos/cargador-inalambrico-magnet-3-1-eco-10746/,self,true,,,false,Ninguna
https://www.kronosolopromocionales.com/productos/cargador-para-carro-eco-10747/,200,,https://www.kronosolopromocionales.com/productos/cargador-para-carro-eco-10747/,self,true,,,true,Ninguna
https://www.kronosolopromocionales.com/productos/speaker-bluetooth-twin-karaoke-10976/,200,,https://www.kronosolopromocionales.com/productos/speaker-bluetooth-twin-karaoke-10976/,self,true,,,true,Ninguna
https://www.kronosolopromocionales.com/productos/cable-multicargador-lorcan-10977/,200,,https://www.kronosolopromocionales.com/productos/cable-multicargador-lorcan-10977/,self,true,,,true,Ninguna
https://www.kronosolopromocionales.com/productos/cargador-inalambrico-en-aluminio-reciclado-10812/,200,,https://www.kronosolopromocionales.com/productos/cargador-inalambrico-en-aluminio-reciclado-10812/,self,true,,,true,Ninguna
https://www.kronosolopromocionales.com/productos/cargador-inalambrico-warmer-10875/,200,,https://www.kronosolopromocionales.com/productos/cargador-inalambrico-warmer-10875/,self,true,,,true,Ninguna
https://www.kronosolopromocionales.com/productos/puerto-usb-hero-10876/,200,,https://www.kronosolopromocionales.com/productos/puerto-usb-hero-10876/,self,true,,,true,Ninguna
https://www.kronosolopromocionales.com/productos/puerto-usb-julius-10877/,200,,https://www.kronosolopromocionales.com/productos/puerto-usb-julius-10877/,self,true,,,true,Ninguna
https://www.kronosolopromocionales.com/productos/cable-multicargador-kornell-10878/,200,,https://www.kronosolopromocionales.com/productos/cable-multicargador-kornell-10878/,self,true,,,true,Ninguna
https://www.kronosolopromocionales.com/productos/cargador-inalambrico-lavinia-10879/,200,,https://www.kronosolopromocionales.com/productos/cargador-inalambrico-lavinia-10879/,self,true,,,true,Ninguna
https://www.kronosolopromocionales.com/productos/audifonos-bluetooth-osmin-10897/,200,,https://www.kronosolopromocionales.com/productos/audifonos-bluetooth-osmin-10897/,self,true,,,true,Ninguna
https://www.kronosolopromocionales.com/productos/cable-multicargador-steffen-10898/,200,,https://www.kronosolopromocionales.com/productos/cable-multicargador-steffen-10898/,self,true,,,true,Ninguna
https://www.kronosolopromocionales.com/productos/pila-recargable-olympus-10000mah-10908/,200,,https://www.kronosolopromocionales.com/productos/pila-recargable-olympus-10000mah-10908/,self,true,,,true,Ninguna
https://www.kronosolopromocionales.com/productos/pila-recargable-majestic-5000mah-10909/,200,,https://www.kronosolopromocionales.com/productos/pila-recargable-majestic-5000mah-10909/,self,true,,,true,Ninguna
https://www.kronosolopromocionales.com/productos/set-de-viaje-kinetik-10942/,200,,https://www.kronosolopromocionales.com/productos/set-de-viaje-kinetik-10942/,self,true,,,true,Ninguna
https://www.kronosolopromocionales.com/productos/reloj-inteligente-timothy-ii-13168/,200,,https://www.kronosolopromocionales.com/productos/reloj-inteligente-timothy-ii-13168/,self,true,,,true,Ninguna
https://www.kronosolopromocionales.com/productos/speaker-bluetooth-artix-ii-10220/,200,,https://www.kronosolopromocionales.com/productos/speaker-bluetooth-artix-ii-10220/,self,true,,,true,Ninguna
https://www.kronosolopromocionales.com/productos/set-de-limpieza-tech-10156/,200,,https://www.kronosolopromocionales.com/productos/set-de-limpieza-tech-10156/,self,true,,,true,Ninguna
https://www.kronosolopromocionales.com/productos/mini-set-de-limpieza-tech-10161/,200,,https://www.kronosolopromocionales.com/productos/mini-set-de-limpieza-tech-10161/,self,true,,,true,Ninguna
https://www.kronosolopromocionales.com/productos/organizador-multiusos-con-esterilizador-uvc-led-oferta-9494/,200,,https://www.kronosolopromocionales.com/productos/organizador-multiusos-con-esterilizador-uvc-led-oferta-9494/,self,true,,,true,Ninguna
https://www.kronosolopromocionales.com/productos/cargador-inalambrico-bamboo-square-ii-13191/,200,,https://www.kronosolopromocionales.com/productos/cargador-inalambrico-bamboo-square-ii-13191/,self,true,,,true,Ninguna
https://www.kronosolopromocionales.com/productos/bolsa-en-algodon-botanik-100gr-10690/,200,,https://www.kronosolopromocionales.com/productos/bolsa-en-algodon-botanik-100gr-10690/,self,true,,,true,Ninguna
https://www.kronosolopromocionales.com/productos/bolsa-en-algodon-con-fuelle-100gr-10691/,200,,https://www.kronosolopromocionales.com/productos/bolsa-en-algodon-con-fuelle-100gr-10691/,self,true,,,true,Ninguna
https://www.kronosolopromocionales.com/productos/cartoon-3010/,200,,https://www.kronosolopromocionales.com/productos/cartoon-3010/,self,true,,,true,Ninguna
https://www.kronosolopromocionales.com/productos/ecologik-8231/,200,,https://www.kronosolopromocionales.com/productos/ecologik-8231/,self,true,,,true,Ninguna
https://www.kronosolopromocionales.com/productos/reloj-led-bamboo-9721/,200,,https://www.kronosolopromocionales.com/productos/reloj-led-bamboo-9721/,self,true,,,true,Ninguna
https://www.kronosolopromocionales.com/productos/bolsa-en-algodon-con-fuelle-135gr-7568/,200,,https://www.kronosolopromocionales.com/productos/bolsa-en-algodon-con-fuelle-135gr-7568/,self,true,,,true,Ninguna
https://www.kronosolopromocionales.com/productos/morral-backpack-telesto-rpet-10414/,200,,https://www.kronosolopromocionales.com/productos/morral-backpack-telesto-rpet-10414/,self,true,,,true,Ninguna
https://www.kronosolopromocionales.com/productos/portadocumentos-de-viaje-y-de-cables-rpet-10420/,200,,https://www.kronosolopromocionales.com/productos/portadocumentos-de-viaje-y-de-cables-rpet-10420/,self,true,,,true,Ninguna
https://www.kronosolopromocionales.com/productos/organizador-de-viaje-tango-rpet-10421/,200,,https://www.kronosolopromocionales.com/productos/organizador-de-viaje-tango-rpet-10421/,self,true,,,true,Ninguna
https://www.kronosolopromocionales.com/productos/bolsa-holt-eco-120gr-10422/,200,,https://www.kronosolopromocionales.com/productos/bolsa-holt-eco-120gr-10422/,self,true,,,true,Ninguna
https://www.kronosolopromocionales.com/productos/morral-backpack-prince-urban-travel-10548/,200,,https://www.kronosolopromocionales.com/productos/morral-backpack-prince-urban-travel-10548/,self,true,,,true,Ninguna
https://www.kronosolopromocionales.com/productos/morral-backpack-genesis-urban-travel-10549/,200,,https://www.kronosolopromocionales.com/productos/morral-backpack-genesis-urban-travel-10549/,self,true,,,true,Ninguna
https://www.kronosolopromocionales.com/productos/bolsa-plastica-ruffus-10584/,200,,https://www.kronosolopromocionales.com/productos/bolsa-plastica-ruffus-10584/,self,true,,,true,Ninguna
https://www.kronosolopromocionales.com/productos/morral-backpack-river-10363/,200,,https://www.kronosolopromocionales.com/productos/morral-backpack-river-10363/,self,true,,,true,Ninguna
https://www.kronosolopromocionales.com/productos/morral-backpack-chest-10370/,200,,https://www.kronosolopromocionales.com/productos/morral-backpack-chest-10370/,self,true,,,true,Ninguna
https://www.kronosolopromocionales.com/productos/nevera-cooler-ginko-10371/,200,,https://www.kronosolopromocionales.com/productos/nevera-cooler-ginko-10371/,self,true,,,true,Ninguna
https://www.kronosolopromocionales.com/productos/bolsa-en-algodon-shopper-290gr-10367/,200,,https://www.kronosolopromocionales.com/productos/bolsa-en-algodon-shopper-290gr-10367/,self,true,,,true,Ninguna
https://www.kronosolopromocionales.com/productos/estuche-baloo-10372/,200,,https://www.kronosolopromocionales.com/productos/estuche-baloo-10372/,self,true,,,true,Ninguna
https://www.kronosolopromocionales.com/productos/organizador-de-viaje-artemis-10376/,200,,https://www.kronosolopromocionales.com/productos/organizador-de-viaje-artemis-10376/,self,true,,,true,Ninguna
https://www.kronosolopromocionales.com/productos/organizador-de-viaje-venus-10574/,200,,https://www.kronosolopromocionales.com/productos/organizador-de-viaje-venus-10574/,self,true,,,true,Ninguna
https://www.kronosolopromocionales.com/productos/bolsa-compacta-cliff-10576/,200,,https://www.kronosolopromocionales.com/productos/bolsa-compacta-cliff-10576/,self,true,,,true,Ninguna
https://www.kronosolopromocionales.com/productos/morral-backpack-doom-10332/,200,,https://www.kronosolopromocionales.com/productos/morral-backpack-doom-10332/,self,true,,,true,Ninguna
https://www.kronosolopromocionales.com/productos/morral-backpack-kallisto-10787/,200,,https://www.kronosolopromocionales.com/productos/morral-backpack-kallisto-10787/,self,true,,,true,Ninguna
https://www.kronosolopromocionales.com/productos/morral-backpack-antirrobo-sencillo-armor-ii-10564/,200,,https://www.kronosolopromocionales.com/productos/morral-backpack-antirrobo-sencillo-armor-ii-10564/,self,true,,,true,Ninguna
https://www.kronosolopromocionales.com/productos/morral-backpack-tripp-ii-10565/,200,,https://www.kronosolopromocionales.com/productos/morral-backpack-tripp-ii-10565/,self,true,,,true,Ninguna
https://www.kronosolopromocionales.com/productos/organizador-de-viaje-nova-urban-travel-9817/,200,,https://www.kronosolopromocionales.com/productos/organizador-de-viaje-nova-urban-travel-9817/,self,true,,,true,Ninguna
https://www.kronosolopromocionales.com/productos/cosmetiquera-judy-produccion-nacional-9825/,200,,https://www.kronosolopromocionales.com/productos/cosmetiquera-judy-produccion-nacional-9825/,self,true,,,true,Ninguna
https://www.kronosolopromocionales.com/productos/maletin-avenue-oferta-6161/,200,,https://www.kronosolopromocionales.com/productos/maletin-avenue-oferta-6161/,self,true,,,true,Ninguna
https://www.kronosolopromocionales.com/productos/bolsa-clear-trenza-con-ribete-produccion-nacional-6463/,200,,https://www.kronosolopromocionales.com/productos/bolsa-clear-trenza-con-ribete-produccion-nacional-6463/,self,true,,,true,Ninguna
https://www.kronosolopromocionales.com/productos/bolsa-clear-zuzy-con-ribete-produccion-nacional-6460/,200,,https://www.kronosolopromocionales.com/productos/bolsa-clear-zuzy-con-ribete-produccion-nacional-6460/,self,true,,,true,Ninguna
https://www.kronosolopromocionales.com/productos/morral-backpack-denim-7600/,200,,https://www.kronosolopromocionales.com/productos/morral-backpack-denim-7600/,self,true,,,true,Ninguna
https://www.kronosolopromocionales.com/productos/morral-backpack-plegable-venecia-9157/,200,,https://www.kronosolopromocionales.com/productos/morral-backpack-plegable-venecia-9157/,self,true,,,true,Ninguna
https://www.kronosolopromocionales.com/productos/nevera-cooler-bag-neopreno-9311/,200,,https://www.kronosolopromocionales.com/productos/nevera-cooler-bag-neopreno-9311/,self,true,,,true,Ninguna
https://www.kronosolopromocionales.com/productos/nevera-cooler-joplin-9068/,200,,https://www.kronosolopromocionales.com/productos/nevera-cooler-joplin-9068/,self,true,,,true,Ninguna
https://www.kronosolopromocionales.com/productos/morral-backpack-antirrobo-security-9601/,200,,https://www.kronosolopromocionales.com/productos/morral-backpack-antirrobo-security-9601/,self,true,,,true,Ninguna
https://www.kronosolopromocionales.com/productos/organizador-de-viaje-darwin-9826/,200,,https://www.kronosolopromocionales.com/productos/organizador-de-viaje-darwin-9826/,self,true,,,true,Ninguna
https://www.kronosolopromocionales.com/productos/bolsa-en-cambrel-shopper-9960/,200,,https://www.kronosolopromocionales.com/productos/bolsa-en-cambrel-shopper-9960/,self,true,,,true,Ninguna
https://www.kronosolopromocionales.com/productos/manos-libres-lakey-urban-travel-10167/,200,,https://www.kronosolopromocionales.com/productos/manos-libres-lakey-urban-travel-10167/,self,true,,,true,Ninguna
https://www.kronosolopromocionales.com/productos/sporty-bag-evan-10155/,200,,https://www.kronosolopromocionales.com/productos/sporty-bag-evan-10155/,self,true,,,true,Ninguna
https://www.kronosolopromocionales.com/productos/nevera-cooler-caspian-10175/,200,,https://www.kronosolopromocionales.com/productos/nevera-cooler-caspian-10175/,self,true,,,true,Ninguna
https://www.kronosolopromocionales.com/productos/nevera-cooler-bishop-10185/,200,,https://www.kronosolopromocionales.com/productos/nevera-cooler-bishop-10185/,self,true,,,true,Ninguna
https://www.kronosolopromocionales.com/productos/nevera-cooler-strap-10189/,200,,https://www.kronosolopromocionales.com/productos/nevera-cooler-strap-10189/,self,true,,,true,Ninguna
https://www.kronosolopromocionales.com/productos/nevera-cooler-cody-10193/,200,,https://www.kronosolopromocionales.com/productos/nevera-cooler-cody-10193/,self,true,,,true,Ninguna
https://www.kronosolopromocionales.com/productos/organizador-de-viaje-merrick-10184/,200,,https://www.kronosolopromocionales.com/productos/organizador-de-viaje-merrick-10184/,self,true,,,true,Ninguna
https://www.kronosolopromocionales.com/productos/funda-portalaptop-rpet-10173/,200,,https://www.kronosolopromocionales.com/productos/funda-portalaptop-rpet-10173/,self,true,,,true,Ninguna
https://www.kronosolopromocionales.com/productos/maletin-portadocumentos-king-10171/,200,,https://www.kronosolopromocionales.com/productos/maletin-portadocumentos-king-10171/,self,true,,,true,Ninguna
https://www.kronosolopromocionales.com/productos/morral-backpack-asher-rpet-10174/,200,,https://www.kronosolopromocionales.com/productos/morral-backpack-asher-rpet-10174/,self,true,,,true,Ninguna
https://www.kronosolopromocionales.com/productos/morral-backpack-padrax-oferta-10170/,200,,https://www.kronosolopromocionales.com/productos/morral-backpack-padrax-oferta-10170/,self,true,,,true,Ninguna
https://www.kronosolopromocionales.com/productos/bolsa-graham-ii-13172/,200,,https://www.kronosolopromocionales.com/productos/bolsa-graham-ii-13172/,self,true,,,true,Ninguna
https://www.kronosolopromocionales.com/productos/sporty-bag-cotton-180gr-ii-11039/,200,,https://www.kronosolopromocionales.com/productos/sporty-bag-cotton-180gr-ii-11039/,self,true,,,true,Ninguna
https://www.kronosolopromocionales.com/productos/morral-backpack-gripper-11045/,200,,https://www.kronosolopromocionales.com/productos/morral-backpack-gripper-11045/,self,true,,,true,Ninguna
https://www.kronosolopromocionales.com/productos/botilito-plastico-santino-650ml-oferta-9774/,200,,https://www.kronosolopromocionales.com/productos/botilito-plastico-santino-650ml-oferta-9774/,self,true,,,true,Ninguna
https://www.kronosolopromocionales.com/productos/botilito-plastico-frontier-petg-610ml-10700/,200,,https://www.kronosolopromocionales.com/productos/botilito-plastico-frontier-petg-610ml-10700/,self,true,,,true,Ninguna
https://www.kronosolopromocionales.com/productos/botilito-metalico-marcello-800ml-10390/,200,,https://www.kronosolopromocionales.com/productos/botilito-metalico-marcello-800ml-10390/,self,true,,,true,Ninguna
https://www.kronosolopromocionales.com/productos/mug-metalico-troy-300ml-10341/,200,,https://www.kronosolopromocionales.com/productos/mug-metalico-troy-300ml-10341/,self,true,,,true,Ninguna
https://www.kronosolopromocionales.com/productos/botilito-metalico-lewis-urban-travel-500ml-10342/,200,,https://www.kronosolopromocionales.com/productos/botilito-metalico-lewis-urban-travel-500ml-10342/,self,true,,,true,Ninguna
https://www.kronosolopromocionales.com/productos/mug-metalico-magnus-urban-travel-400ml-10506/,200,,https://www.kronosolopromocionales.com/productos/mug-metalico-magnus-urban-travel-400ml-10506/,self,true,,,true,Ninguna
https://www.kronosolopromocionales.com/productos/botilito-metalico-legacy-530ml-10512/,200,,https://www.kronosolopromocionales.com/productos/botilito-metalico-legacy-530ml-10512/,self,true,,,true,Ninguna
https://www.kronosolopromocionales.com/productos/botilito-metalico-dash-950ml-10501/,200,,https://www.kronosolopromocionales.com/productos/botilito-metalico-dash-950ml-10501/,self,true,,,true,Ninguna
https://www.kronosolopromocionales.com/productos/mug-metalico-harlem-350ml-10504/,200,,https://www.kronosolopromocionales.com/productos/mug-metalico-harlem-350ml-10504/,self,true,,,true,Ninguna
https://www.kronosolopromocionales.com/productos/mug-toffee-300ml-10430/,200,,https://www.kronosolopromocionales.com/productos/mug-toffee-300ml-10430/,self,true,,,false,Ninguna
https://www.kronosolopromocionales.com/productos/termo-metalico-calypso-chili-750ml-10518/,200,,https://www.kronosolopromocionales.com/productos/termo-metalico-calypso-chili-750ml-10518/,self,true,,,true,Ninguna
https://www.kronosolopromocionales.com/productos/mug-metalico-calypso-chili-500ml-10521/,200,,https://www.kronosolopromocionales.com/productos/mug-metalico-calypso-chili-500ml-10521/,self,true,,,true,Ninguna
https://www.kronosolopromocionales.com/productos/mug-compacto-350ml-10568/,200,,https://www.kronosolopromocionales.com/productos/mug-compacto-350ml-10568/,self,true,,,true,Ninguna
https://www.kronosolopromocionales.com/productos/mug-metalico-chester-880ml-10455/,200,,https://www.kronosolopromocionales.com/productos/mug-metalico-chester-880ml-10455/,self,true,,,true,Ninguna
https://www.kronosolopromocionales.com/productos/botilito-plastico-bacchus-pet-1000ml-10562/,200,,https://www.kronosolopromocionales.com/productos/botilito-plastico-bacchus-pet-1000ml-10562/,self,true,,,true,Ninguna
https://www.kronosolopromocionales.com/productos/mug-plastico-pacific-450ml-oferta-10581/,200,,https://www.kronosolopromocionales.com/productos/mug-plastico-pacific-450ml-oferta-10581/,self,true,,,true,Ninguna
https://www.kronosolopromocionales.com/productos/botilito-plastico-wonder-700ml-produccion-nacional-10688/,200,,https://www.kronosolopromocionales.com/productos/botilito-plastico-wonder-700ml-produccion-nacional-10688/,self,true,,,true,Ninguna
https://www.kronosolopromocionales.com/productos/botilito-plastico-shams-rpet-600ml-10785/,200,,https://www.kronosolopromocionales.com/productos/botilito-plastico-shams-rpet-600ml-10785/,self,true,,,true,Ninguna
https://www.kronosolopromocionales.com/productos/mug-metalico-torval-urban-travel-400ml-11053/,200,,https://www.kronosolopromocionales.com/productos/mug-metalico-torval-urban-travel-400ml-11053/,self,true,,,true,Ninguna
https://www.kronosolopromocionales.com/productos/tapa-cupula-double-10631/,200,,https://www.kronosolopromocionales.com/productos/tapa-cupula-double-10631/,self,true,,,true,Ninguna
https://www.kronosolopromocionales.com/productos/tapa-pestana-window-10632/,200,,https://www.kronosolopromocionales.com/productos/tapa-pestana-window-10632/,self,true,,,true,Ninguna
https://www.kronosolopromocionales.com/productos/tapa-holdy-10615/,200,,https://www.kronosolopromocionales.com/productos/tapa-holdy-10615/,self,true,,,true,Ninguna
https://www.kronosolopromocionales.com/productos/botilito-metalico-dakota-650ml-10083/,200,,https://www.kronosolopromocionales.com/productos/botilito-metalico-dakota-650ml-10083/,self,true,,,true,Ninguna
https://www.kronosolopromocionales.com/productos/botilito-plastico-sterling-700ml-10084/,200,,https://www.kronosolopromocionales.com/productos/botilito-plastico-sterling-700ml-10084/,self,true,,,true,Ninguna
https://www.kronosolopromocionales.com/productos/mug-metalico-con-pitillo-600ml-10092/,200,,https://www.kronosolopromocionales.com/productos/mug-metalico-con-pitillo-600ml-10092/,self,true,,,true,Ninguna
https://www.kronosolopromocionales.com/productos/botilito-metalico-artemis-800ml-10306/,200,,https://www.kronosolopromocionales.com/productos/botilito-metalico-artemis-800ml-10306/,self,true,,,true,Ninguna
https://www.kronosolopromocionales.com/productos/botilito-en-pvc-helice-760ml-produccion-nacional-5741/,200,,https://www.kronosolopromocionales.com/productos/botilito-en-pvc-helice-760ml-produccion-nacional-5741/,self,true,,,true,Ninguna
https://www.kronosolopromocionales.com/productos/botilito-sport-650ml-produccion-nacional-4083/,200,,https://www.kronosolopromocionales.com/productos/botilito-sport-650ml-produccion-nacional-4083/,self,true,,,true,Ninguna
https://www.kronosolopromocionales.com/productos/tapa-en-silicona-para-mug-orbit-5893/,200,,https://www.kronosolopromocionales.com/productos/tapa-en-silicona-para-mug-orbit-5893/,self,true,,,true,Ninguna
https://www.kronosolopromocionales.com/productos/tapa-pestana-para-botilito-mu-07-mu-59-4087/,200,,https://www.kronosolopromocionales.com/productos/tapa-pestana-para-botilito-mu-07-mu-59-4087/,self,true,,,true,Ninguna
https://www.kronosolopromocionales.com/productos/tapa-botilito-igloo-energy-2381/,200,,https://www.kronosolopromocionales.com/productos/tapa-botilito-igloo-energy-2381/,self,true,,,true,Ninguna
https://www.kronosolopromocionales.com/productos/botilito-supra-en-pet-600ml-produccion-nacional-6706/,200,,https://www.kronosolopromocionales.com/productos/botilito-supra-en-pet-600ml-produccion-nacional-6706/,self,true,,,true,Ninguna
https://www.kronosolopromocionales.com/productos/botilito-para-mascotas-580ml-8867/,200,,https://www.kronosolopromocionales.com/productos/botilito-para-mascotas-580ml-8867/,self,true,,,true,Ninguna
https://www.kronosolopromocionales.com/productos/botilito-plastico-cork-650ml-oferta-9012/,200,,https://www.kronosolopromocionales.com/productos/botilito-plastico-cork-650ml-oferta-9012/,self,true,,,true,Ninguna
https://www.kronosolopromocionales.com/productos/botilito-en-pet-leroy-800ml-produccion-nacional-9355/,200,,https://www.kronosolopromocionales.com/productos/botilito-en-pet-leroy-800ml-produccion-nacional-9355/,self,true,,,true,Ninguna
https://www.kronosolopromocionales.com/productos/tapa-chupo-lisa-produccion-nacional-9394/,200,,https://www.kronosolopromocionales.com/productos/tapa-chupo-lisa-produccion-nacional-9394/,self,true,,,true,Ninguna
https://www.kronosolopromocionales.com/productos/tapa-para-botilito-supra-mu-90-y-mu-253-maxi-supra-6988/,200,,https://www.kronosolopromocionales.com/productos/tapa-para-botilito-supra-mu-90-y-mu-253-maxi-supra-6988/,self,true,,,true,Ninguna
https://www.kronosolopromocionales.com/productos/botilito-plastico-alepy-petg-750ml-oferta-9557/,200,,https://www.kronosolopromocionales.com/productos/botilito-plastico-alepy-petg-750ml-oferta-9557/,self,true,,,true,Ninguna
https://www.kronosolopromocionales.com/productos/botilito-plastico-nomix-petg-750ml-oferta-9558/,200,,https://www.kronosolopromocionales.com/productos/botilito-plastico-nomix-petg-750ml-oferta-9558/,self,true,,,true,Ninguna
https://www.kronosolopromocionales.com/productos/mug-metalico-koen-urban-travel-600ml-10500/,200,,https://www.kronosolopromocionales.com/productos/mug-metalico-koen-urban-travel-600ml-10500/,self,true,,,true,Ninguna
https://www.kronosolopromocionales.com/productos/mug-metalico-wilem-380ml-ii-10621/,200,,https://www.kronosolopromocionales.com/productos/mug-metalico-wilem-380ml-ii-10621/,self,true,,,true,Ninguna
https://www.kronosolopromocionales.com/productos/boligrafo-aldrich-metalizado-10664/,200,,https://www.kronosolopromocionales.com/productos/boligrafo-aldrich-metalizado-10664/,self,true,,,true,Ninguna
https://www.kronosolopromocionales.com/productos/boligrafo-aldrich-solido-10663/,200,,https://www.kronosolopromocionales.com/productos/boligrafo-aldrich-solido-10663/,self,true,,,true,Ninguna
https://www.kronosolopromocionales.com/productos/boligrafo-baniri-bamboo-10658/,200,,https://www.kronosolopromocionales.com/productos/boligrafo-baniri-bamboo-10658/,self,true,,,true,Ninguna
https://www.kronosolopromocionales.com/productos/boligrafo-jeringa-2441/,200,,https://www.kronosolopromocionales.com/productos/boligrafo-jeringa-2441/,self,true,,,true,Ninguna
https://www.kronosolopromocionales.com/productos/boligrafo-calvin-10498/,200,,https://www.kronosolopromocionales.com/productos/boligrafo-calvin-10498/,self,true,,,true,Ninguna
https://www.kronosolopromocionales.com/productos/boligrafo-helmet-10666/,200,,https://www.kronosolopromocionales.com/productos/boligrafo-helmet-10666/,self,true,,,true,Ninguna
https://www.kronosolopromocionales.com/productos/boligrafo-kent-10657/,200,,https://www.kronosolopromocionales.com/productos/boligrafo-kent-10657/,self,true,,,true,Ninguna
https://www.kronosolopromocionales.com/productos/boligrafo-landon-10662/,200,,https://www.kronosolopromocionales.com/productos/boligrafo-landon-10662/,self,true,,,true,Ninguna
https://www.kronosolopromocionales.com/productos/boligrafo-luana-10661/,200,,https://www.kronosolopromocionales.com/productos/boligrafo-luana-10661/,self,true,,,true,Ninguna
https://www.kronosolopromocionales.com/productos/boligrafo-ziwei-bamboo-10659/,200,,https://www.kronosolopromocionales.com/productos/boligrafo-ziwei-bamboo-10659/,self,true,,,true,Ninguna
https://www.kronosolopromocionales.com/productos/boligrafo-funk-10016/,200,,https://www.kronosolopromocionales.com/productos/boligrafo-funk-10016/,self,true,,,true,Ninguna
https://www.kronosolopromocionales.com/productos/boligrafo-jovi-metalizado-10022/,200,,https://www.kronosolopromocionales.com/productos/boligrafo-jovi-metalizado-10022/,self,true,,,true,Ninguna
https://www.kronosolopromocionales.com/productos/korn-roller-10023/,200,,https://www.kronosolopromocionales.com/productos/korn-roller-10023/,self,true,,,true,Ninguna
https://www.kronosolopromocionales.com/productos/boligrafo-lizzy-10026/,200,,https://www.kronosolopromocionales.com/productos/boligrafo-lizzy-10026/,self,true,,,true,Ninguna
https://www.kronosolopromocionales.com/productos/boligrafo-maddax-gel-10028/,200,,https://www.kronosolopromocionales.com/productos/boligrafo-maddax-gel-10028/,self,true,,,true,Ninguna
https://www.kronosolopromocionales.com/productos/boligrafo-ralph-10032/,200,,https://www.kronosolopromocionales.com/productos/boligrafo-ralph-10032/,self,true,,,true,Ninguna
https://www.kronosolopromocionales.com/productos/boligrafo-rapid-gel-10033/,200,,https://www.kronosolopromocionales.com/productos/boligrafo-rapid-gel-10033/,self,true,,,true,Ninguna
https://www.kronosolopromocionales.com/productos/boligrafo-selva-metalizado-10036/,200,,https://www.kronosolopromocionales.com/productos/boligrafo-selva-metalizado-10036/,self,true,,,true,Ninguna
https://www.kronosolopromocionales.com/productos/boligrafo-selva-pastel-10037/,200,,https://www.kronosolopromocionales.com/productos/boligrafo-selva-pastel-10037/,self,true,,,true,Ninguna
https://www.kronosolopromocionales.com/productos/nolton-5184/,200,,https://www.kronosolopromocionales.com/productos/nolton-5184/,self,true,,,true,Ninguna
https://www.kronosolopromocionales.com/productos/aria-5646/,200,,https://www.kronosolopromocionales.com/productos/aria-5646/,self,true,,,true,Ninguna
https://www.kronosolopromocionales.com/productos/summit-3018/,200,,https://www.kronosolopromocionales.com/productos/summit-3018/,self,true,,,true,Ninguna
https://www.kronosolopromocionales.com/productos/woody-3690/,200,,https://www.kronosolopromocionales.com/productos/woody-3690/,self,true,,,true,Ninguna
https://www.kronosolopromocionales.com/productos/dwyn-metalico-6584/,200,,https://www.kronosolopromocionales.com/productos/dwyn-metalico-6584/,self,true,,,true,Ninguna
https://www.kronosolopromocionales.com/productos/loman-roller-pen-ver-mina-roller-europea-o-china-5186/,200,,https://www.kronosolopromocionales.com/productos/loman-roller-pen-ver-mina-roller-europea-o-china-5186/,self,true,,,true,Ninguna
https://www.kronosolopromocionales.com/productos/estuche-doble-regal-prod-nacional-6048/,200,,https://www.kronosolopromocionales.com/productos/estuche-doble-regal-prod-nacional-6048/,self,true,,,true,Ninguna
https://www.kronosolopromocionales.com/productos/estuche-clear-produccion-nacional-6047/,200,,https://www.kronosolopromocionales.com/productos/estuche-clear-produccion-nacional-6047/,self,true,,,true,Ninguna
https://www.kronosolopromocionales.com/productos/clark-metalizado-7337/,200,,https://www.kronosolopromocionales.com/productos/clark-metalizado-7337/,self,true,,,true,Ninguna
https://www.kronosolopromocionales.com/productos/clark-solido-7338/,200,,https://www.kronosolopromocionales.com/productos/clark-solido-7338/,self,true,,,true,Ninguna
https://www.kronosolopromocionales.com/productos/magno-7343/,200,,https://www.kronosolopromocionales.com/productos/magno-7343/,self,true,,,true,Ninguna
https://www.kronosolopromocionales.com/productos/opera-boligrafo-7348/,200,,https://www.kronosolopromocionales.com/productos/opera-boligrafo-7348/,self,true,,,true,Ninguna
https://www.kronosolopromocionales.com/productos/opera-roller-7349/,200,,https://www.kronosolopromocionales.com/productos/opera-roller-7349/,self,true,,,true,Ninguna
https://www.kronosolopromocionales.com/productos/boligrafo-wister-7369/,200,,https://www.kronosolopromocionales.com/productos/boligrafo-wister-7369/,self,true,,,true,Ninguna
https://www.kronosolopromocionales.com/productos/summit-neon-7722/,200,,https://www.kronosolopromocionales.com/productos/summit-neon-7722/,self,true,,,true,Ninguna
https://www.kronosolopromocionales.com/productos/dickens-metalico-oferta-7734/,200,,https://www.kronosolopromocionales.com/productos/dickens-metalico-oferta-7734/,self,true,,,true,Ninguna
https://www.kronosolopromocionales.com/productos/benella-oferta-7809/,200,,https://www.kronosolopromocionales.com/productos/benella-oferta-7809/,self,true,,,true,Ninguna
https://www.kronosolopromocionales.com/productos/cosmo-borrable-oferta-4067/,200,,https://www.kronosolopromocionales.com/productos/cosmo-borrable-oferta-4067/,self,true,,,true,Ninguna
https://www.kronosolopromocionales.com/productos/prisma-7752/,200,,https://www.kronosolopromocionales.com/productos/prisma-7752/,self,true,,,true,Ninguna
https://www.kronosolopromocionales.com/productos/tempo-7855/,200,,https://www.kronosolopromocionales.com/productos/tempo-7855/,self,true,,,true,Ninguna
https://www.kronosolopromocionales.com/productos/trevon-oferta-7944/,200,,https://www.kronosolopromocionales.com/productos/trevon-oferta-7944/,self,true,,,true,Ninguna
https://www.kronosolopromocionales.com/productos/petrus-boligrafo-8577/,200,,https://www.kronosolopromocionales.com/productos/petrus-boligrafo-8577/,self,true,,,true,Ninguna
https://www.kronosolopromocionales.com/productos/petrus-roller-8578/,200,,https://www.kronosolopromocionales.com/productos/petrus-roller-8578/,self,true,,,true,Ninguna
https://www.kronosolopromocionales.com/productos/clas-oferta-8593/,200,,https://www.kronosolopromocionales.com/productos/clas-oferta-8593/,self,true,,,true,Ninguna
https://www.kronosolopromocionales.com/productos/corpy-oferta-8594/,200,,https://www.kronosolopromocionales.com/productos/corpy-oferta-8594/,self,true,,,true,Ninguna
https://www.kronosolopromocionales.com/productos/emory-neon-8557/,200,,https://www.kronosolopromocionales.com/productos/emory-neon-8557/,self,true,,,true,Ninguna
https://www.kronosolopromocionales.com/productos/tillot-8574/,200,,https://www.kronosolopromocionales.com/productos/tillot-8574/,self,true,,,true,Ninguna
https://www.kronosolopromocionales.com/productos/ellison-solido-8570/,200,,https://www.kronosolopromocionales.com/productos/ellison-solido-8570/,self,true,,,true,Ninguna
https://www.kronosolopromocionales.com/productos/aston-mate-8880/,200,,https://www.kronosolopromocionales.com/productos/aston-mate-8880/,self,true,,,true,Ninguna
https://www.kronosolopromocionales.com/productos/telson-oferta-9258/,200,,https://www.kronosolopromocionales.com/productos/telson-oferta-9258/,self,true,,,true,Ninguna
https://www.kronosolopromocionales.com/productos/legox-9256/,200,,https://www.kronosolopromocionales.com/productos/legox-9256/,self,true,,,true,Ninguna
https://www.kronosolopromocionales.com/productos/lipsy-oferta-9241/,200,,https://www.kronosolopromocionales.com/productos/lipsy-oferta-9241/,self,true,,,true,Ninguna
https://www.kronosolopromocionales.com/productos/tokken-9243/,200,,https://www.kronosolopromocionales.com/productos/tokken-9243/,self,true,,,true,Ninguna
https://www.kronosolopromocionales.com/productos/boligrafo-deluxe-eco-oferta-9836/,200,,https://www.kronosolopromocionales.com/productos/boligrafo-deluxe-eco-oferta-9836/,self,true,,,true,Ninguna
https://www.kronosolopromocionales.com/productos/boligrafo-jovi-9843/,200,,https://www.kronosolopromocionales.com/productos/boligrafo-jovi-9843/,self,true,,,true,Ninguna
https://www.kronosolopromocionales.com/productos/boligrafo-devo-9945/,200,,https://www.kronosolopromocionales.com/productos/boligrafo-devo-9945/,self,true,,,true,Ninguna
https://www.kronosolopromocionales.com/productos/kaiser-stylus-bamboo-10315/,200,,https://www.kronosolopromocionales.com/productos/kaiser-stylus-bamboo-10315/,self,true,,,true,Ninguna
https://www.kronosolopromocionales.com/productos/set-de-herramientas-blackburn-ii-10859/,200,,https://www.kronosolopromocionales.com/productos/set-de-herramientas-blackburn-ii-10859/,self,true,,,true,Ninguna
https://www.kronosolopromocionales.com/productos/metro-paddy-10451/,200,,https://www.kronosolopromocionales.com/productos/metro-paddy-10451/,self,true,,,true,Ninguna
https://www.kronosolopromocionales.com/productos/set-de-destornilladores-pistol-10537/,200,,https://www.kronosolopromocionales.com/productos/set-de-destornilladores-pistol-10537/,self,true,,,true,Ninguna
https://www.kronosolopromocionales.com/productos/set-de-destornilladores-home-10538/,200,,https://www.kronosolopromocionales.com/productos/set-de-destornilladores-home-10538/,self,true,,,true,Ninguna
https://www.kronosolopromocionales.com/productos/set-de-herramientas-big-tire-10963/,200,,https://www.kronosolopromocionales.com/productos/set-de-herramientas-big-tire-10963/,self,true,,,false,Ninguna
https://www.kronosolopromocionales.com/productos/set-de-herramientas-robust-10964/,200,,https://www.kronosolopromocionales.com/productos/set-de-herramientas-robust-10964/,self,true,,,true,Ninguna
https://www.kronosolopromocionales.com/productos/set-de-mini-destornilladores-con-nivelador-10966/,200,,https://www.kronosolopromocionales.com/productos/set-de-mini-destornilladores-con-nivelador-10966/,self,true,,,true,Ninguna
https://www.kronosolopromocionales.com/productos/mini-set-de-destornilladores-duck-10967/,200,,https://www.kronosolopromocionales.com/productos/mini-set-de-destornilladores-duck-10967/,self,true,,,true,Ninguna
https://www.kronosolopromocionales.com/productos/set-de-herramientas-cork-10968/,200,,https://www.kronosolopromocionales.com/productos/set-de-herramientas-cork-10968/,self,true,,,true,Ninguna
https://www.kronosolopromocionales.com/productos/nivelador-con-iman-11017/,200,,https://www.kronosolopromocionales.com/productos/nivelador-con-iman-11017/,self,true,,,true,Ninguna
https://www.kronosolopromocionales.com/productos/martillo-con-navaja-eco-11050/,200,,https://www.kronosolopromocionales.com/productos/martillo-con-navaja-eco-11050/,self,true,,,true,Ninguna
https://www.kronosolopromocionales.com/productos/herramientero-denby-11068/,200,,https://www.kronosolopromocionales.com/productos/herramientero-denby-11068/,self,true,,,true,Ninguna
https://www.kronosolopromocionales.com/productos/llavero-metro-con-nivelador-jazzy-11113/,200,,https://www.kronosolopromocionales.com/productos/llavero-metro-con-nivelador-jazzy-11113/,self,true,,,true,Ninguna
https://www.kronosolopromocionales.com/productos/llavero-destapador-level-11114/,200,,https://www.kronosolopromocionales.com/productos/llavero-destapador-level-11114/,self,true,,,true,Ninguna
https://www.kronosolopromocionales.com/productos/metro-arkitect-con-destornilladores-11115/,200,,https://www.kronosolopromocionales.com/productos/metro-arkitect-con-destornilladores-11115/,self,true,,,true,Ninguna
https://www.kronosolopromocionales.com/productos/mini-set-de-destornilladores-level-11116/,200,,https://www.kronosolopromocionales.com/productos/mini-set-de-destornilladores-level-11116/,self,true,,,true,Ninguna
https://www.kronosolopromocionales.com/productos/herramientero-orca-11128/,200,,https://www.kronosolopromocionales.com/productos/herramientero-orca-11128/,self,true,,,true,Ninguna
https://www.kronosolopromocionales.com/productos/metro-retractil-kolors-10052/,200,,https://www.kronosolopromocionales.com/productos/metro-retractil-kolors-10052/,self,true,,,true,Ninguna
https://www.kronosolopromocionales.com/productos/metro-llavero-bone-9124/,200,,https://www.kronosolopromocionales.com/productos/metro-llavero-bone-9124/,self,true,,,true,Ninguna
https://www.kronosolopromocionales.com/productos/llavero-destapador-viggo-eco-11054/,200,,https://www.kronosolopromocionales.com/productos/llavero-destapador-viggo-eco-11054/,self,true,,,true,Ninguna
https://www.kronosolopromocionales.com/productos/set-nebula-11026/,200,,https://www.kronosolopromocionales.com/productos/set-nebula-11026/,self,true,,,true,Ninguna
https://www.kronosolopromocionales.com/productos/paraguas-dayton-23-9790-3846/,200,,https://www.kronosolopromocionales.com/productos/paraguas-dayton-23-9790-3846/,self,true,,,true,Ninguna
https://www.kronosolopromocionales.com/productos/paraguas-corbett-27-10586/,200,,https://www.kronosolopromocionales.com/productos/paraguas-corbett-27-10586/,self,true,,,true,Ninguna
https://www.kronosolopromocionales.com/productos/paraguas-kahlo-urban-travel-23-10894/,200,,https://www.kronosolopromocionales.com/productos/paraguas-kahlo-urban-travel-23-10894/,self,true,,,true,Ninguna
https://www.kronosolopromocionales.com/productos/paraguas-flex-golf-16-10882/,200,,https://www.kronosolopromocionales.com/productos/paraguas-flex-golf-16-10882/,self,true,,,true,Ninguna
https://www.kronosolopromocionales.com/productos/mini-paraguas-hansel-21-6868-3854/,200,,https://www.kronosolopromocionales.com/productos/mini-paraguas-hansel-21-6868-3854/,self,true,,,true,Ninguna
https://www.kronosolopromocionales.com/productos/paraguas-lancelot-27-6865/,200,,https://www.kronosolopromocionales.com/productos/paraguas-lancelot-27-6865/,self,true,,,true,Ninguna
https://www.kronosolopromocionales.com/productos/mini-paraguas-strap-21-6201-3856/,200,,https://www.kronosolopromocionales.com/productos/mini-paraguas-strap-21-6201-3856/,self,true,,,true,Ninguna
https://www.kronosolopromocionales.com/productos/paraguas-brook-27-6369-3857/,200,,https://www.kronosolopromocionales.com/productos/paraguas-brook-27-6369-3857/,self,true,,,true,Ninguna
https://www.kronosolopromocionales.com/productos/paraguas-27-5913-3858/,200,,https://www.kronosolopromocionales.com/productos/paraguas-27-5913-3858/,self,true,,,false,Ninguna
https://www.kronosolopromocionales.com/productos/paraguas-trendy-poliester-27-5693/,200,,https://www.kronosolopromocionales.com/productos/paraguas-trendy-poliester-27-5693/,self,true,,,true,Ninguna
https://www.kronosolopromocionales.com/productos/paraguas-golf-cuadrado-30-1085/,200,,https://www.kronosolopromocionales.com/productos/paraguas-golf-cuadrado-30-1085/,self,true,,,true,Ninguna
https://www.kronosolopromocionales.com/productos/paraguas-profesional-en-fibra-de-vidrio-30-2145-3863/,200,,https://www.kronosolopromocionales.com/productos/paraguas-profesional-en-fibra-de-vidrio-30-2145-3863/,self,true,,,true,Ninguna
https://www.kronosolopromocionales.com/productos/paraguas-fiori-23-7515-3864/,200,,https://www.kronosolopromocionales.com/productos/paraguas-fiori-23-7515-3864/,self,true,,,true,Ninguna
https://www.kronosolopromocionales.com/productos/paraguas-brook-ergo-27-7512-3865/,200,,https://www.kronosolopromocionales.com/productos/paraguas-brook-ergo-27-7512-3865/,self,true,dup-3,,true,Definir canonical entre el grupo o consolidar contenido
https://www.kronosolopromocionales.com/productos/paraguas-freerain-23-7627-3866/,200,,https://www.kronosolopromocionales.com/productos/paraguas-freerain-23-7627-3866/,self,true,,,true,Ninguna
https://www.kronosolopromocionales.com/productos/paraguas-trendy-poliester-27-7764/,200,,https://www.kronosolopromocionales.com/productos/paraguas-trendy-poliester-27-7764/,self,true,,,true,Ninguna
https://www.kronosolopromocionales.com/productos/mini-paraguas-lloyd-21-8658-3868/,200,,https://www.kronosolopromocionales.com/productos/mini-paraguas-lloyd-21-8658-3868/,self,true,,,true,Ninguna
https://www.kronosolopromocionales.com/productos/paraguas-galtem-27-8652/,200,,https://www.kronosolopromocionales.com/productos/paraguas-galtem-27-8652/,self,true,,,true,Ninguna
https://www.kronosolopromocionales.com/productos/paraguas-27-9218/,200,,https://www.kronosolopromocionales.com/productos/paraguas-27-9218/,self,true,dup-5,,true,Definir canonical entre el grupo o consolidar contenido
https://www.kronosolopromocionales.com/productos/paraguas-23-9217/,200,,https://www.kronosolopromocionales.com/productos/paraguas-23-9217/,self,true,,,true,Ninguna
https://www.kronosolopromocionales.com/productos/mini-paraguas-biondi-21-8911-3873/,200,,https://www.kronosolopromocionales.com/productos/mini-paraguas-biondi-21-8911-3873/,self,true,,,true,Ninguna
https://www.kronosolopromocionales.com/productos/paraguas-kenny-215-8909-3874/,200,,https://www.kronosolopromocionales.com/productos/paraguas-kenny-215-8909-3874/,self,true,,,true,Ninguna
https://www.kronosolopromocionales.com/productos/paraguas-president-30-9381/,200,,https://www.kronosolopromocionales.com/productos/paraguas-president-30-9381/,self,true,,,true,Ninguna
https://www.kronosolopromocionales.com/productos/mini-paraguas-maverick-21-9426-3878/,200,,https://www.kronosolopromocionales.com/productos/mini-paraguas-maverick-21-9426-3878/,self,true,,,true,Ninguna
https://www.kronosolopromocionales.com/productos/set-manicure-rpet-10387/,200,,https://www.kronosolopromocionales.com/productos/set-manicure-rpet-10387/,self,true,,,true,Ninguna
https://www.kronosolopromocionales.com/productos/set-de-brochas-cayden-10384/,200,,https://www.kronosolopromocionales.com/productos/set-de-brochas-cayden-10384/,self,true,,,true,Ninguna
https://www.kronosolopromocionales.com/productos/bolsa-termica-600ml-10358/,200,,https://www.kronosolopromocionales.com/productos/bolsa-termica-600ml-10358/,self,true,,,true,Ninguna
https://www.kronosolopromocionales.com/productos/metro-para-medicion-de-altura-10540/,200,,https://www.kronosolopromocionales.com/productos/metro-para-medicion-de-altura-10540/,self,true,,,true,Ninguna
https://www.kronosolopromocionales.com/productos/set-manicure-evelyn-10316/,200,,https://www.kronosolopromocionales.com/productos/set-manicure-evelyn-10316/,self,true,,,true,Ninguna
https://www.kronosolopromocionales.com/productos/set-facial-wood-spa-13169/,200,,https://www.kronosolopromocionales.com/productos/set-facial-wood-spa-13169/,self,true,,,true,Ninguna
https://www.kronosolopromocionales.com/productos/mug-metalico-mini-chester-400-ml-13592/,200,,https://www.kronosolopromocionales.com/productos/mug-metalico-mini-chester-400-ml-13592/,self,true,,,true,Ninguna
https://www.kronosolopromocionales.com/productos/llavero-linterna-space-nuevo-13595/,200,,https://www.kronosolopromocionales.com/productos/llavero-linterna-space-nuevo-13595/,self,true,,,true,Ninguna
https://www.kronosolopromocionales.com/productos/balon-de-futbol-no5-delko-9427/,200,,https://www.kronosolopromocionales.com/productos/balon-de-futbol-no5-delko-9427/,self,true,,,true,Ninguna
https://www.kronosolopromocionales.com/productos/borrador-school-ii-13604/,200,,https://www.kronosolopromocionales.com/productos/borrador-school-ii-13604/,self,true,,,true,Ninguna
https://www.kronosolopromocionales.com/productos/bolsa-en-algodon-ecotote-13596/,200,,https://www.kronosolopromocionales.com/productos/bolsa-en-algodon-ecotote-13596/,self,true,,,true,Ninguna
https://www.kronosolopromocionales.com/productos/bolsa-en-algodon-ecopack-13597/,200,,https://www.kronosolopromocionales.com/productos/bolsa-en-algodon-ecopack-13597/,self,true,,,true,Ninguna
https://www.kronosolopromocionales.com/productos/set-ml-383-ii-13606/,200,,https://www.kronosolopromocionales.com/productos/set-ml-383-ii-13606/,self,true,,,false,Ninguna
https://www.kronosolopromocionales.com/productos/bolsa-en-algodon-vera-140gr-13614/,200,,https://www.kronosolopromocionales.com/productos/bolsa-en-algodon-vera-140gr-13614/,self,true,,,false,Ninguna
https://www.kronosolopromocionales.com/productos/bolsa-en-algodon-alva-100gr-13615/,200,,https://www.kronosolopromocionales.com/productos/bolsa-en-algodon-alva-100gr-13615/,self,true,,,false,Ninguna
https://www.kronosolopromocionales.com/productos/bolsa-en-algodon-nara-13616/,200,,https://www.kronosolopromocionales.com/productos/bolsa-en-algodon-nara-13616/,self,true,,,false,Ninguna
https://www.kronosolopromocionales.com/productos/sporty-bag-en-algodon-zetta-140gr-13617/,200,,https://www.kronosolopromocionales.com/productos/sporty-bag-en-algodon-zetta-140gr-13617/,self,true,,,false,Ninguna
https://www.kronosolopromocionales.com/productos/dispensador-bolsas-linterna-led-personalizado-ecuador/,200,,https://www.kronosolopromocionales.com/productos/dispensador-bolsas-linterna-led-personalizado-ecuador/,self,true,,,true,Ninguna
https://www.kronosolopromocionales.com/productos/boligrafo-metalico-personalizado-articulos-promocionales/,200,,https://www.kronosolopromocionales.com/productos/boligrafo-metalico-personalizado-articulos-promocionales/,self,true,,,true,Ninguna
https://www.kronosolopromocionales.com/productos/boligrafo-metalico-personalizado-clas-oferta/,200,,https://www.kronosolopromocionales.com/productos/boligrafo-metalico-personalizado-clas-oferta/,self,true,,,true,Ninguna
https://www.kronosolopromocionales.com/productos/cargador-inalambrico-lampara-flex-personalizado/,200,,https://www.kronosolopromocionales.com/productos/cargador-inalambrico-lampara-flex-personalizado/,self,true,,,true,Ninguna
https://www.kronosolopromocionales.com/productos/llavero-personalizado-touch-free-ml386-ecuador/,200,,https://www.kronosolopromocionales.com/productos/llavero-personalizado-touch-free-ml386-ecuador/,self,true,,,true,Ninguna
https://www.kronosolopromocionales.com/productos/boligrafos-promocionales-lipsy-personalizado/,200,,https://www.kronosolopromocionales.com/productos/boligrafos-promocionales-lipsy-personalizado/,self,true,,,true,Ninguna
https://www.kronosolopromocionales.com/productos/boligrafo-infinity-2-1-promocional/,200,,https://www.kronosolopromocionales.com/productos/boligrafo-infinity-2-1-promocional/,self,true,,,true,Ninguna
https://www.kronosolopromocionales.com/productos/botilito-plastico-reciclado-600ml-personalizado/,200,,https://www.kronosolopromocionales.com/productos/botilito-plastico-reciclado-600ml-personalizado/,self,true,,,true,Ninguna
https://www.kronosolopromocionales.com/productos/boligrafo-ventura-spray-antibacteriano-oferta/,200,,https://www.kronosolopromocionales.com/productos/boligrafo-ventura-spray-antibacteriano-oferta/,self,true,,,true,Ninguna
https://www.kronosolopromocionales.com/productos/reloj-wall-bamboo-personalizado/,200,,https://www.kronosolopromocionales.com/productos/reloj-wall-bamboo-personalizado/,self,true,,,true,Ninguna
https://www.kronosolopromocionales.com/productos/organizador-escritorio-bamboo-cargador-inalambrico/,200,,https://www.kronosolopromocionales.com/productos/organizador-escritorio-bamboo-cargador-inalambrico/,self,true,,,true,Ninguna
https://www.kronosolopromocionales.com/productos/set-herramientas-personalizados-luz-car/,200,,https://www.kronosolopromocionales.com/productos/set-herramientas-personalizados-luz-car/,self,true,,,true,Ninguna
https://www.kronosolopromocionales.com/productos/boligrafos-metalicos-personalizados-articulos-promocionales/,200,,https://www.kronosolopromocionales.com/productos/boligrafos-metalicos-personalizados-articulos-promocionales/,self,true,,,true,Ninguna
https://www.kronosolopromocionales.com/productos/vaso-personalizado-450ml-plastico-doble-pared/,200,,https://www.kronosolopromocionales.com/productos/vaso-personalizado-450ml-plastico-doble-pared/,self,true,,,true,Ninguna
https://www.kronosolopromocionales.com/productos/botilito-plastico-personalizado-650ml/,200,,https://www.kronosolopromocionales.com/productos/botilito-plastico-personalizado-650ml/,self,true,,,true,Ninguna
https://www.kronosolopromocionales.com/productos/portatarjetas-personalizado-ml-275/,200,,https://www.kronosolopromocionales.com/productos/portatarjetas-personalizado-ml-275/,self,true,,,true,Ninguna
https://www.kronosolopromocionales.com/productos/portapapel-personalizado-master-line/,200,,https://www.kronosolopromocionales.com/productos/portapapel-personalizado-master-line/,self,true,,,true,Ninguna
https://www.kronosolopromocionales.com/productos/bolsa-plegable-paraguas-hansel-ecuador/,200,,https://www.kronosolopromocionales.com/productos/bolsa-plegable-paraguas-hansel-ecuador/,self,true,,,true,Ninguna
https://www.kronosolopromocionales.com/productos/botilito-tritan-600ml-personalizado-oferta/,200,,https://www.kronosolopromocionales.com/productos/botilito-tritan-600ml-personalizado-oferta/,self,true,,,true,Ninguna
https://www.kronosolopromocionales.com/productos/botilito-plastico-petg-700ml-personalizado/,200,,https://www.kronosolopromocionales.com/productos/botilito-plastico-petg-700ml-personalizado/,self,true,,,true,Ninguna
https://www.kronosolopromocionales.com/productos/morral-backpack-personalizado-ecuador/,200,,https://www.kronosolopromocionales.com/productos/morral-backpack-personalizado-ecuador/,self,true,,,true,Ninguna
https://www.kronosolopromocionales.com/productos/maletin-avenue-personalizado/,200,,https://www.kronosolopromocionales.com/productos/maletin-avenue-personalizado/,self,true,,,true,Ninguna
https://www.kronosolopromocionales.com/productos/botilito-plastico-nomix-petg-750ml-personalizado/,200,,https://www.kronosolopromocionales.com/productos/botilito-plastico-nomix-petg-750ml-personalizado/,self,true,,,true,Ninguna
https://www.kronosolopromocionales.com/productos/vaso-personalizado-petg-750ml-ecuador/,200,,https://www.kronosolopromocionales.com/productos/vaso-personalizado-petg-750ml-ecuador/,self,true,,,true,Ninguna
https://www.kronosolopromocionales.com/productos/maletin-trolley-bag-norris-personalizado/,200,,https://www.kronosolopromocionales.com/productos/maletin-trolley-bag-norris-personalizado/,self,true,,,true,Ninguna
https://www.kronosolopromocionales.com/productos/cargador-inalambrico-heston-personalizado/,200,,https://www.kronosolopromocionales.com/productos/cargador-inalambrico-heston-personalizado/,self,true,,,true,Ninguna
https://www.kronosolopromocionales.com/productos/bolsa-metalizada-hologram-personalizada-ecuador/,200,,https://www.kronosolopromocionales.com/productos/bolsa-metalizada-hologram-personalizada-ecuador/,self,true,,,true,Ninguna
https://www.kronosolopromocionales.com/productos/llavero-pop-personalizado-silicona/,200,,https://www.kronosolopromocionales.com/productos/llavero-pop-personalizado-silicona/,self,true,,,true,Ninguna
https://www.kronosolopromocionales.com/productos/boligrafo-antiestres-personalizado/,200,,https://www.kronosolopromocionales.com/productos/boligrafo-antiestres-personalizado/,self,true,,,true,Ninguna
https://www.kronosolopromocionales.com/productos/portatarjetas-antiestres-personalizado/,200,,https://www.kronosolopromocionales.com/productos/portatarjetas-antiestres-personalizado/,self,true,,,true,Ninguna
https://www.kronosolopromocionales.com/productos/llaveros-personalizados-antiestres-ball/,200,,https://www.kronosolopromocionales.com/productos/llaveros-personalizados-antiestres-ball/,self,true,,,true,Ninguna
https://www.kronosolopromocionales.com/productos/pelota-antiestres-personalizada-6-3cm/,200,,https://www.kronosolopromocionales.com/productos/pelota-antiestres-personalizada-6-3cm/,self,true,,,true,Ninguna
https://www.kronosolopromocionales.com/productos/pelota-antiestres-personalizada-67cm/,200,,https://www.kronosolopromocionales.com/productos/pelota-antiestres-personalizada-67cm/,self,true,,,true,Ninguna
https://www.kronosolopromocionales.com/productos/pelota-antiestres-personalizada-ecuador/,200,,https://www.kronosolopromocionales.com/productos/pelota-antiestres-personalizada-ecuador/,self,true,,,true,Ninguna
https://www.kronosolopromocionales.com/productos/pelota-antiestres-personalizada-ecuador-va-631/,200,,https://www.kronosolopromocionales.com/productos/pelota-antiestres-personalizada-ecuador-va-631/,self,true,,,true,Ninguna
https://www.kronosolopromocionales.com/productos/pelota-antiestres-personalizada-silicona/,200,,https://www.kronosolopromocionales.com/productos/pelota-antiestres-personalizada-silicona/,self,true,,,true,Ninguna
https://www.kronosolopromocionales.com/productos/pelota-antiestres-personalizada-soporte-celular/,200,,https://www.kronosolopromocionales.com/productos/pelota-antiestres-personalizada-soporte-celular/,self,true,,,true,Ninguna
https://www.kronosolopromocionales.com/productos/pelota-antiestres-personalizada-rubber/,200,,https://www.kronosolopromocionales.com/productos/pelota-antiestres-personalizada-rubber/,self,true,,,true,Ninguna
https://www.kronosolopromocionales.com/productos/pelota-antistres-personalizada-grip-gyro/,200,,https://www.kronosolopromocionales.com/productos/pelota-antistres-personalizada-grip-gyro/,self,true,,,true,Ninguna
https://www.kronosolopromocionales.com/productos/soporte-moviles-antistres-personalizado/,200,,https://www.kronosolopromocionales.com/productos/soporte-moviles-antistres-personalizado/,self,true,,,true,Ninguna
https://www.kronosolopromocionales.com/productos/pelota-antiestres-personalizada/,200,,https://www.kronosolopromocionales.com/productos/pelota-antiestres-personalizada/,self,true,,,true,Ninguna
https://www.kronosolopromocionales.com/productos/camion-antiestres-personalizado/,200,,https://www.kronosolopromocionales.com/productos/camion-antiestres-personalizado/,self,true,,,true,Ninguna
https://www.kronosolopromocionales.com/productos/muneco-antiestres-personalizado-clips/,200,,https://www.kronosolopromocionales.com/productos/muneco-antiestres-personalizado-clips/,self,true,,,true,Ninguna
https://www.kronosolopromocionales.com/productos/pelota-antiestres-personalizada-va-305/,200,,https://www.kronosolopromocionales.com/productos/pelota-antiestres-personalizada-va-305/,self,true,,,true,Ninguna
https://www.kronosolopromocionales.com/productos/llavero-corcho-personalizado-ecuador/,200,,https://www.kronosolopromocionales.com/productos/llavero-corcho-personalizado-ecuador/,self,true,,,true,Ninguna
https://www.kronosolopromocionales.com/productos/colgador-botellas-carabinero-personalizado-ecuador/,200,,https://www.kronosolopromocionales.com/productos/colgador-botellas-carabinero-personalizado-ecuador/,self,true,,,true,Ninguna
https://www.kronosolopromocionales.com/productos/soporte-moviles-ml-382-personalizado/,200,,https://www.kronosolopromocionales.com/productos/soporte-moviles-ml-382-personalizado/,self,true,,,true,Ninguna
https://www.kronosolopromocionales.com/productos/usb-soccer-memoria-personalizado-ecuador/,200,,https://www.kronosolopromocionales.com/productos/usb-soccer-memoria-personalizado-ecuador/,self,true,,,true,Ninguna
https://www.kronosolopromocionales.com/productos/dispensador-bolsas-antibacteriano-personalizado/,200,,https://www.kronosolopromocionales.com/productos/dispensador-bolsas-antibacteriano-personalizado/,self,true,,,true,Ninguna
https://www.kronosolopromocionales.com/productos/set-swiss-peak-deluxe-articulos-promocionales/,200,,https://www.kronosolopromocionales.com/productos/set-swiss-peak-deluxe-articulos-promocionales/,self,true,,,true,Ninguna
https://www.kronosolopromocionales.com/productos/set-ml-383-ii-personalizado-articulos-promocionales/,200,,https://www.kronosolopromocionales.com/productos/set-ml-383-ii-personalizado-articulos-promocionales/,self,true,,,true,Ninguna
https://www.kronosolopromocionales.com/productos/boligrafo-antibacteriano-personalizado-ecuador/,200,,https://www.kronosolopromocionales.com/productos/boligrafo-antibacteriano-personalizado-ecuador/,self,true,,,true,Ninguna
https://www.kronosolopromocionales.com/productos/boligrafo-big-bang-personalizado-ecuador/,200,,https://www.kronosolopromocionales.com/productos/boligrafo-big-bang-personalizado-ecuador/,self,true,,,true,Ninguna
https://www.kronosolopromocionales.com/productos/boligrafo-blink-personalizado-articulos-promocionales/,200,,https://www.kronosolopromocionales.com/productos/boligrafo-blink-personalizado-articulos-promocionales/,self,true,,,true,Ninguna
https://www.kronosolopromocionales.com/productos/set-boligrafos-vector-promocionales-ecuador/,200,,https://www.kronosolopromocionales.com/productos/set-boligrafos-vector-promocionales-ecuador/,self,true,,,true,Ninguna
https://www.kronosolopromocionales.com/productos/memoria-usb-boligrafo-king-personalizado/,200,,https://www.kronosolopromocionales.com/productos/memoria-usb-boligrafo-king-personalizado/,self,true,,,true,Ninguna
https://www.kronosolopromocionales.com/productos/opera-roller-personalizado-ecuador/,200,,https://www.kronosolopromocionales.com/productos/opera-roller-personalizado-ecuador/,self,true,,,true,Ninguna
https://www.kronosolopromocionales.com/productos/boligrafo-scroll-personalizado-ecuador/,200,,https://www.kronosolopromocionales.com/productos/boligrafo-scroll-personalizado-ecuador/,self,true,,,true,Ninguna
https://www.kronosolopromocionales.com/productos/set-resaltadores-cera-articulos-promocionales-ecuador/,200,,https://www.kronosolopromocionales.com/productos/set-resaltadores-cera-articulos-promocionales-ecuador/,self,true,,,true,Ninguna
https://www.kronosolopromocionales.com/productos/boligrafo-ventura-clean-set-articulos-promocionales/,200,,https://www.kronosolopromocionales.com/productos/boligrafo-ventura-clean-set-articulos-promocionales/,self,true,dup-4,,true,Definir canonical entre el grupo o consolidar contenido
https://www.kronosolopromocionales.com/productos/boligrafo-vector-roller-personalizado/,200,,https://www.kronosolopromocionales.com/productos/boligrafo-vector-roller-personalizado/,self,true,,,true,Ninguna
https://www.kronosolopromocionales.com/productos/set-resaltador-fingers-ii-eco-personalizado/,200,,https://www.kronosolopromocionales.com/productos/set-resaltador-fingers-ii-eco-personalizado/,self,true,,,true,Ninguna
https://www.kronosolopromocionales.com/productos/milla-roller-stylus-articulos-promocionales/,200,,https://www.kronosolopromocionales.com/productos/milla-roller-stylus-articulos-promocionales/,self,true,,,true,Ninguna
https://www.kronosolopromocionales.com/productos/set-mini-resaltador-tinta-personalizado-ecuador/,200,,https://www.kronosolopromocionales.com/productos/set-mini-resaltador-tinta-personalizado-ecuador/,self,true,,,true,Ninguna
https://www.kronosolopromocionales.com/productos/estuche-aluminio-personalizado-ecuador/,200,,https://www.kronosolopromocionales.com/productos/estuche-aluminio-personalizado-ecuador/,self,true,,,true,Ninguna
https://www.kronosolopromocionales.com/productos/mop-bicolor-personalizado-articulos-promocionales/,200,,https://www.kronosolopromocionales.com/productos/mop-bicolor-personalizado-articulos-promocionales/,self,true,,,true,Ninguna
https://www.kronosolopromocionales.com/productos/set-boligrafo-portaminas-bamboo-personalizado/,200,,https://www.kronosolopromocionales.com/productos/set-boligrafo-portaminas-bamboo-personalizado/,self,true,,,true,Ninguna
https://www.kronosolopromocionales.com/productos/resaltador-triangulo-eco-articulos-promocionales/,200,,https://www.kronosolopromocionales.com/productos/resaltador-triangulo-eco-articulos-promocionales/,self,true,,,true,Ninguna
https://www.kronosolopromocionales.com/productos/focus-ii-resaltador-cera-articulos-promocionales/,200,,https://www.kronosolopromocionales.com/productos/focus-ii-resaltador-cera-articulos-promocionales/,self,true,,,true,Ninguna
https://www.kronosolopromocionales.com/productos/boligrafo-sookie-personalizado-articulos-promocionales/,200,,https://www.kronosolopromocionales.com/productos/boligrafo-sookie-personalizado-articulos-promocionales/,self,true,,,true,Ninguna
https://www.kronosolopromocionales.com/productos/boligrafo-stylus-personalizado-articulos-promocionales-ecuador/,200,,https://www.kronosolopromocionales.com/productos/boligrafo-stylus-personalizado-articulos-promocionales-ecuador/,self,true,,,true,Ninguna
https://www.kronosolopromocionales.com/productos/resaltador-relaxy-personalizado-ecuador/,200,,https://www.kronosolopromocionales.com/productos/resaltador-relaxy-personalizado-ecuador/,self,true,,,true,Ninguna
https://www.kronosolopromocionales.com/productos/kaiser-stylus-bamboo-articulos-promocionales/,200,,https://www.kronosolopromocionales.com/productos/kaiser-stylus-bamboo-articulos-promocionales/,self,true,,,true,Ninguna
https://www.kronosolopromocionales.com/productos/boligrafo-bamboo-articulos-promocionales-ecuador/,200,,https://www.kronosolopromocionales.com/productos/boligrafo-bamboo-articulos-promocionales-ecuador/,self,true,,,true,Ninguna
https://www.kronosolopromocionales.com/productos/resaltador-fiona-articulos-promocionales-ecuador/,200,,https://www.kronosolopromocionales.com/productos/resaltador-fiona-articulos-promocionales-ecuador/,self,true,,,true,Ninguna
https://www.kronosolopromocionales.com/productos/boligrafo-tempo-personalizado/,200,,https://www.kronosolopromocionales.com/productos/boligrafo-tempo-personalizado/,self,true,,,true,Ninguna
https://www.kronosolopromocionales.com/productos/aston-stylus-metalico-articulos-promocionales/,200,,https://www.kronosolopromocionales.com/productos/aston-stylus-metalico-articulos-promocionales/,self,true,,,true,Ninguna
https://www.kronosolopromocionales.com/productos/advant-2-1-resaltador-tinta-articulos-promocionales/,200,,https://www.kronosolopromocionales.com/productos/advant-2-1-resaltador-tinta-articulos-promocionales/,self,true,,,true,Ninguna
https://www.kronosolopromocionales.com/productos/estuche-carton-personalizado-ecuador/,200,,https://www.kronosolopromocionales.com/productos/estuche-carton-personalizado-ecuador/,self,true,,,true,Ninguna
https://www.kronosolopromocionales.com/productos/boligrafo-pebble-personalizado-ecuador/,200,,https://www.kronosolopromocionales.com/productos/boligrafo-pebble-personalizado-ecuador/,self,true,,,true,Ninguna
https://www.kronosolopromocionales.com/productos/marcador-borrable-personalizado-ecuador/,200,,https://www.kronosolopromocionales.com/productos/marcador-borrable-personalizado-ecuador/,self,true,,,true,Ninguna
https://www.kronosolopromocionales.com/productos/boligrafo-skip-personalizado-articulos-promocionales/,200,,https://www.kronosolopromocionales.com/productos/boligrafo-skip-personalizado-articulos-promocionales/,self,true,,,true,Ninguna
https://www.kronosolopromocionales.com/productos/boligrafo-jovi-eco-personalizado/,200,,https://www.kronosolopromocionales.com/productos/boligrafo-jovi-eco-personalizado/,self,true,,,true,Ninguna
https://www.kronosolopromocionales.com/productos/boligrafos-eco-pet-personalizados-articulos-promocionales/,200,,https://www.kronosolopromocionales.com/productos/boligrafos-eco-pet-personalizados-articulos-promocionales/,self,true,,,true,Ninguna
https://www.kronosolopromocionales.com/productos/boligrafo-jovi-metalizado-personalizado-articulos-promocionales/,200,,https://www.kronosolopromocionales.com/productos/boligrafo-jovi-metalizado-personalizado-articulos-promocionales/,self,true,,,true,Ninguna
https://www.kronosolopromocionales.com/productos/boligrafo-lepper-personalizado/,200,,https://www.kronosolopromocionales.com/productos/boligrafo-lepper-personalizado/,self,true,,,true,Ninguna
https://www.kronosolopromocionales.com/productos/ventura-eco-stylus-articulos-promocionales-ecuador/,200,,https://www.kronosolopromocionales.com/productos/ventura-eco-stylus-articulos-promocionales-ecuador/,self,true,,,true,Ninguna
https://www.kronosolopromocionales.com/productos/boligrafo-summit-eco-bamboo-personalizado/,200,,https://www.kronosolopromocionales.com/productos/boligrafo-summit-eco-bamboo-personalizado/,self,true,,,true,Ninguna
https://www.kronosolopromocionales.com/productos/lapiz-infinito-gemini-personalizado/,200,,https://www.kronosolopromocionales.com/productos/lapiz-infinito-gemini-personalizado/,self,true,,,true,Ninguna
