url,slug,is_ai_optimized,content_score,quality_flags,existing_quality_score_field,grade,notes
https://www.kronosolopromocionales.com/productos/organizador-multiusos-link-nuevo-13536/,organizador-multiusos-link-nuevo-13536,true,100,,100,A,
https://www.kronosolopromocionales.com/productos/candado-de-clave-tsa-nuevo-13537/,candado-de-clave-tsa-nuevo-13537,true,100,,100,A,
https://www.kronosolopromocionales.com/productos/banda-elastica-gym-nuevo-13538/,banda-elastica-gym-nuevo-13538,true,100,,100,A,
https://www.kronosolopromocionales.com/productos/paraguas-kahlo-23-nuevo-13532/,paraguas-kahlo-23-nuevo-13532,true,100,,100,A,
https://www.kronosolopromocionales.com/productos/rastreador-chili-card-nuevo-13533/,rastreador-chili-card-nuevo-13533,true,100,,,A,
https://www.kronosolopromocionales.com/productos/mug-plastico-stash-500-ml-nuevo-13534/,mug-plastico-stash-500-ml-nuevo-13534,true,100,,100,A,
https://www.kronosolopromocionales.com/productos/sticky-set-truck-nuevo-13280/,sticky-set-truck-nuevo-13280,true,100,,100,A,
https://www.kronosolopromocionales.com/productos/audifonos-bluetooth-earshots-boompods-oferta-10589/,audifonos-bluetooth-earshots-boompods-oferta-10589,true,100,,100,A,
https://www.kronosolopromocionales.com/productos/audifonos-bluetooth-bassline-go-boompods-10590/,audifonos-bluetooth-bassline-go-boompods-10590,true,100,,100,A,
https://www.kronosolopromocionales.com/productos/speaker-bluetooth-zero-boompods-10591/,speaker-bluetooth-zero-boompods-10591,true,100,,,A,
https://www.kronosolopromocionales.com/productos/termo-metalico-calypso-chili-500ml-9781/,termo-metalico-calypso-chili-500ml-9781,true,100,,80,A,
https://www.kronosolopromocionales.com/productos/botilito-en-vidrio-calypso-chili-750ml-10653/,botilito-en-vidrio-calypso-chili-750ml-10653,true,100,,80,A,
https://www.kronosolopromocionales.com/productos/morral-backpack-master-ocean-10668/,morral-backpack-master-ocean-10668,true,100,,,A,
https://www.kronosolopromocionales.com/productos/maletin-master-ocean-10669/,maletin-master-ocean-10669,true,100,,100,A,
https://www.kronosolopromocionales.com/productos/canguro-master-ocean-10670/,canguro-master-ocean-10670,true,100,,100,A,
https://www.kronosolopromocionales.com/productos/organizador-de-viaje-master-ocean-10959/,organizador-de-viaje-master-ocean-10959,true,100,,,A,
https://www.kronosolopromocionales.com/productos/organizador-de-viaje-maxi-master-ocean-10960/,organizador-de-viaje-maxi-master-ocean-10960,false,100,,,D,"is_ai_optimized=false — pendiente de enriquecimiento, excluido del sitemap intencionalmente"
https://www.kronosolopromocionales.com/productos/morral-backpack-compacto-master-ocean-10961/,morral-backpack-compacto-master-ocean-10961,true,100,,,A,
https://www.kronosolopromocionales.com/productos/canguro-compacto-master-ocean-10962/,canguro-compacto-master-ocean-10962,true,100,,100,A,
https://www.kronosolopromocionales.com/productos/morral-backpack-antirrobo-chili-9834/,morral-backpack-antirrobo-chili-9834,true,100,,,A,
https://www.kronosolopromocionales.com/productos/boligrafo-metalico-shell-oferta-7326/,boligrafo-metalico-shell-oferta-7326,true,100,,,A,
https://www.kronosolopromocionales.com/productos/skil-oferta-8592/,skil-oferta-8592,true,100,,100,A,
https://www.kronosolopromocionales.com/productos/espejo-cork-ii-10689/,espejo-cork-ii-10689,true,100,,100,A,
https://www.kronosolopromocionales.com/productos/boligrafo-dormin-bamboo-10839/,boligrafo-dormin-bamboo-10839,false,100,,,D,"is_ai_optimized=false — pendiente de enriquecimiento, excluido del sitemap intencionalmente"
https://www.kronosolopromocionales.com/productos/portaboligrafos-lumi-rpet-10811/,portaboligrafos-lumi-rpet-10811,true,100,,,A,
https://www.kronosolopromocionales.com/productos/speaker-bluetooth-clock-eco-10835/,speaker-bluetooth-clock-eco-10835,true,100,,,A,
https://www.kronosolopromocionales.com/productos/puerto-usb-massimo-bamboo-10813/,puerto-usb-massimo-bamboo-10813,true,100,,,A,
https://www.kronosolopromocionales.com/productos/puerto-usb-ruler-bamboo-10814/,puerto-usb-ruler-bamboo-10814,false,100,,,D,"is_ai_optimized=false — pendiente de enriquecimiento, excluido del sitemap intencionalmente"
https://www.kronosolopromocionales.com/productos/set-de-colores-figgy-10697/,set-de-colores-figgy-10697,true,100,,100,A,
https://www.kronosolopromocionales.com/productos/mini-set-de-colores-baby-10698/,mini-set-de-colores-baby-10698,true,100,,100,A,
https://www.kronosolopromocionales.com/productos/bolsa-en-cambrel-baxter-5260/,bolsa-en-cambrel-baxter-5260,true,100,,100,A,
https://www.kronosolopromocionales.com/productos/bolsa-en-yute-wine-oferta-5437/,bolsa-en-yute-wine-oferta-5437,true,100,,100,A,
https://www.kronosolopromocionales.com/productos/boligrafo-mop-like-stylus-10030/,boligrafo-mop-like-stylus-10030,true,100,,100,A,
https://www.kronosolopromocionales.com/productos/mop-medic-stylus-7344/,mop-medic-stylus-7344,true,100,,100,A,
https://www.kronosolopromocionales.com/productos/mop-stylus-7345/,mop-stylus-7345,true,100,,,A,
https://www.kronosolopromocionales.com/productos/mop-bicolor-8947/,mop-bicolor-8947,true,100,,100,A,
https://www.kronosolopromocionales.com/productos/mini-paraguas-brenna-19-10673/,mini-paraguas-brenna-19-10673,true,100,,,A,
https://www.kronosolopromocionales.com/productos/mini-paraguas-strap-21-6201/,mini-paraguas-strap-21-6201,true,100,,,A,
https://www.kronosolopromocionales.com/productos/paraguas-brook-27-6369/,paraguas-brook-27-6369,true,100,,,A,
https://www.kronosolopromocionales.com/productos/paraguas-27-5913/,paraguas-27-5913,false,100,,100,D,"is_ai_optimized=false — pendiente de enriquecimiento, excluido del sitemap intencionalmente"
https://www.kronosolopromocionales.com/productos/paraguas-golf-ii-30-1083/,paraguas-golf-ii-30-1083,true,100,,100,A,
https://www.kronosolopromocionales.com/productos/paraguas-golf-redondo-27-1889/,paraguas-golf-redondo-27-1889,true,100,,100,A,
https://www.kronosolopromocionales.com/productos/paraguas-profesional-en-fibra-de-vidrio-30-2145/,paraguas-profesional-en-fibra-de-vidrio-30-2145,true,100,,,A,
https://www.kronosolopromocionales.com/productos/mini-paraguas-hansel-21-6868/,mini-paraguas-hansel-21-6868,true,100,,,A,
https://www.kronosolopromocionales.com/productos/paraguas-freerain-23-7627/,paraguas-freerain-23-7627,true,100,,100,A,
https://www.kronosolopromocionales.com/productos/paraguas-fiori-23-7515/,paraguas-fiori-23-7515,true,100,,100,A,
https://www.kronosolopromocionales.com/productos/vaso-cervecero-300ml-oferta-4813/,vaso-cervecero-300ml-oferta-4813,true,100,,80,A,
https://www.kronosolopromocionales.com/productos/set-de-viaje-swiss-peak-travel-10611/,set-de-viaje-swiss-peak-travel-10611,true,100,,,A,
https://www.kronosolopromocionales.com/productos/funda-portalaptop-swiss-peak-10612/,funda-portalaptop-swiss-peak-10612,true,100,,,A,
https://www.kronosolopromocionales.com/productos/portadocumentos-heritage-swiss-peak-11110/,portadocumentos-heritage-swiss-peak-11110,true,100,,,A,
https://www.kronosolopromocionales.com/productos/organizador-swiss-peak-office-oferta-10177/,organizador-swiss-peak-office-oferta-10177,true,100,,,A,
https://www.kronosolopromocionales.com/productos/organizador-de-viaje-swiss-peak-rpet-10181/,organizador-de-viaje-swiss-peak-rpet-10181,true,100,,100,A,
https://www.kronosolopromocionales.com/productos/portadocumentos-de-viaje-swiss-peak-6267/,portadocumentos-de-viaje-swiss-peak-6267,true,100,,,A,
https://www.kronosolopromocionales.com/productos/set-de-portatarjetas-y-boligrafos-swiss-peak-8584/,set-de-portatarjetas-y-boligrafos-swiss-peak-8584,true,100,,100,A,
https://www.kronosolopromocionales.com/productos/carpeta-folder-swiss-peak-a5-8936/,carpeta-folder-swiss-peak-a5-8936,false,100,,,D,"is_ai_optimized=false — pendiente de enriquecimiento, excluido del sitemap intencionalmente"
https://www.kronosolopromocionales.com/productos/speaker-bluetooth-bass-swiss-peak-8933/,speaker-bluetooth-bass-swiss-peak-8933,true,100,,,A,
https://www.kronosolopromocionales.com/productos/set-de-boligrafos-swiss-peak-luzern-8942/,set-de-boligrafos-swiss-peak-luzern-8942,true,100,,,A,
https://www.kronosolopromocionales.com/productos/set-de-boligrafo-y-libreta-swiss-peak-lux-9568/,set-de-boligrafo-y-libreta-swiss-peak-lux-9568,true,100,,100,A,
https://www.kronosolopromocionales.com/productos/organizador-de-viaje-swiss-peak-kool-9610/,organizador-de-viaje-swiss-peak-kool-9610,false,100,,,D,"is_ai_optimized=false — pendiente de enriquecimiento, excluido del sitemap intencionalmente"
https://www.kronosolopromocionales.com/productos/maletin-portadocumentos-urban-travel-7606/,maletin-portadocumentos-urban-travel-7606,true,100,,,A,
https://www.kronosolopromocionales.com/productos/maletin-urban-travel-7608/,maletin-urban-travel-7608,false,100,,,D,"is_ai_optimized=false — pendiente de enriquecimiento, excluido del sitemap intencionalmente"
https://www.kronosolopromocionales.com/productos/trolley-morral-backpack-urban-travel-7609/,trolley-morral-backpack-urban-travel-7609,true,100,,,A,
https://www.kronosolopromocionales.com/productos/chaqueta-urban-travel-wear-8155/,chaqueta-urban-travel-wear-8155,true,100,,100,A,
https://www.kronosolopromocionales.com/productos/portapasaporte-vester-urban-travel-8174/,portapasaporte-vester-urban-travel-8174,true,100,,,A,
https://www.kronosolopromocionales.com/productos/morral-backpack-mangini-urban-travel-9220/,morral-backpack-mangini-urban-travel-9220,true,100,,,A,
https://www.kronosolopromocionales.com/productos/morral-backpack-king-urban-travel-9599/,morral-backpack-king-urban-travel-9599,true,100,,,A,
https://www.kronosolopromocionales.com/productos/gorra-sport-en-microfibra-urban-travel-10600/,gorra-sport-en-microfibra-urban-travel-10600,true,100,,100,A,
https://www.kronosolopromocionales.com/productos/gorra-brixton-urban-travel-10601/,gorra-brixton-urban-travel-10601,true,100,,100,A,
https://www.kronosolopromocionales.com/productos/gorra-mesh-urban-travel-10602/,gorra-mesh-urban-travel-10602,true,100,,100,A,
https://www.kronosolopromocionales.com/productos/bajalenguas-plastico-produccion-nacional-7955/,bajalenguas-plastico-produccion-nacional-7955,true,100,,100,A,
https://www.kronosolopromocionales.com/productos/set-de-cubiertos-lunch-produccion-nacional-9617/,set-de-cubiertos-lunch-produccion-nacional-9617,true,100,,100,A,
https://www.kronosolopromocionales.com/productos/mug-plastico-osiris-360ml-produccion-nacional-8051/,mug-plastico-osiris-360ml-produccion-nacional-8051,true,100,,100,A,
https://www.kronosolopromocionales.com/productos/mug-plastico-newport-480ml-produccion-nacional-9030/,mug-plastico-newport-480ml-produccion-nacional-9030,true,100,,100,A,
https://www.kronosolopromocionales.com/productos/vaso-doble-pared-de-seguridad-450ml-prod-nacional-9618/,vaso-doble-pared-de-seguridad-450ml-prod-nacional-9618,true,100,,80,A,
https://www.kronosolopromocionales.com/productos/mug-plastico-morgan-300ml-produccion-nacional-10202/,mug-plastico-morgan-300ml-produccion-nacional-10202,true,100,,100,A,
https://www.kronosolopromocionales.com/productos/mug-plastico-orbit-12oz-produccion-nacional-5889/,mug-plastico-orbit-12oz-produccion-nacional-5889,true,100,,100,A,
https://www.kronosolopromocionales.com/productos/mug-plastico-shaker-14-oz-produccion-nacional-6809/,mug-plastico-shaker-14-oz-produccion-nacional-6809,true,100,,100,A,
https://www.kronosolopromocionales.com/productos/vaso-glitter-produccion-nacional-3277/,vaso-glitter-produccion-nacional-3277,true,100,,80,A,
https://www.kronosolopromocionales.com/productos/vaso-arrow-produccion-nacional-3267/,vaso-arrow-produccion-nacional-3267,true,100,,80,A,
https://www.kronosolopromocionales.com/productos/portacomida-sencillo-con-cubiertos-produccion-nacional-5389/,portacomida-sencillo-con-cubiertos-produccion-nacional-5389,true,100,,,A,
https://www.kronosolopromocionales.com/productos/estuche-multiusos-space-produccion-nacional-9620/,estuche-multiusos-space-produccion-nacional-9620,true,100,,100,A,
https://www.kronosolopromocionales.com/productos/set-de-vino-bonard-9752/,set-de-vino-bonard-9752,true,100,,100,A,
https://www.kronosolopromocionales.com/productos/portadocumentos-de-viaje-paris-10608/,portadocumentos-de-viaje-paris-10608,false,100,,,D,"is_ai_optimized=false — pendiente de enriquecimiento, excluido del sitemap intencionalmente"
https://www.kronosolopromocionales.com/productos/morral-backpack-bobby-edge-10762/,morral-backpack-bobby-edge-10762,true,100,,,A,
https://www.kronosolopromocionales.com/productos/morral-backpack-bizz-20-10763/,morral-backpack-bizz-20-10763,true,100,,,A,
https://www.kronosolopromocionales.com/productos/morral-backpack-soft-pack-10764/,morral-backpack-soft-pack-10764,true,100,,,A,
https://www.kronosolopromocionales.com/productos/morral-backpack-antirrobo-bobby-soft-9831/,morral-backpack-antirrobo-bobby-soft-9831,true,100,,,A,
https://www.kronosolopromocionales.com/productos/funda-portalaptop-impact-rpet-10004/,funda-portalaptop-impact-rpet-10004,true,100,,100,A,
https://www.kronosolopromocionales.com/productos/organizador-para-bicicleta-reflect-10178/,organizador-para-bicicleta-reflect-10178,true,100,,100,A,
https://www.kronosolopromocionales.com/productos/morral-backpack-reflect-10179/,morral-backpack-reflect-10179,true,100,,100,A,
https://www.kronosolopromocionales.com/productos/morral-backpack-flex-gym-10176/,morral-backpack-flex-gym-10176,true,100,,,A,
https://www.kronosolopromocionales.com/productos/organizador-de-viaje-florida-6265/,organizador-de-viaje-florida-6265,true,100,,,A,
https://www.kronosolopromocionales.com/productos/set-de-lapices-black-10995/,set-de-lapices-black-10995,true,100,,100,A,
https://www.kronosolopromocionales.com/productos/tajalapiz-plastico-school-10998/,tajalapiz-plastico-school-10998,false,100,,,D,"is_ai_optimized=false — pendiente de enriquecimiento, excluido del sitemap intencionalmente"
https://www.kronosolopromocionales.com/productos/reloj-de-agua-power-10828/,reloj-de-agua-power-10828,true,100,,100,A,
https://www.kronosolopromocionales.com/productos/reloj-digital-utopus-11124/,reloj-digital-utopus-11124,true,100,,100,A,
https://www.kronosolopromocionales.com/productos/set-de-crayolas-infant-10695/,set-de-crayolas-infant-10695,true,100,,100,A,
https://www.kronosolopromocionales.com/productos/ventilador-spray-10923/,ventilador-spray-10923,true,100,,100,A,
https://www.kronosolopromocionales.com/productos/cinta-portacarnet-puzzle-10833/,cinta-portacarnet-puzzle-10833,false,100,,,D,"is_ai_optimized=false — pendiente de enriquecimiento, excluido del sitemap intencionalmente"
https://www.kronosolopromocionales.com/productos/cubo-pop-it-10973/,cubo-pop-it-10973,false,80,seoDescription_debil,,D,"is_ai_optimized=false — pendiente de enriquecimiento, excluido del sitemap intencionalmente"
https://www.kronosolopromocionales.com/productos/bola-para-mascotas-10979/,bola-para-mascotas-10979,true,100,,,A,
https://www.kronosolopromocionales.com/productos/set-limpiador-7-en-1-10980/,set-limpiador-7-en-1-10980,true,100,,100,A,
https://www.kronosolopromocionales.com/productos/advant-2-1-resaltador-de-tinta-2551/,advant-2-1-resaltador-de-tinta-2551,true,100,,100,A,
https://www.kronosolopromocionales.com/productos/advant-2-1-resaltador-cera-6609/,advant-2-1-resaltador-cera-6609,true,100,,,A,
https://www.kronosolopromocionales.com/productos/focus-ii-resaltador-de-cera-6368/,focus-ii-resaltador-de-cera-6368,true,100,,,A,
https://www.kronosolopromocionales.com/productos/ventura-resaltador-cera-5709/,ventura-resaltador-cera-5709,true,100,,,A,
https://www.kronosolopromocionales.com/productos/pascal-stylus-neon-4-1-7929/,pascal-stylus-neon-4-1-7929,true,100,,100,A,
https://www.kronosolopromocionales.com/productos/royce-neon-3-1-oferta-8575/,royce-neon-3-1-oferta-8575,true,100,,,A,
https://www.kronosolopromocionales.com/productos/boligrafo-carson-3-1-10497/,boligrafo-carson-3-1-10497,true,100,,100,A,
https://www.kronosolopromocionales.com/productos/resaltador-winston-10496/,resaltador-winston-10496,true,100,,100,A,
https://www.kronosolopromocionales.com/productos/sticky-set-floppy-6184/,sticky-set-floppy-6184,true,100,,100,A,
https://www.kronosolopromocionales.com/productos/sticky-set-eco-3377/,sticky-set-eco-3377,true,100,,100,A,
https://www.kronosolopromocionales.com/productos/sticky-set-leader-eco-3382/,sticky-set-leader-eco-3382,true,100,,100,A,
https://www.kronosolopromocionales.com/productos/libreta-con-boligrafo-recycle-eco-3384/,libreta-con-boligrafo-recycle-eco-3384,true,100,,100,A,
https://www.kronosolopromocionales.com/productos/libreta-con-boligrafo-gulliver-eco-4036/,libreta-con-boligrafo-gulliver-eco-4036,true,100,,100,A,
https://www.kronosolopromocionales.com/productos/libreta-woody-ecologica-produccion-nacional-5493/,libreta-woody-ecologica-produccion-nacional-5493,true,100,,,A,
https://www.kronosolopromocionales.com/productos/mini-libreta-con-boligrafo-tavish-8668/,mini-libreta-con-boligrafo-tavish-8668,true,100,,100,A,
https://www.kronosolopromocionales.com/productos/memo-sticky-set-ring-8820/,memo-sticky-set-ring-8820,true,100,,100,A,
https://www.kronosolopromocionales.com/productos/mini-libreta-cork-9110/,mini-libreta-cork-9110,true,100,,100,A,
https://www.kronosolopromocionales.com/productos/libreta-cork-9111/,libreta-cork-9111,true,100,,,A,
https://www.kronosolopromocionales.com/productos/set-de-escritorio-cotton-10652/,set-de-escritorio-cotton-10652,true,100,,100,A,
https://www.kronosolopromocionales.com/productos/estuche-carton-produccion-nacional-6045/,estuche-carton-produccion-nacional-6045,true,100,,100,A,
https://www.kronosolopromocionales.com/productos/estuche-aluminio-1061/,estuche-aluminio-1061,true,100,,,A,
https://www.kronosolopromocionales.com/productos/set-elegance-boligrafo-y-portaminas-7356/,set-elegance-boligrafo-y-portaminas-7356,true,100,,,A,
https://www.kronosolopromocionales.com/productos/set-montgomery-boligrafo-y-roller-oferta-7938/,set-montgomery-boligrafo-y-roller-oferta-7938,false,100,,,D,"is_ai_optimized=false — pendiente de enriquecimiento, excluido del sitemap intencionalmente"
https://www.kronosolopromocionales.com/productos/set-dickens-boligrafo-y-portaminas-oferta-5857/,set-dickens-boligrafo-y-portaminas-oferta-5857,false,100,,,D,"is_ai_optimized=false — pendiente de enriquecimiento, excluido del sitemap intencionalmente"
https://www.kronosolopromocionales.com/productos/set-escolar-college-produccion-nacional-9392/,set-escolar-college-produccion-nacional-9392,true,100,,100,A,
https://www.kronosolopromocionales.com/productos/estuche-ariston-9242/,estuche-ariston-9242,true,100,,,A,
https://www.kronosolopromocionales.com/productos/set-de-trigo-eco-9679/,set-de-trigo-eco-9679,true,100,,100,A,
https://www.kronosolopromocionales.com/productos/lapiz-eco-3684/,lapiz-eco-3684,true,100,,100,A,
https://www.kronosolopromocionales.com/productos/lapiz-neon-153/,lapiz-neon-153,true,100,,100,A,
https://www.kronosolopromocionales.com/productos/lapiz-metallic-oferta-8507/,lapiz-metallic-oferta-8507,true,100,,,A,
https://www.kronosolopromocionales.com/productos/lapiz-infinity-eco-9841/,lapiz-infinity-eco-9841,true,100,,,A,
https://www.kronosolopromocionales.com/productos/ventura-bamboo-infinity-9918/,ventura-bamboo-infinity-9918,true,100,,100,A,
https://www.kronosolopromocionales.com/productos/set-de-boligrafos-flock-oferta-10040/,set-de-boligrafos-flock-oferta-10040,true,100,,100,A,
https://www.kronosolopromocionales.com/productos/ventura-stylus-4-1-10234/,ventura-stylus-4-1-10234,false,100,,,D,"is_ai_optimized=false — pendiente de enriquecimiento, excluido del sitemap intencionalmente"
https://www.kronosolopromocionales.com/productos/lapiz-infinity-con-borrador-10254/,lapiz-infinity-con-borrador-10254,true,100,,100,A,
https://www.kronosolopromocionales.com/productos/portanotas-yakari-oferta-9890/,portanotas-yakari-oferta-9890,true,100,,100,A,
https://www.kronosolopromocionales.com/productos/lapiz-eco-natural-13205/,lapiz-eco-natural-13205,true,100,,100,A,
https://www.kronosolopromocionales.com/productos/llavero-linterna-carabinero-7425/,llavero-linterna-carabinero-7425,true,100,,100,A,
https://www.kronosolopromocionales.com/productos/llavero-destapador-nash-7432/,llavero-destapador-nash-7432,true,100,,100,A,
https://www.kronosolopromocionales.com/productos/llavero-ml-345-7451/,llavero-ml-345-7451,true,100,,100,A,
https://www.kronosolopromocionales.com/productos/llavero-bici-7781/,llavero-bici-7781,true,100,,100,A,
https://www.kronosolopromocionales.com/productos/llavero-ml-347-7782/,llavero-ml-347-7782,true,100,,100,A,
https://www.kronosolopromocionales.com/productos/llavero-pito-maxi-7877/,llavero-pito-maxi-7877,true,100,,100,A,
https://www.kronosolopromocionales.com/productos/llavero-ml-356-8039/,llavero-ml-356-8039,true,100,,100,A,
https://www.kronosolopromocionales.com/productos/mini-llavero-pito-3156/,mini-llavero-pito-3156,false,100,,,D,"is_ai_optimized=false — pendiente de enriquecimiento, excluido del sitemap intencionalmente"
https://www.kronosolopromocionales.com/productos/llavero-ml-367-8532/,llavero-ml-367-8532,true,100,,100,A,
https://www.kronosolopromocionales.com/productos/set-de-portatarjetas-y-llavero-jack-oferta-8497/,set-de-portatarjetas-y-llavero-jack-oferta-8497,true,100,,100,A,
https://www.kronosolopromocionales.com/productos/llavero-ml-368-8533/,llavero-ml-368-8533,true,100,,100,A,
https://www.kronosolopromocionales.com/productos/llavero-destapador-car-9131/,llavero-destapador-car-9131,true,100,,100,A,
https://www.kronosolopromocionales.com/productos/milla-roller-stylus-5848/,milla-roller-stylus-5848,true,100,,,A,
https://www.kronosolopromocionales.com/productos/palmer-stylus-5851/,palmer-stylus-5851,false,100,,,D,"is_ai_optimized=false — pendiente de enriquecimiento, excluido del sitemap intencionalmente"
https://www.kronosolopromocionales.com/productos/floyd-stylus-5837/,floyd-stylus-5837,true,100,,,A,
https://www.kronosolopromocionales.com/productos/aston-stylus-metalico-7852/,aston-stylus-metalico-7852,true,100,,,A,
https://www.kronosolopromocionales.com/productos/memoria-usb-boligrafo-king-precio-neto-5723/,memoria-usb-boligrafo-king-precio-neto-5723,true,100,,100,A,
https://www.kronosolopromocionales.com/productos/hamond-stylus-8555/,hamond-stylus-8555,true,100,,100,A,
https://www.kronosolopromocionales.com/productos/boligrafo-brink-stylus-9835/,boligrafo-brink-stylus-9835,true,100,,,A,
https://www.kronosolopromocionales.com/productos/boligrafo-tankist-stylus-10043/,boligrafo-tankist-stylus-10043,true,100,,,A,
https://www.kronosolopromocionales.com/productos/llavero-linterna-flat-6972/,llavero-linterna-flat-6972,true,100,,100,A,
https://www.kronosolopromocionales.com/productos/metro-llavero-car-7275/,metro-llavero-car-7275,true,100,,100,A,
https://www.kronosolopromocionales.com/productos/llavero-linterna-like-it-con-stylus-7417/,llavero-linterna-like-it-con-stylus-7417,true,100,,100,A,
https://www.kronosolopromocionales.com/productos/llavero-destapador-truman-7430/,llavero-destapador-truman-7430,true,100,,100,A,
https://www.kronosolopromocionales.com/productos/llavero-metro-con-destapador-mimic-7429/,llavero-metro-con-destapador-mimic-7429,true,100,,100,A,
https://www.kronosolopromocionales.com/productos/llavero-metro-con-nivelador-7992/,llavero-metro-con-nivelador-7992,true,100,,100,A,
https://www.kronosolopromocionales.com/productos/mini-set-de-destornilladores-koda-7996/,mini-set-de-destornilladores-koda-7996,true,100,,,A,
https://www.kronosolopromocionales.com/productos/llavero-destapador-like-it-8029/,llavero-destapador-like-it-8029,true,100,,100,A,
https://www.kronosolopromocionales.com/productos/llavero-casco-8753/,llavero-casco-8753,true,80,seoDescription_debil,,A,
https://www.kronosolopromocionales.com/productos/llavero-plastico-multiusos-anticontacto-produccion-nacional-9475/,llavero-plastico-multiusos-anticontacto-produccion-nacional-9475,true,100,,,A,
https://www.kronosolopromocionales.com/productos/metro-llavero-kurtis-9760/,metro-llavero-kurtis-9760,true,100,,100,A,
https://www.kronosolopromocionales.com/productos/llavero-relajante-10219/,llavero-relajante-10219,true,100,,,A,
https://www.kronosolopromocionales.com/productos/grayson-stylus-6992/,grayson-stylus-6992,true,100,,100,A,
https://www.kronosolopromocionales.com/productos/marvel-stylus-6366/,marvel-stylus-6366,false,100,,,D,"is_ai_optimized=false — pendiente de enriquecimiento, excluido del sitemap intencionalmente"
https://www.kronosolopromocionales.com/productos/summit-stylus-5747/,summit-stylus-5747,true,80,seoDescription_debil,,A,
https://www.kronosolopromocionales.com/productos/nolton-stylus-5756/,nolton-stylus-5756,true,100,,100,A,
https://www.kronosolopromocionales.com/productos/ventura-stylus-5058/,ventura-stylus-5058,false,100,,,D,"is_ai_optimized=false — pendiente de enriquecimiento, excluido del sitemap intencionalmente"
https://www.kronosolopromocionales.com/productos/kaiser-stylus-7342/,kaiser-stylus-7342,true,100,,,A,
https://www.kronosolopromocionales.com/productos/ventura-stylus-neon-7947/,ventura-stylus-neon-7947,true,100,,,A,
https://www.kronosolopromocionales.com/productos/smith-7031/,smith-7031,true,90,nombre_corto,100,A,
https://www.kronosolopromocionales.com/productos/billy-7010/,billy-7010,true,90,nombre_corto,100,A,
https://www.kronosolopromocionales.com/productos/barcelona-solido-7007/,barcelona-solido-7007,true,100,,100,A,
https://www.kronosolopromocionales.com/productos/lamont-6998/,lamont-6998,true,90,nombre_corto,100,A,
https://www.kronosolopromocionales.com/productos/ventura-frost-4500/,ventura-frost-4500,true,100,,,A,
https://www.kronosolopromocionales.com/productos/boligrafo-ventura-barril-plata-1658/,boligrafo-ventura-barril-plata-1658,true,100,,,A,
https://www.kronosolopromocionales.com/productos/balmax-stylus-7330/,balmax-stylus-7330,true,100,,100,A,
https://www.kronosolopromocionales.com/productos/portos-oferta-7352/,portos-oferta-7352,false,100,,,D,"is_ai_optimized=false — pendiente de enriquecimiento, excluido del sitemap intencionalmente"
https://www.kronosolopromocionales.com/productos/parrot-7856/,parrot-7856,true,70,nombre_corto;seoDescription_debil,,A,
https://www.kronosolopromocionales.com/productos/set-de-cafe-eco-9680/,set-de-cafe-eco-9680,true,100,,100,A,
https://www.kronosolopromocionales.com/productos/set-jersey-antibacteriano-9681/,set-jersey-antibacteriano-9681,true,100,,100,A,
https://www.kronosolopromocionales.com/productos/set-boligrafo-y-portaminas-bamboo-9682/,set-boligrafo-y-portaminas-bamboo-9682,true,100,,100,A,
https://www.kronosolopromocionales.com/productos/portaminas-jester-coffee-10021/,portaminas-jester-coffee-10021,true,100,,100,A,
https://www.kronosolopromocionales.com/productos/talbot-2-1-oferta-7016/,talbot-2-1-oferta-7016,true,100,,,A,
https://www.kronosolopromocionales.com/productos/estuche-para-resaltador-de-cera-fiona-6694/,estuche-para-resaltador-de-cera-fiona-6694,true,100,,100,A,
https://www.kronosolopromocionales.com/productos/set-de-resaltadores-magicos-en-cera-flipper-5496/,set-de-resaltadores-magicos-en-cera-flipper-5496,true,100,,100,A,
https://www.kronosolopromocionales.com/productos/resaltador-de-cera-fiona-5749/,resaltador-de-cera-fiona-5749,true,100,,100,A,
https://www.kronosolopromocionales.com/productos/resaltador-magico-en-cera-flower-5-colores-5499/,resaltador-magico-en-cera-flower-5-colores-5499,true,100,,100,A,
https://www.kronosolopromocionales.com/productos/resaltador-magico-de-cera-triangulo-5497/,resaltador-magico-de-cera-triangulo-5497,true,100,,100,A,
https://www.kronosolopromocionales.com/productos/resaltador-magico-en-cera-4672/,resaltador-magico-en-cera-4672,true,100,,100,A,
https://www.kronosolopromocionales.com/productos/estuche-para-resaltador-magico-produccion-nacional-4673/,estuche-para-resaltador-magico-produccion-nacional-4673,true,100,,,A,
https://www.kronosolopromocionales.com/productos/comprimidos-produccion-nacional-5605/,comprimidos-produccion-nacional-5605,true,100,,100,A,
https://www.kronosolopromocionales.com/productos/identificador-de-maletas-pop-10583/,identificador-de-maletas-pop-10583,true,100,,100,A,
https://www.kronosolopromocionales.com/productos/clip-de-golf-para-gorra-5882/,clip-de-golf-para-gorra-5882,true,100,,100,A,
https://www.kronosolopromocionales.com/productos/gorra-golf-471/,gorra-golf-471,true,100,,100,A,
https://www.kronosolopromocionales.com/productos/gorra-eco-6-cascos-1082/,gorra-eco-6-cascos-1082,true,100,,100,A,
https://www.kronosolopromocionales.com/productos/gorra-emergency-5887/,gorra-emergency-5887,true,100,,100,A,
https://www.kronosolopromocionales.com/productos/gorra-trucker-3502/,gorra-trucker-3502,true,100,,100,A,
https://www.kronosolopromocionales.com/productos/gorra-mesh-7374/,gorra-mesh-7374,true,100,,100,A,
https://www.kronosolopromocionales.com/productos/gorra-modena-7375/,gorra-modena-7375,true,100,,100,A,
https://www.kronosolopromocionales.com/productos/pano-en-microfibra-3192/,pano-en-microfibra-3192,true,100,,100,A,
https://www.kronosolopromocionales.com/productos/toalla-cool-sport-7968/,toalla-cool-sport-7968,true,100,,100,A,
https://www.kronosolopromocionales.com/productos/toalla-en-microfibra-multiusos-8688/,toalla-en-microfibra-multiusos-8688,true,100,,100,A,
https://www.kronosolopromocionales.com/productos/toalla-golf-toalla-de-mano-tundida-acabado-fino-7379/,toalla-golf-toalla-de-mano-tundida-acabado-fino-7379,true,100,,100,A,
https://www.kronosolopromocionales.com/productos/toalla-cool-sport-con-estuche-7956/,toalla-cool-sport-con-estuche-7956,true,100,,100,A,
https://www.kronosolopromocionales.com/productos/set-de-toallitas-multiusos-3641/,set-de-toallitas-multiusos-3641,true,100,,100,A,
https://www.kronosolopromocionales.com/productos/toallas-100-algodon-produccion-nacional-7689/,toallas-100-algodon-produccion-nacional-7689,true,100,,100,A,
https://www.kronosolopromocionales.com/productos/toalla-cool-sport-box-9524/,toalla-cool-sport-box-9524,true,100,,100,A,
https://www.kronosolopromocionales.com/productos/lapiz-plastic-clip-de-golf-5879/,lapiz-plastic-clip-de-golf-5879,true,100,,100,A,
https://www.kronosolopromocionales.com/productos/paraguas-30-halley-urban-travel-10674/,paraguas-30-halley-urban-travel-10674,true,100,,100,A,
https://www.kronosolopromocionales.com/productos/set-de-herramientas-neumatic-5373/,set-de-herramientas-neumatic-5373,true,100,,,A,
https://www.kronosolopromocionales.com/productos/set-de-herramientas-motobike-6530/,set-de-herramientas-motobike-6530,true,100,,,A,
https://www.kronosolopromocionales.com/productos/set-de-herramientas-saxon-6536/,set-de-herramientas-saxon-6536,true,100,,100,A,
https://www.kronosolopromocionales.com/productos/set-de-herramientas-speed-7999/,set-de-herramientas-speed-7999,true,100,,100,A,
https://www.kronosolopromocionales.com/productos/set-de-herramientas-mustang-8439/,set-de-herramientas-mustang-8439,true,100,,100,A,
https://www.kronosolopromocionales.com/productos/set-de-herramientas-truck-9136/,set-de-herramientas-truck-9136,true,100,,100,A,
https://www.kronosolopromocionales.com/productos/set-de-herramientas-lantern-9179/,set-de-herramientas-lantern-9179,true,100,,,A,
https://www.kronosolopromocionales.com/productos/linterna-dinamo-con-radio-9078/,linterna-dinamo-con-radio-9078,true,100,,100,A,
https://www.kronosolopromocionales.com/productos/set-de-herramientas-handle-9533/,set-de-herramientas-handle-9533,true,100,,100,A,
https://www.kronosolopromocionales.com/productos/set-de-herramientas-scout-10287/,set-de-herramientas-scout-10287,false,100,,,D,"is_ai_optimized=false — pendiente de enriquecimiento, excluido del sitemap intencionalmente"
https://www.kronosolopromocionales.com/productos/set-de-herramientas-apache-10288/,set-de-herramientas-apache-10288,true,100,,,A,
https://www.kronosolopromocionales.com/productos/candado-de-clave-metalico-6765/,candado-de-clave-metalico-6765,true,100,,100,A,
https://www.kronosolopromocionales.com/productos/set-de-herramientas-alutool-3123/,set-de-herramientas-alutool-3123,true,100,,100,A,
https://www.kronosolopromocionales.com/productos/mini-set-de-herramientas-avante-8844/,mini-set-de-herramientas-avante-8844,true,100,,,A,
https://www.kronosolopromocionales.com/productos/set-de-destornilladores-con-luz-car-oferta-9137/,set-de-destornilladores-con-luz-car-oferta-9137,true,100,,100,A,
https://www.kronosolopromocionales.com/productos/set-de-destornilladores-pen-con-linterna-led-10251/,set-de-destornilladores-pen-con-linterna-led-10251,true,100,,100,A,
https://www.kronosolopromocionales.com/productos/metro-retractil-button-294/,metro-retractil-button-294,true,100,,100,A,
https://www.kronosolopromocionales.com/productos/metro-neumatic-5374/,metro-neumatic-5374,true,100,,,A,
https://www.kronosolopromocionales.com/productos/metro-carabinero-stanley-5371/,metro-carabinero-stanley-5371,true,100,,,A,
https://www.kronosolopromocionales.com/productos/metro-llavero-house-5368/,metro-llavero-house-5368,true,100,,,A,
https://www.kronosolopromocionales.com/productos/metro-arkitect-809/,metro-arkitect-809,true,100,,100,A,
https://www.kronosolopromocionales.com/productos/metro-oliver-7993/,metro-oliver-7993,true,100,,,A,
https://www.kronosolopromocionales.com/productos/metro-llavero-truck-8441/,metro-llavero-truck-8441,false,100,,,D,"is_ai_optimized=false — pendiente de enriquecimiento, excluido del sitemap intencionalmente"
https://www.kronosolopromocionales.com/productos/metro-llavero-saloon-9123/,metro-llavero-saloon-9123,true,100,,,A,
https://www.kronosolopromocionales.com/productos/set-de-herramientas-en-madera-9534/,set-de-herramientas-en-madera-9534,true,100,,100,A,
https://www.kronosolopromocionales.com/productos/herramientero-bamboo-box-10002/,herramientero-bamboo-box-10002,true,100,,100,A,
https://www.kronosolopromocionales.com/productos/set-de-destornilladores-everest-7991/,set-de-destornilladores-everest-7991,true,100,,100,A,
https://www.kronosolopromocionales.com/productos/set-de-destornilladores-diplo-9953/,set-de-destornilladores-diplo-9953,true,100,,100,A,
https://www.kronosolopromocionales.com/productos/lonchera-journey-produccion-nacional-7067/,lonchera-journey-produccion-nacional-7067,true,100,,,A,
https://www.kronosolopromocionales.com/productos/portacomidas-electrico-6599/,portacomidas-electrico-6599,true,100,,100,A,
https://www.kronosolopromocionales.com/productos/portavianda-produccion-nacional-6270/,portavianda-produccion-nacional-6270,true,100,,100,A,
https://www.kronosolopromocionales.com/productos/set-de-bbq-6-piezas-3773/,set-de-bbq-6-piezas-3773,true,100,,,A,
https://www.kronosolopromocionales.com/productos/jarra-plastica-ovalada-1000ml-produccion-nacional-5399/,jarra-plastica-ovalada-1000ml-produccion-nacional-5399,true,100,,,A,
https://www.kronosolopromocionales.com/productos/hielera-plastica-produccion-nacional-4056/,hielera-plastica-produccion-nacional-4056,true,100,,,A,
https://www.kronosolopromocionales.com/productos/set-de-contenedores-x-3-unidades-produccion-nacional-6269/,set-de-contenedores-x-3-unidades-produccion-nacional-6269,true,100,,,A,
https://www.kronosolopromocionales.com/productos/portacomida-produccion-nacional-4857/,portacomida-produccion-nacional-4857,true,100,,,A,
https://www.kronosolopromocionales.com/productos/destapador-clip-produccion-nacional-4054/,destapador-clip-produccion-nacional-4054,true,100,,100,A,
https://www.kronosolopromocionales.com/productos/portavasos-plastico-set-x-4-y-base-produccion-nacional-3348/,portavasos-plastico-set-x-4-y-base-produccion-nacional-3348,true,100,,100,A,
https://www.kronosolopromocionales.com/productos/quita-motas-adhesivo-10680/,quita-motas-adhesivo-10680,true,100,,100,A,
https://www.kronosolopromocionales.com/productos/quita-motas-adhesivo-repuesto-10681/,quita-motas-adhesivo-repuesto-10681,true,100,,100,A,
https://www.kronosolopromocionales.com/productos/set-de-vino-bottle-4049/,set-de-vino-bottle-4049,true,100,,100,A,
https://www.kronosolopromocionales.com/productos/destapador-electrico-para-vino-3778/,destapador-electrico-para-vino-3778,true,100,,100,A,
https://www.kronosolopromocionales.com/productos/nevera-wine-cooler-bag-produccion-nacional-3785/,nevera-wine-cooler-bag-produccion-nacional-3785,true,100,,100,A,
https://www.kronosolopromocionales.com/productos/descorchador-de-dos-tiempos-kiblack-3958/,descorchador-de-dos-tiempos-kiblack-3958,true,100,,100,A,
https://www.kronosolopromocionales.com/productos/destapador-eco-wine-9541/,destapador-eco-wine-9541,true,100,,100,A,
https://www.kronosolopromocionales.com/productos/set-de-bar-y-portavino-ii-9718/,set-de-bar-y-portavino-ii-9718,true,100,,100,A,
https://www.kronosolopromocionales.com/productos/set-de-vino-remy-ii-9717/,set-de-vino-remy-ii-9717,true,100,,100,A,
https://www.kronosolopromocionales.com/productos/set-de-vino-en-corcho-ii-9720/,set-de-vino-en-corcho-ii-9720,true,100,,100,A,
https://www.kronosolopromocionales.com/productos/set-de-bar-y-portavino-cork-9750/,set-de-bar-y-portavino-cork-9750,true,100,,100,A,
https://www.kronosolopromocionales.com/productos/set-enfriador-de-vino-chill-9753/,set-enfriador-de-vino-chill-9753,true,100,,100,A,
https://www.kronosolopromocionales.com/productos/destapador-electrico-cork-9964/,destapador-electrico-cork-9964,true,100,,85,A,
https://www.kronosolopromocionales.com/productos/juego-portavasos-en-acero-inoxidable-produccion-nacional-7406/,juego-portavasos-en-acero-inoxidable-produccion-nacional-7406,true,100,,100,A,
https://www.kronosolopromocionales.com/productos/destapador-rectangular-produccion-nacional-8755/,destapador-rectangular-produccion-nacional-8755,true,100,,100,A,
https://www.kronosolopromocionales.com/productos/cobija-en-fleece-1861/,cobija-en-fleece-1861,true,100,,100,A,
https://www.kronosolopromocionales.com/productos/nevera-cooler-hexagon-7570/,nevera-cooler-hexagon-7570,true,100,,100,A,
https://www.kronosolopromocionales.com/productos/sanduchera-plastica-produccion-nacional-8018/,sanduchera-plastica-produccion-nacional-8018,true,100,,100,A,
https://www.kronosolopromocionales.com/productos/bowl-plastico-produccion-nacional-7611/,bowl-plastico-produccion-nacional-7611,true,100,,,A,
https://www.kronosolopromocionales.com/productos/nevera-cooler-bag-picnic-7015/,nevera-cooler-bag-picnic-7015,true,100,,100,A,
https://www.kronosolopromocionales.com/productos/llavero-destapador-orbis-6115/,llavero-destapador-orbis-6115,true,100,,100,A,
https://www.kronosolopromocionales.com/productos/destapador-bamboo-9741/,destapador-bamboo-9741,true,100,,100,A,
https://www.kronosolopromocionales.com/productos/destapador-nacul-9885/,destapador-nacul-9885,true,100,,100,A,
https://www.kronosolopromocionales.com/productos/llavero-destapador-stiked-9903/,llavero-destapador-stiked-9903,true,100,,100,A,
https://www.kronosolopromocionales.com/productos/destapador-botella-con-iman-produccion-nacional-8756/,destapador-botella-con-iman-produccion-nacional-8756,true,100,,100,A,
https://www.kronosolopromocionales.com/productos/set-de-bbq-en-aluminio-6-piezas-1866/,set-de-bbq-en-aluminio-6-piezas-1866,true,100,,,A,
https://www.kronosolopromocionales.com/productos/nevera-lonchera-con-set-bbq-8900/,nevera-lonchera-con-set-bbq-8900,true,100,,100,A,
https://www.kronosolopromocionales.com/productos/set-bbq-stanton-9172/,set-bbq-stanton-9172,false,100,,,D,"is_ai_optimized=false — pendiente de enriquecimiento, excluido del sitemap intencionalmente"
https://www.kronosolopromocionales.com/productos/bbq-grill-cook-9623/,bbq-grill-cook-9623,true,100,,,A,
https://www.kronosolopromocionales.com/productos/set-bbq-con-delantal-9711/,set-bbq-con-delantal-9711,true,100,,100,A,
https://www.kronosolopromocionales.com/productos/bbq-grill-con-nevera-lonchera-9978/,bbq-grill-con-nevera-lonchera-9978,true,100,,100,A,
https://www.kronosolopromocionales.com/productos/set-bbq-bamboo-10062/,set-bbq-bamboo-10062,true,100,,100,A,
https://www.kronosolopromocionales.com/productos/set-bbq-novak-10065/,set-bbq-novak-10065,true,100,,100,A,
https://www.kronosolopromocionales.com/productos/akker-bbq-electrico-10369/,akker-bbq-electrico-10369,true,100,,,A,
https://www.kronosolopromocionales.com/productos/set-de-queso-edam-8486/,set-de-queso-edam-8486,true,100,,,A,
https://www.kronosolopromocionales.com/productos/set-de-queso-cajun-9139/,set-de-queso-cajun-9139,true,100,,,A,
https://www.kronosolopromocionales.com/productos/set-de-2-utensilios-para-queso-book-oferta-9540/,set-de-2-utensilios-para-queso-book-oferta-9540,false,100,,,D,"is_ai_optimized=false — pendiente de enriquecimiento, excluido del sitemap intencionalmente"
https://www.kronosolopromocionales.com/productos/set-de-sushi-9744/,set-de-sushi-9744,true,100,,100,A,
https://www.kronosolopromocionales.com/productos/set-de-queso-italy-10057/,set-de-queso-italy-10057,true,100,,,A,
https://www.kronosolopromocionales.com/productos/organizador-de-escritorio-harmony-produccion-nacional-7056/,organizador-de-escritorio-harmony-produccion-nacional-7056,true,100,,,A,
https://www.kronosolopromocionales.com/productos/nevera-cooler-spring-produccion-nacional-6983/,nevera-cooler-spring-produccion-nacional-6983,true,100,,,A,
https://www.kronosolopromocionales.com/productos/nevera-cooler-trendy-produccion-nacional-6982/,nevera-cooler-trendy-produccion-nacional-6982,true,100,,,A,
https://www.kronosolopromocionales.com/productos/nevera-cooler-max-produccion-nacional-6981/,nevera-cooler-max-produccion-nacional-6981,true,100,,,A,
https://www.kronosolopromocionales.com/productos/estuche-multiusos-boxx-produccion-nacional-6702/,estuche-multiusos-boxx-produccion-nacional-6702,true,100,,,A,
https://www.kronosolopromocionales.com/productos/silla-nevera-cooler-con-espaldar-produccion-nacional-3270/,silla-nevera-cooler-con-espaldar-produccion-nacional-3270,true,100,,100,A,
https://www.kronosolopromocionales.com/productos/set-escolar-produccion-nacional-6294/,set-escolar-produccion-nacional-6294,true,100,,,A,
https://www.kronosolopromocionales.com/productos/alcancia-cerdito-produccion-nacional-5412/,alcancia-cerdito-produccion-nacional-5412,true,100,,100,A,
https://www.kronosolopromocionales.com/productos/alcancia-estrella-135cm-produccion-nacional-2390/,alcancia-estrella-135cm-produccion-nacional-2390,true,100,,,A,
https://www.kronosolopromocionales.com/productos/alcancia-balon-produccion-nacional-5687/,alcancia-balon-produccion-nacional-5687,true,100,,100,A,
https://www.kronosolopromocionales.com/productos/mouse-pad-sencillo-5547/,mouse-pad-sencillo-5547,true,100,,,A,
https://www.kronosolopromocionales.com/productos/llavero-linterna-puck-6572/,llavero-linterna-puck-6572,true,100,,100,A,
https://www.kronosolopromocionales.com/productos/linterna-loop-9133/,linterna-loop-9133,true,100,,100,A,
https://www.kronosolopromocionales.com/productos/llavero-linterna-lamp-9984/,llavero-linterna-lamp-9984,true,100,,100,A,
https://www.kronosolopromocionales.com/productos/linterna-carabinero-bamboo-10650/,linterna-carabinero-bamboo-10650,true,100,,100,A,
https://www.kronosolopromocionales.com/productos/mini-linterna-ozen-13296/,mini-linterna-ozen-13296,true,100,,100,A,
https://www.kronosolopromocionales.com/productos/llavero-metro-light-13352/,llavero-metro-light-13352,true,100,,100,A,
https://www.kronosolopromocionales.com/productos/memoria-usb-mini-crystal-precio-neto-5883/,memoria-usb-mini-crystal-precio-neto-5883,true,100,,,A,
https://www.kronosolopromocionales.com/productos/memoria-usb-hook-precio-neto-oferta-8927/,memoria-usb-hook-precio-neto-oferta-8927,true,100,,100,A,
https://www.kronosolopromocionales.com/productos/estuche-metalico-para-memoria-usb-oferta-2542/,estuche-metalico-para-memoria-usb-oferta-2542,true,100,,100,A,
https://www.kronosolopromocionales.com/productos/memoria-usb-swivel-precio-neto-3932/,memoria-usb-swivel-precio-neto-3932,true,100,,100,A,
https://www.kronosolopromocionales.com/productos/chip-para-memoria-usb-precio-neto-4482/,chip-para-memoria-usb-precio-neto-4482,true,100,,100,A,
https://www.kronosolopromocionales.com/productos/memoria-usb-llave-precio-neto-4078/,memoria-usb-llave-precio-neto-4078,true,100,,100,A,
https://www.kronosolopromocionales.com/productos/memoria-usb-portacelular-30-precio-neto-8926/,memoria-usb-portacelular-30-precio-neto-8926,true,100,,100,A,
https://www.kronosolopromocionales.com/productos/lampara-usb-swan-precio-bomba-7423/,lampara-usb-swan-precio-bomba-7423,true,100,,,A,
https://www.kronosolopromocionales.com/productos/lampara-usb-snake-8117/,lampara-usb-snake-8117,true,100,,100,A,
https://www.kronosolopromocionales.com/productos/linterna-cob-power-9544/,linterna-cob-power-9544,true,100,,100,A,
https://www.kronosolopromocionales.com/productos/speaker-bluetooth-con-lampara-oferta-9579/,speaker-bluetooth-con-lampara-oferta-9579,true,100,,100,A,
https://www.kronosolopromocionales.com/productos/carpeta-folder-congress-produccion-nacional-7090/,carpeta-folder-congress-produccion-nacional-7090,true,100,,100,A,
https://www.kronosolopromocionales.com/productos/libreta-like-it-produccion-nacional-7089/,libreta-like-it-produccion-nacional-7089,true,100,,,A,
https://www.kronosolopromocionales.com/productos/libreta-con-boligrafo-hard-top-100-hojas-produccion-nacional-1064/,libreta-con-boligrafo-hard-top-100-hojas-produccion-nacional-1064,true,100,,100,A,
https://www.kronosolopromocionales.com/productos/portarretrato-almanaque-produccion-nacional-4720/,portarretrato-almanaque-produccion-nacional-4720,true,100,,100,A,
https://www.kronosolopromocionales.com/productos/portaboligrafos-frost-produccion-nacional-2388/,portaboligrafos-frost-produccion-nacional-2388,true,100,,100,A,
https://www.kronosolopromocionales.com/productos/portaboligrafos-3-en-1-produccion-nacional-2389/,portaboligrafos-3-en-1-produccion-nacional-2389,true,100,,100,A,
https://www.kronosolopromocionales.com/productos/portalapices-cilindrico-nacional-3472/,portalapices-cilindrico-nacional-3472,true,100,,100,A,
https://www.kronosolopromocionales.com/productos/portatarjetas-arc-produccion-nacional-2385/,portatarjetas-arc-produccion-nacional-2385,true,100,,100,A,
https://www.kronosolopromocionales.com/productos/portaidentificador-de-carnet-con-destapador-10378/,portaidentificador-de-carnet-con-destapador-10378,true,100,,100,A,
https://www.kronosolopromocionales.com/productos/llavero-destapador-house-10408/,llavero-destapador-house-10408,true,100,,100,A,
https://www.kronosolopromocionales.com/productos/mini-herramientero-blazor-13334/,mini-herramientero-blazor-13334,true,100,,100,A,
https://www.kronosolopromocionales.com/productos/carabinero-3100/,carabinero-3100,true,100,,100,A,
https://www.kronosolopromocionales.com/productos/llavero-silicone-silicona-2226/,llavero-silicone-silicona-2226,true,100,,,A,
https://www.kronosolopromocionales.com/productos/llavero-antiestres-ball-soccer-8270/,llavero-antiestres-ball-soccer-8270,false,100,,,D,"is_ai_optimized=false — pendiente de enriquecimiento, excluido del sitemap intencionalmente"
https://www.kronosolopromocionales.com/productos/llavero-corcho-oferta-8884/,llavero-corcho-oferta-8884,true,100,,,A,
https://www.kronosolopromocionales.com/productos/llavero-pop-10076/,llavero-pop-10076,true,100,,100,A,
https://www.kronosolopromocionales.com/productos/llavero-double-10218/,llavero-double-10218,true,100,,100,A,
https://www.kronosolopromocionales.com/productos/set-ml-391-9761/,set-ml-391-9761,true,100,,100,A,
https://www.kronosolopromocionales.com/productos/llavero-ml-393-9763/,llavero-ml-393-9763,true,100,,100,A,
https://www.kronosolopromocionales.com/productos/soporte-para-moviles-pop-10126/,soporte-para-moviles-pop-10126,true,100,,100,A,
https://www.kronosolopromocionales.com/productos/llavero-pito-con-destapador-9132/,llavero-pito-con-destapador-9132,true,100,,100,A,
https://www.kronosolopromocionales.com/productos/pito-con-luz-vision-13366/,pito-con-luz-vision-13366,true,100,,100,A,
https://www.kronosolopromocionales.com/productos/gancho-portacartera-1710/,gancho-portacartera-1710,true,100,,100,A,
https://www.kronosolopromocionales.com/productos/organizador-de-viaje-cork-9815/,organizador-de-viaje-cork-9815,false,100,,,D,"is_ai_optimized=false — pendiente de enriquecimiento, excluido del sitemap intencionalmente"
https://www.kronosolopromocionales.com/productos/sporty-bag-kidz-sin-diseno-13170/,sporty-bag-kidz-sin-diseno-13170,true,100,,,A,
https://www.kronosolopromocionales.com/productos/cartuchera-en-cambrel-kidz-sin-diseno-13171/,cartuchera-en-cambrel-kidz-sin-diseno-13171,true,100,,,A,
https://www.kronosolopromocionales.com/productos/bolsa-metalizada-6933/,bolsa-metalizada-6933,true,100,,,A,
https://www.kronosolopromocionales.com/productos/sporty-bag-en-cambrel-ewok-6928/,sporty-bag-en-cambrel-ewok-6928,true,100,,100,A,
https://www.kronosolopromocionales.com/productos/bolsa-en-cambrel-bawel-5611/,bolsa-en-cambrel-bawel-5611,true,100,,100,A,
https://www.kronosolopromocionales.com/productos/bolsa-en-cambrel-queen-6293/,bolsa-en-cambrel-queen-6293,true,100,,,A,
https://www.kronosolopromocionales.com/productos/bolsa-en-cambrel-arcadia-6247/,bolsa-en-cambrel-arcadia-6247,true,100,,100,A,
https://www.kronosolopromocionales.com/productos/bolsa-en-cambrel-con-fuelle-6248/,bolsa-en-cambrel-con-fuelle-6248,true,100,,100,A,
https://www.kronosolopromocionales.com/productos/mini-bolsa-en-cambrel-6235/,mini-bolsa-en-cambrel-6235,true,100,,100,A,
https://www.kronosolopromocionales.com/productos/bolsa-en-cambrel-franky-6238/,bolsa-en-cambrel-franky-6238,true,100,,100,A,
https://www.kronosolopromocionales.com/productos/bolsa-en-cambrel-market-7574/,bolsa-en-cambrel-market-7574,true,100,,100,A,
https://www.kronosolopromocionales.com/productos/canguro-en-poliester-3615/,canguro-en-poliester-3615,true,100,,100,A,
https://www.kronosolopromocionales.com/productos/canguro-orion-7602/,canguro-orion-7602,true,100,,100,A,
https://www.kronosolopromocionales.com/productos/canguro-en-poliester-pocket-7766/,canguro-en-poliester-pocket-7766,true,100,,100,A,
https://www.kronosolopromocionales.com/productos/canguro-gemini-produccion-nacional-8721/,canguro-gemini-produccion-nacional-8721,true,100,,100,A,
https://www.kronosolopromocionales.com/productos/canguro-reflective-9156/,canguro-reflective-9156,true,100,,100,A,
https://www.kronosolopromocionales.com/productos/canguro-sauris-9196/,canguro-sauris-9196,true,100,,100,A,
https://www.kronosolopromocionales.com/productos/canguro-moldik-9197/,canguro-moldik-9197,true,100,,100,A,
https://www.kronosolopromocionales.com/productos/canguro-para-moviles-nylon-9857/,canguro-para-moviles-nylon-9857,true,100,,100,A,
https://www.kronosolopromocionales.com/productos/canguro-dior-9823/,canguro-dior-9823,true,100,,100,A,
https://www.kronosolopromocionales.com/productos/canguro-london-produccion-nacional-9824/,canguro-london-produccion-nacional-9824,true,100,,100,A,
https://www.kronosolopromocionales.com/productos/canguro-strike-urban-travel-10166/,canguro-strike-urban-travel-10166,true,100,,,A,
https://www.kronosolopromocionales.com/productos/morral-backpack-legacy-urban-travel-9818/,morral-backpack-legacy-urban-travel-9818,true,100,,,A,
https://www.kronosolopromocionales.com/productos/morral-backpack-crosby-urban-travel-9819/,morral-backpack-crosby-urban-travel-9819,false,100,,,D,"is_ai_optimized=false — pendiente de enriquecimiento, excluido del sitemap intencionalmente"
https://www.kronosolopromocionales.com/productos/morral-backpack-kepler-urban-travel-10164/,morral-backpack-kepler-urban-travel-10164,true,100,,,A,
https://www.kronosolopromocionales.com/productos/morral-backpack-jinx-urban-travel-10163/,morral-backpack-jinx-urban-travel-10163,true,100,,,A,
https://www.kronosolopromocionales.com/productos/trolley-morral-backpack-senior-urban-travel-10168/,trolley-morral-backpack-senior-urban-travel-10168,false,100,,,D,"is_ai_optimized=false — pendiente de enriquecimiento, excluido del sitemap intencionalmente"
https://www.kronosolopromocionales.com/productos/sporty-bag-crocket-6938/,sporty-bag-crocket-6938,true,100,,100,A,
https://www.kronosolopromocionales.com/productos/morral-backpack-rush-produccion-nacional-6901/,morral-backpack-rush-produccion-nacional-6901,true,100,,100,A,
https://www.kronosolopromocionales.com/productos/maletin-deportivo-florida-4876/,maletin-deportivo-florida-4876,true,100,,100,A,
https://www.kronosolopromocionales.com/productos/morral-backpack-reflective-8161/,morral-backpack-reflective-8161,true,100,,100,A,
https://www.kronosolopromocionales.com/productos/sporty-bag-reflective-8182/,sporty-bag-reflective-8182,true,100,,100,A,
https://www.kronosolopromocionales.com/productos/morral-backpack-plegable-molly-8193/,morral-backpack-plegable-molly-8193,true,100,,100,A,
https://www.kronosolopromocionales.com/productos/protector-para-morral-backpack-emergency-produccion-nacional-6919/,protector-para-morral-backpack-emergency-produccion-nacional-6919,true,100,,,A,
https://www.kronosolopromocionales.com/productos/morral-backpack-nordic-oferta-7060/,morral-backpack-nordic-oferta-7060,false,100,,,D,"is_ai_optimized=false — pendiente de enriquecimiento, excluido del sitemap intencionalmente"
https://www.kronosolopromocionales.com/productos/morral-city-backpack-6266/,morral-city-backpack-6266,false,100,,,D,"is_ai_optimized=false — pendiente de enriquecimiento, excluido del sitemap intencionalmente"
https://www.kronosolopromocionales.com/productos/morral-backpack-retro-produccion-nacional-7697/,morral-backpack-retro-produccion-nacional-7697,true,100,,100,A,
https://www.kronosolopromocionales.com/productos/morral-backpack-derex-8541/,morral-backpack-derex-8541,true,100,,,A,
https://www.kronosolopromocionales.com/productos/morral-backpack-antirrobo-royal-9213/,morral-backpack-antirrobo-royal-9213,true,100,,100,A,
https://www.kronosolopromocionales.com/productos/morral-backpack-catoy-9211/,morral-backpack-catoy-9211,false,100,,,D,"is_ai_optimized=false — pendiente de enriquecimiento, excluido del sitemap intencionalmente"
https://www.kronosolopromocionales.com/productos/morral-backpack-strings-9598/,morral-backpack-strings-9598,true,100,,,A,
https://www.kronosolopromocionales.com/productos/mininevera-cooler-con-portacomida-produccion-nacional-3244/,mininevera-cooler-con-portacomida-produccion-nacional-3244,true,100,,100,A,
https://www.kronosolopromocionales.com/productos/nevera-cooler-bag-trolley-1073/,nevera-cooler-bag-trolley-1073,true,100,,,A,
https://www.kronosolopromocionales.com/productos/nevera-cooler-lunchy-8157/,nevera-cooler-lunchy-8157,true,100,,100,A,
https://www.kronosolopromocionales.com/productos/nevera-cooler-bag-soccer-ball-produccion-nacional-8291/,nevera-cooler-bag-soccer-ball-produccion-nacional-8291,true,100,,100,A,
https://www.kronosolopromocionales.com/productos/nevera-cooler-bag-goal-produccion-nacional-8290/,nevera-cooler-bag-goal-produccion-nacional-8290,true,100,,100,A,
https://www.kronosolopromocionales.com/productos/nevera-cooler-kendrik-produccion-nacional-9349/,nevera-cooler-kendrik-produccion-nacional-9349,true,100,,100,A,
https://www.kronosolopromocionales.com/productos/molde-de-silicona-ice-face-10677/,molde-de-silicona-ice-face-10677,true,100,,100,A,
https://www.kronosolopromocionales.com/productos/organizador-multiusos-lyra-10675/,organizador-multiusos-lyra-10675,true,100,,,A,
https://www.kronosolopromocionales.com/productos/organizador-de-viaje-city-6944/,organizador-de-viaje-city-6944,false,100,,,D,"is_ai_optimized=false — pendiente de enriquecimiento, excluido del sitemap intencionalmente"
https://www.kronosolopromocionales.com/productos/cosmetiquera-venecia-6904/,cosmetiquera-venecia-6904,true,100,,,A,
https://www.kronosolopromocionales.com/productos/multiorganizador-para-cartera-y-maletin-6562/,multiorganizador-para-cartera-y-maletin-6562,true,100,,100,A,
https://www.kronosolopromocionales.com/productos/bolso-venecia-nacional-6221/,bolso-venecia-nacional-6221,true,100,,,A,
https://www.kronosolopromocionales.com/productos/sporty-bag-molt-6246/,sporty-bag-molt-6246,true,100,,100,A,
https://www.kronosolopromocionales.com/productos/organizador-de-viaje-zipper-4269/,organizador-de-viaje-zipper-4269,false,100,,,D,"is_ai_optimized=false — pendiente de enriquecimiento, excluido del sitemap intencionalmente"
https://www.kronosolopromocionales.com/productos/agarradera-para-bolso-compacto-con-carabinero-3258/,agarradera-para-bolso-compacto-con-carabinero-3258,true,100,,100,A,
https://www.kronosolopromocionales.com/productos/portapasaporte-security-7599/,portapasaporte-security-7599,true,100,,,A,
https://www.kronosolopromocionales.com/productos/cosmetiquera-travel-produccion-nacional-8720/,cosmetiquera-travel-produccion-nacional-8720,true,100,,100,A,
https://www.kronosolopromocionales.com/productos/maletin-trolley-bag-norris-oferta-6925/,maletin-trolley-bag-norris-oferta-6925,true,100,,100,A,
https://www.kronosolopromocionales.com/productos/portadocumentos-security-7598/,portadocumentos-security-7598,false,100,,,D,"is_ai_optimized=false — pendiente de enriquecimiento, excluido del sitemap intencionalmente"
https://www.kronosolopromocionales.com/productos/morral-backpack-elegant-10725/,morral-backpack-elegant-10725,true,100,,100,A,
https://www.kronosolopromocionales.com/productos/maletin-trolley-florida-weekend-oferta-4888/,maletin-trolley-florida-weekend-oferta-4888,true,100,,,A,
https://www.kronosolopromocionales.com/productos/morral-city-backpack-trolley-6268/,morral-city-backpack-trolley-6268,false,100,,,D,"is_ai_optimized=false — pendiente de enriquecimiento, excluido del sitemap intencionalmente"
https://www.kronosolopromocionales.com/productos/maletin-trolley-city-4886/,maletin-trolley-city-4886,true,100,,100,A,
https://www.kronosolopromocionales.com/productos/morral-antirrobo-backpack-rpet-10010/,morral-antirrobo-backpack-rpet-10010,true,100,,100,A,
https://www.kronosolopromocionales.com/productos/sporty-bag-sencilla-ii-rpet-10686/,sporty-bag-sencilla-ii-rpet-10686,true,100,,100,A,
https://www.kronosolopromocionales.com/productos/bolsa-clear-anny-produccion-nacional-6465/,bolsa-clear-anny-produccion-nacional-6465,true,100,,100,A,
https://www.kronosolopromocionales.com/productos/sporty-bag-con-malla-2129/,sporty-bag-con-malla-2129,true,100,,100,A,
https://www.kronosolopromocionales.com/productos/sporty-bag-sencilla-1552/,sporty-bag-sencilla-1552,true,100,,100,A,
https://www.kronosolopromocionales.com/productos/sporty-bag-aspen-7583/,sporty-bag-aspen-7583,true,100,,100,A,
https://www.kronosolopromocionales.com/productos/sporty-bag-whip-7571/,sporty-bag-whip-7571,true,100,,100,A,
https://www.kronosolopromocionales.com/productos/bolsa-en-cambrel-reflectiva-8199/,bolsa-en-cambrel-reflectiva-8199,true,100,,100,A,
https://www.kronosolopromocionales.com/productos/sporty-bag-champion-produccion-nacional-8283/,sporty-bag-champion-produccion-nacional-8283,true,100,,100,A,
https://www.kronosolopromocionales.com/productos/sporty-bag-spock-8404/,sporty-bag-spock-8404,true,100,,100,A,
https://www.kronosolopromocionales.com/productos/sporty-bag-metallic-oferta-9166/,sporty-bag-metallic-oferta-9166,false,100,,,D,"is_ai_optimized=false — pendiente de enriquecimiento, excluido del sitemap intencionalmente"
https://www.kronosolopromocionales.com/productos/sporty-bag-eco-yute-280gr-9725/,sporty-bag-eco-yute-280gr-9725,true,100,,100,A,
https://www.kronosolopromocionales.com/productos/llavero-ml-401-10514/,llavero-ml-401-10514,true,100,,,A,
https://www.kronosolopromocionales.com/productos/llavero-ml-402-10407/,llavero-ml-402-10407,true,100,,100,A,
https://www.kronosolopromocionales.com/productos/llavero-ml-404-10950/,llavero-ml-404-10950,true,100,,,A,
https://www.kronosolopromocionales.com/productos/llavero-ml-405-10951/,llavero-ml-405-10951,true,100,,,A,
https://www.kronosolopromocionales.com/productos/llavero-ml-406-10952/,llavero-ml-406-10952,true,100,,100,A,
https://www.kronosolopromocionales.com/productos/llavero-ml-407-10953/,llavero-ml-407-10953,true,100,,,A,
https://www.kronosolopromocionales.com/productos/llavero-ml-408-10954/,llavero-ml-408-10954,true,100,,,A,
https://www.kronosolopromocionales.com/productos/llavero-ml-409-10955/,llavero-ml-409-10955,true,100,,,A,
https://www.kronosolopromocionales.com/productos/llavero-ml-410-10956/,llavero-ml-410-10956,false,100,,,D,"is_ai_optimized=false — pendiente de enriquecimiento, excluido del sitemap intencionalmente"
https://www.kronosolopromocionales.com/productos/llavero-ml-411-10957/,llavero-ml-411-10957,true,100,,,A,
https://www.kronosolopromocionales.com/productos/llavero-ml-412-10958/,llavero-ml-412-10958,true,100,,,A,
https://www.kronosolopromocionales.com/productos/llavero-ml-413-11037/,llavero-ml-413-11037,true,100,,100,A,
https://www.kronosolopromocionales.com/productos/clip-portamensajes-car-4214/,clip-portamensajes-car-4214,true,100,,100,A,
https://www.kronosolopromocionales.com/productos/clip-portamensajes-house-oferta-4213/,clip-portamensajes-house-oferta-4213,true,100,,90,A,
https://www.kronosolopromocionales.com/productos/clip-portamensajes-mini-car-oferta-8037/,clip-portamensajes-mini-car-oferta-8037,true,100,,100,A,
https://www.kronosolopromocionales.com/productos/portatarjetas-ml-275-oferta-4816/,portatarjetas-ml-275-oferta-4816,true,100,,100,A,
https://www.kronosolopromocionales.com/productos/porta-tarjetas-ml-307-6131/,porta-tarjetas-ml-307-6131,true,100,,100,A,
https://www.kronosolopromocionales.com/productos/portatarjetas-ml-182-3089/,portatarjetas-ml-182-3089,true,100,,100,A,
https://www.kronosolopromocionales.com/productos/set-monarch-7443/,set-monarch-7443,true,100,,100,A,
https://www.kronosolopromocionales.com/productos/portatarjetas-ml-376-oferta-8610/,portatarjetas-ml-376-oferta-8610,true,100,,85,A,
https://www.kronosolopromocionales.com/productos/set-de-llavero-y-portatarjetas-ml-372-oferta-8606/,set-de-llavero-y-portatarjetas-ml-372-oferta-8606,true,100,,100,A,
https://www.kronosolopromocionales.com/productos/set-ml-383-9191/,set-ml-383-9191,true,100,,100,A,
https://www.kronosolopromocionales.com/productos/portatarjetas-ml-384-oferta-9192/,portatarjetas-ml-384-oferta-9192,true,100,,100,A,
https://www.kronosolopromocionales.com/productos/memoria-usb-boligrafo-wood-precio-neto-10011/,memoria-usb-boligrafo-wood-precio-neto-10011,true,100,,,A,
https://www.kronosolopromocionales.com/productos/memoria-usb-credit-card-precio-neto-3301/,memoria-usb-credit-card-precio-neto-3301,true,100,,100,A,
https://www.kronosolopromocionales.com/productos/memoria-usb-manilla-slimmy-ver-chip-of-228-ch-precio-neto-7271/,memoria-usb-manilla-slimmy-ver-chip-of-228-ch-precio-neto-7271,true,100,,100,A,
https://www.kronosolopromocionales.com/productos/memoria-usb-manilla-bandy-ii-precio-neto-7259/,memoria-usb-manilla-bandy-ii-precio-neto-7259,true,100,,100,A,
https://www.kronosolopromocionales.com/productos/pvc-memoria-usb-medic-3d-ver-of-228-ch-precio-neto-8802/,pvc-memoria-usb-medic-3d-ver-of-228-ch-precio-neto-8802,true,100,,100,A,
https://www.kronosolopromocionales.com/productos/pvc-memoria-usb-soccer-ver-of-228-ch-oferta-9929/,pvc-memoria-usb-soccer-ver-of-228-ch-oferta-9929,true,100,,100,A,
https://www.kronosolopromocionales.com/productos/memoria-usb-credit-card-eco-precio-neto-oferta-10012/,memoria-usb-credit-card-eco-precio-neto-oferta-10012,true,100,,100,A,
https://www.kronosolopromocionales.com/productos/botilito-metalico-sublimacion-sport-bottle-500ml-10667/,botilito-metalico-sublimacion-sport-bottle-500ml-10667,true,100,,80,A,
https://www.kronosolopromocionales.com/productos/botilito-plastico-counter-650ml-9775/,botilito-plastico-counter-650ml-9775,true,100,,80,A,
https://www.kronosolopromocionales.com/productos/botilito-metalico-para-sublimacion-gipsy-700ml-10684/,botilito-metalico-para-sublimacion-gipsy-700ml-10684,true,100,,80,A,
https://www.kronosolopromocionales.com/productos/mezclador-en-acero-inoxidable-6701/,mezclador-en-acero-inoxidable-6701,true,100,,,A,
https://www.kronosolopromocionales.com/productos/botilito-sport-laguna-800ml-4440/,botilito-sport-laguna-800ml-4440,true,100,,80,A,
https://www.kronosolopromocionales.com/productos/botilito-en-pvc-curvy-525ml-produccion-nacional-6322/,botilito-en-pvc-curvy-525ml-produccion-nacional-6322,true,100,,80,A,
https://www.kronosolopromocionales.com/productos/botilito-sport-titan-650-ml-produccion-nacional-4439/,botilito-sport-titan-650-ml-produccion-nacional-4439,true,100,,80,A,
https://www.kronosolopromocionales.com/productos/botilito-pvc-mercury-850ml-precio-bomba-3742/,botilito-pvc-mercury-850ml-precio-bomba-3742,true,100,,80,A,
https://www.kronosolopromocionales.com/productos/botilito-mini-spring-550ml-5159/,botilito-mini-spring-550ml-5159,true,100,,80,A,
https://www.kronosolopromocionales.com/productos/botilito-urban-700ml-produccion-nacional-4080/,botilito-urban-700ml-produccion-nacional-4080,true,100,,80,A,
https://www.kronosolopromocionales.com/productos/botilito-igloo-500ml-produccion-nacional-ver-tapa-energy-2375/,botilito-igloo-500ml-produccion-nacional-ver-tapa-energy-2375,true,100,,80,A,
https://www.kronosolopromocionales.com/productos/botilito-metalico-sport-bottle-500ml-4433/,botilito-metalico-sport-bottle-500ml-4433,true,100,,80,A,
https://www.kronosolopromocionales.com/productos/botilito-metalico-otto-600-ml-8530/,botilito-metalico-otto-600-ml-8530,true,100,,80,A,
https://www.kronosolopromocionales.com/productos/botilito-metalico-jupiter-500-ml-8514/,botilito-metalico-jupiter-500-ml-8514,true,100,,80,A,
https://www.kronosolopromocionales.com/productos/botilito-metalico-wolfgang-500-ml-8531/,botilito-metalico-wolfgang-500-ml-8531,true,100,,80,A,
https://www.kronosolopromocionales.com/productos/botilito-en-aluminio-parsons-700ml-8758/,botilito-en-aluminio-parsons-700ml-8758,true,100,,80,A,
https://www.kronosolopromocionales.com/productos/botilito-metalico-wood-700ml-9016/,botilito-metalico-wood-700ml-9016,true,100,,80,A,
https://www.kronosolopromocionales.com/productos/botilito-metalico-barry-600ml-9017/,botilito-metalico-barry-600ml-9017,true,100,,80,A,
https://www.kronosolopromocionales.com/productos/botilito-metalico-jumbo-750ml-9396/,botilito-metalico-jumbo-750ml-9396,true,100,,80,A,
https://www.kronosolopromocionales.com/productos/botilito-metalico-hans-600ml-9437/,botilito-metalico-hans-600ml-9437,true,100,,80,A,
https://www.kronosolopromocionales.com/productos/botilito-metalico-vortex-600ml-9550/,botilito-metalico-vortex-600ml-9550,true,100,,80,A,
https://www.kronosolopromocionales.com/productos/botilito-supra-en-pet-610ml-produccion-nacional-6706/,botilito-supra-en-pet-610ml-produccion-nacional-6706,true,100,,80,A,
https://www.kronosolopromocionales.com/productos/botilito-en-pvc-helice-650ml-produccion-nacional-5741/,botilito-en-pvc-helice-650ml-produccion-nacional-5741,true,100,,80,A,
https://www.kronosolopromocionales.com/productos/botilito-spider-pvc-650-ml-produccion-nacional-5486/,botilito-spider-pvc-650-ml-produccion-nacional-5486,true,100,,80,A,
https://www.kronosolopromocionales.com/productos/botilito-en-pvc-curvy-500ml-produccion-nacional-6322/,botilito-en-pvc-curvy-500ml-produccion-nacional-6322,true,100,,80,A,
https://www.kronosolopromocionales.com/productos/botilito-sport-titan-690-ml-produccion-nacional-4439/,botilito-sport-titan-690-ml-produccion-nacional-4439,true,100,,80,A,
https://www.kronosolopromocionales.com/productos/botilito-pvc-mercury-850ml-3742/,botilito-pvc-mercury-850ml-3742,true,100,,80,A,
https://www.kronosolopromocionales.com/productos/botilito-saturno-pvc-900ml-produccion-nacional-ver-mu-35-tapa-pesta-6705/,botilito-saturno-pvc-900ml-produccion-nacional-ver-mu-35-tapa-pesta-6705,true,100,,80,A,
https://www.kronosolopromocionales.com/productos/mini-botilito-ergo-400ml-produccion-nacional-5484/,mini-botilito-ergo-400ml-produccion-nacional-5484,true,100,,80,A,
https://www.kronosolopromocionales.com/productos/botilito-carabinero-pvc-690ml-produccion-nacional-5820/,botilito-carabinero-pvc-690ml-produccion-nacional-5820,true,100,,80,A,
https://www.kronosolopromocionales.com/productos/botilito-mini-spring-590ml-tapa-importada-o-nacional-5159/,botilito-mini-spring-590ml-tapa-importada-o-nacional-5159,true,100,,80,A,
https://www.kronosolopromocionales.com/productos/botilito-en-tritan-bugsy-630ml-6815/,botilito-en-tritan-bugsy-630ml-6815,true,100,,80,A,
https://www.kronosolopromocionales.com/productos/botilito-infussion-800ml-5762/,botilito-infussion-800ml-5762,true,100,,80,A,
https://www.kronosolopromocionales.com/productos/botilito-en-tritan-swat-600ml-oferta-9559/,botilito-en-tritan-swat-600ml-oferta-9559,true,100,,80,A,
https://www.kronosolopromocionales.com/productos/agarradera-en-polietileno-nuevo-13405/,agarradera-en-polietileno-nuevo-13405,true,100,,,A,
https://www.kronosolopromocionales.com/productos/mug-ceramica-neon-11oz-oferta-6821/,mug-ceramica-neon-11oz-oferta-6821,true,100,,100,A,
https://www.kronosolopromocionales.com/productos/mug-oxford-ceramica-11oz-3505/,mug-oxford-ceramica-11oz-3505,true,100,,100,A,
https://www.kronosolopromocionales.com/productos/mug-ceramica-cuadrado-10-oz-1591/,mug-ceramica-cuadrado-10-oz-1591,true,100,,100,A,
https://www.kronosolopromocionales.com/productos/mug-ceramica-tablero-11oz-con-tiza-4059/,mug-ceramica-tablero-11oz-con-tiza-4059,true,100,,100,A,
https://www.kronosolopromocionales.com/productos/mug-ceramica-para-sublimacion-i-11oz-4065/,mug-ceramica-para-sublimacion-i-11oz-4065,true,100,,100,A,
https://www.kronosolopromocionales.com/productos/mug-ceramica-sublimacion-magic-color-11oz-4064/,mug-ceramica-sublimacion-magic-color-11oz-4064,true,100,,100,A,
https://www.kronosolopromocionales.com/productos/mug-ceramica-con-cuchara-trump-10oz-6822/,mug-ceramica-con-cuchara-trump-10oz-6822,true,100,,100,A,
https://www.kronosolopromocionales.com/productos/mug-firenze-ceramica-neon-10oz-oferta-2831/,mug-firenze-ceramica-neon-10oz-oferta-2831,true,100,,100,A,
https://www.kronosolopromocionales.com/productos/mug-ceramica-con-corcho-11-oz-7453/,mug-ceramica-con-corcho-11-oz-7453,true,100,,100,A,
https://www.kronosolopromocionales.com/productos/mug-ceramica-zenith-12oz-7874/,mug-ceramica-zenith-12oz-7874,true,100,,100,A,
https://www.kronosolopromocionales.com/productos/mug-ceramica-ottis-11oz-oferta-8421/,mug-ceramica-ottis-11oz-oferta-8421,true,100,,100,A,
https://www.kronosolopromocionales.com/productos/mug-doble-pared-en-acero-ii-16oz-1342/,mug-doble-pared-en-acero-ii-16oz-1342,true,100,,100,A,
https://www.kronosolopromocionales.com/productos/minimug-en-acero-con-tapa-180ml-3481/,minimug-en-acero-con-tapa-180ml-3481,false,100,,,D,"is_ai_optimized=false — pendiente de enriquecimiento, excluido del sitemap intencionalmente"
https://www.kronosolopromocionales.com/productos/mug-metalico-galileo-16oz-8060/,mug-metalico-galileo-16oz-8060,true,100,,100,A,
https://www.kronosolopromocionales.com/productos/mug-metalico-peyton-470-ml-8667/,mug-metalico-peyton-470-ml-8667,true,100,,100,A,
https://www.kronosolopromocionales.com/productos/mug-metalico-moritz-450-ml-8526/,mug-metalico-moritz-450-ml-8526,true,100,,100,A,
https://www.kronosolopromocionales.com/productos/set-de-mugs-con-termo-cascade-8853/,set-de-mugs-con-termo-cascade-8853,true,100,,80,A,
https://www.kronosolopromocionales.com/productos/mug-metalico-star-350ml-8986/,mug-metalico-star-350ml-8986,true,100,,100,A,
https://www.kronosolopromocionales.com/productos/mug-metalico-mask-350ml-9018/,mug-metalico-mask-350ml-9018,true,100,,100,A,
https://www.kronosolopromocionales.com/productos/mug-metalico-slash-550ml-9019/,mug-metalico-slash-550ml-9019,true,100,,100,A,
https://www.kronosolopromocionales.com/productos/mug-metalico-quest-450ml-9389/,mug-metalico-quest-450ml-9389,true,100,,100,A,
https://www.kronosolopromocionales.com/productos/mug-metalico-con-bamboo-500ml-9699/,mug-metalico-con-bamboo-500ml-9699,true,100,,100,A,
https://www.kronosolopromocionales.com/productos/mug-metalico-warmer-450ml-9707/,mug-metalico-warmer-450ml-9707,true,100,,100,A,
https://www.kronosolopromocionales.com/productos/vaso-yumbo-32oz-produccion-nacional-11149/,vaso-yumbo-32oz-produccion-nacional-11149,true,100,,80,A,
https://www.kronosolopromocionales.com/productos/mug-plastico-morning-320ml-produccion-nacional-11150/,mug-plastico-morning-320ml-produccion-nacional-11150,false,100,,,D,"is_ai_optimized=false — pendiente de enriquecimiento, excluido del sitemap intencionalmente"
https://www.kronosolopromocionales.com/productos/maxi-mug-produccion-nacional-2362/,maxi-mug-produccion-nacional-2362,true,100,,100,A,
https://www.kronosolopromocionales.com/productos/mug-kid-produccion-nacional-2869/,mug-kid-produccion-nacional-2869,true,100,,100,A,
https://www.kronosolopromocionales.com/productos/mug-mediano-club-produccion-nacional-2873/,mug-mediano-club-produccion-nacional-2873,true,100,,100,A,
https://www.kronosolopromocionales.com/productos/vaso-plastico-new-york-23-oz-produccion-nacional-8714/,vaso-plastico-new-york-23-oz-produccion-nacional-8714,true,100,,80,A,
https://www.kronosolopromocionales.com/productos/vaso-plastico-new-york-20-oz-produccion-nacional-8735/,vaso-plastico-new-york-20-oz-produccion-nacional-8735,true,100,,80,A,
https://www.kronosolopromocionales.com/productos/botilito-metalico-para-sublimacion-wolfgang-500ml-9967/,botilito-metalico-para-sublimacion-wolfgang-500ml-9967,true,100,,80,A,
https://www.kronosolopromocionales.com/productos/botilito-en-aluminio-para-sublimacion-parsons-750ml-9968/,botilito-en-aluminio-para-sublimacion-parsons-750ml-9968,true,100,,80,A,
https://www.kronosolopromocionales.com/productos/mug-metalico-para-sublimacion-galileo-450ml-9969/,mug-metalico-para-sublimacion-galileo-450ml-9969,true,100,,100,A,
https://www.kronosolopromocionales.com/productos/mug-metalico-para-sublimacion-mask-350ml-9973/,mug-metalico-para-sublimacion-mask-350ml-9973,true,100,,100,A,
https://www.kronosolopromocionales.com/productos/botilito-metalico-anders-500ml-10502/,botilito-metalico-anders-500ml-10502,true,100,,80,A,
https://www.kronosolopromocionales.com/productos/botilito-plastico-wonder-650ml-produccion-nacional-10688/,botilito-plastico-wonder-650ml-produccion-nacional-10688,true,100,,80,A,
https://www.kronosolopromocionales.com/productos/termo-bullet-350ml-912/,termo-bullet-350ml-912,true,100,,80,A,
https://www.kronosolopromocionales.com/productos/termo-zeus-500-ml-4432/,termo-zeus-500-ml-4432,true,100,,80,A,
https://www.kronosolopromocionales.com/productos/termo-bamboo-500ml-9771/,termo-bamboo-500ml-9771,true,100,,80,A,
https://www.kronosolopromocionales.com/productos/termo-urban-travel-hydra-500ml-10206/,termo-urban-travel-hydra-500ml-10206,true,100,,80,A,
https://www.kronosolopromocionales.com/productos/aro-de-silicona-para-mug-orbit-5890/,aro-de-silicona-para-mug-orbit-5890,true,100,,100,A,
https://www.kronosolopromocionales.com/productos/vaso-circular-320ml-produccion-nacional-2374/,vaso-circular-320ml-produccion-nacional-2374,true,100,,80,A,
https://www.kronosolopromocionales.com/productos/vaso-speedy-14-oz-san-produccion-nacional-5482/,vaso-speedy-14-oz-san-produccion-nacional-5482,true,100,,80,A,
https://www.kronosolopromocionales.com/productos/vaso-cuadrado-7oz-cristal-produccion-nacional-5479/,vaso-cuadrado-7oz-cristal-produccion-nacional-5479,true,100,,80,A,
https://www.kronosolopromocionales.com/productos/vaso-twister-12-oz-san-produccion-nacional-5481/,vaso-twister-12-oz-san-produccion-nacional-5481,true,100,,80,A,
https://www.kronosolopromocionales.com/productos/vaso-triangular-250ml-produccion-nacional-3274/,vaso-triangular-250ml-produccion-nacional-3274,true,100,,80,A,
https://www.kronosolopromocionales.com/productos/vaso-tapa-plastico-14-oz-produccion-nacional-2871/,vaso-tapa-plastico-14-oz-produccion-nacional-2871,true,100,,80,A,
https://www.kronosolopromocionales.com/productos/vaso-con-pitillo-produccion-nacional-2870/,vaso-con-pitillo-produccion-nacional-2870,true,100,,80,A,
https://www.kronosolopromocionales.com/productos/copa-para-vino-7oz-produccion-nacional-2007/,copa-para-vino-7oz-produccion-nacional-2007,true,100,,100,A,
https://www.kronosolopromocionales.com/productos/copa-cilindrica-2oz-cristal-produccion-nacional-5480/,copa-cilindrica-2oz-cristal-produccion-nacional-5480,true,100,,100,A,
https://www.kronosolopromocionales.com/productos/botilito-metalico-shelby-600ml-9555/,botilito-metalico-shelby-600ml-9555,true,100,,80,A,
https://www.kronosolopromocionales.com/productos/botilito-metalico-uv-c-clean-500ml-9686/,botilito-metalico-uv-c-clean-500ml-9686,true,100,,80,A,
https://www.kronosolopromocionales.com/productos/mug-metalico-doble-pared-coffee-urban-travel-380ml-9766/,mug-metalico-doble-pared-coffee-urban-travel-380ml-9766,true,100,,100,A,
https://www.kronosolopromocionales.com/productos/botilito-metalico-atomic-500ml-9970/,botilito-metalico-atomic-500ml-9970,true,100,,80,A,
https://www.kronosolopromocionales.com/productos/mug-metalico-grant-urban-travel-500ml-10081/,mug-metalico-grant-urban-travel-500ml-10081,true,100,,100,A,
https://www.kronosolopromocionales.com/productos/memo-stick-personalizados-6963/,memo-stick-personalizados-6963,true,100,,100,A,
https://www.kronosolopromocionales.com/productos/alcancia-con-portaboligrafo-6920/,alcancia-con-portaboligrafo-6920,true,100,,100,A,
https://www.kronosolopromocionales.com/productos/regla-flexy-pvc-30cm-produccion-nacional-6848/,regla-flexy-pvc-30cm-produccion-nacional-6848,true,100,,100,A,
https://www.kronosolopromocionales.com/productos/set-de-escritorio-magnum-6829/,set-de-escritorio-magnum-6829,true,100,,,A,
https://www.kronosolopromocionales.com/productos/boton-plastico-para-portacarnet-oferta-6561/,boton-plastico-para-portacarnet-oferta-6561,true,100,,100,A,
https://www.kronosolopromocionales.com/productos/set-de-bandas-elasticas-oferta-6560/,set-de-bandas-elasticas-oferta-6560,true,100,,100,A,
https://www.kronosolopromocionales.com/productos/juego-desestresante-con-clips-2198/,juego-desestresante-con-clips-2198,true,100,,100,A,
https://www.kronosolopromocionales.com/productos/juego-imantado-desestresante-1772/,juego-imantado-desestresante-1772,true,100,,100,A,
https://www.kronosolopromocionales.com/productos/libreta-igor-jumbo-11119/,libreta-igor-jumbo-11119,true,100,,100,A,
https://www.kronosolopromocionales.com/productos/libreta-pollux-eco-11019/,libreta-pollux-eco-11019,false,100,,,D,"is_ai_optimized=false — pendiente de enriquecimiento, excluido del sitemap intencionalmente"
https://www.kronosolopromocionales.com/productos/libreta-arista-11024/,libreta-arista-11024,false,100,,,D,"is_ai_optimized=false — pendiente de enriquecimiento, excluido del sitemap intencionalmente"
https://www.kronosolopromocionales.com/productos/libreta-igor-80-hojas-6843/,libreta-igor-80-hojas-6843,true,100,,100,A,
https://www.kronosolopromocionales.com/productos/libreta-century-6838/,libreta-century-6838,true,100,,,A,
https://www.kronosolopromocionales.com/productos/mini-libreta-forest-6189/,mini-libreta-forest-6189,true,100,,,A,
https://www.kronosolopromocionales.com/productos/mini-libreta-sevilla-80-hojas-5739/,mini-libreta-sevilla-80-hojas-5739,true,100,,100,A,
https://www.kronosolopromocionales.com/productos/sticky-set-en-trigo-wheat-eco-9678/,sticky-set-en-trigo-wheat-eco-9678,true,100,,100,A,
https://www.kronosolopromocionales.com/productos/sticky-set-cubik-9974/,sticky-set-cubik-9974,true,100,,100,A,
https://www.kronosolopromocionales.com/productos/bamboo-sticky-pad-9955/,bamboo-sticky-pad-9955,true,100,,100,A,
https://www.kronosolopromocionales.com/productos/memo-sticky-set-bamboo-10100/,memo-sticky-set-bamboo-10100,true,100,,100,A,
https://www.kronosolopromocionales.com/productos/portataco-duo-produccion-nacional-3845/,portataco-duo-produccion-nacional-3845,true,100,,100,A,
https://www.kronosolopromocionales.com/productos/sticky-set-doctor-9090/,sticky-set-doctor-9090,true,100,,100,A,
https://www.kronosolopromocionales.com/productos/sticky-set-ottis-oferta-9786/,sticky-set-ottis-oferta-9786,false,100,,,D,"is_ai_optimized=false — pendiente de enriquecimiento, excluido del sitemap intencionalmente"
https://www.kronosolopromocionales.com/productos/planeador-semanal-ecologico-9975/,planeador-semanal-ecologico-9975,true,100,,100,A,
https://www.kronosolopromocionales.com/productos/memo-clip-bamboo-ii-10242/,memo-clip-bamboo-ii-10242,true,100,,100,A,
https://www.kronosolopromocionales.com/productos/set-memo-pad-eco-10099/,set-memo-pad-eco-10099,true,100,,100,A,
https://www.kronosolopromocionales.com/productos/cargador-inalambrico-office-10150/,cargador-inalambrico-office-10150,true,100,,100,A,
https://www.kronosolopromocionales.com/productos/mouse-pad-plastificado-5549/,mouse-pad-plastificado-5549,true,100,,100,A,
https://www.kronosolopromocionales.com/productos/mouse-pad-ergonomico-produccion-nacional-5542/,mouse-pad-ergonomico-produccion-nacional-5542,true,100,,100,A,
https://www.kronosolopromocionales.com/productos/mouse-pad-frost-produccion-nacional-2006/,mouse-pad-frost-produccion-nacional-2006,true,100,,100,A,
https://www.kronosolopromocionales.com/productos/mouse-pad-vaniat-9862/,mouse-pad-vaniat-9862,true,100,,100,A,
https://www.kronosolopromocionales.com/productos/organizador-de-escritorio-office-10112/,organizador-de-escritorio-office-10112,true,100,,100,A,
https://www.kronosolopromocionales.com/productos/mouse-pad-calendar-produccion-nacional-10159/,mouse-pad-calendar-produccion-nacional-10159,true,100,,100,A,
https://www.kronosolopromocionales.com/productos/mouse-pad-con-cargador-inalambrico-dexter-10113/,mouse-pad-con-cargador-inalambrico-dexter-10113,true,100,,100,A,
https://www.kronosolopromocionales.com/productos/cargador-inalambrico-flexi-pad-10524/,cargador-inalambrico-flexi-pad-10524,true,100,,100,A,
https://www.kronosolopromocionales.com/productos/mouse-pad-3-1-lcd-10461/,mouse-pad-3-1-lcd-10461,true,100,,100,A,
https://www.kronosolopromocionales.com/productos/mouse-bamboo-10340/,mouse-bamboo-10340,true,100,,100,A,
https://www.kronosolopromocionales.com/productos/mouse-pad-cork-con-apoya-munecas-10557/,mouse-pad-cork-con-apoya-munecas-10557,true,100,,,A,
https://www.kronosolopromocionales.com/productos/tablero-week-6932/,tablero-week-6932,true,100,,100,A,
https://www.kronosolopromocionales.com/productos/carpeta-folder-london-6844/,carpeta-folder-london-6844,true,100,,,A,
https://www.kronosolopromocionales.com/productos/bolsa-portapapeles-produccion-nacional-4058/,bolsa-portapapeles-produccion-nacional-4058,true,100,,100,A,
https://www.kronosolopromocionales.com/productos/carpeta-folder-a4-crown-5507/,carpeta-folder-a4-crown-5507,true,100,,,A,
https://www.kronosolopromocionales.com/productos/carpeta-folder-sencillo-en-pvc-1888/,carpeta-folder-sencillo-en-pvc-1888,false,100,,,D,"is_ai_optimized=false — pendiente de enriquecimiento, excluido del sitemap intencionalmente"
https://www.kronosolopromocionales.com/productos/portaidentificador-de-carnet-medic-8077/,portaidentificador-de-carnet-medic-8077,true,100,,100,A,
https://www.kronosolopromocionales.com/productos/carpeta-folder-zipper-8078/,carpeta-folder-zipper-8078,true,100,,100,A,
https://www.kronosolopromocionales.com/productos/portaidentificador-de-carnet-redondo-ii-8226/,portaidentificador-de-carnet-redondo-ii-8226,true,100,,100,A,
https://www.kronosolopromocionales.com/productos/calculadora-multifuncion-oferta-8477/,calculadora-multifuncion-oferta-8477,true,100,,100,A,
https://www.kronosolopromocionales.com/productos/portaboligrafos-flex-produccion-nacional-4113/,portaboligrafos-flex-produccion-nacional-4113,true,100,,100,A,
https://www.kronosolopromocionales.com/productos/portatacos-con-portalapices-produccion-nacional-7496/,portatacos-con-portalapices-produccion-nacional-7496,true,100,,100,A,
https://www.kronosolopromocionales.com/productos/estuche-plastico-de-tres-cuerpos-produccion-nacional-7613/,estuche-plastico-de-tres-cuerpos-produccion-nacional-7613,true,100,,100,A,
https://www.kronosolopromocionales.com/productos/libreta-con-portalapices-produccion-nacional-7687/,libreta-con-portalapices-produccion-nacional-7687,true,100,,100,A,
https://www.kronosolopromocionales.com/productos/set-de-escritorio-en-pu-stickies-y-resaltadores-magicos-5503/,set-de-escritorio-en-pu-stickies-y-resaltadores-magicos-5503,true,100,,,A,
https://www.kronosolopromocionales.com/productos/set-de-escritorio-octagon-8072/,set-de-escritorio-octagon-8072,false,100,,,D,"is_ai_optimized=false — pendiente de enriquecimiento, excluido del sitemap intencionalmente"
https://www.kronosolopromocionales.com/productos/sticky-set-flag-oferta-8475/,sticky-set-flag-oferta-8475,true,100,,100,A,
https://www.kronosolopromocionales.com/productos/set-de-clips-smiley-faces-8866/,set-de-clips-smiley-faces-8866,true,100,,100,A,
https://www.kronosolopromocionales.com/productos/portatarjetas-plastico-produccion-nacional-4462/,portatarjetas-plastico-produccion-nacional-4462,true,100,,100,A,
https://www.kronosolopromocionales.com/productos/mobile-holder-3-1-produccion-nacional-3471/,mobile-holder-3-1-produccion-nacional-3471,true,100,,100,A,
https://www.kronosolopromocionales.com/productos/portapapel-car-oferta-7440/,portapapel-car-oferta-7440,true,100,,100,A,
https://www.kronosolopromocionales.com/productos/portatarjetas-en-silicona-doctor-oferta-8953/,portatarjetas-en-silicona-doctor-oferta-8953,true,100,,,A,
https://www.kronosolopromocionales.com/productos/chaqueta-en-pvc-5466/,chaqueta-en-pvc-5466,true,100,,60,A,
https://www.kronosolopromocionales.com/productos/llavero-con-capa-3336/,llavero-con-capa-3336,true,100,,100,A,
https://www.kronosolopromocionales.com/productos/abrigo-impermeable-3640/,abrigo-impermeable-3640,true,100,,100,A,
https://www.kronosolopromocionales.com/productos/poncho-pvc-con-estuche-4832/,poncho-pvc-con-estuche-4832,true,100,,100,A,
https://www.kronosolopromocionales.com/productos/llavero-con-capa-poncho-soccer-8294/,llavero-con-capa-poncho-soccer-8294,true,100,,100,A,
https://www.kronosolopromocionales.com/productos/paraguas-dayton-23-9790/,paraguas-dayton-23-9790,false,100,,,D,"is_ai_optimized=false — pendiente de enriquecimiento, excluido del sitemap intencionalmente"
https://www.kronosolopromocionales.com/productos/paraguas-osmond-21-10672/,paraguas-osmond-21-10672,true,100,,,A,
https://www.kronosolopromocionales.com/productos/mini-paraguas-lloyd-21-8658/,mini-paraguas-lloyd-21-8658,true,100,,,A,
https://www.kronosolopromocionales.com/productos/mini-paraguas-arc-clipper-21-8889/,mini-paraguas-arc-clipper-21-8889,true,100,,100,A,
https://www.kronosolopromocionales.com/productos/paraguas-kenny-215-8909/,paraguas-kenny-215-8909,false,100,,,D,"is_ai_optimized=false — pendiente de enriquecimiento, excluido del sitemap intencionalmente"
https://www.kronosolopromocionales.com/productos/mini-paraguas-maverick-21-9426/,mini-paraguas-maverick-21-9426,true,100,,,A,
https://www.kronosolopromocionales.com/productos/bolsa-plegable-para-paraguas-hansel-oferta-8657/,bolsa-plegable-para-paraguas-hansel-oferta-8657,true,100,,100,A,
https://www.kronosolopromocionales.com/productos/mini-paraguas-biondi-21-8911/,mini-paraguas-biondi-21-8911,true,100,,,A,
https://www.kronosolopromocionales.com/productos/paraguas-scorpius-urban-travel-21-10588/,paraguas-scorpius-urban-travel-21-10588,true,100,,,A,
https://www.kronosolopromocionales.com/productos/paraguas-brook-ergo-27-7512/,paraguas-brook-ergo-27-7512,true,100,,,A,
https://www.kronosolopromocionales.com/productos/costurero-sammy-6757/,costurero-sammy-6757,true,100,,100,A,
https://www.kronosolopromocionales.com/productos/espejo-starlett-4926/,espejo-starlett-4926,true,100,,100,A,
https://www.kronosolopromocionales.com/productos/medidor-de-masa-muscular-5255/,medidor-de-masa-muscular-5255,true,100,,100,A,
https://www.kronosolopromocionales.com/productos/costurero-ovalado-3155/,costurero-ovalado-3155,true,100,,100,A,
https://www.kronosolopromocionales.com/productos/espejo-circular-3120/,espejo-circular-3120,true,100,,100,A,
https://www.kronosolopromocionales.com/productos/hojas-de-jabon-antibacteriano-con-estuche-7376/,hojas-de-jabon-antibacteriano-con-estuche-7376,true,100,,100,A,
https://www.kronosolopromocionales.com/productos/hojas-de-jabon-antibacteriano-repuesto-7377/,hojas-de-jabon-antibacteriano-repuesto-7377,true,100,,100,A,
https://www.kronosolopromocionales.com/productos/gel-antibacterial-moss-30ml-6025/,gel-antibacterial-moss-30ml-6025,true,100,,100,A,
https://www.kronosolopromocionales.com/productos/gel-antibacterial-round-40ml-6003/,gel-antibacterial-round-40ml-6003,true,100,,100,A,
https://www.kronosolopromocionales.com/productos/gel-antibacterial-bella-15ml-6016/,gel-antibacterial-bella-15ml-6016,true,100,,100,A,
https://www.kronosolopromocionales.com/productos/mini-tarro-panos-humedos-antibacterial-30und-6004/,mini-tarro-panos-humedos-antibacterial-30und-6004,true,100,,100,A,
https://www.kronosolopromocionales.com/productos/panos-humedos-antibacterial-klean-60und-7960/,panos-humedos-antibacterial-klean-60und-7960,true,100,,100,A,
https://www.kronosolopromocionales.com/productos/gel-antibacterial-con-dispensador-60ml-7831/,gel-antibacterial-con-dispensador-60ml-7831,true,100,,100,A,
https://www.kronosolopromocionales.com/productos/gel-antibacterial-300ml-8548/,gel-antibacterial-300ml-8548,true,100,,100,A,
https://www.kronosolopromocionales.com/productos/gel-antibacterial-color-30ml-oferta-9449/,gel-antibacterial-color-30ml-oferta-9449,true,100,,100,A,
https://www.kronosolopromocionales.com/productos/gel-antibacterial-transparente-produccion-nacional-9452/,gel-antibacterial-transparente-produccion-nacional-9452,true,100,,100,A,
https://www.kronosolopromocionales.com/productos/alcohol-etilico-70-produccion-nacional-9469/,alcohol-etilico-70-produccion-nacional-9469,true,100,,100,A,
https://www.kronosolopromocionales.com/productos/masajeador-mink-3154/,masajeador-mink-3154,true,100,,100,A,
https://www.kronosolopromocionales.com/productos/masajeador-corazon-4980/,masajeador-corazon-4980,true,100,,100,A,
https://www.kronosolopromocionales.com/productos/masajeador-face-6061/,masajeador-face-6061,true,100,,100,A,
https://www.kronosolopromocionales.com/productos/gafas-terapeuticas-produccion-nacional-1063/,gafas-terapeuticas-produccion-nacional-1063,true,100,,100,A,
https://www.kronosolopromocionales.com/productos/cojin-terapeutico-produccion-nacional-2394/,cojin-terapeutico-produccion-nacional-2394,true,100,,100,A,
https://www.kronosolopromocionales.com/productos/mini-masajeador-marilyn-9117/,mini-masajeador-marilyn-9117,true,100,,100,A,
https://www.kronosolopromocionales.com/productos/esponja-para-maquillaje-drop-9163/,esponja-para-maquillaje-drop-9163,true,100,,100,A,
https://www.kronosolopromocionales.com/productos/banda-finger-9733/,banda-finger-9733,true,100,,100,A,
https://www.kronosolopromocionales.com/productos/boligrafo-boost-13324/,boligrafo-boost-13324,true,100,,100,A,
https://www.kronosolopromocionales.com/productos/pastillero-vaso-2-en-1-6055/,pastillero-vaso-2-en-1-6055,true,100,,80,A,
https://www.kronosolopromocionales.com/productos/pastillero-giratorio-7388/,pastillero-giratorio-7388,true,100,,100,A,
https://www.kronosolopromocionales.com/productos/pastillero-tank-7785/,pastillero-tank-7785,true,100,,100,A,
https://www.kronosolopromocionales.com/productos/pastillero-dharma-7786/,pastillero-dharma-7786,true,100,,100,A,
https://www.kronosolopromocionales.com/productos/pastillero-eco-9102/,pastillero-eco-9102,true,100,,100,A,
https://www.kronosolopromocionales.com/productos/botilito-plastico-pillbox-750ml-10089/,botilito-plastico-pillbox-750ml-10089,true,100,,80,A,
https://www.kronosolopromocionales.com/productos/llavero-pastillero-capsula-10450/,llavero-pastillero-capsula-10450,true,100,,100,A,
https://www.kronosolopromocionales.com/productos/espejo-doble-zonder-oferta-6756/,espejo-doble-zonder-oferta-6756,true,100,,100,A,
https://www.kronosolopromocionales.com/productos/espejo-magnolia-7387/,espejo-magnolia-7387,true,100,,100,A,
https://www.kronosolopromocionales.com/productos/cepillo-con-espejo-kolors-7788/,cepillo-con-espejo-kolors-7788,true,100,,100,A,
https://www.kronosolopromocionales.com/productos/banda-elastica-doble-7959/,banda-elastica-doble-7959,true,100,,100,A,
https://www.kronosolopromocionales.com/productos/cepillo-con-espejo-sully-8872/,cepillo-con-espejo-sully-8872,true,100,,100,A,
https://www.kronosolopromocionales.com/productos/espejo-doble-steffi-oferta-8897/,espejo-doble-steffi-oferta-8897,true,100,,100,A,
https://www.kronosolopromocionales.com/productos/espejo-doble-tod-oferta-9091/,espejo-doble-tod-oferta-9091,true,100,,100,A,
https://www.kronosolopromocionales.com/productos/mecanismo-para-reloj-analogo-con-manecillas-5056/,mecanismo-para-reloj-analogo-con-manecillas-5056,true,100,,,A,
https://www.kronosolopromocionales.com/productos/reloj-quincy-produccion-nacional-7628/,reloj-quincy-produccion-nacional-7628,true,100,,100,A,
https://www.kronosolopromocionales.com/productos/cargador-inalambrico-con-reloj-bamboo-9724/,cargador-inalambrico-con-reloj-bamboo-9724,true,100,,100,A,
https://www.kronosolopromocionales.com/productos/reloj-con-portaboligrafo-bamboo-9722/,reloj-con-portaboligrafo-bamboo-9722,true,100,,100,A,
https://www.kronosolopromocionales.com/productos/reloj-portaboligrafo-crystal-bamboo-9982/,reloj-portaboligrafo-crystal-bamboo-9982,true,100,,100,A,
https://www.kronosolopromocionales.com/productos/reloj-con-cargador-inalambrico-denver-10138/,reloj-con-cargador-inalambrico-denver-10138,true,100,,100,A,
https://www.kronosolopromocionales.com/productos/reloj-portaboligrafos-cork-10098/,reloj-portaboligrafos-cork-10098,true,100,,100,A,
https://www.kronosolopromocionales.com/productos/reloj-de-pared-colors-produccion-nacional-9863/,reloj-de-pared-colors-produccion-nacional-9863,true,100,,100,A,
https://www.kronosolopromocionales.com/productos/reloj-de-pared-tempo-produccion-nacional-7208/,reloj-de-pared-tempo-produccion-nacional-7208,true,100,,100,A,
https://www.kronosolopromocionales.com/productos/reloj-de-pared-wall-metal-clock-2693/,reloj-de-pared-wall-metal-clock-2693,true,100,,,A,
https://www.kronosolopromocionales.com/productos/reloj-dual-produccion-nacional-933/,reloj-dual-produccion-nacional-933,true,100,,100,A,
https://www.kronosolopromocionales.com/productos/reloj-mondrian-cuadrado-produccion-nacional-5252/,reloj-mondrian-cuadrado-produccion-nacional-5252,true,100,,100,A,
https://www.kronosolopromocionales.com/productos/reloj-de-pared-cosmos-produccion-nacional-8232/,reloj-de-pared-cosmos-produccion-nacional-8232,true,100,,100,A,
https://www.kronosolopromocionales.com/productos/reloj-de-pared-tremont-produccion-nacional-8743/,reloj-de-pared-tremont-produccion-nacional-8743,true,100,,100,A,
https://www.kronosolopromocionales.com/productos/reloj-wall-bamboo-10578/,reloj-wall-bamboo-10578,true,100,,,A,
https://www.kronosolopromocionales.com/productos/reloj-digital-bowen-oferta-9789/,reloj-digital-bowen-oferta-9789,false,100,,,D,"is_ai_optimized=false — pendiente de enriquecimiento, excluido del sitemap intencionalmente"
https://www.kronosolopromocionales.com/productos/reloj-inteligente-fyllex-13377/,reloj-inteligente-fyllex-13377,true,100,,100,A,
https://www.kronosolopromocionales.com/productos/reloj-inteligente-brish-13378/,reloj-inteligente-brish-13378,true,100,,100,A,
https://www.kronosolopromocionales.com/productos/puerto-usb-einstein-6880/,puerto-usb-einstein-6880,true,100,,100,A,
https://www.kronosolopromocionales.com/productos/puerto-usb-edon-6053/,puerto-usb-edon-6053,true,100,,100,A,
https://www.kronosolopromocionales.com/productos/soporte-magnetico-para-moviles-7557/,soporte-magnetico-para-moviles-7557,true,100,,100,A,
https://www.kronosolopromocionales.com/productos/soporte-para-movil-flexi-7518/,soporte-para-movil-flexi-7518,true,100,,100,A,
https://www.kronosolopromocionales.com/productos/audifono-bluetooth-manos-libres-2-1-oferta-9587/,audifono-bluetooth-manos-libres-2-1-oferta-9587,true,100,,,A,
https://www.kronosolopromocionales.com/productos/set-de-cables-de-carga-tyson-9804/,set-de-cables-de-carga-tyson-9804,true,100,,100,A,
https://www.kronosolopromocionales.com/productos/cable-multicargador-tyler-10129/,cable-multicargador-tyler-10129,true,100,,100,A,
https://www.kronosolopromocionales.com/productos/soporte-para-moviles-nixon-10120/,soporte-para-moviles-nixon-10120,true,100,,100,A,
https://www.kronosolopromocionales.com/productos/soporte-para-moviles-karter-10132/,soporte-para-moviles-karter-10132,true,100,,100,A,
https://www.kronosolopromocionales.com/productos/set-de-carro-universal-ii-oferta-8919/,set-de-carro-universal-ii-oferta-8919,true,100,,100,A,
https://www.kronosolopromocionales.com/productos/localizador-de-llaves-7776/,localizador-de-llaves-7776,true,100,,,A,
https://www.kronosolopromocionales.com/productos/soporte-para-tablets-8454/,soporte-para-tablets-8454,true,100,,100,A,
https://www.kronosolopromocionales.com/productos/audifonos-bowie-con-manos-libres-tipo-c-10702/,audifonos-bowie-con-manos-libres-tipo-c-10702,true,100,,,A,
https://www.kronosolopromocionales.com/productos/soporte-para-moviles-jet-10706/,soporte-para-moviles-jet-10706,true,100,,,A,
https://www.kronosolopromocionales.com/productos/pila-recargable-power-bank-con-boton-2200mah-7517/,pila-recargable-power-bank-con-boton-2200mah-7517,false,100,,,D,"is_ai_optimized=false — pendiente de enriquecimiento, excluido del sitemap intencionalmente"
https://www.kronosolopromocionales.com/productos/speaker-bluetooth-barack-8135/,speaker-bluetooth-barack-8135,true,100,,,A,
https://www.kronosolopromocionales.com/productos/audifonos-bluetooth-jumper-10769/,audifonos-bluetooth-jumper-10769,true,100,,,A,
https://www.kronosolopromocionales.com/productos/audifonos-boom-precio-bomba-5657/,audifonos-boom-precio-bomba-5657,true,100,,,A,
https://www.kronosolopromocionales.com/productos/portatarjetas-con-organizador-de-cables-8109/,portatarjetas-con-organizador-de-cables-8109,true,100,,,A,
https://www.kronosolopromocionales.com/productos/soporte-para-moviles-pump-8230/,soporte-para-moviles-pump-8230,true,100,,,A,
https://www.kronosolopromocionales.com/productos/audifonos-bluetooth-air-i7-8857/,audifonos-bluetooth-air-i7-8857,true,100,,100,A,
https://www.kronosolopromocionales.com/productos/audifonos-bluetooth-big-display-9569/,audifonos-bluetooth-big-display-9569,true,100,,100,A,
https://www.kronosolopromocionales.com/productos/audifonos-bluetooth-fresh-9575/,audifonos-bluetooth-fresh-9575,true,100,,100,A,
https://www.kronosolopromocionales.com/productos/accesorio-en-silicona-para-gafas-y-audifonos-oferta-9603/,accesorio-en-silicona-para-gafas-y-audifonos-oferta-9603,true,100,,100,A,
https://www.kronosolopromocionales.com/productos/audifonos-bluetooth-dj-ii-con-lector-tf-9637/,audifonos-bluetooth-dj-ii-con-lector-tf-9637,true,100,,100,A,
https://www.kronosolopromocionales.com/productos/audifonos-bluetooth-airbone-9808/,audifonos-bluetooth-airbone-9808,true,100,,100,A,
https://www.kronosolopromocionales.com/productos/cargador-inalambrico-multiorganizador-8715/,cargador-inalambrico-multiorganizador-8715,true,100,,100,A,
https://www.kronosolopromocionales.com/productos/pila-recargable-en-aluminio-4000mah-8727/,pila-recargable-en-aluminio-4000mah-8727,false,100,,,D,"is_ai_optimized=false — pendiente de enriquecimiento, excluido del sitemap intencionalmente"
https://www.kronosolopromocionales.com/productos/pila-recargable-2600-mah-con-pesa-de-equipaje-ii-8757/,pila-recargable-2600-mah-con-pesa-de-equipaje-ii-8757,true,100,,100,A,
https://www.kronosolopromocionales.com/productos/organizador-de-escritorio-bamboo-con-cargador-oferta-9268/,organizador-de-escritorio-bamboo-con-cargador-oferta-9268,true,100,,100,A,
https://www.kronosolopromocionales.com/productos/cargador-inalambrico-con-cable-multicargador-oferta-9050/,cargador-inalambrico-con-cable-multicargador-oferta-9050,true,100,,100,A,
https://www.kronosolopromocionales.com/productos/set-de-cables-de-carga-mini-kit-9436/,set-de-cables-de-carga-mini-kit-9436,true,100,,100,A,
https://www.kronosolopromocionales.com/productos/esterilizador-inalambrico-con-luz-uv-led-klean-oferta-9483/,esterilizador-inalambrico-con-luz-uv-led-klean-oferta-9483,true,100,,100,A,
https://www.kronosolopromocionales.com/productos/organizador-light-con-cargador-inalambrico-oferta-9588/,organizador-light-con-cargador-inalambrico-oferta-9588,true,100,,100,A,
https://www.kronosolopromocionales.com/productos/esterilizador-con-luz-uv-led-klean-bamboo-oferta-9673/,esterilizador-con-luz-uv-led-klean-bamboo-oferta-9673,true,100,,100,A,
https://www.kronosolopromocionales.com/productos/cargador-inalambrico-cubik-9793/,cargador-inalambrico-cubik-9793,true,100,,100,A,
https://www.kronosolopromocionales.com/productos/esterilizador-con-luz-uv-smart-oferta-9472/,esterilizador-con-luz-uv-smart-oferta-9472,true,100,,100,A,
https://www.kronosolopromocionales.com/productos/organizador-de-cables-oval-produccion-nacional-6220/,organizador-de-cables-oval-produccion-nacional-6220,true,100,,100,A,
https://www.kronosolopromocionales.com/productos/soporte-para-moviles-2-1-bamboo-9924/,soporte-para-moviles-2-1-bamboo-9924,true,100,,100,A,
https://www.kronosolopromocionales.com/productos/portatarjetas-pump-9906/,portatarjetas-pump-9906,true,100,,100,A,
https://www.kronosolopromocionales.com/productos/soporte-para-moviles-eco-bamboo-9919/,soporte-para-moviles-eco-bamboo-9919,true,100,,100,A,
https://www.kronosolopromocionales.com/productos/portatarjetas-pump-bamboo-10360/,portatarjetas-pump-bamboo-10360,true,100,,100,A,
https://www.kronosolopromocionales.com/productos/speaker-bluetooth-rainbow-8656/,speaker-bluetooth-rainbow-8656,true,100,,,A,
https://www.kronosolopromocionales.com/productos/portacelular-plastico-produccion-nacional-8773/,portacelular-plastico-produccion-nacional-8773,true,100,,100,A,
https://www.kronosolopromocionales.com/productos/pulsera-inteligente-gym-9312/,pulsera-inteligente-gym-9312,true,100,,100,A,
https://www.kronosolopromocionales.com/productos/funda-para-moviles-protector-9076/,funda-para-moviles-protector-9076,true,100,,100,A,
https://www.kronosolopromocionales.com/productos/soporte-para-moviles-pilot-9080/,soporte-para-moviles-pilot-9080,true,100,,100,A,
https://www.kronosolopromocionales.com/productos/speaker-bluetooth-rocco-8637/,speaker-bluetooth-rocco-8637,true,100,,,A,
https://www.kronosolopromocionales.com/productos/speaker-bluetooth-barack-bamboo-9413/,speaker-bluetooth-barack-bamboo-9413,true,100,,100,A,
https://www.kronosolopromocionales.com/productos/speaker-bluetooth-bamboo-eco-9723/,speaker-bluetooth-bamboo-eco-9723,true,100,,100,A,
https://www.kronosolopromocionales.com/productos/speaker-bluetooth-soundbar-9796/,speaker-bluetooth-soundbar-9796,true,100,,,A,
https://www.kronosolopromocionales.com/productos/speaker-bluetooth-lights-eco-9798/,speaker-bluetooth-lights-eco-9798,true,100,,,A,
https://www.kronosolopromocionales.com/productos/speaker-bluetooth-bryson-9801/,speaker-bluetooth-bryson-9801,true,100,,100,A,
https://www.kronosolopromocionales.com/productos/speaker-bluetooth-retro-bamboo-9923/,speaker-bluetooth-retro-bamboo-9923,true,100,,100,A,
https://www.kronosolopromocionales.com/productos/speaker-bluetooth-artix-bamboo-9956/,speaker-bluetooth-artix-bamboo-9956,true,100,,100,A,
https://www.kronosolopromocionales.com/productos/memoria-usb-carabinero-precio-neto-oferta-4727/,memoria-usb-carabinero-precio-neto-oferta-4727,true,100,,100,A,
https://www.kronosolopromocionales.com/productos/memoria-mini-usb-en-imitacion-cuero-precio-neto-oferta-5277/,memoria-mini-usb-en-imitacion-cuero-precio-neto-oferta-5277,true,100,,100,A,
https://www.kronosolopromocionales.com/productos/memoria-usb-braxton-precio-neto-oferta-7987/,memoria-usb-braxton-precio-neto-oferta-7987,true,100,,100,A,
https://www.kronosolopromocionales.com/productos/memoria-usb-credit-card-zilda-bamboo-precio-neto-9432/,memoria-usb-credit-card-zilda-bamboo-precio-neto-9432,true,100,,100,A,
https://www.kronosolopromocionales.com/productos/memoria-usb-eco-precio-neto-oferta-7254/,memoria-usb-eco-precio-neto-oferta-7254,true,100,,100,A,
https://www.kronosolopromocionales.com/productos/alcancia-elefante-2-1-6410/,alcancia-elefante-2-1-6410,false,100,,,D,"is_ai_optimized=false — pendiente de enriquecimiento, excluido del sitemap intencionalmente"
https://www.kronosolopromocionales.com/productos/alcancia-mini-piggy-5134/,alcancia-mini-piggy-5134,true,100,,100,A,
https://www.kronosolopromocionales.com/productos/alcancia-hippo-5910/,alcancia-hippo-5910,true,100,,100,A,
https://www.kronosolopromocionales.com/productos/alcancia-mini-cerdito-cristal-produccion-nacional-6032/,alcancia-mini-cerdito-cristal-produccion-nacional-6032,true,100,,100,A,
https://www.kronosolopromocionales.com/productos/alcancia-piggy-produccion-nacional-2868/,alcancia-piggy-produccion-nacional-2868,true,100,,100,A,
https://www.kronosolopromocionales.com/productos/alcancia-flex-produccion-nacional-7578/,alcancia-flex-produccion-nacional-7578,true,100,,100,A,
https://www.kronosolopromocionales.com/productos/alcancia-cow-oferta-7595/,alcancia-cow-oferta-7595,false,100,,,D,"is_ai_optimized=false — pendiente de enriquecimiento, excluido del sitemap intencionalmente"
https://www.kronosolopromocionales.com/productos/alcancia-estrella-16cm-produccion-nacional-7768/,alcancia-estrella-16cm-produccion-nacional-7768,true,100,,100,A,
https://www.kronosolopromocionales.com/productos/bola-antiestres-tricolor-5877/,bola-antiestres-tricolor-5877,true,100,,100,A,
https://www.kronosolopromocionales.com/productos/corazon-antiestres-3650/,corazon-antiestres-3650,true,100,,100,A,
https://www.kronosolopromocionales.com/productos/bola-antiestres-neon-63cm-1213/,bola-antiestres-neon-63cm-1213,true,100,,100,A,
https://www.kronosolopromocionales.com/productos/llavero-antiestres-ball-1216/,llavero-antiestres-ball-1216,true,100,,100,A,
https://www.kronosolopromocionales.com/productos/gota-antiestres-7597/,gota-antiestres-7597,true,100,,100,A,
https://www.kronosolopromocionales.com/productos/soporte-para-moviles-antiestres-10158/,soporte-para-moviles-antiestres-10158,true,100,,100,A,
https://www.kronosolopromocionales.com/productos/bola-pop-it-10160/,bola-pop-it-10160,true,100,,100,A,
https://www.kronosolopromocionales.com/productos/estuche-multiusos-en-silicona-kamelot-6913/,estuche-multiusos-en-silicona-kamelot-6913,true,100,,100,A,
https://www.kronosolopromocionales.com/productos/set-de-colores-kidz-6558/,set-de-colores-kidz-6558,false,100,,,D,"is_ai_optimized=false — pendiente de enriquecimiento, excluido del sitemap intencionalmente"
https://www.kronosolopromocionales.com/productos/mini-set-de-colores-x-12-unidades-5688/,mini-set-de-colores-x-12-unidades-5688,true,100,,100,A,
https://www.kronosolopromocionales.com/productos/set-de-colores-cartoon-3441/,set-de-colores-cartoon-3441,true,100,,100,A,
https://www.kronosolopromocionales.com/productos/set-de-colores-x-6-1510/,set-de-colores-x-6-1510,true,100,,100,A,
https://www.kronosolopromocionales.com/productos/set-dony-4962/,set-dony-4962,true,100,,100,A,
https://www.kronosolopromocionales.com/productos/set-de-crayolas-x-6-5436/,set-de-crayolas-x-6-5436,true,100,,100,A,
https://www.kronosolopromocionales.com/productos/set-crayolas-dexter-7592/,set-crayolas-dexter-7592,true,100,,100,A,
https://www.kronosolopromocionales.com/productos/sporty-bag-kidz-con-diseno-8179/,sporty-bag-kidz-con-diseno-8179,true,100,,100,A,
https://www.kronosolopromocionales.com/productos/mini-monedero-en-silicona-6241/,mini-monedero-en-silicona-6241,true,100,,100,A,
https://www.kronosolopromocionales.com/productos/estuche-multifuncion-produccion-nacional-2874/,estuche-multifuncion-produccion-nacional-2874,true,100,,100,A,
https://www.kronosolopromocionales.com/productos/cosmetiquera-monroe-8233/,cosmetiquera-monroe-8233,true,100,,100,A,
https://www.kronosolopromocionales.com/productos/cosmetiquera-farrow-8898/,cosmetiquera-farrow-8898,true,100,,100,A,
https://www.kronosolopromocionales.com/productos/organizador-cosmet-9604/,organizador-cosmet-9604,true,100,,100,A,
https://www.kronosolopromocionales.com/productos/maracas-produccion-nacional-5683/,maracas-produccion-nacional-5683,false,100,,100,D,"is_ai_optimized=false — pendiente de enriquecimiento, excluido del sitemap intencionalmente"
https://www.kronosolopromocionales.com/productos/aplausometro-redondo-produccion-nacional-5685/,aplausometro-redondo-produccion-nacional-5685,true,100,,100,A,
https://www.kronosolopromocionales.com/productos/aplausometro-triangular-produccion-nacional-5686/,aplausometro-triangular-produccion-nacional-5686,true,100,,100,A,
https://www.kronosolopromocionales.com/productos/matraca-sencilla-produccion-nacional-5684/,matraca-sencilla-produccion-nacional-5684,true,100,,100,A,
https://www.kronosolopromocionales.com/productos/corneta-stadium-produccion-nacional-5765/,corneta-stadium-produccion-nacional-5765,true,100,,100,A,
https://www.kronosolopromocionales.com/productos/vuvuzela-produccion-nacional-5682/,vuvuzela-produccion-nacional-5682,false,100,,100,D,"is_ai_optimized=false — pendiente de enriquecimiento, excluido del sitemap intencionalmente"
https://www.kronosolopromocionales.com/productos/aplausometro-manos-produccion-nacional-6034/,aplausometro-manos-produccion-nacional-6034,true,100,,100,A,
https://www.kronosolopromocionales.com/productos/gafas-fashion-6240/,gafas-fashion-6240,true,100,,100,A,
https://www.kronosolopromocionales.com/productos/gafas-gambler-7587/,gafas-gambler-7587,true,100,,100,A,
https://www.kronosolopromocionales.com/productos/gafas-kilpan-eco-9441/,gafas-kilpan-eco-9441,true,100,,85,A,
https://www.kronosolopromocionales.com/productos/mouse-pad-con-cargador-inalambrico-slim-15w-9994/,mouse-pad-con-cargador-inalambrico-slim-15w-9994,true,100,,100,A,
https://www.kronosolopromocionales.com/productos/portarretrato-cork-10530/,portarretrato-cork-10530,true,100,,100,A,
https://www.kronosolopromocionales.com/productos/portarretrato-verena-11126/,portarretrato-verena-11126,true,100,,100,A,
https://www.kronosolopromocionales.com/productos/silla-plegable-1557/,silla-plegable-1557,true,100,,100,A,
https://www.kronosolopromocionales.com/productos/silla-camp-importada-7682/,silla-camp-importada-7682,true,100,,100,A,
https://www.kronosolopromocionales.com/productos/abanico-con-mango-stick-produccion-nacional-5382/,abanico-con-mango-stick-produccion-nacional-5382,true,100,,100,A,
https://www.kronosolopromocionales.com/productos/abanico-finger-produccion-nacional-5377/,abanico-finger-produccion-nacional-5377,true,100,,100,A,
https://www.kronosolopromocionales.com/productos/abanico-2697/,abanico-2697,true,90,nombre_corto,,A,
https://www.kronosolopromocionales.com/productos/abanico-plegable-frisbee-flexible-7577/,abanico-plegable-frisbee-flexible-7577,true,100,,100,A,
https://www.kronosolopromocionales.com/productos/ventilador-usb-heat-9812/,ventilador-usb-heat-9812,true,100,,100,A,
https://www.kronosolopromocionales.com/productos/mini-ventilador-usb-de-escritorio-ii-8659/,mini-ventilador-usb-de-escritorio-ii-8659,true,100,,100,A,
https://www.kronosolopromocionales.com/productos/ventilador-hook-10472/,ventilador-hook-10472,true,100,,100,A,
https://www.kronosolopromocionales.com/productos/trolley-morral-backpack-dilbert-6926/,trolley-morral-backpack-dilbert-6926,true,100,,100,A,
https://www.kronosolopromocionales.com/productos/pesa-de-viaje-digital-6262/,pesa-de-viaje-digital-6262,true,100,,100,A,
https://www.kronosolopromocionales.com/productos/estuche-para-moviles-flex-waterproof-10889/,estuche-para-moviles-flex-waterproof-10889,true,100,,100,A,
https://www.kronosolopromocionales.com/productos/panos-humedos-antibacterial-60und-6753/,panos-humedos-antibacterial-60und-6753,true,100,,100,A,
https://www.kronosolopromocionales.com/productos/termo-viajero-calientito-tu-companero-ideal-9707/,termo-viajero-calientito-tu-companero-ideal-9707,true,100,,80,A,
https://www.kronosolopromocionales.com/productos/set-de-herramientas-con-lampara-led-10250/,set-de-herramientas-con-lampara-led-10250,true,100,,100,A,
https://www.kronosolopromocionales.com/productos/set-ml-422-rpet-nuevo-13557/,set-ml-422-rpet-nuevo-13557,true,100,,100,A,
https://www.kronosolopromocionales.com/productos/set-ml-421-rpet-nuevo-13558/,set-ml-421-rpet-nuevo-13558,true,100,,100,A,
https://www.kronosolopromocionales.com/productos/caja-de-te-produccion-nacional-7415/,caja-de-te-produccion-nacional-7415,true,100,,100,A,
https://www.kronosolopromocionales.com/productos/domino-grande-ver-estuche-produccion-nacional-5291/,domino-grande-ver-estuche-produccion-nacional-5291,true,100,,100,A,
https://www.kronosolopromocionales.com/productos/minidomino-produccion-nacional-2789/,minidomino-produccion-nacional-2789,true,100,,100,A,
https://www.kronosolopromocionales.com/productos/frisbee-enjoy-produccion-nacional-5245/,frisbee-enjoy-produccion-nacional-5245,true,100,,100,A,
https://www.kronosolopromocionales.com/productos/frisbee-original-produccion-nacional-2866/,frisbee-original-produccion-nacional-2866,true,100,,100,A,
https://www.kronosolopromocionales.com/productos/frisbee-dinamo-produccion-nacional-2864/,frisbee-dinamo-produccion-nacional-2864,true,100,,100,A,
https://www.kronosolopromocionales.com/productos/juego-portatil-produccion-nacional-7685/,juego-portatil-produccion-nacional-7685,true,100,,100,A,
https://www.kronosolopromocionales.com/productos/frisbee-flexible-produccion-nacional-2865/,frisbee-flexible-produccion-nacional-2865,true,100,,100,A,
https://www.kronosolopromocionales.com/productos/frisbee-aero-produccion-nacional-8028/,frisbee-aero-produccion-nacional-8028,true,100,,100,A,
https://www.kronosolopromocionales.com/productos/yoyo-plastico-produccion-nacional-nuevo-9860/,yoyo-plastico-produccion-nacional-nuevo-9860,true,100,,100,A,
https://www.kronosolopromocionales.com/productos/botilito-siluet-500-ml-ver-tipo-tapa-produccion-nacional-4086/,botilito-siluet-500-ml-ver-tipo-tapa-produccion-nacional-4086,true,100,,80,A,
https://www.kronosolopromocionales.com/productos/soporte-para-moviles-strike-produccion-nacionalmas-10282/,soporte-para-moviles-strike-produccion-nacionalmas-10282,true,100,,100,A,
https://www.kronosolopromocionales.com/productos/relojes-alcancia-piggy-max/,relojes-alcancia-piggy-max,true,80,nombre_duplicado_sin_canonical,100,C,"Mismo nombre que otro producto con slug no relacionado por ID (grupo dup-1) — candidato a ""duplicada sin canonical"" de GSC"
https://www.kronosolopromocionales.com/productos/relojes-boligrafo-mini-dwell/,relojes-boligrafo-mini-dwell,true,100,,100,A,
https://www.kronosolopromocionales.com/productos/relojes-sporty-bag-garda/,relojes-sporty-bag-garda,true,100,,100,A,
https://www.kronosolopromocionales.com/productos/relojes-cobija-pillow/,relojes-cobija-pillow,true,80,nombre_duplicado_sin_canonical,100,C,"Mismo nombre que otro producto con slug no relacionado por ID (grupo dup-2) — candidato a ""duplicada sin canonical"" de GSC"
https://www.kronosolopromocionales.com/productos/relojes-catalogo-novelties/,relojes-catalogo-novelties,true,100,,100,A,
https://www.kronosolopromocionales.com/productos/relojes-catalogo-novelties-2026/,relojes-catalogo-novelties-2026,true,100,,100,A,
https://www.kronosolopromocionales.com/productos/relojes-catalogo-mundial-2026/,relojes-catalogo-mundial-2026,true,100,,100,A,
https://www.kronosolopromocionales.com/productos/relojes-catalogo-produccion-nacional/,relojes-catalogo-produccion-nacional,true,100,,100,A,
https://www.kronosolopromocionales.com/productos/boligrafo-carter-eco-10533/,boligrafo-carter-eco-10533,true,100,,100,A,
https://www.kronosolopromocionales.com/productos/liquido-antibacterial-holder-spray-10ml-produccion-nacional-9731/,liquido-antibacterial-holder-spray-10ml-produccion-nacional-9731,true,100,,100,A,
https://www.kronosolopromocionales.com/productos/aro-de-pilates-ring-9736/,aro-de-pilates-ring-9736,true,100,,100,A,
https://www.kronosolopromocionales.com/productos/pitillo-reutilizable-metalico-bamboo-9954/,pitillo-reutilizable-metalico-bamboo-9954,true,100,,100,A,
https://www.kronosolopromocionales.com/productos/ducal-eco-9252/,ducal-eco-9252,true,100,,100,A,
https://www.kronosolopromocionales.com/productos/boligrafo-flom-4-1-antibacteriano-9531/,boligrafo-flom-4-1-antibacteriano-9531,true,100,,100,A,
https://www.kronosolopromocionales.com/productos/boligrafo-gamma-rpet-10017/,boligrafo-gamma-rpet-10017,true,100,,100,A,
https://www.kronosolopromocionales.com/productos/metro-square-bamboo-10448/,metro-square-bamboo-10448,true,100,,100,A,
https://www.kronosolopromocionales.com/productos/set-de-destornilladores-triangular-10536/,set-de-destornilladores-triangular-10536,true,100,,100,A,
https://www.kronosolopromocionales.com/productos/set-de-destornilladores-paddle-10965/,set-de-destornilladores-paddle-10965,true,100,,100,A,
https://www.kronosolopromocionales.com/productos/regla-plegable-con-llavero-11052/,regla-plegable-con-llavero-11052,true,100,,100,A,
https://www.kronosolopromocionales.com/productos/crispetera-en-silicona-oil-free-9634/,crispetera-en-silicona-oil-free-9634,true,100,,100,A,
https://www.kronosolopromocionales.com/productos/aireador-electrico-para-vino-9965/,aireador-electrico-para-vino-9965,true,100,,100,A,
https://www.kronosolopromocionales.com/productos/set-de-bomba-de-vacio-9966/,set-de-bomba-de-vacio-9966,true,100,,100,A,
https://www.kronosolopromocionales.com/productos/espatula-para-pizza-10061/,espatula-para-pizza-10061,true,100,,100,A,
https://www.kronosolopromocionales.com/productos/set-de-cubiertos-camping-10064/,set-de-cubiertos-camping-10064,true,100,,100,A,
https://www.kronosolopromocionales.com/productos/portabotellas-en-madera-10071/,portabotellas-en-madera-10071,true,100,,100,A,
https://www.kronosolopromocionales.com/productos/picnic-set-10074/,picnic-set-10074,true,100,,100,A,
https://www.kronosolopromocionales.com/productos/soporte-en-silicona-para-cucharas-de-cocina-10528/,soporte-en-silicona-para-cucharas-de-cocina-10528,true,100,,100,A,
https://www.kronosolopromocionales.com/productos/destapador-con-navaja-eco-11049/,destapador-con-navaja-eco-11049,true,100,,100,A,
https://www.kronosolopromocionales.com/productos/boligrafo-holographic-10245/,boligrafo-holographic-10245,true,100,,100,A,
https://www.kronosolopromocionales.com/productos/boligrafo-jenkin-10246/,boligrafo-jenkin-10246,true,100,,100,A,
https://www.kronosolopromocionales.com/productos/boligrafo-jester-coffee-10019/,boligrafo-jester-coffee-10019,true,100,,100,A,
https://www.kronosolopromocionales.com/productos/frisbee-pop-10484/,frisbee-pop-10484,true,100,,100,A,
https://www.kronosolopromocionales.com/productos/boligrafo-lepper-10024/,boligrafo-lepper-10024,true,100,,100,A,
https://www.kronosolopromocionales.com/productos/boligrafo-maze-9946/,boligrafo-maze-9946,true,100,,100,A,
https://www.kronosolopromocionales.com/productos/jarra-en-vidrio-kolors-16oz-8052/,jarra-en-vidrio-kolors-16oz-8052,true,100,,100,A,
https://www.kronosolopromocionales.com/productos/jarra-cafetera-en-acero-inoxidable-coffee-13l-9194/,jarra-cafetera-en-acero-inoxidable-coffee-13l-9194,true,100,,100,A,
https://www.kronosolopromocionales.com/productos/botilito-en-vidrio-neoprene-450ml-9438/,botilito-en-vidrio-neoprene-450ml-9438,true,100,,80,A,
https://www.kronosolopromocionales.com/productos/mug-plastico-con-corcho-16oz-9562/,mug-plastico-con-corcho-16oz-9562,true,100,,100,A,
https://www.kronosolopromocionales.com/productos/mug-plastico-trink-480ml-10080/,mug-plastico-trink-480ml-10080,true,100,,100,A,
https://www.kronosolopromocionales.com/productos/botilito-plastico-cory-petg-900ml-10090/,botilito-plastico-cory-petg-900ml-10090,true,100,,80,A,
https://www.kronosolopromocionales.com/productos/botilito-plastico-kepler-650ml-10295/,botilito-plastico-kepler-650ml-10295,true,100,,80,A,
https://www.kronosolopromocionales.com/productos/mug-plastico-idris-300ml-10355/,mug-plastico-idris-300ml-10355,true,100,,100,A,
https://www.kronosolopromocionales.com/productos/botilito-plastico-avalon-pet-750ml-10490/,botilito-plastico-avalon-pet-750ml-10490,true,100,,80,A,
https://www.kronosolopromocionales.com/productos/set-de-boligrafo-y-libreta-lawson-9089/,set-de-boligrafo-y-libreta-lawson-9089,true,100,,100,A,
https://www.kronosolopromocionales.com/productos/portaidentificador-de-carnet-con-limpiador-9321/,portaidentificador-de-carnet-con-limpiador-9321,true,100,,100,A,
https://www.kronosolopromocionales.com/productos/mini-libreta-bamboo-eco-9950/,mini-libreta-bamboo-eco-9950,true,100,,100,A,
https://www.kronosolopromocionales.com/productos/libreta-con-boligrafo-coffee-10105/,libreta-con-boligrafo-coffee-10105,true,100,,100,A,
https://www.kronosolopromocionales.com/productos/libreta-malik-96-hojas-10409/,libreta-malik-96-hojas-10409,true,100,,100,A,
https://www.kronosolopromocionales.com/productos/cinta-para-portacarnet-cork-10346/,cinta-para-portacarnet-cork-10346,true,100,,100,A,
https://www.kronosolopromocionales.com/productos/libreta-eco-milk-70-hojas-10447/,libreta-eco-milk-70-hojas-10447,true,100,,100,A,
https://www.kronosolopromocionales.com/productos/libreta-jokull-10984/,libreta-jokull-10984,true,100,,100,A,
https://www.kronosolopromocionales.com/productos/regla-pop-it-11027/,regla-pop-it-11027,true,100,,100,A,
https://www.kronosolopromocionales.com/productos/libreta-valdis-cork-11058/,libreta-valdis-cork-11058,true,100,,100,A,
https://www.kronosolopromocionales.com/productos/mini-libreta-darvi-11059/,mini-libreta-darvi-11059,true,100,,100,A,
https://www.kronosolopromocionales.com/productos/boligrafo-pebble-11022/,boligrafo-pebble-11022,true,100,,100,A,
https://www.kronosolopromocionales.com/productos/boligrafo-portent-cartoon-10031/,boligrafo-portent-cartoon-10031,true,100,,100,A,
https://www.kronosolopromocionales.com/productos/boligrafo-rush-neon-10034/,boligrafo-rush-neon-10034,true,100,,100,A,
https://www.kronosolopromocionales.com/productos/paraguas-de-madera-en-poliester-23-8910/,paraguas-de-madera-en-poliester-23-8910,true,100,,100,A,
https://www.kronosolopromocionales.com/productos/paraguas-brook-ergo-27-9187/,paraguas-brook-ergo-27-9187,true,80,nombre_duplicado_sin_canonical,100,C,"Mismo nombre que otro producto con slug no relacionado por ID (grupo dup-3) — candidato a ""duplicada sin canonical"" de GSC"
https://www.kronosolopromocionales.com/productos/boligrafo-spray-max-antibacteriano-9479/,boligrafo-spray-max-antibacteriano-9479,true,100,,100,A,
https://www.kronosolopromocionales.com/productos/soporte-para-moviles-pump-bamboo-10431/,soporte-para-moviles-pump-bamboo-10431,true,100,,100,A,
https://www.kronosolopromocionales.com/productos/soporte-magnetico-para-moviles-aluminio-9636/,soporte-magnetico-para-moviles-aluminio-9636,true,100,,100,A,
https://www.kronosolopromocionales.com/productos/soporte-metalico-para-moviles-aluminium-9662/,soporte-metalico-para-moviles-aluminium-9662,true,100,,100,A,
https://www.kronosolopromocionales.com/productos/bandeja-portatil-para-laptop-9672/,bandeja-portatil-para-laptop-9672,true,100,,100,A,
https://www.kronosolopromocionales.com/productos/soporte-para-tablets-pillow-9691/,soporte-para-tablets-pillow-9691,true,100,,100,A,
https://www.kronosolopromocionales.com/productos/mesa-para-laptop-9805/,mesa-para-laptop-9805,true,100,,100,A,
https://www.kronosolopromocionales.com/productos/cargador-inalambrico-3-1-9959/,cargador-inalambrico-3-1-9959,true,100,,100,A,
https://www.kronosolopromocionales.com/productos/audifonos-bluetooth-sportbone-9943/,audifonos-bluetooth-sportbone-9943,true,100,,100,A,
https://www.kronosolopromocionales.com/productos/audifonos-bluetooth-aerobone-9944/,audifonos-bluetooth-aerobone-9944,true,100,,100,A,
https://www.kronosolopromocionales.com/productos/audifonos-inalambricos-kick-urban-travel-9925/,audifonos-inalambricos-kick-urban-travel-9925,true,100,,100,A,
https://www.kronosolopromocionales.com/productos/speaker-bluetooth-con-luz-emergency-10134/,speaker-bluetooth-con-luz-emergency-10134,true,100,,100,A,
https://www.kronosolopromocionales.com/productos/speaker-de-induccion-bamboo-10141/,speaker-de-induccion-bamboo-10141,true,100,,100,A,
https://www.kronosolopromocionales.com/productos/speaker-bluetooth-con-audifonos-10142/,speaker-bluetooth-con-audifonos-10142,true,100,,100,A,
https://www.kronosolopromocionales.com/productos/soporte-para-moviles-con-microfibra-10403/,soporte-para-moviles-con-microfibra-10403,true,100,,100,A,
https://www.kronosolopromocionales.com/productos/soporte-para-moviles-chill-10382/,soporte-para-moviles-chill-10382,true,100,,100,A,
https://www.kronosolopromocionales.com/productos/speaker-bluetooth-eco-cork-10336/,speaker-bluetooth-eco-cork-10336,true,100,,100,A,
https://www.kronosolopromocionales.com/productos/speaker-bluetooth-zip-cork-10424/,speaker-bluetooth-zip-cork-10424,true,100,,100,A,
https://www.kronosolopromocionales.com/productos/audifonos-bluetooth-cork-10425/,audifonos-bluetooth-cork-10425,true,100,,100,A,
https://www.kronosolopromocionales.com/productos/speaker-bluetooth-tanner-rpet-10491/,speaker-bluetooth-tanner-rpet-10491,true,100,,100,A,
https://www.kronosolopromocionales.com/productos/speaker-bluetooth-ringo-bamboo-10495/,speaker-bluetooth-ringo-bamboo-10495,true,100,,100,A,
https://www.kronosolopromocionales.com/productos/speaker-bluetooth-wyn-2-1-10478/,speaker-bluetooth-wyn-2-1-10478,true,100,,100,A,
https://www.kronosolopromocionales.com/productos/speaker-bluetooth-cyrus-cork-10475/,speaker-bluetooth-cyrus-cork-10475,true,100,,100,A,
https://www.kronosolopromocionales.com/productos/cargador-inalambrico-multifuncion-10328/,cargador-inalambrico-multifuncion-10328,true,100,,100,A,
https://www.kronosolopromocionales.com/productos/soporte-para-moviles-cup-10477/,soporte-para-moviles-cup-10477,true,100,,100,A,
https://www.kronosolopromocionales.com/productos/speaker-bluetooth-micro-karaoke-10919/,speaker-bluetooth-micro-karaoke-10919,true,100,,100,A,
https://www.kronosolopromocionales.com/productos/cargador-inalambrico-coil-eco-10742/,cargador-inalambrico-coil-eco-10742,true,100,,100,A,
https://www.kronosolopromocionales.com/productos/speaker-bluetooth-alden-eco-10743/,speaker-bluetooth-alden-eco-10743,true,100,,100,A,
https://www.kronosolopromocionales.com/productos/gancho-carabinero-lock-10401/,gancho-carabinero-lock-10401,true,100,,100,A,
https://www.kronosolopromocionales.com/productos/timbre-bike-10359/,timbre-bike-10359,true,100,,100,A,
https://www.kronosolopromocionales.com/productos/morral-backpack-glow-10366/,morral-backpack-glow-10366,true,100,,100,A,
https://www.kronosolopromocionales.com/productos/mouse-pad-iggy-10373/,mouse-pad-iggy-10373,true,100,,100,A,
https://www.kronosolopromocionales.com/productos/estuche-cosmetiquera-10572/,estuche-cosmetiquera-10572,true,100,,100,A,
https://www.kronosolopromocionales.com/productos/bowl-mat-para-mascotas-10981/,bowl-mat-para-mascotas-10981,true,100,,100,A,
https://www.kronosolopromocionales.com/productos/morral-backpack-skylar-10786/,morral-backpack-skylar-10786,true,100,,100,A,
https://www.kronosolopromocionales.com/productos/clip-cork-10939/,clip-cork-10939,true,100,,100,A,
https://www.kronosolopromocionales.com/productos/bolsa-en-cambrel-savannah-8190/,bolsa-en-cambrel-savannah-8190,true,100,,100,A,
https://www.kronosolopromocionales.com/productos/soporte-viajero-8674/,soporte-viajero-8674,true,100,,100,A,
https://www.kronosolopromocionales.com/productos/bolsa-metalizada-hologram-9154/,bolsa-metalizada-hologram-9154,true,100,,100,A,
https://www.kronosolopromocionales.com/productos/manija-shopping-9816/,manija-shopping-9816,true,100,,100,A,
https://www.kronosolopromocionales.com/productos/morral-backpack-bound-10172/,morral-backpack-bound-10172,true,100,,100,A,
https://www.kronosolopromocionales.com/productos/morral-backpack-onyx-oferta-10365/,morral-backpack-onyx-oferta-10365,true,100,,100,A,
https://www.kronosolopromocionales.com/productos/set-de-cubiertos-eco-material-antibacteriano-9694/,set-de-cubiertos-eco-material-antibacteriano-9694,true,100,,100,A,
https://www.kronosolopromocionales.com/productos/portacomidas-eco-holder-antibacteriano-9536/,portacomidas-eco-holder-antibacteriano-9536,true,100,,100,A,
https://www.kronosolopromocionales.com/productos/klean-antibacteriano-oferta-9468/,klean-antibacteriano-oferta-9468,true,100,,100,A,
https://www.kronosolopromocionales.com/productos/portacomidas-con-cubiertos-eco-square-ii-produccion-nacional-9855/,portacomidas-con-cubiertos-eco-square-ii-produccion-nacional-9855,true,100,,100,A,
https://www.kronosolopromocionales.com/productos/boligrafo-ventura-spray-antibacteriano-oferta-9482/,boligrafo-ventura-spray-antibacteriano-oferta-9482,true,100,,100,A,
https://www.kronosolopromocionales.com/productos/boligrafo-vinnie-antibacteriano-9611/,boligrafo-vinnie-antibacteriano-9611,true,100,,100,A,
https://www.kronosolopromocionales.com/productos/boligrafo-vinnie-stylus-antibacteriano-9669/,boligrafo-vinnie-stylus-antibacteriano-9669,true,100,,100,A,
https://www.kronosolopromocionales.com/productos/sporty-bag-reflectiva-security-9190/,sporty-bag-reflectiva-security-9190,true,100,,100,A,
https://www.kronosolopromocionales.com/productos/bolsa-reflectiva-security-9189/,bolsa-reflectiva-security-9189,true,100,,100,A,
https://www.kronosolopromocionales.com/productos/set-de-herramientas-bottle-bike-10286/,set-de-herramientas-bottle-bike-10286,true,100,,100,A,
https://www.kronosolopromocionales.com/productos/set-licorera-malt-9909/,set-licorera-malt-9909,true,100,,100,A,
https://www.kronosolopromocionales.com/productos/mini-licorera-6oz-8463/,mini-licorera-6oz-8463,true,100,,100,A,
https://www.kronosolopromocionales.com/productos/set-de-vino-sutton-10070/,set-de-vino-sutton-10070,true,100,,100,A,
https://www.kronosolopromocionales.com/productos/mini-licorera-jacoby-6oz-10075/,mini-licorera-jacoby-6oz-10075,true,100,,100,A,
https://www.kronosolopromocionales.com/productos/set-portavasos-bamboo-puzzle-10072/,set-portavasos-bamboo-puzzle-10072,true,100,,100,A,
https://www.kronosolopromocionales.com/productos/copa-plastica-celtic-15oz-produccion-nacional-9920/,copa-plastica-celtic-15oz-produccion-nacional-9920,true,100,,100,A,
https://www.kronosolopromocionales.com/productos/copa-plastica-party-1oz-produccion-nacional-9696/,copa-plastica-party-1oz-produccion-nacional-9696,true,100,,100,A,
https://www.kronosolopromocionales.com/productos/metro-destapador-bamboo-10262/,metro-destapador-bamboo-10262,true,100,,100,A,
https://www.kronosolopromocionales.com/productos/set-de-vino-en-bambu-ii-9719/,set-de-vino-en-bambu-ii-9719,true,100,,100,A,
https://www.kronosolopromocionales.com/productos/set-de-bar-martini-9740/,set-de-bar-martini-9740,true,100,,100,A,
https://www.kronosolopromocionales.com/productos/set-de-tablas-wine-snack-9755/,set-de-tablas-wine-snack-9755,true,100,,100,A,
https://www.kronosolopromocionales.com/productos/llavero-destapador-holder-9546/,llavero-destapador-holder-9546,true,100,,100,A,
https://www.kronosolopromocionales.com/productos/balde-multiusos-10281/,balde-multiusos-10281,true,100,,100,A,
https://www.kronosolopromocionales.com/productos/set-de-licorera-con-juegos-10405/,set-de-licorera-con-juegos-10405,true,100,,100,A,
https://www.kronosolopromocionales.com/productos/set-de-bar-benson-10404/,set-de-bar-benson-10404,true,100,,100,A,
https://www.kronosolopromocionales.com/productos/destapador-bamboo-wine-10406/,destapador-bamboo-wine-10406,true,100,,100,A,
https://www.kronosolopromocionales.com/productos/cuello-multifuncional-para-sublimacion-8689/,cuello-multifuncional-para-sublimacion-8689,true,100,,100,A,
https://www.kronosolopromocionales.com/productos/set-de-herramientas-para-bicicleta-gearx-oferta-10055/,set-de-herramientas-para-bicicleta-gearx-oferta-10055,true,100,,100,A,
https://www.kronosolopromocionales.com/productos/linterna-para-bicicleta-snake-ii-10197/,linterna-para-bicicleta-snake-ii-10197,true,100,,100,A,
https://www.kronosolopromocionales.com/productos/banda-sport-led-10468/,banda-sport-led-10468,true,100,,100,A,
https://www.kronosolopromocionales.com/productos/audifonos-bluetooth-taylor-ii-oferta-9865/,audifonos-bluetooth-taylor-ii-oferta-9865,true,100,,100,A,
https://www.kronosolopromocionales.com/productos/organizador-para-bicicleta-9821/,organizador-para-bicicleta-9821,true,100,,100,A,
https://www.kronosolopromocionales.com/productos/morral-backpack-grant-9832/,morral-backpack-grant-9832,true,100,,100,A,
https://www.kronosolopromocionales.com/productos/linterna-recargable-head-13227/,linterna-recargable-head-13227,true,100,,100,A,
https://www.kronosolopromocionales.com/productos/banda-recargable-sporty-13228/,banda-recargable-sporty-13228,true,100,,100,A,
https://www.kronosolopromocionales.com/productos/calculadora-multicolor-12-digitos-11121/,calculadora-multicolor-12-digitos-11121,true,100,,100,A,
https://www.kronosolopromocionales.com/productos/calculadora-executive-12-digitos-4335/,calculadora-executive-12-digitos-4335,true,100,,100,A,
https://www.kronosolopromocionales.com/productos/calculadora-clipboard-4336/,calculadora-clipboard-4336,true,100,,100,A,
https://www.kronosolopromocionales.com/productos/calculadora-brody-9730/,calculadora-brody-9730,true,100,,100,A,
https://www.kronosolopromocionales.com/productos/bola-antiestres-rubber-9738/,bola-antiestres-rubber-9738,true,100,,100,A,
https://www.kronosolopromocionales.com/productos/botilito-plastico-galaxy-900ml-produccion-nacional-7890/,botilito-plastico-galaxy-900ml-produccion-nacional-7890,true,100,,80,A,
https://www.kronosolopromocionales.com/productos/morral-backpack-stallone-7582/,morral-backpack-stallone-7582,true,100,,100,A,
https://www.kronosolopromocionales.com/productos/botilito-plastico-lambert-petg-710ml-9872/,botilito-plastico-lambert-petg-710ml-9872,true,100,,80,A,
https://www.kronosolopromocionales.com/productos/botilito-plastico-langdon-petg-850ml-9873/,botilito-plastico-langdon-petg-850ml-9873,true,100,,80,A,
https://www.kronosolopromocionales.com/productos/botilito-plastico-zigor-600ml-produccion-nacional-8054/,botilito-plastico-zigor-600ml-produccion-nacional-8054,true,100,,80,A,
https://www.kronosolopromocionales.com/productos/botilito-de-silicona-twiggy-600ml-9902/,botilito-de-silicona-twiggy-600ml-9902,true,100,,80,A,
https://www.kronosolopromocionales.com/productos/botilito-en-pet-tiffany-680ml-produccion-nacional-9354/,botilito-en-pet-tiffany-680ml-produccion-nacional-9354,true,100,,80,A,
https://www.kronosolopromocionales.com/productos/botilito-en-pet-capri-750ml-produccion-nacional-9356/,botilito-en-pet-capri-750ml-produccion-nacional-9356,true,100,,80,A,
https://www.kronosolopromocionales.com/productos/botilito-plastico-biggy-1500ml-10088/,botilito-plastico-biggy-1500ml-10088,true,100,,80,A,
https://www.kronosolopromocionales.com/productos/botilito-plastico-mack-petg-700ml-oferta-10091/,botilito-plastico-mack-petg-700ml-oferta-10091,true,100,,80,A,
https://www.kronosolopromocionales.com/productos/botilitro-plastico-1000ml-1-litro-produccion-nacional-10300/,botilitro-plastico-1000ml-1-litro-produccion-nacional-10300,true,100,,100,A,
https://www.kronosolopromocionales.com/productos/audifonos-bluetooth-tron-9869/,audifonos-bluetooth-tron-9869,true,100,,100,A,
https://www.kronosolopromocionales.com/productos/sporty-bag-baylor-10186/,sporty-bag-baylor-10186,true,100,,100,A,
https://www.kronosolopromocionales.com/productos/botilito-en-silicona-compact-500ml-10563/,botilito-en-silicona-compact-500ml-10563,true,100,,80,A,
https://www.kronosolopromocionales.com/productos/funda-portacelular-reflect-sport-rpet-10415/,funda-portacelular-reflect-sport-rpet-10415,true,100,,100,A,
https://www.kronosolopromocionales.com/productos/funda-portacelular-sport-rpet-10417/,funda-portacelular-sport-rpet-10417,true,100,,100,A,
https://www.kronosolopromocionales.com/productos/gorra-fashion-urban-travel-10625/,gorra-fashion-urban-travel-10625,true,100,,100,A,
https://www.kronosolopromocionales.com/productos/sporty-bag-ozuma-13485/,sporty-bag-ozuma-13485,true,100,,100,A,
https://www.kronosolopromocionales.com/productos/maletin-compacto-soccer-cup-13291/,maletin-compacto-soccer-cup-13291,true,100,,100,A,
https://www.kronosolopromocionales.com/productos/juego-de-raquetas-board-game-13435/,juego-de-raquetas-board-game-13435,true,100,,100,A,
https://www.kronosolopromocionales.com/productos/maletin-harmony-13363/,maletin-harmony-13363,true,100,,100,A,
https://www.kronosolopromocionales.com/productos/boligrafo-flaggy-13287/,boligrafo-flaggy-13287,false,100,,100,D,"is_ai_optimized=false — pendiente de enriquecimiento, excluido del sitemap intencionalmente"
https://www.kronosolopromocionales.com/productos/lazo-jump-nuevo-13549/,lazo-jump-nuevo-13549,true,100,,100,A,
https://www.kronosolopromocionales.com/productos/set-de-bandas-elasticas-en-bolsa-nuevo-13594/,set-de-bandas-elasticas-en-bolsa-nuevo-13594,true,100,,100,A,
https://www.kronosolopromocionales.com/productos/boligrafo-aston-eco-9914/,boligrafo-aston-eco-9914,true,100,,100,A,
https://www.kronosolopromocionales.com/productos/pitillo-reutilizable-metalico-wheat-9708/,pitillo-reutilizable-metalico-wheat-9708,true,100,,100,A,
https://www.kronosolopromocionales.com/productos/metro-arkitect-eco-10454/,metro-arkitect-eco-10454,true,100,,100,A,
https://www.kronosolopromocionales.com/productos/metro-oval-eco-9739/,metro-oval-eco-9739,true,100,,100,A,
https://www.kronosolopromocionales.com/productos/portacomidas-con-cubiertos-eco-nature-9031/,portacomidas-con-cubiertos-eco-nature-9031,true,100,,100,A,
https://www.kronosolopromocionales.com/productos/portacomidas-eco-denver-9746/,portacomidas-eco-denver-9746,true,100,,100,A,
https://www.kronosolopromocionales.com/productos/portacomidas-con-cubiertos-eco-davis-9747/,portacomidas-con-cubiertos-eco-davis-9747,true,100,,100,A,
https://www.kronosolopromocionales.com/productos/portacomidas-julius-10335/,portacomidas-julius-10335,true,100,,100,A,
https://www.kronosolopromocionales.com/productos/juego-parchis-13183/,juego-parchis-13183,true,100,,100,A,
https://www.kronosolopromocionales.com/productos/juego-de-letras-nuevo-13576/,juego-de-letras-nuevo-13576,true,100,,100,A,
https://www.kronosolopromocionales.com/productos/kirk-eco-9225/,kirk-eco-9225,true,100,,100,A,
https://www.kronosolopromocionales.com/productos/mug-plastico-con-cuchara-tiffany-350ml-produccion-nacional-10125/,mug-plastico-con-cuchara-tiffany-350ml-produccion-nacional-10125,true,100,,100,A,
https://www.kronosolopromocionales.com/productos/pestana-plastica-para-mug-orbit-5892/,pestana-plastica-para-mug-orbit-5892,true,100,,100,A,
https://www.kronosolopromocionales.com/productos/tapa-plastica-para-mug-orbit-incluye-mu-62p-5891/,tapa-plastica-para-mug-orbit-incluye-mu-62p-5891,true,100,,100,A,
https://www.kronosolopromocionales.com/productos/natura-eco-9244/,natura-eco-9244,true,100,,100,A,
https://www.kronosolopromocionales.com/productos/resaltador-triangulo-eco-13187/,resaltador-triangulo-eco-13187,true,100,,100,A,
https://www.kronosolopromocionales.com/productos/libreta-con-boligrafo-leroy-eco-10106/,libreta-con-boligrafo-leroy-eco-10106,true,100,,100,A,
https://www.kronosolopromocionales.com/productos/set-goblet-eco-13189/,set-goblet-eco-13189,true,100,,100,A,
https://www.kronosolopromocionales.com/productos/calendario-bamboo-13185/,calendario-bamboo-13185,true,100,,100,A,
https://www.kronosolopromocionales.com/productos/set-boligrafo-y-portaminas-dakota-eco-9684/,set-boligrafo-y-portaminas-dakota-eco-9684,true,100,,100,A,
https://www.kronosolopromocionales.com/productos/cable-multicargador-cotton-10507/,cable-multicargador-cotton-10507,true,100,,100,A,
https://www.kronosolopromocionales.com/productos/soporte-para-moviles-tropic-bamboo-nuevo-13574/,soporte-para-moviles-tropic-bamboo-nuevo-13574,true,100,,100,A,
https://www.kronosolopromocionales.com/productos/identificador-de-maletas-eco-10356/,identificador-de-maletas-eco-10356,true,100,,100,A,
https://www.kronosolopromocionales.com/productos/set-de-colores-smile-nuevo-13573/,set-de-colores-smile-nuevo-13573,true,100,,100,A,
https://www.kronosolopromocionales.com/productos/ventura-eco-stylus-9250/,ventura-eco-stylus-9250,true,100,,100,A,
https://www.kronosolopromocionales.com/productos/set-de-golf-tees-10929/,set-de-golf-tees-10929,true,100,,100,A,
https://www.kronosolopromocionales.com/productos/visera-trucker-10895/,visera-trucker-10895,true,100,,100,A,
https://www.kronosolopromocionales.com/productos/gorra-beisbol-469/,gorra-beisbol-469,true,100,,100,A,
https://www.kronosolopromocionales.com/productos/gorra-taslon-urban-travel-13402/,gorra-taslon-urban-travel-13402,true,100,,100,A,
https://www.kronosolopromocionales.com/productos/linterna-neck-9757/,linterna-neck-9757,true,100,,100,A,
https://www.kronosolopromocionales.com/productos/mini-lampara-para-laptop-9758/,mini-lampara-para-laptop-9758,true,100,,100,A,
https://www.kronosolopromocionales.com/productos/linterna-doctor-10699/,linterna-doctor-10699,true,100,,100,A,
https://www.kronosolopromocionales.com/productos/linterna-recargable-morven-10816/,linterna-recargable-morven-10816,true,100,,100,A,
https://www.kronosolopromocionales.com/productos/mini-linterna-bamboo-9926/,mini-linterna-bamboo-9926,true,100,,100,A,
https://www.kronosolopromocionales.com/productos/linterna-de-9-leds-flynt-5753/,linterna-de-9-leds-flynt-5753,true,100,,100,A,
https://www.kronosolopromocionales.com/productos/mini-selfie-light-para-moviles-9689/,mini-selfie-light-para-moviles-9689,true,100,,100,A,
https://www.kronosolopromocionales.com/productos/dispensador-de-bolsas-muller-oferta-9934/,dispensador-de-bolsas-muller-oferta-9934,true,100,,100,A,
https://www.kronosolopromocionales.com/productos/metro-llavero-nitto-10051/,metro-llavero-nitto-10051,true,100,,100,A,
https://www.kronosolopromocionales.com/productos/cargador-inalambrico-con-lampara-flex-oferta-10467/,cargador-inalambrico-con-lampara-flex-oferta-10467,true,100,,100,A,
https://www.kronosolopromocionales.com/productos/linterna-tom-10374/,linterna-tom-10374,true,100,,100,A,
https://www.kronosolopromocionales.com/productos/luz-de-emergencia-v16-magnetica-13423/,luz-de-emergencia-v16-magnetica-13423,true,100,,100,A,
https://www.kronosolopromocionales.com/productos/luz-portable-work-13223/,luz-portable-work-13223,true,100,,100,A,
https://www.kronosolopromocionales.com/productos/linterna-recargable-ultan-13226/,linterna-recargable-ultan-13226,true,100,,100,A,
https://www.kronosolopromocionales.com/productos/paraguas-autolight-23-13284/,paraguas-autolight-23-13284,true,100,,100,A,
https://www.kronosolopromocionales.com/productos/linterna-recargable-neck-13406/,linterna-recargable-neck-13406,true,100,,100,A,
https://www.kronosolopromocionales.com/productos/llavero-sigma-13407/,llavero-sigma-13407,true,100,,100,A,
https://www.kronosolopromocionales.com/productos/miniset-de-escritorio-2047/,miniset-de-escritorio-2047,true,100,,100,A,
https://www.kronosolopromocionales.com/productos/alcancia-cubo-apilable-produccion-nacional-8716/,alcancia-cubo-apilable-produccion-nacional-8716,true,100,,100,A,
https://www.kronosolopromocionales.com/productos/cartuchera-en-cambrel-kidz-con-diseno-8511/,cartuchera-en-cambrel-kidz-con-diseno-8511,true,100,,100,A,
https://www.kronosolopromocionales.com/productos/set-de-colores-y-crayolas-gavino-8654/,set-de-colores-y-crayolas-gavino-8654,true,100,,100,A,
https://www.kronosolopromocionales.com/productos/mini-tablero-borrable-9101/,mini-tablero-borrable-9101,true,100,,100,A,
https://www.kronosolopromocionales.com/productos/botilito-plastico-thor-470ml-produccion-nacional-9393/,botilito-plastico-thor-470ml-produccion-nacional-9393,true,100,,80,A,
https://www.kronosolopromocionales.com/productos/tapa-alcancia-produccion-nacional-9387/,tapa-alcancia-produccion-nacional-9387,true,100,,100,A,
https://www.kronosolopromocionales.com/productos/set-de-4-mini-marcadores-tinta-lavable-9415/,set-de-4-mini-marcadores-tinta-lavable-9415,true,100,,100,A,
https://www.kronosolopromocionales.com/productos/set-paint-9814/,set-paint-9814,true,100,,100,A,
https://www.kronosolopromocionales.com/productos/set-de-colores-annie-10157/,set-de-colores-annie-10157,true,100,,100,A,
https://www.kronosolopromocionales.com/productos/set-de-juegos-pelkat-9886/,set-de-juegos-pelkat-9886,true,100,,100,A,
https://www.kronosolopromocionales.com/productos/botilito-wave-pvc-640ml-produccion-nacional-7763/,botilito-wave-pvc-640ml-produccion-nacional-7763,true,100,,80,A,
https://www.kronosolopromocionales.com/productos/botilito-murray-700ml-8665/,botilito-murray-700ml-8665,true,100,,80,A,
https://www.kronosolopromocionales.com/productos/resaltador-magico-en-cera-flower-4-colores-7243/,resaltador-magico-en-cera-flower-4-colores-7243,true,100,,100,A,
https://www.kronosolopromocionales.com/productos/set-de-escritorio-office-8718/,set-de-escritorio-office-8718,true,100,,100,A,
https://www.kronosolopromocionales.com/productos/clip-marcador-de-hojas-oferta-9039/,clip-marcador-de-hojas-oferta-9039,true,100,,100,A,
https://www.kronosolopromocionales.com/productos/sticky-set-separador-de-hojas-10102/,sticky-set-separador-de-hojas-10102,true,100,,100,A,
https://www.kronosolopromocionales.com/productos/vaso-pitillo-balon-720ml-produccion-nacional-4094/,vaso-pitillo-balon-720ml-produccion-nacional-4094,true,100,,80,A,
https://www.kronosolopromocionales.com/productos/lonchera-multifuncion-produccion-nacional-3280/,lonchera-multifuncion-produccion-nacional-3280,true,100,,100,A,
https://www.kronosolopromocionales.com/productos/juego-triqui-10651/,juego-triqui-10651,true,100,,100,A,
https://www.kronosolopromocionales.com/productos/coca-tradicional-produccion-nacional-13174/,coca-tradicional-produccion-nacional-13174,true,100,,100,A,
https://www.kronosolopromocionales.com/productos/set-de-resaltadores-trumix-13292/,set-de-resaltadores-trumix-13292,true,100,,100,A,
https://www.kronosolopromocionales.com/productos/resaltador-triple-13310/,resaltador-triple-13310,true,100,,100,A,
https://www.kronosolopromocionales.com/productos/estuche-en-silicona-lybra-13429/,estuche-en-silicona-lybra-13429,true,100,,100,A,
https://www.kronosolopromocionales.com/productos/tangram-eco-13498/,tangram-eco-13498,true,100,,100,A,
https://www.kronosolopromocionales.com/productos/juego-de-madera-win-13508/,juego-de-madera-win-13508,true,100,,100,A,
https://www.kronosolopromocionales.com/productos/juego-brain-nuevo-13550/,juego-brain-nuevo-13550,true,100,,100,A,
https://www.kronosolopromocionales.com/productos/juego-de-dados-nuevo-13546/,juego-de-dados-nuevo-13546,true,100,,100,A,
https://www.kronosolopromocionales.com/productos/tajalapiz-con-borrador-run-nuevo-13551/,tajalapiz-con-borrador-run-nuevo-13551,true,100,,100,A,
https://www.kronosolopromocionales.com/productos/set-kramer-nuevo-13562/,set-kramer-nuevo-13562,true,100,,100,A,
https://www.kronosolopromocionales.com/productos/torre-de-madera-skill-2-11151/,torre-de-madera-skill-2-11151,true,100,,100,A,
https://www.kronosolopromocionales.com/productos/set-de-juego-en-madera-3-1-9715/,set-de-juego-en-madera-3-1-9715,true,100,,100,A,
https://www.kronosolopromocionales.com/productos/juego-de-raquetas-wood-beach-10380/,juego-de-raquetas-wood-beach-10380,true,100,,100,A,
https://www.kronosolopromocionales.com/productos/set-de-cartas-eco-10379/,set-de-cartas-eco-10379,true,100,,100,A,
https://www.kronosolopromocionales.com/productos/mini-cancha-basket-10347/,mini-cancha-basket-10347,true,100,,100,A,
https://www.kronosolopromocionales.com/productos/golf-tees-7cm-10988/,golf-tees-7cm-10988,true,100,,100,A,
https://www.kronosolopromocionales.com/productos/golf-tees-7cm-bamboo-10989/,golf-tees-7cm-bamboo-10989,true,100,,100,A,
https://www.kronosolopromocionales.com/productos/lapiz-golf-pencil-11005/,lapiz-golf-pencil-11005,true,100,,100,A,
https://www.kronosolopromocionales.com/productos/juego-cartas-y-domino-eco-11013/,juego-cartas-y-domino-eco-11013,true,100,,100,A,
https://www.kronosolopromocionales.com/productos/juego-triqui-box-eco-11031/,juego-triqui-box-eco-11031,true,100,,100,A,
https://www.kronosolopromocionales.com/productos/set-de-juego-chessman-11067/,set-de-juego-chessman-11067,true,100,,100,A,
https://www.kronosolopromocionales.com/productos/set-de-juegos-genium-9961/,set-de-juegos-genium-9961,true,100,,100,A,
https://www.kronosolopromocionales.com/productos/set-de-poker-13401/,set-de-poker-13401,true,100,,100,A,
https://www.kronosolopromocionales.com/productos/juego-ruleta-nuevo-13331/,juego-ruleta-nuevo-13331,true,100,,100,A,
https://www.kronosolopromocionales.com/productos/juego-triqui-eco-13315/,juego-triqui-eco-13315,true,100,,100,A,
https://www.kronosolopromocionales.com/productos/domino-bamboo-nuevo-13306/,domino-bamboo-nuevo-13306,true,100,,100,A,
https://www.kronosolopromocionales.com/productos/mini-balon-de-futbol-inter-no-1-13374/,mini-balon-de-futbol-inter-no-1-13374,true,100,,100,A,
https://www.kronosolopromocionales.com/productos/balon-de-futbol-united-no-5-13372/,balon-de-futbol-united-no-5-13372,true,100,,100,A,
https://www.kronosolopromocionales.com/productos/balon-de-futbol-manchester-no-5-13373/,balon-de-futbol-manchester-no-5-13373,true,100,,100,A,
https://www.kronosolopromocionales.com/productos/llavero-con-nivelador-magnet-11129/,llavero-con-nivelador-magnet-11129,true,100,,100,A,
https://www.kronosolopromocionales.com/productos/llavero-silver-ml-259-4790/,llavero-silver-ml-259-4790,true,100,,100,A,
https://www.kronosolopromocionales.com/productos/set-ml-398-10077/,set-ml-398-10077,true,100,,100,A,
https://www.kronosolopromocionales.com/productos/llavero-ml-103-1572/,llavero-ml-103-1572,true,100,,100,A,
https://www.kronosolopromocionales.com/productos/llavero-silver-ml-145-2257/,llavero-silver-ml-145-2257,true,100,,100,A,
https://www.kronosolopromocionales.com/productos/llavero-car-ii-3204/,llavero-car-ii-3204,true,100,,100,A,
https://www.kronosolopromocionales.com/productos/llavero-silver-ml-196-3359/,llavero-silver-ml-196-3359,true,100,,100,A,
https://www.kronosolopromocionales.com/productos/llavero-silver-ml-262-4793/,llavero-silver-ml-262-4793,true,100,,100,A,
https://www.kronosolopromocionales.com/productos/llavero-ml-294-5454/,llavero-ml-294-5454,true,100,,100,A,
https://www.kronosolopromocionales.com/productos/llavero-silver-ml-217-3549/,llavero-silver-ml-217-3549,true,100,,100,A,
https://www.kronosolopromocionales.com/productos/llavero-silver-ml-241-4417/,llavero-silver-ml-241-4417,true,100,,100,A,
https://www.kronosolopromocionales.com/productos/placa-metalica-con-pin-ml-332-7438/,placa-metalica-con-pin-ml-332-7438,true,100,,100,A,
https://www.kronosolopromocionales.com/productos/llavero-ml-379-9174/,llavero-ml-379-9174,true,100,,100,A,
https://www.kronosolopromocionales.com/productos/soporte-para-moviles-ml-382-oferta-9177/,soporte-para-moviles-ml-382-oferta-9177,true,100,,100,A,
https://www.kronosolopromocionales.com/productos/llavero-multiusos-metalico-touch-free-ml-386-oferta-9490/,llavero-multiusos-metalico-touch-free-ml-386-oferta-9490,true,100,,100,A,
https://www.kronosolopromocionales.com/productos/llavero-ml-399-10078/,llavero-ml-399-10078,true,100,,100,A,
https://www.kronosolopromocionales.com/productos/llavero-ml-417-13523/,llavero-ml-417-13523,true,100,,100,A,
https://www.kronosolopromocionales.com/productos/llavero-ml-416-13522/,llavero-ml-416-13522,true,100,,100,A,
https://www.kronosolopromocionales.com/productos/llavero-bamboo-round-13494/,llavero-bamboo-round-13494,true,100,,100,A,
https://www.kronosolopromocionales.com/productos/llavero-bamboo-square-13496/,llavero-bamboo-square-13496,true,100,,100,A,
https://www.kronosolopromocionales.com/productos/llavero-ml-419-13395/,llavero-ml-419-13395,true,100,,100,A,
https://www.kronosolopromocionales.com/productos/llavero-ml-418-13394/,llavero-ml-418-13394,true,100,,100,A,
https://www.kronosolopromocionales.com/productos/llavero-portacelular-nook-13323/,llavero-portacelular-nook-13323,true,100,,100,A,
https://www.kronosolopromocionales.com/productos/liquido-antibacterial-pump-spray-10ml-produccion-nacional-9619/,liquido-antibacterial-pump-spray-10ml-produccion-nacional-9619,true,100,,100,A,
https://www.kronosolopromocionales.com/productos/espejo-maxx-9146/,espejo-maxx-9146,true,100,,100,A,
https://www.kronosolopromocionales.com/productos/boligrafo-medic-7022/,boligrafo-medic-7022,true,100,,100,A,
https://www.kronosolopromocionales.com/productos/portaidentificador-para-cinta-portacarnet-redondo-8875/,portaidentificador-para-cinta-portacarnet-redondo-8875,true,100,,100,A,
https://www.kronosolopromocionales.com/productos/tabla-metrica-produccion-nacional-3869/,tabla-metrica-produccion-nacional-3869,true,100,,100,A,
https://www.kronosolopromocionales.com/productos/mini-resaltador-de-cera-ver-of-376eof-376j-5884/,mini-resaltador-de-cera-ver-of-376eof-376j-5884,true,100,,100,A,
https://www.kronosolopromocionales.com/productos/portatacos-frost-con-portatarjetas-produccion-nacional-2547/,portatacos-frost-con-portatarjetas-produccion-nacional-2547,true,100,,100,A,
https://www.kronosolopromocionales.com/productos/resaltador-en-cera-adam-7491/,resaltador-en-cera-adam-7491,true,100,,100,A,
https://www.kronosolopromocionales.com/productos/estuche-para-2-resaltadores-en-cera-adam-7492/,estuche-para-2-resaltadores-en-cera-adam-7492,true,100,,100,A,
https://www.kronosolopromocionales.com/productos/calendario-perpetuo-plastico-7500/,calendario-perpetuo-plastico-7500,true,100,,100,A,
https://www.kronosolopromocionales.com/productos/set-de-resaltadores-en-cera-quattro-7507/,set-de-resaltadores-en-cera-quattro-7507,true,100,,100,A,
https://www.kronosolopromocionales.com/productos/calendario-perpetuo-produccion-nacional-7513/,calendario-perpetuo-produccion-nacional-7513,true,100,,100,A,
https://www.kronosolopromocionales.com/productos/portaidentificador-de-carnet-home-oferta-8440/,portaidentificador-de-carnet-home-oferta-8440,true,100,,100,A,
https://www.kronosolopromocionales.com/productos/cinta-para-portacarnet-kunel-9892/,cinta-para-portacarnet-kunel-9892,true,100,,100,A,
https://www.kronosolopromocionales.com/productos/calendario-perpetuo-wood-9983/,calendario-perpetuo-wood-9983,true,100,,100,A,
https://www.kronosolopromocionales.com/productos/tablero-spock-6931/,tablero-spock-6931,true,100,,100,A,
https://www.kronosolopromocionales.com/productos/dispensador-de-notas-medic-8150/,dispensador-de-notas-medic-8150,true,100,,100,A,
https://www.kronosolopromocionales.com/productos/antiestres-doctor-8858/,antiestres-doctor-8858,true,100,,100,A,
https://www.kronosolopromocionales.com/productos/bolsa-plegable-medic-8954/,bolsa-plegable-medic-8954,true,100,,100,A,
https://www.kronosolopromocionales.com/productos/pastillero-en-bambu-nuevo-13544/,pastillero-en-bambu-nuevo-13544,true,100,,100,A,
https://www.kronosolopromocionales.com/productos/memoria-usb-mini-bamboo-precio-neto-10322/,memoria-usb-mini-bamboo-precio-neto-10322,true,100,,100,A,
https://www.kronosolopromocionales.com/productos/reloj-de-arena-petit-4-minutos-7753/,reloj-de-arena-petit-4-minutos-7753,true,100,,100,A,
https://www.kronosolopromocionales.com/productos/botilito-plastico-fruit-600ml-nuevo-13575/,botilito-plastico-fruit-600ml-nuevo-13575,true,100,,80,A,
https://www.kronosolopromocionales.com/productos/botilito-metalico-concord-negro-550ml-nuevo-13578/,botilito-metalico-concord-negro-550ml-nuevo-13578,true,100,,80,A,
https://www.kronosolopromocionales.com/productos/botilito-metalico-concord-550ml-nuevo-13579/,botilito-metalico-concord-550ml-nuevo-13579,true,100,,80,A,
https://www.kronosolopromocionales.com/productos/botilito-metalico-cuppa-600ml-nuevo-13571/,botilito-metalico-cuppa-600ml-nuevo-13571,true,100,,80,A,
https://www.kronosolopromocionales.com/productos/mug-metalico-para-sublimacion-kup-550-ml-nuevo-13572/,mug-metalico-para-sublimacion-kup-550-ml-nuevo-13572,true,100,,100,A,
https://www.kronosolopromocionales.com/productos/morral-backpack-taos-nuevo-13585/,morral-backpack-taos-nuevo-13585,true,100,,100,A,
https://www.kronosolopromocionales.com/productos/morral-backpack-barbour-nuevo-13586/,morral-backpack-barbour-nuevo-13586,true,100,,100,A,
https://www.kronosolopromocionales.com/productos/mug-metalico-dewar-400-ml-nuevo-13577/,mug-metalico-dewar-400-ml-nuevo-13577,true,100,,100,A,
https://www.kronosolopromocionales.com/productos/bolsa-en-cambrel-con-fuelle-para-sublimacion-nuevo-13587/,bolsa-en-cambrel-con-fuelle-para-sublimacion-nuevo-13587,true,100,,100,A,
https://www.kronosolopromocionales.com/productos/bolsa-en-cambrel-arcadia-para-sublimacion-nuevo-13591/,bolsa-en-cambrel-arcadia-para-sublimacion-nuevo-13591,true,100,,100,A,
https://www.kronosolopromocionales.com/productos/boligrafo-castell-nuevo-13588/,boligrafo-castell-nuevo-13588,true,100,,100,A,
https://www.kronosolopromocionales.com/productos/nevera-cooler-origin-rpet-nuevo-13561/,nevera-cooler-origin-rpet-nuevo-13561,true,100,,100,A,
https://www.kronosolopromocionales.com/productos/portarretrato-kids-nuevo-13563/,portarretrato-kids-nuevo-13563,true,100,,100,A,
https://www.kronosolopromocionales.com/productos/pila-recargable-byte-2200-mah-nuevo-13565/,pila-recargable-byte-2200-mah-nuevo-13565,true,100,,100,A,
https://www.kronosolopromocionales.com/productos/pila-recargable-kode-5000-mah-rpet-nuevo-13566/,pila-recargable-kode-5000-mah-rpet-nuevo-13566,true,100,,100,A,
https://www.kronosolopromocionales.com/productos/cepillo-de-dientes-bambu-nuevo-13567/,cepillo-de-dientes-bambu-nuevo-13567,true,100,,100,A,
https://www.kronosolopromocionales.com/productos/cepillo-de-dientes-travel-nuevo-13568/,cepillo-de-dientes-travel-nuevo-13568,true,100,,100,A,
https://www.kronosolopromocionales.com/productos/speaker-bluetooth-soccer-man-nuevo-13389/,speaker-bluetooth-soccer-man-nuevo-13389,true,100,,100,A,
https://www.kronosolopromocionales.com/productos/cobija-en-fleece-con-velcro-nuevo-6313/,cobija-en-fleece-con-velcro-nuevo-6313,true,100,,100,A,
https://www.kronosolopromocionales.com/productos/botilito-plastico-vita-600ml-rpet-nuevo-13246/,botilito-plastico-vita-600ml-rpet-nuevo-13246,true,100,,80,A,
https://www.kronosolopromocionales.com/productos/cargador-inalambrico-element-nuevo-13541/,cargador-inalambrico-element-nuevo-13541,true,100,,100,A,
https://www.kronosolopromocionales.com/productos/set-vera-nuevo-13542/,set-vera-nuevo-13542,true,100,,100,A,
https://www.kronosolopromocionales.com/productos/cepillo-exfoliante-skin-nuevo-13543/,cepillo-exfoliante-skin-nuevo-13543,true,100,,100,A,
https://www.kronosolopromocionales.com/productos/set-de-cubiertos-craft-nuevo-13545/,set-de-cubiertos-craft-nuevo-13545,true,100,,100,A,
https://www.kronosolopromocionales.com/productos/joyero-en-algodon-200-gr-nuevo-13547/,joyero-en-algodon-200-gr-nuevo-13547,true,100,,100,A,
https://www.kronosolopromocionales.com/productos/speaker-bluetooth-soccer-ball-13276/,speaker-bluetooth-soccer-ball-13276,true,100,,100,A,
https://www.kronosolopromocionales.com/productos/speaker-bluetooth-aqua-13277/,speaker-bluetooth-aqua-13277,true,100,,100,A,
https://www.kronosolopromocionales.com/productos/puerto-usb-syntra-13303/,puerto-usb-syntra-13303,true,100,,100,A,
https://www.kronosolopromocionales.com/productos/mug-metalico-vinga-eco-350-ml-13313/,mug-metalico-vinga-eco-350-ml-13313,true,100,,100,A,
https://www.kronosolopromocionales.com/productos/botilito-metalico-drover-650ml-13314/,botilito-metalico-drover-650ml-13314,true,100,,80,A,
https://www.kronosolopromocionales.com/productos/pila-recargable-digital-display5000-mah-13316/,pila-recargable-digital-display5000-mah-13316,true,100,,100,A,
https://www.kronosolopromocionales.com/productos/pila-recargable-nomu-5000mah-13317/,pila-recargable-nomu-5000mah-13317,true,100,,100,A,
https://www.kronosolopromocionales.com/productos/set-de-herramientas-hammer-13325/,set-de-herramientas-hammer-13325,true,100,,100,A,
https://www.kronosolopromocionales.com/productos/set-de-herramientas-bamboo-13326/,set-de-herramientas-bamboo-13326,true,100,,100,A,
https://www.kronosolopromocionales.com/productos/cargador-inalambrico-heston-13328/,cargador-inalambrico-heston-13328,true,100,,100,A,
https://www.kronosolopromocionales.com/productos/portacomidas-wing-eco-13329/,portacomidas-wing-eco-13329,true,100,,100,A,
https://www.kronosolopromocionales.com/productos/mini-herramientero-kronus-13335/,mini-herramientero-kronus-13335,true,100,,100,A,
https://www.kronosolopromocionales.com/productos/audifonos-tekflow-13339/,audifonos-tekflow-13339,true,100,,100,A,
https://www.kronosolopromocionales.com/productos/llavero-metro-tools-13351/,llavero-metro-tools-13351,true,100,,100,A,
https://www.kronosolopromocionales.com/productos/llavero-metro-3-1-13354/,llavero-metro-3-1-13354,true,100,,100,A,
https://www.kronosolopromocionales.com/productos/mug-plastico-voltra-400ml-13247/,mug-plastico-voltra-400ml-13247,true,100,,100,A,
https://www.kronosolopromocionales.com/productos/portacomidas-stora-eco-13242/,portacomidas-stora-eco-13242,true,100,,100,A,
https://www.kronosolopromocionales.com/productos/botilito-plastico-napper-800ml-13243/,botilito-plastico-napper-800ml-13243,true,100,,80,A,
https://www.kronosolopromocionales.com/productos/botilito-plastico-griply-rpet-700ml-13244/,botilito-plastico-griply-rpet-700ml-13244,true,100,,80,A,
https://www.kronosolopromocionales.com/productos/mug-plastico-glimm-eco-300ml-13245/,mug-plastico-glimm-eco-300ml-13245,true,100,,100,A,
https://www.kronosolopromocionales.com/productos/molde-para-paletas-13270/,molde-para-paletas-13270,true,100,,100,A,
https://www.kronosolopromocionales.com/productos/set-glim-13272/,set-glim-13272,true,100,,100,A,
https://www.kronosolopromocionales.com/productos/set-sos-13273/,set-sos-13273,true,90,nombre_corto,100,A,
https://www.kronosolopromocionales.com/productos/llavero-destapador-truck-13257/,llavero-destapador-truck-13257,true,100,,100,A,
https://www.kronosolopromocionales.com/productos/llavero-destapador-motorbike-13258/,llavero-destapador-motorbike-13258,true,100,,100,A,
https://www.kronosolopromocionales.com/productos/llavero-destapador-broq-13259/,llavero-destapador-broq-13259,true,100,,100,A,
https://www.kronosolopromocionales.com/productos/botilito-jormi-1000ml-13217/,botilito-jormi-1000ml-13217,true,100,,80,A,
https://www.kronosolopromocionales.com/productos/botilito-metalico-plivi-660ml-13218/,botilito-metalico-plivi-660ml-13218,true,100,,80,A,
https://www.kronosolopromocionales.com/productos/mug-ethio-cofee-473-ml-13219/,mug-ethio-cofee-473-ml-13219,true,100,,100,A,
https://www.kronosolopromocionales.com/productos/multicargador-con-puertos-fast-35w-13225/,multicargador-con-puertos-fast-35w-13225,true,100,,100,A,
https://www.kronosolopromocionales.com/productos/cooler-para-botellas-13232/,cooler-para-botellas-13232,true,100,,100,A,
https://www.kronosolopromocionales.com/productos/botilito-plastico-pvc-runny-690ml-produccion-nacional-13236/,botilito-plastico-pvc-runny-690ml-produccion-nacional-13236,true,100,,80,A,
https://www.kronosolopromocionales.com/productos/mug-metalico-lumix-600-ml-13237/,mug-metalico-lumix-600-ml-13237,true,100,,100,A,
https://www.kronosolopromocionales.com/productos/set-de-mugs-metalicos-stylor-200-ml-13238/,set-de-mugs-metalicos-stylor-200-ml-13238,true,100,,100,A,
https://www.kronosolopromocionales.com/productos/botilito-metalico-swivo-750ml-13239/,botilito-metalico-swivo-750ml-13239,true,100,,80,A,
https://www.kronosolopromocionales.com/productos/mini-aspiradora-lautus-13515/,mini-aspiradora-lautus-13515,true,100,,100,A,
https://www.kronosolopromocionales.com/productos/mini-herramientero-clipin-13518/,mini-herramientero-clipin-13518,true,100,,100,A,
https://www.kronosolopromocionales.com/productos/destapador-house-bamboo-13519/,destapador-house-bamboo-13519,true,100,,100,A,
https://www.kronosolopromocionales.com/productos/botilito-metalico-glider-520ml-13520/,botilito-metalico-glider-520ml-13520,true,100,,80,A,
https://www.kronosolopromocionales.com/productos/mug-metalico-lumora-300ml-13524/,mug-metalico-lumora-300ml-13524,true,100,,100,A,
https://www.kronosolopromocionales.com/productos/botilito-metalico-plugsy-750ml-13525/,botilito-metalico-plugsy-750ml-13525,true,100,,80,A,
https://www.kronosolopromocionales.com/productos/mug-plastico-atom-370-ml-produccion-nacional-13530/,mug-plastico-atom-370-ml-produccion-nacional-13530,true,100,,100,A,
https://www.kronosolopromocionales.com/productos/cable-multicargador-spectra-13390/,cable-multicargador-spectra-13390,true,100,,100,A,
https://www.kronosolopromocionales.com/productos/mouse-inalambrico-zenith-eco-13391/,mouse-inalambrico-zenith-eco-13391,true,100,,100,A,
https://www.kronosolopromocionales.com/productos/soporte-para-movil-nyro-13392/,soporte-para-movil-nyro-13392,true,100,,100,A,
https://www.kronosolopromocionales.com/productos/soporte-para-movil-chair-13393/,soporte-para-movil-chair-13393,true,100,,100,A,
https://www.kronosolopromocionales.com/productos/soporte-para-celular-magmount-eco-13397/,soporte-para-celular-magmount-eco-13397,true,100,,100,A,
https://www.kronosolopromocionales.com/productos/cargador-inalambrico-con-tablero-13388/,cargador-inalambrico-con-tablero-13388,true,100,,100,A,
https://www.kronosolopromocionales.com/productos/cable-multicargador-fast-65w-13364/,cable-multicargador-fast-65w-13364,true,100,,100,A,
https://www.kronosolopromocionales.com/productos/cable-multicargador-eco-fast-65w-13365/,cable-multicargador-eco-fast-65w-13365,true,100,,100,A,
https://www.kronosolopromocionales.com/productos/mug-metalico-terra-720ml-13367/,mug-metalico-terra-720ml-13367,true,100,,100,A,
https://www.kronosolopromocionales.com/productos/portacomidas-novus-13368/,portacomidas-novus-13368,true,100,,100,A,
https://www.kronosolopromocionales.com/productos/portacomidas-triton-13369/,portacomidas-triton-13369,true,100,,100,A,
https://www.kronosolopromocionales.com/productos/portacomidas-jolt-13370/,portacomidas-jolt-13370,true,100,,100,A,
https://www.kronosolopromocionales.com/productos/mug-metalico-micron-800ml-13371/,mug-metalico-micron-800ml-13371,true,100,,100,A,
https://www.kronosolopromocionales.com/productos/audifonos-bluetooth-con-traductor-13379/,audifonos-bluetooth-con-traductor-13379,true,100,,100,A,
https://www.kronosolopromocionales.com/productos/audifonos-bluetooth-kynor-13381/,audifonos-bluetooth-kynor-13381,true,100,,100,A,
https://www.kronosolopromocionales.com/productos/audifonos-bluetooth-screen-13382/,audifonos-bluetooth-screen-13382,true,100,,100,A,
https://www.kronosolopromocionales.com/productos/audifonos-bluetooth-devola-13383/,audifonos-bluetooth-devola-13383,true,100,,100,A,
https://www.kronosolopromocionales.com/productos/mini-proyector-lcd-13384/,mini-proyector-lcd-13384,true,100,,100,A,
https://www.kronosolopromocionales.com/productos/audifonos-bluetooth-soccer-ball-13385/,audifonos-bluetooth-soccer-ball-13385,true,100,,100,A,
https://www.kronosolopromocionales.com/productos/cargador-inalambrico-bamboo-clock-13404/,cargador-inalambrico-bamboo-clock-13404,true,100,,100,A,
https://www.kronosolopromocionales.com/productos/set-de-limpieza-nomi-13408/,set-de-limpieza-nomi-13408,true,100,,100,A,
https://www.kronosolopromocionales.com/productos/cable-tipo-c-1mt-13410/,cable-tipo-c-1mt-13410,true,100,,100,A,
https://www.kronosolopromocionales.com/productos/pila-recargable-powerbank-astro-2000mah-13411/,pila-recargable-powerbank-astro-2000mah-13411,true,100,,100,A,
https://www.kronosolopromocionales.com/productos/puerto-usb-apex-13414/,puerto-usb-apex-13414,true,100,,100,A,
https://www.kronosolopromocionales.com/productos/pila-recargable-nevol-2000mah-13421/,pila-recargable-nevol-2000mah-13421,true,100,,100,A,
https://www.kronosolopromocionales.com/productos/pila-recargable-zyma10000mah-13422/,pila-recargable-zyma10000mah-13422,true,100,,100,A,
https://www.kronosolopromocionales.com/productos/bolsa-en-algodon-y-yute-13436/,bolsa-en-algodon-y-yute-13436,true,100,,100,A,
https://www.kronosolopromocionales.com/productos/portacomidas-puzzle-13437/,portacomidas-puzzle-13437,true,100,,100,A,
https://www.kronosolopromocionales.com/productos/set-de-cocina-trattoria-13433/,set-de-cocina-trattoria-13433,true,100,,100,A,
https://www.kronosolopromocionales.com/productos/vaso-en-silicona-muggo-13434/,vaso-en-silicona-muggo-13434,true,100,,80,A,
https://www.kronosolopromocionales.com/productos/cable-multicargador-gauss-eco-13444/,cable-multicargador-gauss-eco-13444,true,100,,100,A,
https://www.kronosolopromocionales.com/productos/mug-metalico-juggy-880ml-13450/,mug-metalico-juggy-880ml-13450,true,100,,100,A,
https://www.kronosolopromocionales.com/productos/botilito-metalico-warp-700ml-13451/,botilito-metalico-warp-700ml-13451,true,100,,80,A,
https://www.kronosolopromocionales.com/productos/masajeador-roller-2-1-13452/,masajeador-roller-2-1-13452,true,100,,100,A,
https://www.kronosolopromocionales.com/productos/portacelular-elephant-13453/,portacelular-elephant-13453,true,100,,100,A,
https://www.kronosolopromocionales.com/productos/clip-magnetico-2-1-13455/,clip-magnetico-2-1-13455,true,100,,100,A,
https://www.kronosolopromocionales.com/productos/martillo-reflex-13456/,martillo-reflex-13456,true,100,,100,A,
https://www.kronosolopromocionales.com/productos/mug-metalico-noma-chili-900ml-13459/,mug-metalico-noma-chili-900ml-13459,true,100,,100,A,
https://www.kronosolopromocionales.com/productos/botilito-metalico-klak-chili-1l-13460/,botilito-metalico-klak-chili-1l-13460,true,100,,80,A,
https://www.kronosolopromocionales.com/productos/speaker-bluetooth-fyra-13466/,speaker-bluetooth-fyra-13466,true,100,,100,A,
https://www.kronosolopromocionales.com/productos/botilito-metalico-kolvo-urban-travel-440ml-13467/,botilito-metalico-kolvo-urban-travel-440ml-13467,true,100,,80,A,
https://www.kronosolopromocionales.com/productos/mug-metalico-avenix380-ml-13468/,mug-metalico-avenix380-ml-13468,true,100,,100,A,
https://www.kronosolopromocionales.com/productos/speaker-bluetooth-bambino-3-1-13470/,speaker-bluetooth-bambino-3-1-13470,true,100,,100,A,
https://www.kronosolopromocionales.com/productos/speaker-bluetooth-auralux-13471/,speaker-bluetooth-auralux-13471,true,100,,100,A,
https://www.kronosolopromocionales.com/productos/botilito-hoola-rpet-750ml-13473/,botilito-hoola-rpet-750ml-13473,true,100,,80,A,
https://www.kronosolopromocionales.com/productos/mug-plastico-quovo-500ml-13474/,mug-plastico-quovo-500ml-13474,true,100,,100,A,
https://www.kronosolopromocionales.com/productos/cargador-inalambrico-voss-13475/,cargador-inalambrico-voss-13475,true,100,,100,A,
https://www.kronosolopromocionales.com/productos/cable-multicargador-voss-13476/,cable-multicargador-voss-13476,true,100,,100,A,
https://www.kronosolopromocionales.com/productos/cargador-inalambrico-con-cables-4-1-13478/,cargador-inalambrico-con-cables-4-1-13478,true,100,,100,A,
https://www.kronosolopromocionales.com/productos/mug-metalico-camper-urban-travel-1100-ml-13479/,mug-metalico-camper-urban-travel-1100-ml-13479,true,100,,100,A,
https://www.kronosolopromocionales.com/productos/botilito-metalico-gulpy-790-ml-13480/,botilito-metalico-gulpy-790-ml-13480,true,100,,80,A,
https://www.kronosolopromocionales.com/productos/mug-en-ceramica-earth-450ml-13482/,mug-en-ceramica-earth-450ml-13482,true,100,,100,A,
https://www.kronosolopromocionales.com/productos/mug-en-ceramica-rubber-325ml-13483/,mug-en-ceramica-rubber-325ml-13483,true,100,,100,A,
https://www.kronosolopromocionales.com/productos/botilito-dual-rpet-700-ml-13487/,botilito-dual-rpet-700-ml-13487,true,100,,80,A,
https://www.kronosolopromocionales.com/productos/mug-kolly-500-ml-13488/,mug-kolly-500-ml-13488,true,100,,100,A,
https://www.kronosolopromocionales.com/productos/mug-metalico-boof-600-ml-13489/,mug-metalico-boof-600-ml-13489,true,100,,100,A,
https://www.kronosolopromocionales.com/productos/mug-metalico-tasso-500ml-13463/,mug-metalico-tasso-500ml-13463,true,100,,100,A,
https://www.kronosolopromocionales.com/productos/mug-metalico-brumo-1200ml-13464/,mug-metalico-brumo-1200ml-13464,true,100,,100,A,
https://www.kronosolopromocionales.com/productos/coge-ollas-con-silicona-13497/,coge-ollas-con-silicona-13497,true,100,,100,A,
https://www.kronosolopromocionales.com/productos/funda-para-mouse-13493/,funda-para-mouse-13493,true,100,,100,A,
https://www.kronosolopromocionales.com/productos/botilito-metalico-lumo-550ml-13511/,botilito-metalico-lumo-550ml-13511,true,100,,80,A,
https://www.kronosolopromocionales.com/productos/costurero-valen-13340/,costurero-valen-13340,true,100,,100,A,
https://www.kronosolopromocionales.com/productos/set-de-mini-frascos-travel-13330/,set-de-mini-frascos-travel-13330,true,100,,100,A,
https://www.kronosolopromocionales.com/productos/llavero-pop-it-bolt-13321/,llavero-pop-it-bolt-13321,true,100,,100,A,
https://www.kronosolopromocionales.com/productos/apoya-munecas-pop-it-13322/,apoya-munecas-pop-it-13322,true,100,,100,A,
https://www.kronosolopromocionales.com/productos/antiestres-pop-it-13318/,antiestres-pop-it-13318,true,100,,100,A,
https://www.kronosolopromocionales.com/productos/paraguas-comforella-20-13283/,paraguas-comforella-20-13283,true,100,,100,A,
https://www.kronosolopromocionales.com/productos/paraguas-easyroll-23-13285/,paraguas-easyroll-23-13285,true,100,,100,A,
https://www.kronosolopromocionales.com/productos/paraguas-voltus-27-urban-travel-13233/,paraguas-voltus-27-urban-travel-13233,true,100,,100,A,
https://www.kronosolopromocionales.com/productos/mini-paraguas-hook-21-urban-travel-13234/,mini-paraguas-hook-21-urban-travel-13234,true,100,,100,A,
https://www.kronosolopromocionales.com/productos/mini-paraguas-super-light-21-urban-travel-13235/,mini-paraguas-super-light-21-urban-travel-13235,true,100,,100,A,
https://www.kronosolopromocionales.com/productos/manilla-pocket-13249/,manilla-pocket-13249,true,100,,100,A,
https://www.kronosolopromocionales.com/productos/banda-head-13250/,banda-head-13250,true,100,,100,A,
https://www.kronosolopromocionales.com/productos/set-de-manicure-zeldra-13491/,set-de-manicure-zeldra-13491,true,100,,100,A,
https://www.kronosolopromocionales.com/productos/balaca-para-maquillaje-13484/,balaca-para-maquillaje-13484,true,100,,100,A,
https://www.kronosolopromocionales.com/productos/toalla-cooltech-13481/,toalla-cooltech-13481,true,100,,100,A,
https://www.kronosolopromocionales.com/productos/tijeras-plasticas-13454/,tijeras-plasticas-13454,true,100,,100,A,
https://www.kronosolopromocionales.com/productos/cepillo-en-silicona-eco-13430/,cepillo-en-silicona-eco-13430,true,100,,100,A,
https://www.kronosolopromocionales.com/productos/set-de-maquillaje-tasking-13432/,set-de-maquillaje-tasking-13432,true,100,,100,A,
https://www.kronosolopromocionales.com/productos/espejo-con-luz-garda-13413/,espejo-con-luz-garda-13413,true,100,,100,A,
https://www.kronosolopromocionales.com/productos/espejo-shower-13419/,espejo-shower-13419,true,100,,100,A,
https://www.kronosolopromocionales.com/productos/espejo-flex-square-13420/,espejo-flex-square-13420,true,100,,100,A,
https://www.kronosolopromocionales.com/productos/set-de-brochas-mirror-light-13409/,set-de-brochas-mirror-light-13409,true,100,,100,A,
https://www.kronosolopromocionales.com/productos/masajeador-brandon-13521/,masajeador-brandon-13521,true,100,,100,A,
https://www.kronosolopromocionales.com/productos/memo-pad-con-destapador-13337/,memo-pad-con-destapador-13337,true,100,,100,A,
https://www.kronosolopromocionales.com/productos/set-de-viaje-icarus-13348/,set-de-viaje-icarus-13348,true,100,,100,A,
https://www.kronosolopromocionales.com/productos/cepillo-para-mascota-13427/,cepillo-para-mascota-13427,true,100,,100,A,
https://www.kronosolopromocionales.com/productos/identificador-de-maletas-en-pvc-13490/,identificador-de-maletas-en-pvc-13490,true,100,,100,A,
https://www.kronosolopromocionales.com/productos/set-travel-lock-13274/,set-travel-lock-13274,true,100,,100,A,
https://www.kronosolopromocionales.com/productos/pito-5-1-nuevo-13304/,pito-5-1-nuevo-13304,true,100,,100,A,
https://www.kronosolopromocionales.com/productos/set-midas-13336/,set-midas-13336,true,100,,100,A,
https://www.kronosolopromocionales.com/productos/morral-backpack-circuit-urban-travel-13341/,morral-backpack-circuit-urban-travel-13341,true,100,,100,A,
https://www.kronosolopromocionales.com/productos/morral-backpack-quasar-urban-travel-13342/,morral-backpack-quasar-urban-travel-13342,true,100,,100,A,
https://www.kronosolopromocionales.com/productos/libreta-klivor-13305/,libreta-klivor-13305,true,100,,100,A,
https://www.kronosolopromocionales.com/productos/ventilador-veltra-13301/,ventilador-veltra-13301,true,100,,100,A,
https://www.kronosolopromocionales.com/productos/ventilador-skylon-13302/,ventilador-skylon-13302,true,100,,100,A,
https://www.kronosolopromocionales.com/productos/morral-backpack-kazomi-13311/,morral-backpack-kazomi-13311,true,100,,100,A,
https://www.kronosolopromocionales.com/productos/libreta-inker-rpet-13241/,libreta-inker-rpet-13241,true,100,,100,A,
https://www.kronosolopromocionales.com/productos/set-ecologico-demin-13278/,set-ecologico-demin-13278,true,100,,100,A,
https://www.kronosolopromocionales.com/productos/set-ecologico-element-13279/,set-ecologico-element-13279,true,100,,100,A,
https://www.kronosolopromocionales.com/productos/sticky-set-home-13281/,sticky-set-home-13281,true,100,,100,A,
https://www.kronosolopromocionales.com/productos/sticky-set-con-regla-13282/,sticky-set-con-regla-13282,true,100,,100,A,
https://www.kronosolopromocionales.com/productos/calculadora-con-tablero-13275/,calculadora-con-tablero-13275,true,100,,100,A,
https://www.kronosolopromocionales.com/productos/morral-backpack-omni-13268/,morral-backpack-omni-13268,true,100,,100,A,
https://www.kronosolopromocionales.com/productos/sticky-set-thunder-13265/,sticky-set-thunder-13265,true,100,,100,A,
https://www.kronosolopromocionales.com/productos/silla-compact-flex-13251/,silla-compact-flex-13251,true,100,,100,A,
https://www.kronosolopromocionales.com/productos/tabla-clip-bamboo-13499/,tabla-clip-bamboo-13499,true,100,,100,A,
https://www.kronosolopromocionales.com/productos/tabla-anotadora-box-nuevo-13486/,tabla-anotadora-box-nuevo-13486,true,100,,100,A,
https://www.kronosolopromocionales.com/productos/memo-pad-milk-13504/,memo-pad-milk-13504,true,100,,100,A,
https://www.kronosolopromocionales.com/productos/sticky-set-milk-13505/,sticky-set-milk-13505,true,100,,100,A,
https://www.kronosolopromocionales.com/productos/sticky-set-oval-milk-13506/,sticky-set-oval-milk-13506,true,100,,100,A,
https://www.kronosolopromocionales.com/productos/cordon-para-portacelular-bamboo-eco-13507/,cordon-para-portacelular-bamboo-eco-13507,true,100,,100,A,
https://www.kronosolopromocionales.com/productos/camion-antiestres-13492/,camion-antiestres-13492,true,100,,100,A,
https://www.kronosolopromocionales.com/productos/portaboligrafos-en-bamboo-360-13442/,portaboligrafos-en-bamboo-360-13442,true,100,,100,A,
https://www.kronosolopromocionales.com/productos/calendario-perpetuo-pad-bamboo-13443/,calendario-perpetuo-pad-bamboo-13443,true,100,,100,A,
https://www.kronosolopromocionales.com/productos/sticky-set-micron-13445/,sticky-set-micron-13445,true,100,,100,A,
https://www.kronosolopromocionales.com/productos/mini-set-goblet-eco-13446/,mini-set-goblet-eco-13446,true,100,,100,A,
https://www.kronosolopromocionales.com/productos/morral-backpack-luno-master-ocean-13457/,morral-backpack-luno-master-ocean-13457,true,100,,100,A,
https://www.kronosolopromocionales.com/productos/libreta-astralis-cork-13469/,libreta-astralis-cork-13469,true,100,,100,A,
https://www.kronosolopromocionales.com/productos/joyero-krono-13431/,joyero-krono-13431,true,100,,100,A,
https://www.kronosolopromocionales.com/productos/set-jorka-urban-business-13425/,set-jorka-urban-business-13425,true,100,,100,A,
https://www.kronosolopromocionales.com/productos/set-bantik-urban-business-13426/,set-bantik-urban-business-13426,true,100,,100,A,
https://www.kronosolopromocionales.com/productos/organizador-de-escritorio-bamboo-13415/,organizador-de-escritorio-bamboo-13415,true,100,,100,A,
https://www.kronosolopromocionales.com/productos/repelente-de-insectos-13412/,repelente-de-insectos-13412,true,100,,100,A,
https://www.kronosolopromocionales.com/productos/morral-backpack-swiss-peak-buzz-13398/,morral-backpack-swiss-peak-buzz-13398,true,100,,100,A,
https://www.kronosolopromocionales.com/productos/morral-backpack-krum-13399/,morral-backpack-krum-13399,true,100,,100,A,
https://www.kronosolopromocionales.com/productos/cobija-manta-de-viaje-travel-produccion-nacional-13528/,cobija-manta-de-viaje-travel-produccion-nacional-13528,true,100,,100,A,
https://www.kronosolopromocionales.com/productos/organizador-de-escritorio-crunch-produccion-nacional-13529/,organizador-de-escritorio-crunch-produccion-nacional-13529,true,100,,100,A,
https://www.kronosolopromocionales.com/productos/bolsa-en-yute-mirka-13526/,bolsa-en-yute-mirka-13526,true,100,,100,A,
https://www.kronosolopromocionales.com/productos/nevera-cooler-glidex-13361/,nevera-cooler-glidex-13361,true,100,,100,A,
https://www.kronosolopromocionales.com/productos/morral-backpack-metrix-13375/,morral-backpack-metrix-13375,true,100,,100,A,
https://www.kronosolopromocionales.com/productos/nevera-cooler-kael-13376/,nevera-cooler-kael-13376,true,100,,100,A,
https://www.kronosolopromocionales.com/productos/bolsa-organizador-glinter-13428/,bolsa-organizador-glinter-13428,true,100,,100,A,
https://www.kronosolopromocionales.com/productos/morral-backpack-templi-13424/,morral-backpack-templi-13424,true,100,,100,A,
https://www.kronosolopromocionales.com/productos/organizador-womp-master-ocean-13458/,organizador-womp-master-ocean-13458,true,100,,100,A,
https://www.kronosolopromocionales.com/productos/estuche-sencillo-magnetic-13447/,estuche-sencillo-magnetic-13447,true,100,,100,A,
https://www.kronosolopromocionales.com/productos/estuche-doble-magnetic-13448/,estuche-doble-magnetic-13448,true,100,,100,A,
https://www.kronosolopromocionales.com/productos/maletin-en-cambrel-13509/,maletin-en-cambrel-13509,true,100,,100,A,
https://www.kronosolopromocionales.com/productos/bolsa-ember-13503/,bolsa-ember-13503,true,100,,100,A,
https://www.kronosolopromocionales.com/productos/organizador-dalia-13252/,organizador-dalia-13252,true,100,,100,A,
https://www.kronosolopromocionales.com/productos/morral-backpack-galko-13254/,morral-backpack-galko-13254,true,100,,100,A,
https://www.kronosolopromocionales.com/productos/bolsa-en-cambrel-clento-13255/,bolsa-en-cambrel-clento-13255,true,100,,100,A,
https://www.kronosolopromocionales.com/productos/bolsa-en-cambrel-vest-13256/,bolsa-en-cambrel-vest-13256,true,100,,100,A,
https://www.kronosolopromocionales.com/productos/set-de-resaltadores-heart-13260/,set-de-resaltadores-heart-13260,true,100,,100,A,
https://www.kronosolopromocionales.com/productos/set-de-resaltadores-square-13261/,set-de-resaltadores-square-13261,true,100,,100,A,
https://www.kronosolopromocionales.com/productos/morral-backpack-zylos-13266/,morral-backpack-zylos-13266,true,100,,100,A,
https://www.kronosolopromocionales.com/productos/nevera-cooler-cassian-13267/,nevera-cooler-cassian-13267,true,100,,100,A,
https://www.kronosolopromocionales.com/productos/nevera-cooler-dapper-13269/,nevera-cooler-dapper-13269,true,100,,100,A,
https://www.kronosolopromocionales.com/productos/nevera-cooler-champ-13229/,nevera-cooler-champ-13229,true,100,,100,A,
https://www.kronosolopromocionales.com/productos/portadocumentos-de-viaje-y-de-cables-lumen-13230/,portadocumentos-de-viaje-y-de-cables-lumen-13230,true,100,,100,A,
https://www.kronosolopromocionales.com/productos/cosmetiquera-kovina-13231/,cosmetiquera-kovina-13231,true,100,,100,A,
https://www.kronosolopromocionales.com/productos/organizador-liloz-13240/,organizador-liloz-13240,true,100,,100,A,
https://www.kronosolopromocionales.com/productos/set-de-resaltadores-luban-13221/,set-de-resaltadores-luban-13221,true,100,,100,A,
https://www.kronosolopromocionales.com/productos/morral-backpack-radeon-13209/,morral-backpack-radeon-13209,true,100,,100,A,
https://www.kronosolopromocionales.com/productos/nevera-cooler-fluent-13289/,nevera-cooler-fluent-13289,true,100,,100,A,
https://www.kronosolopromocionales.com/productos/nevera-cooler-midas-13290/,nevera-cooler-midas-13290,true,100,,100,A,
https://www.kronosolopromocionales.com/productos/organizador-kappa-urban-travel-13343/,organizador-kappa-urban-travel-13343,true,100,,100,A,
https://www.kronosolopromocionales.com/productos/boligrafo-dash-solido-13344/,boligrafo-dash-solido-13344,true,100,,100,A,
https://www.kronosolopromocionales.com/productos/boligrafo-dash-frost-13345/,boligrafo-dash-frost-13345,true,100,,100,A,
https://www.kronosolopromocionales.com/productos/boligrafo-summit-metal-13346/,boligrafo-summit-metal-13346,true,100,,100,A,
https://www.kronosolopromocionales.com/productos/boligrafo-swift-eco-13347/,boligrafo-swift-eco-13347,true,100,,100,A,
https://www.kronosolopromocionales.com/productos/boligrafo-allegro-13355/,boligrafo-allegro-13355,true,100,,100,A,
https://www.kronosolopromocionales.com/productos/boligrafo-clasp-borrable-13356/,boligrafo-clasp-borrable-13356,true,100,,100,A,
https://www.kronosolopromocionales.com/productos/set-de-boligrafos-emblem-13357/,set-de-boligrafos-emblem-13357,true,100,,100,A,
https://www.kronosolopromocionales.com/productos/boligrafo-helix-bamboo-13358/,boligrafo-helix-bamboo-13358,true,100,,100,A,
https://www.kronosolopromocionales.com/productos/boligrafo-nest-13359/,boligrafo-nest-13359,true,100,,100,A,
https://www.kronosolopromocionales.com/productos/boligrafo-nest-eco-13360/,boligrafo-nest-eco-13360,true,100,,100,A,
https://www.kronosolopromocionales.com/productos/roller-nimbus-13309/,roller-nimbus-13309,true,100,,100,A,
https://www.kronosolopromocionales.com/productos/boligrafo-lynx-solido-13312/,boligrafo-lynx-solido-13312,true,100,,100,A,
https://www.kronosolopromocionales.com/productos/boligrafo-lynx-frost-13307/,boligrafo-lynx-frost-13307,true,100,,100,A,
https://www.kronosolopromocionales.com/productos/boligrafo-rompecabezas-13295/,boligrafo-rompecabezas-13295,true,100,,100,A,
https://www.kronosolopromocionales.com/productos/boligrafo-grasp-13286/,boligrafo-grasp-13286,true,100,,100,A,
https://www.kronosolopromocionales.com/productos/boligrafo-x-tool-6-en-1-13288/,boligrafo-x-tool-6-en-1-13288,true,100,,100,A,
https://www.kronosolopromocionales.com/productos/boligrafo-vinnie-pastel-13214/,boligrafo-vinnie-pastel-13214,true,100,,100,A,
https://www.kronosolopromocionales.com/productos/boligrafo-summit-metal-cork-13215/,boligrafo-summit-metal-cork-13215,true,100,,100,A,
https://www.kronosolopromocionales.com/productos/boligrafo-glimmer-13216/,boligrafo-glimmer-13216,true,100,,100,A,
https://www.kronosolopromocionales.com/productos/boligrafo-mystic-13220/,boligrafo-mystic-13220,true,100,,100,A,
https://www.kronosolopromocionales.com/productos/set-jolt-13271/,set-jolt-13271,true,100,,100,A,
https://www.kronosolopromocionales.com/productos/boligrafo-shimmer-13263/,boligrafo-shimmer-13263,true,100,,100,A,
https://www.kronosolopromocionales.com/productos/roller-shimmer-13264/,roller-shimmer-13264,true,100,,100,A,
https://www.kronosolopromocionales.com/productos/set-de-boligrafos-vector-13465/,set-de-boligrafos-vector-13465,true,100,,100,A,
https://www.kronosolopromocionales.com/productos/estuche-black-carton-13449/,estuche-black-carton-13449,true,100,,100,A,
https://www.kronosolopromocionales.com/productos/vector-roller-13461/,vector-roller-13461,true,100,,100,A,
https://www.kronosolopromocionales.com/productos/boligrafo-cork-stand-13462/,boligrafo-cork-stand-13462,true,100,,100,A,
https://www.kronosolopromocionales.com/productos/boligrafo-blink-13438/,boligrafo-blink-13438,true,100,,100,A,
https://www.kronosolopromocionales.com/productos/boligrafo-delphi-13439/,boligrafo-delphi-13439,true,100,,100,A,
https://www.kronosolopromocionales.com/productos/boligrafo-roller-delphi-13440/,boligrafo-roller-delphi-13440,true,100,,100,A,
https://www.kronosolopromocionales.com/productos/boligrafo-vinnie-grip-13441/,boligrafo-vinnie-grip-13441,true,100,,100,A,
https://www.kronosolopromocionales.com/productos/set-de-boligrafo-y-portaminas-stanley-13416/,set-de-boligrafo-y-portaminas-stanley-13416,true,100,,100,A,
https://www.kronosolopromocionales.com/productos/boligrafo-artisan-13417/,boligrafo-artisan-13417,true,100,,100,A,
https://www.kronosolopromocionales.com/productos/boligrafo-avert-13418/,boligrafo-avert-13418,true,100,,100,A,
https://www.kronosolopromocionales.com/productos/boligrafo-ventura-13349/,boligrafo-ventura-13349,false,100,,100,D,"is_ai_optimized=false — pendiente de enriquecimiento, excluido del sitemap intencionalmente"
https://www.kronosolopromocionales.com/productos/set-de-boligrafos-baltimore-vinga-eco-13400/,set-de-boligrafos-baltimore-vinga-eco-13400,true,100,,100,A,
https://www.kronosolopromocionales.com/productos/organizador-multiusos-monet-produccion-nacional-13403/,organizador-multiusos-monet-produccion-nacional-13403,true,100,,100,A,
https://www.kronosolopromocionales.com/productos/mug-shaker-nyro-600ml-13248/,mug-shaker-nyro-600ml-13248,true,100,,100,A,
https://www.kronosolopromocionales.com/productos/boligrafo-abanico-13293/,boligrafo-abanico-13293,true,100,,100,A,
https://www.kronosolopromocionales.com/productos/rastreador-airtag-seek-13203/,rastreador-airtag-seek-13203,true,100,,100,A,
https://www.kronosolopromocionales.com/productos/rastreador-airtag-vibe-13204/,rastreador-airtag-vibe-13204,true,100,,100,A,
https://www.kronosolopromocionales.com/productos/boligrafo-vinnie-13386/,boligrafo-vinnie-13386,true,100,,100,A,
https://www.kronosolopromocionales.com/productos/alcancia-piggy-max-13495/,alcancia-piggy-max-13495,true,80,nombre_duplicado_sin_canonical,100,C,"Mismo nombre que otro producto con slug no relacionado por ID (grupo dup-1) — candidato a ""duplicada sin canonical"" de GSC"
https://www.kronosolopromocionales.com/productos/boligrafo-mini-dwell-13512/,boligrafo-mini-dwell-13512,true,100,,100,A,
https://www.kronosolopromocionales.com/productos/cobija-pillow-13501/,cobija-pillow-13501,true,80,nombre_duplicado_sin_canonical,100,C,"Mismo nombre que otro producto con slug no relacionado por ID (grupo dup-2) — candidato a ""duplicada sin canonical"" de GSC"
https://www.kronosolopromocionales.com/productos/sporty-bag-garda-rpet-13502/,sporty-bag-garda-rpet-13502,true,100,,100,A,
https://www.kronosolopromocionales.com/productos/bolsa-en-algodon-solara-240gr-13207/,bolsa-en-algodon-solara-240gr-13207,true,100,,100,A,
https://www.kronosolopromocionales.com/productos/sporty-bag-en-algodon-zetta-100gr-13208/,sporty-bag-en-algodon-zetta-100gr-13208,true,100,,100,A,
https://www.kronosolopromocionales.com/productos/botilito-oasis-800ml-prod-nacional-13194/,botilito-oasis-800ml-prod-nacional-13194,true,100,,80,A,
https://www.kronosolopromocionales.com/productos/boligrafo-ecopetite-13196/,boligrafo-ecopetite-13196,true,100,,100,A,
https://www.kronosolopromocionales.com/productos/mug-metalico-star-350ml-13197/,mug-metalico-star-350ml-13197,true,100,,100,A,
https://www.kronosolopromocionales.com/productos/bolsa-en-cambrel-baxter-para-sublimacion-80gr-13198/,bolsa-en-cambrel-baxter-para-sublimacion-80gr-13198,true,100,,100,A,
https://www.kronosolopromocionales.com/productos/sporty-bag-en-cambrel-ewok-sublimacion-80gr-13199/,sporty-bag-en-cambrel-ewok-sublimacion-80gr-13199,true,100,,100,A,
https://www.kronosolopromocionales.com/productos/portarretrato-digital-frame-13206/,portarretrato-digital-frame-13206,true,100,,100,A,
https://www.kronosolopromocionales.com/productos/mug-plastico-willow-350ml-13195/,mug-plastico-willow-350ml-13195,true,100,,100,A,
https://www.kronosolopromocionales.com/productos/boligrafo-crystal-2-1-13173/,boligrafo-crystal-2-1-13173,true,100,,100,A,
https://www.kronosolopromocionales.com/productos/boligrafo-big-bang-13175/,boligrafo-big-bang-13175,true,100,,100,A,
https://www.kronosolopromocionales.com/productos/boligrafo-multi-metal-4-1-13176/,boligrafo-multi-metal-4-1-13176,true,100,,100,A,
https://www.kronosolopromocionales.com/productos/cordon-portacelular-con-cables-chili-13177/,cordon-portacelular-con-cables-chili-13177,true,100,,100,A,
https://www.kronosolopromocionales.com/productos/set-de-botilitos-trio-13180/,set-de-botilitos-trio-13180,true,100,,80,A,
https://www.kronosolopromocionales.com/productos/cafetera-en-vidrio-y-bambu-600ml-13181/,cafetera-en-vidrio-y-bambu-600ml-13181,true,100,,100,A,
https://www.kronosolopromocionales.com/productos/set-de-botellas-de-viaje-13184/,set-de-botellas-de-viaje-13184,true,100,,100,A,
https://www.kronosolopromocionales.com/productos/set-de-bano-vanity-13186/,set-de-bano-vanity-13186,true,100,,100,A,
https://www.kronosolopromocionales.com/productos/mug-sparkle-296ml-13188/,mug-sparkle-296ml-13188,true,100,,100,A,
https://www.kronosolopromocionales.com/productos/bolsa-en-cambrel-nevada-7767/,bolsa-en-cambrel-nevada-7767,true,100,,100,A,
https://www.kronosolopromocionales.com/productos/bolsa-en-cambrel-winter-8191/,bolsa-en-cambrel-winter-8191,true,100,,100,A,
https://www.kronosolopromocionales.com/productos/bolsa-en-cambrel-petit-8206/,bolsa-en-cambrel-petit-8206,true,100,,100,A,
https://www.kronosolopromocionales.com/productos/sticky-set-milla-9229/,sticky-set-milla-9229,true,100,,100,A,
https://www.kronosolopromocionales.com/productos/sticky-set-kerry-9230/,sticky-set-kerry-9230,true,100,,100,A,
https://www.kronosolopromocionales.com/productos/memo-sticky-set-clapton-9095/,memo-sticky-set-clapton-9095,true,100,,100,A,
https://www.kronosolopromocionales.com/productos/boligrafo-bamboo-9317/,boligrafo-bamboo-9317,true,100,,100,A,
https://www.kronosolopromocionales.com/productos/libreta-con-boligrafo-button-reciclable-7207/,libreta-con-boligrafo-button-reciclable-7207,true,100,,100,A,
https://www.kronosolopromocionales.com/productos/libreta-futbol-produccion-nacional-5633/,libreta-futbol-produccion-nacional-5633,true,100,,100,A,
https://www.kronosolopromocionales.com/productos/boligrafo-bamboo-clip-eco-9675/,boligrafo-bamboo-clip-eco-9675,true,100,,100,A,
https://www.kronosolopromocionales.com/productos/boligrafo-geometric-eco-9676/,boligrafo-geometric-eco-9676,true,100,,100,A,
https://www.kronosolopromocionales.com/productos/botilito-metalico-troy-700ml-oferta-9773/,botilito-metalico-troy-700ml-oferta-9773,true,100,,80,A,
https://www.kronosolopromocionales.com/productos/mug-metalico-bamboo-eco-350ml-9779/,mug-metalico-bamboo-eco-350ml-9779,true,100,,100,A,
https://www.kronosolopromocionales.com/productos/set-de-escritorio-sticky-calendar-9785/,set-de-escritorio-sticky-calendar-9785,true,100,,100,A,
https://www.kronosolopromocionales.com/productos/boligrafo-forest-bamboo-9837/,boligrafo-forest-bamboo-9837,true,100,,100,A,
https://www.kronosolopromocionales.com/productos/boligrafo-lolly-bamboo-eco-9913/,boligrafo-lolly-bamboo-eco-9913,true,100,,100,A,
https://www.kronosolopromocionales.com/productos/boligrafo-cartoon-mini-10015/,boligrafo-cartoon-mini-10015,true,100,,100,A,
https://www.kronosolopromocionales.com/productos/boligrafo-vardis-bamboo-10044/,boligrafo-vardis-bamboo-10044,true,100,,100,A,
https://www.kronosolopromocionales.com/productos/set-mirror-eco-10047/,set-mirror-eco-10047,true,100,,100,A,
https://www.kronosolopromocionales.com/productos/carpeta-folder-con-cargador-inalambrico-cork-10114/,carpeta-folder-con-cargador-inalambrico-cork-10114,true,100,,100,A,
https://www.kronosolopromocionales.com/productos/set-de-herramientas-maxton-10053/,set-de-herramientas-maxton-10053,true,100,,100,A,
https://www.kronosolopromocionales.com/productos/metro-bamboo-10007/,metro-bamboo-10007,true,100,,100,A,
https://www.kronosolopromocionales.com/productos/set-de-cubiertos-natura-eco-10066/,set-de-cubiertos-natura-eco-10066,true,100,,100,A,
https://www.kronosolopromocionales.com/productos/bolsa-metalizada-mate-10236/,bolsa-metalizada-mate-10236,true,100,,100,A,
https://www.kronosolopromocionales.com/productos/pitillo-reutilizable-metalico-9160/,pitillo-reutilizable-metalico-9160,true,100,,100,A,
https://www.kronosolopromocionales.com/productos/espejo-bamboo-9737/,espejo-bamboo-9737,true,100,,100,A,
https://www.kronosolopromocionales.com/productos/set-manicure-cork-10048/,set-manicure-cork-10048,true,100,,100,A,
https://www.kronosolopromocionales.com/productos/set-de-cubiertos-bamboo-9384/,set-de-cubiertos-bamboo-9384,true,100,,100,A,
https://www.kronosolopromocionales.com/productos/carpeta-de-carton-reciclable-ii-9908/,carpeta-de-carton-reciclable-ii-9908,true,100,,100,A,
https://www.kronosolopromocionales.com/productos/libreta-con-boligrafo-bamboo-9683/,libreta-con-boligrafo-bamboo-9683,true,100,,100,A,
https://www.kronosolopromocionales.com/productos/sticky-set-bamboo-eco-9949/,sticky-set-bamboo-eco-9949,true,100,,100,A,
https://www.kronosolopromocionales.com/productos/libreta-vincent-10095/,libreta-vincent-10095,true,100,,100,A,
https://www.kronosolopromocionales.com/productos/cargador-inalambrico-bamboo-ii-9893/,cargador-inalambrico-bamboo-ii-9893,true,100,,100,A,
https://www.kronosolopromocionales.com/productos/cargador-inalambrico-bamboo-square-oferta-9979/,cargador-inalambrico-bamboo-square-oferta-9979,true,100,,100,A,
https://www.kronosolopromocionales.com/productos/speaker-bluetooth-onyx-oferta-10135/,speaker-bluetooth-onyx-oferta-10135,true,100,,100,A,
https://www.kronosolopromocionales.com/productos/speaker-bluetooth-mack-10137/,speaker-bluetooth-mack-10137,true,100,,100,A,
https://www.kronosolopromocionales.com/productos/cargador-inalambrico-nembar-10278/,cargador-inalambrico-nembar-10278,true,100,,100,A,
https://www.kronosolopromocionales.com/productos/libreta-igor-bamboo-10309/,libreta-igor-bamboo-10309,true,100,,100,A,
https://www.kronosolopromocionales.com/productos/puerto-usb-rpet-10494/,puerto-usb-rpet-10494,true,100,,100,A,
https://www.kronosolopromocionales.com/productos/cable-multicargador-3-1-bamboo-10473/,cable-multicargador-3-1-bamboo-10473,true,100,,100,A,
https://www.kronosolopromocionales.com/productos/soporte-para-celular-note-10579/,soporte-para-celular-note-10579,true,100,,100,A,
https://www.kronosolopromocionales.com/productos/soporte-para-moviles-nixon-bamboo-10339/,soporte-para-moviles-nixon-bamboo-10339,true,100,,100,A,
https://www.kronosolopromocionales.com/productos/soporte-magnetico-para-moviles-bamboo-10509/,soporte-magnetico-para-moviles-bamboo-10509,true,100,,100,A,
https://www.kronosolopromocionales.com/productos/espejo-bamboo-max-10323/,espejo-bamboo-max-10323,true,100,,100,A,
https://www.kronosolopromocionales.com/productos/joyero-eco-bamboo-10439/,joyero-eco-bamboo-10439,true,100,,100,A,
https://www.kronosolopromocionales.com/productos/espejo-joyero-bamboo-10377/,espejo-joyero-bamboo-10377,true,100,,100,A,
https://www.kronosolopromocionales.com/productos/cepillo-eco-bamboo-10437/,cepillo-eco-bamboo-10437,true,100,,100,A,
https://www.kronosolopromocionales.com/productos/set-de-pelotas-cork-10434/,set-de-pelotas-cork-10434,true,100,,100,A,
https://www.kronosolopromocionales.com/productos/botilito-metalico-murphy-750ml-10503/,botilito-metalico-murphy-750ml-10503,true,100,,80,A,
https://www.kronosolopromocionales.com/productos/portacelular-2-1-eco-10436/,portacelular-2-1-eco-10436,true,100,,100,A,
https://www.kronosolopromocionales.com/productos/boligrafo-aston-cartoon-10534/,boligrafo-aston-cartoon-10534,true,100,,100,A,
https://www.kronosolopromocionales.com/productos/boligrafo-sawyer-10515/,boligrafo-sawyer-10515,true,100,,100,A,
https://www.kronosolopromocionales.com/productos/vaso-plegable-eco-10820/,vaso-plegable-eco-10820,true,100,,80,A,
https://www.kronosolopromocionales.com/productos/eco-pet-9391/,eco-pet-9391,true,90,nombre_corto,100,A,
https://www.kronosolopromocionales.com/productos/summit-eco-9416/,summit-eco-9416,true,100,,100,A,
https://www.kronosolopromocionales.com/productos/boligrafo-coffee-eco-9677/,boligrafo-coffee-eco-9677,true,100,,100,A,
https://www.kronosolopromocionales.com/productos/boligrafo-hollow-cartoon-9839/,boligrafo-hollow-cartoon-9839,true,100,,100,A,
https://www.kronosolopromocionales.com/productos/boligrafo-hollow-eco-oferta-9840/,boligrafo-hollow-eco-oferta-9840,true,100,,100,A,
https://www.kronosolopromocionales.com/productos/boligrafo-jovi-eco-9844/,boligrafo-jovi-eco-9844,true,100,,100,A,
https://www.kronosolopromocionales.com/productos/boligrafo-ventura-eco-bamboo-9849/,boligrafo-ventura-eco-bamboo-9849,true,100,,100,A,
https://www.kronosolopromocionales.com/productos/boligrafo-infinity-2-1-oferta-9962/,boligrafo-infinity-2-1-oferta-9962,true,100,,100,A,
https://www.kronosolopromocionales.com/productos/boligrafo-ventura-bamboo-natural-9905/,boligrafo-ventura-bamboo-natural-9905,true,100,,100,A,
https://www.kronosolopromocionales.com/productos/boligrafo-ventura-eco-fibra-de-trigo-9947/,boligrafo-ventura-eco-fibra-de-trigo-9947,true,100,,100,A,
https://www.kronosolopromocionales.com/productos/boligrafo-grayson-stylus-cork-10018/,boligrafo-grayson-stylus-cork-10018,true,100,,100,A,
https://www.kronosolopromocionales.com/productos/boligrafo-lit-10025/,boligrafo-lit-10025,true,100,,100,A,
https://www.kronosolopromocionales.com/productos/set-de-boligrafos-cork-10039/,set-de-boligrafos-cork-10039,true,100,,100,A,
https://www.kronosolopromocionales.com/productos/boligrafo-alden-10441/,boligrafo-alden-10441,true,100,,100,A,
https://www.kronosolopromocionales.com/productos/boligrafo-ashby-10428/,boligrafo-ashby-10428,true,100,,100,A,
https://www.kronosolopromocionales.com/productos/boligrafo-foster-10440/,boligrafo-foster-10440,true,100,,100,A,
https://www.kronosolopromocionales.com/productos/boligrafo-vinnie-coffee-10545/,boligrafo-vinnie-coffee-10545,true,100,,100,A,
https://www.kronosolopromocionales.com/productos/boligrafo-vinnie-eco-10546/,boligrafo-vinnie-eco-10546,true,100,,100,A,
https://www.kronosolopromocionales.com/productos/set-alter-boligrafo-y-portaminas-9847/,set-alter-boligrafo-y-portaminas-9847,true,100,,100,A,
https://www.kronosolopromocionales.com/productos/funda-para-boligrafos-rpet-10443/,funda-para-boligrafos-rpet-10443,true,100,,100,A,
https://www.kronosolopromocionales.com/productos/boligrafo-merrick-10444/,boligrafo-merrick-10444,true,100,,100,A,
https://www.kronosolopromocionales.com/productos/set-de-paraguas-luxury-13190/,set-de-paraguas-luxury-13190,true,100,,100,A,
https://www.kronosolopromocionales.com/productos/bowl-plastico-liso-produccion-nacional-8731/,bowl-plastico-liso-produccion-nacional-8731,true,100,,100,A,
https://www.kronosolopromocionales.com/productos/bowl-plastico-con-base-produccion-nacional-8730/,bowl-plastico-con-base-produccion-nacional-8730,true,100,,100,A,
https://www.kronosolopromocionales.com/productos/bolsa-en-cambrel-fest-oferta-8372/,bolsa-en-cambrel-fest-oferta-8372,true,100,,100,A,
https://www.kronosolopromocionales.com/productos/bolsa-plegable-neon-emma-8535/,bolsa-plegable-neon-emma-8535,true,100,,100,A,
https://www.kronosolopromocionales.com/productos/globo-terraqueo-antique-oferta-9144/,globo-terraqueo-antique-oferta-9144,true,100,,100,A,
https://www.kronosolopromocionales.com/productos/colgador-de-botellas-con-carabinero-oferta-9116/,colgador-de-botellas-con-carabinero-oferta-9116,true,100,,100,A,
https://www.kronosolopromocionales.com/productos/set-de-tablas-cuisine-oferta-9749/,set-de-tablas-cuisine-oferta-9749,true,100,,100,A,
https://www.kronosolopromocionales.com/productos/funda-portabotella-con-destapador-oferta-10183/,funda-portabotella-con-destapador-oferta-10183,true,100,,100,A,
https://www.kronosolopromocionales.com/productos/cafetera-en-vidrio-compact-350ml-9560/,cafetera-en-vidrio-compact-350ml-9560,true,100,,100,A,
https://www.kronosolopromocionales.com/productos/cafetera-en-vidrio-600ml-9866/,cafetera-en-vidrio-600ml-9866,true,100,,100,A,
https://www.kronosolopromocionales.com/productos/mug-metalico-stabby-380ml-10203/,mug-metalico-stabby-380ml-10203,true,100,,100,A,
https://www.kronosolopromocionales.com/productos/mug-plastico-coffee-plus-12oz-produccion-nacional-10215/,mug-plastico-coffee-plus-12oz-produccion-nacional-10215,true,100,,100,A,
https://www.kronosolopromocionales.com/productos/portacomidas-celebrity-10535/,portacomidas-celebrity-10535,true,100,,100,A,
https://www.kronosolopromocionales.com/productos/portacomidas-spencer-10334/,portacomidas-spencer-10334,true,100,,100,A,
https://www.kronosolopromocionales.com/productos/set-de-cubiertos-metalicos-rpet-10435/,set-de-cubiertos-metalicos-rpet-10435,true,100,,100,A,
https://www.kronosolopromocionales.com/productos/mini-pano-microfibra-5390/,mini-pano-microfibra-5390,true,100,,100,A,
https://www.kronosolopromocionales.com/productos/bolso-mindy-oferta-7575/,bolso-mindy-oferta-7575,true,100,,100,A,
https://www.kronosolopromocionales.com/productos/florero-inox-produccion-nacional-oferta-8375/,florero-inox-produccion-nacional-oferta-8375,true,100,,100,A,
https://www.kronosolopromocionales.com/productos/joyero-produccion-nacional-8712/,joyero-produccion-nacional-8712,true,100,,100,A,
https://www.kronosolopromocionales.com/productos/set-de-viaje-pillow-produccion-nacional-8722/,set-de-viaje-pillow-produccion-nacional-8722,true,100,,100,A,
https://www.kronosolopromocionales.com/productos/carrito-para-mercado-shopper-8787/,carrito-para-mercado-shopper-8787,true,100,,100,A,
https://www.kronosolopromocionales.com/productos/cojin-de-viaje-doble-uso-plush-produccion-nacional-8871/,cojin-de-viaje-doble-uso-plush-produccion-nacional-8871,true,100,,100,A,
https://www.kronosolopromocionales.com/productos/nevera-cooler-bag-pocket-9401/,nevera-cooler-bag-pocket-9401,true,100,,100,A,
https://www.kronosolopromocionales.com/productos/portacomidas-con-cubiertos-jakarta-produccion-nacional-9403/,portacomidas-con-cubiertos-jakarta-produccion-nacional-9403,true,100,,100,A,
https://www.kronosolopromocionales.com/productos/protector-en-silicona-para-cepillo-de-dientes-oferta-9529/,protector-en-silicona-para-cepillo-de-dientes-oferta-9529,true,100,,100,A,
https://www.kronosolopromocionales.com/productos/bolsa-ecologica-laminada-en-rpet-9608/,bolsa-ecologica-laminada-en-rpet-9608,true,100,,100,A,
https://www.kronosolopromocionales.com/productos/bolsa-ecologica-recycled-rpet-9615/,bolsa-ecologica-recycled-rpet-9615,true,100,,100,A,
https://www.kronosolopromocionales.com/productos/limpiador-de-pantallas-sticky-roll-9605/,limpiador-de-pantallas-sticky-roll-9605,true,100,,100,A,
https://www.kronosolopromocionales.com/productos/dispensador-de-bolsas-dog-9606/,dispensador-de-bolsas-dog-9606,true,100,,100,A,
https://www.kronosolopromocionales.com/productos/dispensador-de-bolsas-bone-material-antibacteriano-9695/,dispensador-de-bolsas-bone-material-antibacteriano-9695,true,100,,100,A,
https://www.kronosolopromocionales.com/productos/espejo-plegable-2-1-9709/,espejo-plegable-2-1-9709,true,100,,100,A,
https://www.kronosolopromocionales.com/productos/bolsa-plegable-reflect-9822/,bolsa-plegable-reflect-9822,true,100,,100,A,
https://www.kronosolopromocionales.com/productos/nevera-cooler-bag-ava-oferta-9833/,nevera-cooler-bag-ava-oferta-9833,true,100,,100,A,
https://www.kronosolopromocionales.com/productos/limpiador-pantallas-30ml-con-microfibra-produccion-nacional-9729/,limpiador-pantallas-30ml-con-microfibra-produccion-nacional-9729,true,100,,100,A,
https://www.kronosolopromocionales.com/productos/pesa-digital-feet-9882/,pesa-digital-feet-9882,true,100,,100,A,
https://www.kronosolopromocionales.com/productos/espejo-comby-2-1-9907/,espejo-comby-2-1-9907,true,100,,100,A,
https://www.kronosolopromocionales.com/productos/set-de-belleza-halston-9710/,set-de-belleza-halston-9710,true,100,,100,A,
https://www.kronosolopromocionales.com/productos/bandeja-portatil-para-laptop-ryper-oferta-9935/,bandeja-portatil-para-laptop-ryper-oferta-9935,true,100,,100,A,
https://www.kronosolopromocionales.com/productos/bolsa-plegable-gibson-10187/,bolsa-plegable-gibson-10187,true,100,,100,A,
https://www.kronosolopromocionales.com/productos/organizador-multiusos-tech-10192/,organizador-multiusos-tech-10192,true,100,,100,A,
https://www.kronosolopromocionales.com/productos/protector-solar-para-carro-sunshade-10312/,protector-solar-para-carro-sunshade-10312,true,100,,100,A,
https://www.kronosolopromocionales.com/productos/adaptador-universal-travel-10459/,adaptador-universal-travel-10459,true,100,,100,A,
https://www.kronosolopromocionales.com/productos/morral-backpack-bemot-produccion-nacional-8539/,morral-backpack-bemot-produccion-nacional-8539,true,100,,100,A,
https://www.kronosolopromocionales.com/productos/morral-backpack-randy-9820/,morral-backpack-randy-9820,true,100,,100,A,
https://www.kronosolopromocionales.com/productos/maletin-deportivo-soccer-oferta-9930/,maletin-deportivo-soccer-oferta-9930,true,100,,100,A,
https://www.kronosolopromocionales.com/productos/maletin-neo-urban-travel-10550/,maletin-neo-urban-travel-10550,true,100,,100,A,
https://www.kronosolopromocionales.com/productos/canguro-athos-rpet-10418/,canguro-athos-rpet-10418,true,100,,100,A,
https://www.kronosolopromocionales.com/productos/canguro-snap-rpet-10419/,canguro-snap-rpet-10419,true,100,,100,A,
https://www.kronosolopromocionales.com/productos/canguro-sandy-10569/,canguro-sandy-10569,true,100,,100,A,
https://www.kronosolopromocionales.com/productos/morral-backpack-alpha-10333/,morral-backpack-alpha-10333,true,100,,100,A,
https://www.kronosolopromocionales.com/productos/morral-backpack-mush-2-10487/,morral-backpack-mush-2-10487,true,100,,100,A,
https://www.kronosolopromocionales.com/productos/estuche-dry-bag-25l-10517/,estuche-dry-bag-25l-10517,true,100,,100,A,
https://www.kronosolopromocionales.com/productos/bolso-compacto-con-carabinero-produccion-nacional-3256/,bolso-compacto-con-carabinero-produccion-nacional-3256,true,100,,100,A,
https://www.kronosolopromocionales.com/productos/llavero-ml-414-10771/,llavero-ml-414-10771,true,100,,100,A,
https://www.kronosolopromocionales.com/productos/llavero-ml-415-10772/,llavero-ml-415-10772,true,100,,100,A,
https://www.kronosolopromocionales.com/productos/tapa-pestana-para-botilito-saturno-7686/,tapa-pestana-para-botilito-saturno-7686,true,100,,80,A,
https://www.kronosolopromocionales.com/productos/botilito-energy-pvc-produccion-nacional-stock-telefonicamente-7793/,botilito-energy-pvc-produccion-nacional-stock-telefonicamente-7793,true,100,,80,A,
https://www.kronosolopromocionales.com/productos/botilito-en-pet-granada-760ml-produccion-nacional-nuevo-9357/,botilito-en-pet-granada-760ml-produccion-nacional-nuevo-9357,true,100,,80,A,
https://www.kronosolopromocionales.com/productos/botilito-logomax-750ml-produccion-naltapa-mu-90-9889/,botilito-logomax-750ml-produccion-naltapa-mu-90-9889,true,100,,80,A,
https://www.kronosolopromocionales.com/productos/botilito-astron-800ml-vaso-produccion-nacional-2380/,botilito-astron-800ml-vaso-produccion-nacional-2380,true,100,,80,A,
https://www.kronosolopromocionales.com/productos/botilito-maxi-supra-pet-890ml-produccion-nacional-10616/,botilito-maxi-supra-pet-890ml-produccion-nacional-10616,true,100,,80,A,
https://www.kronosolopromocionales.com/productos/libreta-milky-oferta-10108/,libreta-milky-oferta-10108,true,100,,100,A,
https://www.kronosolopromocionales.com/productos/libreta-legend-rpet-10096/,libreta-legend-rpet-10096,true,100,,100,A,
https://www.kronosolopromocionales.com/productos/estuche-con-portacelular-rpet-10433/,estuche-con-portacelular-rpet-10433,true,100,,100,A,
https://www.kronosolopromocionales.com/productos/cordon-para-portacelular-holder-eco-10511/,cordon-para-portacelular-holder-eco-10511,true,100,,100,A,
https://www.kronosolopromocionales.com/productos/base-para-escritorio-multiple-produccion-nacional-2008/,base-para-escritorio-multiple-produccion-nacional-2008,true,100,,100,A,
https://www.kronosolopromocionales.com/productos/libreta-con-boligrafo-kadens-produccion-nacional-8090/,libreta-con-boligrafo-kadens-produccion-nacional-8090,true,100,,100,A,
https://www.kronosolopromocionales.com/productos/libreta-wave-produccion-nacional-8097/,libreta-wave-produccion-nacional-8097,true,100,,100,A,
https://www.kronosolopromocionales.com/productos/libreta-arco-produccion-nacional-8098/,libreta-arco-produccion-nacional-8098,true,100,,100,A,
https://www.kronosolopromocionales.com/productos/libreta-spyro-produccion-nacional-8099/,libreta-spyro-produccion-nacional-8099,true,100,,100,A,
https://www.kronosolopromocionales.com/productos/libreta-dots-produccion-nacional-8096/,libreta-dots-produccion-nacional-8096,true,100,,100,A,
https://www.kronosolopromocionales.com/productos/cinta-blanca-especial-para-sublimacion-produccion-nacional-sobre-pedido-5744/,cinta-blanca-especial-para-sublimacion-produccion-nacional-sobre-pedido-5744,true,100,,100,A,
https://www.kronosolopromocionales.com/productos/mini-libreta-memphis-produccion-nacional-9353/,mini-libreta-memphis-produccion-nacional-9353,true,100,,100,A,
https://www.kronosolopromocionales.com/productos/libreta-rectangular-produccion-nacional-8363/,libreta-rectangular-produccion-nacional-8363,true,100,,100,A,
https://www.kronosolopromocionales.com/productos/mini-libreta-like-it-eco-produccion-nacional-10101/,mini-libreta-like-it-eco-produccion-nacional-10101,true,100,,100,A,
https://www.kronosolopromocionales.com/productos/funda-en-silicona-para-cp-242-colapsible-de-60ml-oferta-9492/,funda-en-silicona-para-cp-242-colapsible-de-60ml-oferta-9492,true,100,,100,A,
https://www.kronosolopromocionales.com/productos/alcancia-esfera-produccion-nacional-8211/,alcancia-esfera-produccion-nacional-8211,true,100,,100,A,
https://www.kronosolopromocionales.com/productos/maraca-grande-unidad-produccion-nacional-8370/,maraca-grande-unidad-produccion-nacional-8370,true,100,,100,A,
https://www.kronosolopromocionales.com/productos/mini-monedero-en-pvc-produccion-nacional-6237/,mini-monedero-en-pvc-produccion-nacional-6237,true,100,,100,A,
https://www.kronosolopromocionales.com/productos/boligrafo-ballpop-oferta-10014/,boligrafo-ballpop-oferta-10014,true,100,,100,A,
https://www.kronosolopromocionales.com/productos/portatarjetas-pop-10149/,portatarjetas-pop-10149,true,100,,100,A,
https://www.kronosolopromocionales.com/productos/mug-metalico-arrow-600-ml-nuevo-13569/,mug-metalico-arrow-600-ml-nuevo-13569,true,100,,100,A,
https://www.kronosolopromocionales.com/productos/mug-metalico-gillan-500-ml-nuevo-13570/,mug-metalico-gillan-500-ml-nuevo-13570,true,100,,100,A,
https://www.kronosolopromocionales.com/productos/resaltador-de-cera-seren-nuevo-13539/,resaltador-de-cera-seren-nuevo-13539,true,100,,100,A,
https://www.kronosolopromocionales.com/productos/lapiz-infinito-gemini-nuevo-13540/,lapiz-infinito-gemini-nuevo-13540,true,100,,100,A,
https://www.kronosolopromocionales.com/productos/bolsa-en-cambrel-soot-nuevo-13553/,bolsa-en-cambrel-soot-nuevo-13553,true,100,,100,A,
https://www.kronosolopromocionales.com/productos/bolsa-en-algodon-y-yute-nativ-300-gm-nuevo-13554/,bolsa-en-algodon-y-yute-nativ-300-gm-nuevo-13554,true,100,,100,A,
https://www.kronosolopromocionales.com/productos/bolsa-en-algodon-basic-300-gm-nuevo-13555/,bolsa-en-algodon-basic-300-gm-nuevo-13555,true,100,,100,A,
https://www.kronosolopromocionales.com/productos/planeador-semanal-week-nuevo-13556/,planeador-semanal-week-nuevo-13556,true,100,,100,A,
https://www.kronosolopromocionales.com/productos/mug-lume-350-ml-nuevo-13559/,mug-lume-350-ml-nuevo-13559,true,100,,100,A,
https://www.kronosolopromocionales.com/productos/paraguas-balan-23-13560/,paraguas-balan-23-13560,true,100,,100,A,
https://www.kronosolopromocionales.com/productos/medidor-de-presion-para-neumaticos-13297/,medidor-de-presion-para-neumaticos-13297,true,100,,100,A,
https://www.kronosolopromocionales.com/productos/speaker-bluetooth-novark-13298/,speaker-bluetooth-novark-13298,true,100,,100,A,
https://www.kronosolopromocionales.com/productos/teclado-bluetooth-orbi-13299/,teclado-bluetooth-orbi-13299,true,100,,100,A,
https://www.kronosolopromocionales.com/productos/mouse-inalambrico-lumo-13300/,mouse-inalambrico-lumo-13300,true,100,,100,A,
https://www.kronosolopromocionales.com/productos/soporte-para-celular-pop-it-13320/,soporte-para-celular-pop-it-13320,true,100,,100,A,
https://www.kronosolopromocionales.com/productos/reloj-de-arena-doble-13333/,reloj-de-arena-doble-13333,true,100,,100,A,
https://www.kronosolopromocionales.com/productos/pastillero-radion-13332/,pastillero-radion-13332,true,100,,100,A,
https://www.kronosolopromocionales.com/productos/portadocumentos-de-viajes-y-de-cables-neox-rpet-13362/,portadocumentos-de-viajes-y-de-cables-neox-rpet-13362,true,100,,100,A,
https://www.kronosolopromocionales.com/productos/cosmetiquera-terra-13500/,cosmetiquera-terra-13500,true,100,,100,A,
https://www.kronosolopromocionales.com/productos/mini-bolsa-en-algodon-100gms-13253/,mini-bolsa-en-algodon-100gms-13253,true,100,,100,A,
https://www.kronosolopromocionales.com/productos/resaltadores-jeringa-13262/,resaltadores-jeringa-13262,true,100,,100,A,
https://www.kronosolopromocionales.com/productos/portadocumentos-vintra-13308/,portadocumentos-vintra-13308,true,100,,100,A,
https://www.kronosolopromocionales.com/productos/boligrafo-scroll-13294/,boligrafo-scroll-13294,true,100,,100,A,
https://www.kronosolopromocionales.com/productos/rastreador-airtag-boomtag-13210/,rastreador-airtag-boomtag-13210,true,100,,100,A,
https://www.kronosolopromocionales.com/productos/rastreador-airtag-boomcard-13211/,rastreador-airtag-boomcard-13211,true,100,,100,A,
https://www.kronosolopromocionales.com/productos/audifonos-bluetooth-anc-13212/,audifonos-bluetooth-anc-13212,true,100,,100,A,
https://www.kronosolopromocionales.com/productos/speaker-bluetooth-beach-35-boompods-13213/,speaker-bluetooth-beach-35-boompods-13213,true,100,,100,A,
https://www.kronosolopromocionales.com/productos/bbq-grill-soccer-cook-13202/,bbq-grill-soccer-cook-13202,true,100,,100,A,
https://www.kronosolopromocionales.com/productos/masajeador-hyper-eco-13338/,masajeador-hyper-eco-13338,true,100,,100,A,
https://www.kronosolopromocionales.com/productos/abanico-en-madera-11142/,abanico-en-madera-11142,true,100,,100,A,
https://www.kronosolopromocionales.com/productos/correa-para-mascota-10815/,correa-para-mascota-10815,true,100,,100,A,
https://www.kronosolopromocionales.com/productos/ventilador-niklas-10817/,ventilador-niklas-10817,true,100,,100,A,
https://www.kronosolopromocionales.com/productos/set-de-12-colores-eco-kraft-10996/,set-de-12-colores-eco-kraft-10996,true,100,,100,A,
https://www.kronosolopromocionales.com/productos/set-de-12-colores-en-bolsa-10997/,set-de-12-colores-en-bolsa-10997,true,100,,100,A,
https://www.kronosolopromocionales.com/productos/estuche-multiusos-en-silicona-summer-11085/,estuche-multiusos-en-silicona-summer-11085,true,100,,85,A,
https://www.kronosolopromocionales.com/productos/mini-monedero-en-silicona-city-10906/,mini-monedero-en-silicona-city-10906,true,100,,100,A,
https://www.kronosolopromocionales.com/productos/identificador-de-maletas-nesus-10930/,identificador-de-maletas-nesus-10930,true,100,,100,A,
https://www.kronosolopromocionales.com/productos/juego-para-mascotas-10931/,juego-para-mascotas-10931,true,100,,100,A,
https://www.kronosolopromocionales.com/productos/gafas-bamboo-eco-10933/,gafas-bamboo-eco-10933,true,100,,100,A,
https://www.kronosolopromocionales.com/productos/poncho-en-bolsa-rpet-10936/,poncho-en-bolsa-rpet-10936,true,100,,100,A,
https://www.kronosolopromocionales.com/productos/funda-portacelular-marathon-11118/,funda-portacelular-marathon-11118,true,100,,100,A,
https://www.kronosolopromocionales.com/productos/alcancia-cork-11125/,alcancia-cork-11125,true,100,,100,A,
https://www.kronosolopromocionales.com/productos/dispensador-de-bolsas-string-11127/,dispensador-de-bolsas-string-11127,true,100,,100,A,
https://www.kronosolopromocionales.com/productos/bola-antiestres-neon-67cm-10947/,bola-antiestres-neon-67cm-10947,true,100,,100,A,
https://www.kronosolopromocionales.com/productos/bowl-para-mascota-9813/,bowl-para-mascota-9813,true,100,,100,A,
https://www.kronosolopromocionales.com/productos/protector-solar-para-carro-1442/,protector-solar-para-carro-1442,true,100,,100,A,
https://www.kronosolopromocionales.com/productos/banderitas-magic-index-722/,banderitas-magic-index-722,true,100,,100,A,
https://www.kronosolopromocionales.com/productos/banderitas-magic-index-ii-2576/,banderitas-magic-index-ii-2576,true,100,,100,A,
https://www.kronosolopromocionales.com/productos/tapa-chupo-para-va-160-mu-53-mu-07-6310/,tapa-chupo-para-va-160-mu-53-mu-07-6310,true,100,,100,A,
https://www.kronosolopromocionales.com/productos/identificador-de-maletas-flat-7296/,identificador-de-maletas-flat-7296,true,100,,100,A,
https://www.kronosolopromocionales.com/productos/aspiradora-para-carro-7410/,aspiradora-para-carro-7410,true,100,,100,A,
https://www.kronosolopromocionales.com/productos/alcancia-house-8154/,alcancia-house-8154,true,100,,100,A,
https://www.kronosolopromocionales.com/productos/bolsa-plegable-market-8192/,bolsa-plegable-market-8192,true,100,,100,A,
https://www.kronosolopromocionales.com/productos/bolsa-en-cambrel-multiusos-vita-prod-nacional-9364/,bolsa-en-cambrel-multiusos-vita-prod-nacional-9364,true,100,,100,A,
https://www.kronosolopromocionales.com/productos/monedero-en-silicona-backpack-9086/,monedero-en-silicona-backpack-9086,true,100,,100,A,
https://www.kronosolopromocionales.com/productos/cojin-de-viaje-triple-uso-produccion-nacional-9333/,cojin-de-viaje-triple-uso-produccion-nacional-9333,true,100,,100,A,
https://www.kronosolopromocionales.com/productos/bolsa-en-algodon-corcho-135gr-9103/,bolsa-en-algodon-corcho-135gr-9103,true,100,,100,A,
https://www.kronosolopromocionales.com/productos/bolsa-plegable-sunday-9216/,bolsa-plegable-sunday-9216,true,100,,100,A,
https://www.kronosolopromocionales.com/productos/yoga-mat-9609/,yoga-mat-9609,true,100,,100,A,
https://www.kronosolopromocionales.com/productos/alcancia-piggy-con-portacelular-9661/,alcancia-piggy-con-portacelular-9661,true,100,,100,A,
https://www.kronosolopromocionales.com/productos/cuerpo-plastico-para-abanico-tela-impresa-prod-nal-9439/,cuerpo-plastico-para-abanico-tela-impresa-prod-nal-9439,true,100,,100,A,
https://www.kronosolopromocionales.com/productos/carrito-shopping-bag-zipper-9867/,carrito-shopping-bag-zipper-9867,true,100,,100,A,
https://www.kronosolopromocionales.com/productos/identificador-de-maletas-cork-10357/,identificador-de-maletas-cork-10357,true,100,,100,A,
https://www.kronosolopromocionales.com/productos/identificador-de-maletas-murdock-10541/,identificador-de-maletas-murdock-10541,true,100,,100,A,
https://www.kronosolopromocionales.com/productos/portatarjetas-myles-rpet-10445/,portatarjetas-myles-rpet-10445,true,100,,100,A,
https://www.kronosolopromocionales.com/productos/morral-backpack-limit-10488/,morral-backpack-limit-10488,true,100,,100,A,
https://www.kronosolopromocionales.com/productos/bolsa-en-algodon-botanik-135gr-7533/,bolsa-en-algodon-botanik-135gr-7533,true,100,,100,A,
https://www.kronosolopromocionales.com/productos/dispensador-de-bolsas-bone-13179/,dispensador-de-bolsas-bone-13179,true,100,,100,A,
https://www.kronosolopromocionales.com/productos/soporte-para-moviles-y-tablets-bamboo-13182/,soporte-para-moviles-y-tablets-bamboo-13182,true,100,,100,A,
https://www.kronosolopromocionales.com/productos/cepillo-con-espejo-ulys-11123/,cepillo-con-espejo-ulys-11123,true,100,,100,A,
https://www.kronosolopromocionales.com/productos/set-de-portavasos-cork-10969/,set-de-portavasos-cork-10969,true,100,,100,A,
https://www.kronosolopromocionales.com/productos/portacomidas-attila-10818/,portacomidas-attila-10818,true,100,,100,A,
https://www.kronosolopromocionales.com/productos/set-de-cubiertos-dimitri-10822/,set-de-cubiertos-dimitri-10822,true,100,,100,A,
https://www.kronosolopromocionales.com/productos/set-de-fondue-petra-10990/,set-de-fondue-petra-10990,true,100,,100,A,
https://www.kronosolopromocionales.com/productos/set-de-fondue-queralt-10991/,set-de-fondue-queralt-10991,true,100,,100,A,
https://www.kronosolopromocionales.com/productos/portacomidas-albus-eco-11030/,portacomidas-albus-eco-11030,true,100,,100,A,
https://www.kronosolopromocionales.com/productos/set-de-queso-annika-11056/,set-de-queso-annika-11056,true,100,,100,A,
https://www.kronosolopromocionales.com/productos/reloj-de-arena-skai-eco-11062/,reloj-de-arena-skai-eco-11062,true,100,,100,A,
https://www.kronosolopromocionales.com/productos/set-de-queso-beret-10896/,set-de-queso-beret-10896,true,100,,100,A,
https://www.kronosolopromocionales.com/productos/molde-de-hielo-nook-10907/,molde-de-hielo-nook-10907,true,100,,100,A,
https://www.kronosolopromocionales.com/productos/portaliquido-metalico-chunky-420ml-11093/,portaliquido-metalico-chunky-420ml-11093,true,100,,100,A,
https://www.kronosolopromocionales.com/productos/set-de-cubiertos-en-acero-11096/,set-de-cubiertos-en-acero-11096,true,100,,100,A,
https://www.kronosolopromocionales.com/productos/portacomidas-anton-eco-11097/,portacomidas-anton-eco-11097,true,100,,100,A,
https://www.kronosolopromocionales.com/productos/cobija-spark-10937/,cobija-spark-10937,true,100,,100,A,
https://www.kronosolopromocionales.com/productos/mezclador-coffee-mixer-10946/,mezclador-coffee-mixer-10946,true,100,,100,A,
https://www.kronosolopromocionales.com/productos/portacomidas-lagoon-10887/,portacomidas-lagoon-10887,true,100,,100,A,
https://www.kronosolopromocionales.com/productos/mezclador-en-madera-10912/,mezclador-en-madera-10912,true,100,,100,A,
https://www.kronosolopromocionales.com/productos/mug-metalico-con-prensa-francesa-450ml-10824/,mug-metalico-con-prensa-francesa-450ml-10824,true,100,,100,A,
https://www.kronosolopromocionales.com/productos/llavero-destapador-campello-4808/,llavero-destapador-campello-4808,true,100,,100,A,
https://www.kronosolopromocionales.com/productos/speaker-bluetooth-plant-10555/,speaker-bluetooth-plant-10555,true,100,,100,A,
https://www.kronosolopromocionales.com/productos/boligrafo-kord-bamboo-10841/,boligrafo-kord-bamboo-10841,true,100,,100,A,
https://www.kronosolopromocionales.com/productos/lapiz-rojo-check-para-contabilidad-11000/,lapiz-rojo-check-para-contabilidad-11000,true,100,,100,A,
https://www.kronosolopromocionales.com/productos/set-resaltador-fingers-ii-eco-10720/,set-resaltador-fingers-ii-eco-10720,true,100,,100,A,
https://www.kronosolopromocionales.com/productos/resaltador-raff-rpet-ii-11048/,resaltador-raff-rpet-ii-11048,true,100,,100,A,
https://www.kronosolopromocionales.com/productos/set-de-clips-cork-10383/,set-de-clips-cork-10383,true,100,,100,A,
https://www.kronosolopromocionales.com/productos/planeador-semanal-cartoon-10345/,planeador-semanal-cartoon-10345,true,100,,100,A,
https://www.kronosolopromocionales.com/productos/cordon-portacelular-chili-10520/,cordon-portacelular-chili-10520,true,100,,100,A,
https://www.kronosolopromocionales.com/productos/libreta-plastica-klio-60-hojas-10559/,libreta-plastica-klio-60-hojas-10559,true,100,,100,A,
https://www.kronosolopromocionales.com/productos/libreta-attis-80-hojas-10561/,libreta-attis-80-hojas-10561,true,100,,100,A,
https://www.kronosolopromocionales.com/productos/libreta-mouse-pad-80-hojas-10375/,libreta-mouse-pad-80-hojas-10375,true,100,,100,A,
https://www.kronosolopromocionales.com/productos/libreta-narnia-80-hojas-10580/,libreta-narnia-80-hojas-10580,true,100,,100,A,
https://www.kronosolopromocionales.com/productos/carpeta-folder-flap-10329/,carpeta-folder-flap-10329,true,100,,100,A,
https://www.kronosolopromocionales.com/productos/libreta-everest-rpet-80-hojas-10331/,libreta-everest-rpet-80-hojas-10331,true,100,,100,A,
https://www.kronosolopromocionales.com/productos/libreta-multifuncional-rpet-bamboo-urban-business-10792/,libreta-multifuncional-rpet-bamboo-urban-business-10792,true,100,,100,A,
https://www.kronosolopromocionales.com/productos/carpeta-folder-velvet-rpet-10793/,carpeta-folder-velvet-rpet-10793,true,100,,100,A,
https://www.kronosolopromocionales.com/productos/libreta-velvet-rpet-10794/,libreta-velvet-rpet-10794,true,100,,100,A,
https://www.kronosolopromocionales.com/productos/resaltador-relaxy-10838/,resaltador-relaxy-10838,true,100,,100,A,
https://www.kronosolopromocionales.com/productos/portaboligrafos-konstantin-bamboo-10986/,portaboligrafos-konstantin-bamboo-10986,true,100,,100,A,
https://www.kronosolopromocionales.com/productos/calendario-perpetuo-loic-bamboo-10987/,calendario-perpetuo-loic-bamboo-10987,true,100,,100,A,
https://www.kronosolopromocionales.com/productos/set-romain-urban-business-10992/,set-romain-urban-business-10992,true,100,,100,A,
https://www.kronosolopromocionales.com/productos/libreta-saskia-urban-business-10994/,libreta-saskia-urban-business-10994,true,100,,100,A,
https://www.kronosolopromocionales.com/productos/borrador-school-10999/,borrador-school-10999,true,100,,100,A,
https://www.kronosolopromocionales.com/productos/set-cyrus-eco-11006/,set-cyrus-eco-11006,true,100,,100,A,
https://www.kronosolopromocionales.com/productos/set-de-escritorio-lynx-eco-11011/,set-de-escritorio-lynx-eco-11011,true,100,,100,A,
https://www.kronosolopromocionales.com/productos/set-de-resaltadores-perseus-11016/,set-de-resaltadores-perseus-11016,true,100,,100,A,
https://www.kronosolopromocionales.com/productos/set-de-reglas-metalicas-11021/,set-de-reglas-metalicas-11021,true,100,,100,A,
https://www.kronosolopromocionales.com/productos/resaltador-round-eco-11029/,resaltador-round-eco-11029,true,100,,100,A,
https://www.kronosolopromocionales.com/productos/libreta-bamboo-eco-cover-11032/,libreta-bamboo-eco-cover-11032,true,100,,100,A,
https://www.kronosolopromocionales.com/productos/set-aquarius-10783/,set-aquarius-10783,true,100,,100,A,
https://www.kronosolopromocionales.com/productos/libreta-albus-10784/,libreta-albus-10784,true,100,,100,A,
https://www.kronosolopromocionales.com/productos/regla-con-aluminio-30cm-11051/,regla-con-aluminio-30cm-11051,true,100,,100,A,
https://www.kronosolopromocionales.com/productos/libreta-folke-eco-11060/,libreta-folke-eco-11060,true,100,,100,A,
https://www.kronosolopromocionales.com/productos/set-carlson-eco-11064/,set-carlson-eco-11064,true,100,,100,A,
https://www.kronosolopromocionales.com/productos/libreta-hakan-eco-11065/,libreta-hakan-eco-11065,true,100,,100,A,
https://www.kronosolopromocionales.com/productos/set-de-escritorio-rolf-eco-11071/,set-de-escritorio-rolf-eco-11071,true,100,,100,A,
https://www.kronosolopromocionales.com/productos/set-flok-urban-business-10901/,set-flok-urban-business-10901,true,100,,100,A,
https://www.kronosolopromocionales.com/productos/set-henrik-urban-business-10902/,set-henrik-urban-business-10902,true,100,,100,A,
https://www.kronosolopromocionales.com/productos/libreta-klaus-urban-business-10903/,libreta-klaus-urban-business-10903,true,100,,100,A,
https://www.kronosolopromocionales.com/productos/memo-stickies-house-10881/,memo-stickies-house-10881,true,100,,100,A,
https://www.kronosolopromocionales.com/productos/libreta-astralis-rpet-11094/,libreta-astralis-rpet-11094,true,100,,100,A,
https://www.kronosolopromocionales.com/productos/pila-recargable-goliath-5000mah-10639/,pila-recargable-goliath-5000mah-10639,true,100,,100,A,
https://www.kronosolopromocionales.com/productos/mouse-pad-rpet-urban-business-10790/,mouse-pad-rpet-urban-business-10790,true,100,,100,A,
https://www.kronosolopromocionales.com/productos/puerto-usb-orion-eco-11014/,puerto-usb-orion-eco-11014,true,100,,100,A,
https://www.kronosolopromocionales.com/productos/mouse-pad-organizer-eco-11015/,mouse-pad-organizer-eco-11015,true,100,,100,A,
https://www.kronosolopromocionales.com/productos/set-de-mouse-pad-y-mouse-11018/,set-de-mouse-pad-y-mouse-11018,true,100,,100,A,
https://www.kronosolopromocionales.com/productos/cargador-inalambrico-sabik-eco-11020/,cargador-inalambrico-sabik-eco-11020,true,100,,100,A,
https://www.kronosolopromocionales.com/productos/organizador-de-cables-flex-11028/,organizador-de-cables-flex-11028,true,100,,100,A,
https://www.kronosolopromocionales.com/productos/mouse-pad-cork-10394/,mouse-pad-cork-10394,true,100,,100,A,
https://www.kronosolopromocionales.com/productos/estacion-de-trabajo-rpet-urban-business-10796/,estacion-de-trabajo-rpet-urban-business-10796,true,100,,100,A,
https://www.kronosolopromocionales.com/productos/boligrafo-ventura-clean-set-10840/,boligrafo-ventura-clean-set-10840,true,80,nombre_duplicado_sin_canonical,100,C,"Mismo nombre que otro producto con slug no relacionado por ID (grupo dup-4) — candidato a ""duplicada sin canonical"" de GSC"
https://www.kronosolopromocionales.com/productos/set-harley-10107/,set-harley-10107,true,100,,100,A,
https://www.kronosolopromocionales.com/productos/resaltador-raff-rpet-10109/,resaltador-raff-rpet-10109,true,100,,100,A,
https://www.kronosolopromocionales.com/productos/libreta-scorpius-rpet-10271/,libreta-scorpius-rpet-10271,true,100,,100,A,
https://www.kronosolopromocionales.com/productos/libreta-atlas-rpet-10272/,libreta-atlas-rpet-10272,true,100,,100,A,
https://www.kronosolopromocionales.com/productos/lacol-cubre-camara-9896/,lacol-cubre-camara-9896,true,100,,100,A,
https://www.kronosolopromocionales.com/productos/mouse-pad-minet-9900/,mouse-pad-minet-9900,true,100,,100,A,
https://www.kronosolopromocionales.com/productos/mini-libreta-duo-produccion-nacional-ver-ref-bolian-6051/,mini-libreta-duo-produccion-nacional-ver-ref-bolian-6051,true,100,,100,A,
https://www.kronosolopromocionales.com/productos/set-de-resaltadores-de-cera-trio-6524/,set-de-resaltadores-de-cera-trio-6524,true,100,,100,A,
https://www.kronosolopromocionales.com/productos/resaltador-magico-en-cera-mega-5152/,resaltador-magico-en-cera-mega-5152,true,100,,100,A,
https://www.kronosolopromocionales.com/productos/estuche-para-resaltador-magico-mega-5154/,estuche-para-resaltador-magico-mega-5154,true,100,,100,A,
https://www.kronosolopromocionales.com/productos/set-mini-resaltador-de-tinta-6594/,set-mini-resaltador-de-tinta-6594,true,100,,100,A,
https://www.kronosolopromocionales.com/productos/estuche-rectangular-para-of-376-5886/,estuche-rectangular-para-of-376-5886,true,100,,100,A,
https://www.kronosolopromocionales.com/productos/estuche-jar-para-of-376-y-of-19-5885/,estuche-jar-para-of-376-y-of-19-5885,true,100,,100,A,
https://www.kronosolopromocionales.com/productos/set-resaltador-fingers-6707/,set-resaltador-fingers-6707,true,100,,100,A,
https://www.kronosolopromocionales.com/productos/marcador-borrable-3999/,marcador-borrable-3999,true,100,,100,A,
https://www.kronosolopromocionales.com/productos/estuche-para-4-resaltadores-en-cera-adam-7493/,estuche-para-4-resaltadores-en-cera-adam-7493,true,100,,100,A,
https://www.kronosolopromocionales.com/productos/libreta-newton-7485/,libreta-newton-7485,true,100,,100,A,
https://www.kronosolopromocionales.com/productos/mini-libreta-soker-7748/,mini-libreta-soker-7748,true,100,,100,A,
https://www.kronosolopromocionales.com/productos/libreta-cedric-oferta-8474/,libreta-cedric-oferta-8474,true,100,,100,A,
https://www.kronosolopromocionales.com/productos/mini-libreta-niccolo-8640/,mini-libreta-niccolo-8640,true,100,,100,A,
https://www.kronosolopromocionales.com/productos/mini-libreta-neon-ii-8739/,mini-libreta-neon-ii-8739,true,100,,100,A,
https://www.kronosolopromocionales.com/productos/estuche-metalico-avalon-8400/,estuche-metalico-avalon-8400,true,100,,100,A,
https://www.kronosolopromocionales.com/productos/libreta-british-9041/,libreta-british-9041,true,100,,100,A,
https://www.kronosolopromocionales.com/productos/libreta-zipper-oferta-9062/,libreta-zipper-oferta-9062,true,100,,100,A,
https://www.kronosolopromocionales.com/productos/buckingham-roller-9360/,buckingham-roller-9360,true,100,,100,A,
https://www.kronosolopromocionales.com/productos/cargador-inalambrico-portadocumentos-8908/,cargador-inalambrico-portadocumentos-8908,true,100,,100,A,
https://www.kronosolopromocionales.com/productos/mouse-inalambrico-9105/,mouse-inalambrico-9105,true,100,,100,A,
https://www.kronosolopromocionales.com/productos/calentador-de-mugs-usb-9328/,calentador-de-mugs-usb-9328,true,100,,100,A,
https://www.kronosolopromocionales.com/productos/maui-9248/,maui-9248,true,90,nombre_corto,100,A,
https://www.kronosolopromocionales.com/productos/soporte-metalico-para-portatil-aluminium-ii-9868/,soporte-metalico-para-portatil-aluminium-ii-9868,true,100,,100,A,
https://www.kronosolopromocionales.com/productos/buckingham-boligrafo-9881/,buckingham-boligrafo-9881,true,100,,100,A,
https://www.kronosolopromocionales.com/productos/cargador-inalambrico-para-moviles-flat-10w-9940/,cargador-inalambrico-para-moviles-flat-10w-9940,true,100,,100,A,
https://www.kronosolopromocionales.com/productos/libreta-igor-100-hojas-10198/,libreta-igor-100-hojas-10198,true,100,,100,A,
https://www.kronosolopromocionales.com/productos/mini-libreta-sevilla-100-hojas-10199/,mini-libreta-sevilla-100-hojas-10199,true,100,,100,A,
https://www.kronosolopromocionales.com/productos/carpeta-folder-con-cargador-inalambrico-grimm-10115/,carpeta-folder-con-cargador-inalambrico-grimm-10115,true,100,,100,A,
https://www.kronosolopromocionales.com/productos/libreta-multifuncional-cargador-inalambrico-grimm-10117/,libreta-multifuncional-cargador-inalambrico-grimm-10117,true,100,,100,A,
https://www.kronosolopromocionales.com/productos/cargador-inalambrico-emmett-10128/,cargador-inalambrico-emmett-10128,true,100,,100,A,
https://www.kronosolopromocionales.com/productos/soporte-metalico-premium-10131/,soporte-metalico-premium-10131,true,100,,100,A,
https://www.kronosolopromocionales.com/productos/soporte-para-moviles-strike-produccion-nacional-10282/,soporte-para-moviles-strike-produccion-nacional-10282,true,100,,100,A,
https://www.kronosolopromocionales.com/productos/soporte-para-moviles-handy-7550/,soporte-para-moviles-handy-7550,true,100,,100,A,
https://www.kronosolopromocionales.com/productos/portatarjetas-en-silicona-con-soporte-9377/,portatarjetas-en-silicona-con-soporte-9377,true,100,,100,A,
https://www.kronosolopromocionales.com/productos/portatarjetas-en-silicona-magnet-9378/,portatarjetas-en-silicona-magnet-9378,true,100,,100,A,
https://www.kronosolopromocionales.com/productos/cargador-inalambrico-credit-card-oferta-9572/,cargador-inalambrico-credit-card-oferta-9572,true,100,,100,A,
https://www.kronosolopromocionales.com/productos/soporte-plastico-para-portatil-ii-10280/,soporte-plastico-para-portatil-ii-10280,true,100,,100,A,
https://www.kronosolopromocionales.com/productos/cable-multicargador-bamboo-9794/,cable-multicargador-bamboo-9794,true,100,,100,A,
https://www.kronosolopromocionales.com/productos/mouse-pad-con-cargador-inalambrico-mylo-9806/,mouse-pad-con-cargador-inalambrico-mylo-9806,true,100,,100,A,
https://www.kronosolopromocionales.com/productos/portatarjetas-becam-9894/,portatarjetas-becam-9894,true,100,,100,A,
https://www.kronosolopromocionales.com/productos/portatarjetas-en-lycra-9910/,portatarjetas-en-lycra-9910,true,100,,85,A,
https://www.kronosolopromocionales.com/productos/puerto-usb-gyro-oferta-9977/,puerto-usb-gyro-oferta-9977,true,100,,100,A,
https://www.kronosolopromocionales.com/productos/cargador-inalambrico-collin-10136/,cargador-inalambrico-collin-10136,true,100,,100,A,
https://www.kronosolopromocionales.com/productos/soporte-para-moviles-miller-10140/,soporte-para-moviles-miller-10140,true,100,,100,A,
https://www.kronosolopromocionales.com/productos/portatarjetas-adhesivo-con-boligrafo-oferta-10146/,portatarjetas-adhesivo-con-boligrafo-oferta-10146,true,100,,100,A,
https://www.kronosolopromocionales.com/productos/audifonos-bluetooth-polka-oferta-10147/,audifonos-bluetooth-polka-oferta-10147,true,100,,100,A,
https://www.kronosolopromocionales.com/productos/gemini-roller-10304/,gemini-roller-10304,true,100,,100,A,
https://www.kronosolopromocionales.com/productos/organizador-de-escritorio-3-1-rpet-10493/,organizador-de-escritorio-3-1-rpet-10493,true,100,,100,A,
https://www.kronosolopromocionales.com/productos/cubre-camara-eco-clip-10486/,cubre-camara-eco-clip-10486,true,100,,100,A,
https://www.kronosolopromocionales.com/productos/puerto-usb-bamboo-spirit-10311/,puerto-usb-bamboo-spirit-10311,true,100,,100,A,
https://www.kronosolopromocionales.com/productos/soporte-para-moviles-deluxe-10527/,soporte-para-moviles-deluxe-10527,true,100,,100,A,
https://www.kronosolopromocionales.com/productos/soporte-para-moviles-gyro-10526/,soporte-para-moviles-gyro-10526,true,100,,100,A,
https://www.kronosolopromocionales.com/productos/set-de-libreta-y-boligrafo-2-1-rpet-10330/,set-de-libreta-y-boligrafo-2-1-rpet-10330,true,100,,100,A,
https://www.kronosolopromocionales.com/productos/portaidentificador-de-carnet-con-metro-10624/,portaidentificador-de-carnet-con-metro-10624,true,100,,100,A,
https://www.kronosolopromocionales.com/productos/audifonos-bluetooth-vibe-boompods-10883/,audifonos-bluetooth-vibe-boompods-10883,true,100,,100,A,
https://www.kronosolopromocionales.com/productos/audifonos-bluetooth-sportpods-boompods-10884/,audifonos-bluetooth-sportpods-boompods-10884,true,100,,100,A,
https://www.kronosolopromocionales.com/productos/speaker-bluetooth-beach-boompods-10885/,speaker-bluetooth-beach-boompods-10885,true,100,,100,A,
https://www.kronosolopromocionales.com/productos/reloj-inteligente-korbin-plus-10353/,reloj-inteligente-korbin-plus-10353,true,100,,100,A,
https://www.kronosolopromocionales.com/productos/pila-recargable-con-cargador-inalambrico-4000mah-10532/,pila-recargable-con-cargador-inalambrico-4000mah-10532,true,100,,100,A,
https://www.kronosolopromocionales.com/productos/speaker-bluetooth-waterproof-ii-10645/,speaker-bluetooth-waterproof-ii-10645,true,100,,100,A,
https://www.kronosolopromocionales.com/productos/pila-recargable-en-bamboo-nipax-5000mah-ii-10648/,pila-recargable-en-bamboo-nipax-5000mah-ii-10648,true,100,,100,A,
https://www.kronosolopromocionales.com/productos/soporte-para-moviles-alarik-ii-10277/,soporte-para-moviles-alarik-ii-10277,true,100,,100,A,
https://www.kronosolopromocionales.com/productos/speaker-bluetooth-bentley-10351/,speaker-bluetooth-bentley-10351,true,100,,100,A,
https://www.kronosolopromocionales.com/productos/speaker-bluetooth-callum-10386/,speaker-bluetooth-callum-10386,true,100,,100,A,
https://www.kronosolopromocionales.com/productos/speaker-bluetooth-dallas-10385/,speaker-bluetooth-dallas-10385,true,100,,100,A,
https://www.kronosolopromocionales.com/productos/cargador-inalambrico-magnet-oferta-10482/,cargador-inalambrico-magnet-oferta-10482,true,100,,100,A,
https://www.kronosolopromocionales.com/productos/soporte-para-moviles-scully-10539/,soporte-para-moviles-scully-10539,true,100,,100,A,
https://www.kronosolopromocionales.com/productos/speaker-bluetooth-owen-urban-travel-10476/,speaker-bluetooth-owen-urban-travel-10476,true,100,,100,A,
https://www.kronosolopromocionales.com/productos/cargador-para-carro-dino-10460/,cargador-para-carro-dino-10460,true,100,,100,A,
https://www.kronosolopromocionales.com/productos/puerto-usb-6-1-10471/,puerto-usb-6-1-10471,true,100,,100,A,
https://www.kronosolopromocionales.com/productos/soporte-para-moviles-mirror-10649/,soporte-para-moviles-mirror-10649,true,100,,100,A,
https://www.kronosolopromocionales.com/productos/ventilador-tipo-c-10705/,ventilador-tipo-c-10705,true,100,,100,A,
https://www.kronosolopromocionales.com/productos/speaker-bluetooth-groovy-urban-travel-10917/,speaker-bluetooth-groovy-urban-travel-10917,true,100,,100,A,
https://www.kronosolopromocionales.com/productos/speaker-bluetooth-vortex-10918/,speaker-bluetooth-vortex-10918,true,100,,100,A,
https://www.kronosolopromocionales.com/productos/pila-recargable-flashlight-5000-mah-10826/,pila-recargable-flashlight-5000-mah-10826,true,100,,100,A,
https://www.kronosolopromocionales.com/productos/soporte-metalico-atlas-eco-10740/,soporte-metalico-atlas-eco-10740,true,100,,100,A,
https://www.kronosolopromocionales.com/productos/puerto-usb-dante-eco-10741/,puerto-usb-dante-eco-10741,true,100,,100,A,
https://www.kronosolopromocionales.com/productos/puerto-usb-casiuss-eco-10744/,puerto-usb-casiuss-eco-10744,true,100,,100,A,
https://www.kronosolopromocionales.com/productos/cargador-inalambrico-con-tablero-eco-10745/,cargador-inalambrico-con-tablero-eco-10745,true,100,,100,A,
https://www.kronosolopromocionales.com/productos/cargador-inalambrico-magnet-3-1-eco-10746/,cargador-inalambrico-magnet-3-1-eco-10746,false,55,story_debil;features_insuficientes;sin_useCases,45,D,"is_ai_optimized=false — pendiente de enriquecimiento, excluido del sitemap intencionalmente"
https://www.kronosolopromocionales.com/productos/cargador-para-carro-eco-10747/,cargador-para-carro-eco-10747,true,100,,100,A,
https://www.kronosolopromocionales.com/productos/speaker-bluetooth-twin-karaoke-10976/,speaker-bluetooth-twin-karaoke-10976,true,100,,100,A,
https://www.kronosolopromocionales.com/productos/cable-multicargador-lorcan-10977/,cable-multicargador-lorcan-10977,true,100,,100,A,
https://www.kronosolopromocionales.com/productos/cargador-inalambrico-en-aluminio-reciclado-10812/,cargador-inalambrico-en-aluminio-reciclado-10812,true,100,,100,A,
https://www.kronosolopromocionales.com/productos/cargador-inalambrico-warmer-10875/,cargador-inalambrico-warmer-10875,true,100,,100,A,
https://www.kronosolopromocionales.com/productos/puerto-usb-hero-10876/,puerto-usb-hero-10876,true,100,,100,A,
https://www.kronosolopromocionales.com/productos/puerto-usb-julius-10877/,puerto-usb-julius-10877,true,100,,100,A,
https://www.kronosolopromocionales.com/productos/cable-multicargador-kornell-10878/,cable-multicargador-kornell-10878,true,100,,100,A,
https://www.kronosolopromocionales.com/productos/cargador-inalambrico-lavinia-10879/,cargador-inalambrico-lavinia-10879,true,100,,100,A,
https://www.kronosolopromocionales.com/productos/audifonos-bluetooth-osmin-10897/,audifonos-bluetooth-osmin-10897,true,100,,100,A,
https://www.kronosolopromocionales.com/productos/cable-multicargador-steffen-10898/,cable-multicargador-steffen-10898,true,100,,100,A,
https://www.kronosolopromocionales.com/productos/pila-recargable-olympus-10000mah-10908/,pila-recargable-olympus-10000mah-10908,true,100,,100,A,
https://www.kronosolopromocionales.com/productos/pila-recargable-majestic-5000mah-10909/,pila-recargable-majestic-5000mah-10909,true,100,,100,A,
https://www.kronosolopromocionales.com/productos/set-de-viaje-kinetik-10942/,set-de-viaje-kinetik-10942,true,100,,100,A,
https://www.kronosolopromocionales.com/productos/reloj-inteligente-timothy-ii-13168/,reloj-inteligente-timothy-ii-13168,true,100,,100,A,
https://www.kronosolopromocionales.com/productos/speaker-bluetooth-artix-ii-10220/,speaker-bluetooth-artix-ii-10220,true,100,,100,A,
https://www.kronosolopromocionales.com/productos/set-de-limpieza-tech-10156/,set-de-limpieza-tech-10156,true,100,,100,A,
https://www.kronosolopromocionales.com/productos/mini-set-de-limpieza-tech-10161/,mini-set-de-limpieza-tech-10161,true,100,,100,A,
https://www.kronosolopromocionales.com/productos/organizador-multiusos-con-esterilizador-uvc-led-oferta-9494/,organizador-multiusos-con-esterilizador-uvc-led-oferta-9494,true,100,,100,A,
https://www.kronosolopromocionales.com/productos/cargador-inalambrico-bamboo-square-ii-13191/,cargador-inalambrico-bamboo-square-ii-13191,true,100,,100,A,
https://www.kronosolopromocionales.com/productos/bolsa-en-algodon-botanik-100gr-10690/,bolsa-en-algodon-botanik-100gr-10690,true,100,,100,A,
https://www.kronosolopromocionales.com/productos/bolsa-en-algodon-con-fuelle-100gr-10691/,bolsa-en-algodon-con-fuelle-100gr-10691,true,100,,100,A,
https://www.kronosolopromocionales.com/productos/cartoon-3010/,cartoon-3010,true,90,nombre_corto,85,A,
https://www.kronosolopromocionales.com/productos/ecologik-8231/,ecologik-8231,true,100,,100,A,
https://www.kronosolopromocionales.com/productos/reloj-led-bamboo-9721/,reloj-led-bamboo-9721,true,100,,100,A,
https://www.kronosolopromocionales.com/productos/bolsa-en-algodon-con-fuelle-135gr-7568/,bolsa-en-algodon-con-fuelle-135gr-7568,true,100,,100,A,
https://www.kronosolopromocionales.com/productos/morral-backpack-telesto-rpet-10414/,morral-backpack-telesto-rpet-10414,true,100,,100,A,
https://www.kronosolopromocionales.com/productos/portadocumentos-de-viaje-y-de-cables-rpet-10420/,portadocumentos-de-viaje-y-de-cables-rpet-10420,true,100,,100,A,
https://www.kronosolopromocionales.com/productos/organizador-de-viaje-tango-rpet-10421/,organizador-de-viaje-tango-rpet-10421,true,100,,100,A,
https://www.kronosolopromocionales.com/productos/bolsa-holt-eco-120gr-10422/,bolsa-holt-eco-120gr-10422,true,100,,100,A,
https://www.kronosolopromocionales.com/productos/morral-backpack-prince-urban-travel-10548/,morral-backpack-prince-urban-travel-10548,true,100,,100,A,
https://www.kronosolopromocionales.com/productos/morral-backpack-genesis-urban-travel-10549/,morral-backpack-genesis-urban-travel-10549,true,100,,100,A,
https://www.kronosolopromocionales.com/productos/bolsa-plastica-ruffus-10584/,bolsa-plastica-ruffus-10584,true,100,,100,A,
https://www.kronosolopromocionales.com/productos/morral-backpack-river-10363/,morral-backpack-river-10363,true,100,,100,A,
https://www.kronosolopromocionales.com/productos/morral-backpack-chest-10370/,morral-backpack-chest-10370,true,100,,100,A,
https://www.kronosolopromocionales.com/productos/nevera-cooler-ginko-10371/,nevera-cooler-ginko-10371,true,100,,100,A,
https://www.kronosolopromocionales.com/productos/bolsa-en-algodon-shopper-290gr-10367/,bolsa-en-algodon-shopper-290gr-10367,true,100,,100,A,
https://www.kronosolopromocionales.com/productos/estuche-baloo-10372/,estuche-baloo-10372,true,100,,100,A,
https://www.kronosolopromocionales.com/productos/organizador-de-viaje-artemis-10376/,organizador-de-viaje-artemis-10376,true,100,,100,A,
https://www.kronosolopromocionales.com/productos/organizador-de-viaje-venus-10574/,organizador-de-viaje-venus-10574,true,100,,100,A,
https://www.kronosolopromocionales.com/productos/bolsa-compacta-cliff-10576/,bolsa-compacta-cliff-10576,true,100,,100,A,
https://www.kronosolopromocionales.com/productos/morral-backpack-doom-10332/,morral-backpack-doom-10332,true,100,,100,A,
https://www.kronosolopromocionales.com/productos/morral-backpack-kallisto-10787/,morral-backpack-kallisto-10787,true,100,,100,A,
https://www.kronosolopromocionales.com/productos/morral-backpack-antirrobo-sencillo-armor-ii-10564/,morral-backpack-antirrobo-sencillo-armor-ii-10564,true,100,,100,A,
https://www.kronosolopromocionales.com/productos/morral-backpack-tripp-ii-10565/,morral-backpack-tripp-ii-10565,true,100,,100,A,
https://www.kronosolopromocionales.com/productos/organizador-de-viaje-nova-urban-travel-9817/,organizador-de-viaje-nova-urban-travel-9817,true,100,,100,A,
https://www.kronosolopromocionales.com/productos/cosmetiquera-judy-produccion-nacional-9825/,cosmetiquera-judy-produccion-nacional-9825,true,100,,100,A,
https://www.kronosolopromocionales.com/productos/maletin-avenue-oferta-6161/,maletin-avenue-oferta-6161,true,100,,100,A,
https://www.kronosolopromocionales.com/productos/bolsa-clear-trenza-con-ribete-produccion-nacional-6463/,bolsa-clear-trenza-con-ribete-produccion-nacional-6463,true,100,,100,A,
https://www.kronosolopromocionales.com/productos/bolsa-clear-zuzy-con-ribete-produccion-nacional-6460/,bolsa-clear-zuzy-con-ribete-produccion-nacional-6460,true,100,,100,A,
https://www.kronosolopromocionales.com/productos/morral-backpack-denim-7600/,morral-backpack-denim-7600,true,100,,100,A,
https://www.kronosolopromocionales.com/productos/morral-backpack-plegable-venecia-9157/,morral-backpack-plegable-venecia-9157,true,100,,100,A,
https://www.kronosolopromocionales.com/productos/nevera-cooler-bag-neopreno-9311/,nevera-cooler-bag-neopreno-9311,true,100,,100,A,
https://www.kronosolopromocionales.com/productos/nevera-cooler-joplin-9068/,nevera-cooler-joplin-9068,true,100,,100,A,
https://www.kronosolopromocionales.com/productos/morral-backpack-antirrobo-security-9601/,morral-backpack-antirrobo-security-9601,true,100,,100,A,
https://www.kronosolopromocionales.com/productos/organizador-de-viaje-darwin-9826/,organizador-de-viaje-darwin-9826,true,100,,100,A,
https://www.kronosolopromocionales.com/productos/bolsa-en-cambrel-shopper-9960/,bolsa-en-cambrel-shopper-9960,true,100,,100,A,
https://www.kronosolopromocionales.com/productos/manos-libres-lakey-urban-travel-10167/,manos-libres-lakey-urban-travel-10167,true,100,,100,A,
https://www.kronosolopromocionales.com/productos/sporty-bag-evan-10155/,sporty-bag-evan-10155,true,100,,100,A,
https://www.kronosolopromocionales.com/productos/nevera-cooler-caspian-10175/,nevera-cooler-caspian-10175,true,100,,100,A,
https://www.kronosolopromocionales.com/productos/nevera-cooler-bishop-10185/,nevera-cooler-bishop-10185,true,100,,100,A,
https://www.kronosolopromocionales.com/productos/nevera-cooler-strap-10189/,nevera-cooler-strap-10189,true,100,,100,A,
https://www.kronosolopromocionales.com/productos/nevera-cooler-cody-10193/,nevera-cooler-cody-10193,true,100,,100,A,
https://www.kronosolopromocionales.com/productos/organizador-de-viaje-merrick-10184/,organizador-de-viaje-merrick-10184,true,100,,100,A,
https://www.kronosolopromocionales.com/productos/funda-portalaptop-rpet-10173/,funda-portalaptop-rpet-10173,true,100,,100,A,
https://www.kronosolopromocionales.com/productos/maletin-portadocumentos-king-10171/,maletin-portadocumentos-king-10171,true,100,,100,A,
https://www.kronosolopromocionales.com/productos/morral-backpack-asher-rpet-10174/,morral-backpack-asher-rpet-10174,true,100,,100,A,
https://www.kronosolopromocionales.com/productos/morral-backpack-padrax-oferta-10170/,morral-backpack-padrax-oferta-10170,true,100,,100,A,
https://www.kronosolopromocionales.com/productos/bolsa-graham-ii-13172/,bolsa-graham-ii-13172,true,100,,100,A,
https://www.kronosolopromocionales.com/productos/sporty-bag-cotton-180gr-ii-11039/,sporty-bag-cotton-180gr-ii-11039,true,100,,100,A,
https://www.kronosolopromocionales.com/productos/morral-backpack-gripper-11045/,morral-backpack-gripper-11045,true,100,,100,A,
https://www.kronosolopromocionales.com/productos/botilito-plastico-santino-650ml-oferta-9774/,botilito-plastico-santino-650ml-oferta-9774,true,100,,80,A,
https://www.kronosolopromocionales.com/productos/botilito-plastico-frontier-petg-610ml-10700/,botilito-plastico-frontier-petg-610ml-10700,true,100,,80,A,
https://www.kronosolopromocionales.com/productos/botilito-metalico-marcello-800ml-10390/,botilito-metalico-marcello-800ml-10390,true,100,,80,A,
https://www.kronosolopromocionales.com/productos/mug-metalico-troy-300ml-10341/,mug-metalico-troy-300ml-10341,true,100,,100,A,
https://www.kronosolopromocionales.com/productos/botilito-metalico-lewis-urban-travel-500ml-10342/,botilito-metalico-lewis-urban-travel-500ml-10342,true,100,,80,A,
https://www.kronosolopromocionales.com/productos/mug-metalico-magnus-urban-travel-400ml-10506/,mug-metalico-magnus-urban-travel-400ml-10506,true,100,,100,A,
https://www.kronosolopromocionales.com/productos/botilito-metalico-legacy-530ml-10512/,botilito-metalico-legacy-530ml-10512,true,100,,80,A,
https://www.kronosolopromocionales.com/productos/botilito-metalico-dash-950ml-10501/,botilito-metalico-dash-950ml-10501,true,100,,80,A,
https://www.kronosolopromocionales.com/productos/mug-metalico-harlem-350ml-10504/,mug-metalico-harlem-350ml-10504,true,100,,100,A,
https://www.kronosolopromocionales.com/productos/mug-toffee-300ml-10430/,mug-toffee-300ml-10430,false,55,story_debil;features_insuficientes;sin_useCases,45,D,"is_ai_optimized=false — pendiente de enriquecimiento, excluido del sitemap intencionalmente"
https://www.kronosolopromocionales.com/productos/termo-metalico-calypso-chili-750ml-10518/,termo-metalico-calypso-chili-750ml-10518,true,100,,80,A,
https://www.kronosolopromocionales.com/productos/mug-metalico-calypso-chili-500ml-10521/,mug-metalico-calypso-chili-500ml-10521,true,100,,100,A,
https://www.kronosolopromocionales.com/productos/mug-compacto-350ml-10568/,mug-compacto-350ml-10568,true,100,,100,A,
https://www.kronosolopromocionales.com/productos/mug-metalico-chester-880ml-10455/,mug-metalico-chester-880ml-10455,true,100,,100,A,
https://www.kronosolopromocionales.com/productos/botilito-plastico-bacchus-pet-1000ml-10562/,botilito-plastico-bacchus-pet-1000ml-10562,true,100,,80,A,
https://www.kronosolopromocionales.com/productos/mug-plastico-pacific-450ml-oferta-10581/,mug-plastico-pacific-450ml-oferta-10581,true,100,,100,A,
https://www.kronosolopromocionales.com/productos/botilito-plastico-wonder-700ml-produccion-nacional-10688/,botilito-plastico-wonder-700ml-produccion-nacional-10688,true,100,,80,A,
https://www.kronosolopromocionales.com/productos/botilito-plastico-shams-rpet-600ml-10785/,botilito-plastico-shams-rpet-600ml-10785,true,100,,80,A,
https://www.kronosolopromocionales.com/productos/mug-metalico-torval-urban-travel-400ml-11053/,mug-metalico-torval-urban-travel-400ml-11053,true,100,,100,A,
https://www.kronosolopromocionales.com/productos/tapa-cupula-double-10631/,tapa-cupula-double-10631,true,100,,100,A,
https://www.kronosolopromocionales.com/productos/tapa-pestana-window-10632/,tapa-pestana-window-10632,true,100,,100,A,
https://www.kronosolopromocionales.com/productos/tapa-holdy-10615/,tapa-holdy-10615,true,100,,100,A,
https://www.kronosolopromocionales.com/productos/botilito-metalico-dakota-650ml-10083/,botilito-metalico-dakota-650ml-10083,true,100,,80,A,
https://www.kronosolopromocionales.com/productos/botilito-plastico-sterling-700ml-10084/,botilito-plastico-sterling-700ml-10084,true,100,,80,A,
https://www.kronosolopromocionales.com/productos/mug-metalico-con-pitillo-600ml-10092/,mug-metalico-con-pitillo-600ml-10092,true,100,,100,A,
https://www.kronosolopromocionales.com/productos/botilito-metalico-artemis-800ml-10306/,botilito-metalico-artemis-800ml-10306,true,100,,80,A,
https://www.kronosolopromocionales.com/productos/botilito-en-pvc-helice-760ml-produccion-nacional-5741/,botilito-en-pvc-helice-760ml-produccion-nacional-5741,true,100,,80,A,
https://www.kronosolopromocionales.com/productos/botilito-sport-650ml-produccion-nacional-4083/,botilito-sport-650ml-produccion-nacional-4083,true,100,,80,A,
https://www.kronosolopromocionales.com/productos/tapa-en-silicona-para-mug-orbit-5893/,tapa-en-silicona-para-mug-orbit-5893,true,100,,100,A,
https://www.kronosolopromocionales.com/productos/tapa-pestana-para-botilito-mu-07-mu-59-4087/,tapa-pestana-para-botilito-mu-07-mu-59-4087,true,100,,80,A,
https://www.kronosolopromocionales.com/productos/tapa-botilito-igloo-energy-2381/,tapa-botilito-igloo-energy-2381,true,100,,80,A,
https://www.kronosolopromocionales.com/productos/botilito-supra-en-pet-600ml-produccion-nacional-6706/,botilito-supra-en-pet-600ml-produccion-nacional-6706,true,100,,80,A,
https://www.kronosolopromocionales.com/productos/botilito-para-mascotas-580ml-8867/,botilito-para-mascotas-580ml-8867,true,100,,80,A,
https://www.kronosolopromocionales.com/productos/botilito-plastico-cork-650ml-oferta-9012/,botilito-plastico-cork-650ml-oferta-9012,true,100,,80,A,
https://www.kronosolopromocionales.com/productos/botilito-en-pet-leroy-800ml-produccion-nacional-9355/,botilito-en-pet-leroy-800ml-produccion-nacional-9355,true,100,,80,A,
https://www.kronosolopromocionales.com/productos/tapa-chupo-lisa-produccion-nacional-9394/,tapa-chupo-lisa-produccion-nacional-9394,true,100,,100,A,
https://www.kronosolopromocionales.com/productos/tapa-para-botilito-supra-mu-90-y-mu-253-maxi-supra-6988/,tapa-para-botilito-supra-mu-90-y-mu-253-maxi-supra-6988,true,100,,80,A,
https://www.kronosolopromocionales.com/productos/botilito-plastico-alepy-petg-750ml-oferta-9557/,botilito-plastico-alepy-petg-750ml-oferta-9557,true,100,,80,A,
https://www.kronosolopromocionales.com/productos/botilito-plastico-nomix-petg-750ml-oferta-9558/,botilito-plastico-nomix-petg-750ml-oferta-9558,true,100,,80,A,
https://www.kronosolopromocionales.com/productos/mug-metalico-koen-urban-travel-600ml-10500/,mug-metalico-koen-urban-travel-600ml-10500,true,100,,100,A,
https://www.kronosolopromocionales.com/productos/mug-metalico-wilem-380ml-ii-10621/,mug-metalico-wilem-380ml-ii-10621,true,100,,100,A,
https://www.kronosolopromocionales.com/productos/boligrafo-aldrich-metalizado-10664/,boligrafo-aldrich-metalizado-10664,true,100,,100,A,
https://www.kronosolopromocionales.com/productos/boligrafo-aldrich-solido-10663/,boligrafo-aldrich-solido-10663,true,100,,100,A,
https://www.kronosolopromocionales.com/productos/boligrafo-baniri-bamboo-10658/,boligrafo-baniri-bamboo-10658,true,100,,100,A,
https://www.kronosolopromocionales.com/productos/boligrafo-jeringa-2441/,boligrafo-jeringa-2441,true,100,,100,A,
https://www.kronosolopromocionales.com/productos/boligrafo-calvin-10498/,boligrafo-calvin-10498,true,100,,100,A,
https://www.kronosolopromocionales.com/productos/boligrafo-helmet-10666/,boligrafo-helmet-10666,true,100,,100,A,
https://www.kronosolopromocionales.com/productos/boligrafo-kent-10657/,boligrafo-kent-10657,true,100,,100,A,
https://www.kronosolopromocionales.com/productos/boligrafo-landon-10662/,boligrafo-landon-10662,true,100,,100,A,
https://www.kronosolopromocionales.com/productos/boligrafo-luana-10661/,boligrafo-luana-10661,true,100,,100,A,
https://www.kronosolopromocionales.com/productos/boligrafo-ziwei-bamboo-10659/,boligrafo-ziwei-bamboo-10659,true,100,,100,A,
https://www.kronosolopromocionales.com/productos/boligrafo-funk-10016/,boligrafo-funk-10016,true,100,,100,A,
https://www.kronosolopromocionales.com/productos/boligrafo-jovi-metalizado-10022/,boligrafo-jovi-metalizado-10022,true,100,,100,A,
https://www.kronosolopromocionales.com/productos/korn-roller-10023/,korn-roller-10023,true,100,,100,A,
https://www.kronosolopromocionales.com/productos/boligrafo-lizzy-10026/,boligrafo-lizzy-10026,true,100,,100,A,
https://www.kronosolopromocionales.com/productos/boligrafo-maddax-gel-10028/,boligrafo-maddax-gel-10028,true,100,,100,A,
https://www.kronosolopromocionales.com/productos/boligrafo-ralph-10032/,boligrafo-ralph-10032,true,100,,100,A,
https://www.kronosolopromocionales.com/productos/boligrafo-rapid-gel-10033/,boligrafo-rapid-gel-10033,true,100,,100,A,
https://www.kronosolopromocionales.com/productos/boligrafo-selva-metalizado-10036/,boligrafo-selva-metalizado-10036,true,100,,100,A,
https://www.kronosolopromocionales.com/productos/boligrafo-selva-pastel-10037/,boligrafo-selva-pastel-10037,true,100,,100,A,
https://www.kronosolopromocionales.com/productos/nolton-5184/,nolton-5184,true,90,nombre_corto,100,A,
https://www.kronosolopromocionales.com/productos/aria-5646/,aria-5646,true,90,nombre_corto,100,A,
https://www.kronosolopromocionales.com/productos/summit-3018/,summit-3018,true,90,nombre_corto,100,A,
https://www.kronosolopromocionales.com/productos/woody-3690/,woody-3690,true,90,nombre_corto,100,A,
https://www.kronosolopromocionales.com/productos/dwyn-metalico-6584/,dwyn-metalico-6584,true,100,,100,A,
https://www.kronosolopromocionales.com/productos/loman-roller-pen-ver-mina-roller-europea-o-china-5186/,loman-roller-pen-ver-mina-roller-europea-o-china-5186,true,100,,100,A,
https://www.kronosolopromocionales.com/productos/estuche-doble-regal-prod-nacional-6048/,estuche-doble-regal-prod-nacional-6048,true,100,,100,A,
https://www.kronosolopromocionales.com/productos/estuche-clear-produccion-nacional-6047/,estuche-clear-produccion-nacional-6047,true,100,,100,A,
https://www.kronosolopromocionales.com/productos/clark-metalizado-7337/,clark-metalizado-7337,true,100,,100,A,
https://www.kronosolopromocionales.com/productos/clark-solido-7338/,clark-solido-7338,true,100,,100,A,
https://www.kronosolopromocionales.com/productos/magno-7343/,magno-7343,true,90,nombre_corto,100,A,
https://www.kronosolopromocionales.com/productos/opera-boligrafo-7348/,opera-boligrafo-7348,true,100,,100,A,
https://www.kronosolopromocionales.com/productos/opera-roller-7349/,opera-roller-7349,true,100,,100,A,
https://www.kronosolopromocionales.com/productos/boligrafo-wister-7369/,boligrafo-wister-7369,true,100,,100,A,
https://www.kronosolopromocionales.com/productos/summit-neon-7722/,summit-neon-7722,true,100,,100,A,
https://www.kronosolopromocionales.com/productos/dickens-metalico-oferta-7734/,dickens-metalico-oferta-7734,true,100,,100,A,
https://www.kronosolopromocionales.com/productos/benella-oferta-7809/,benella-oferta-7809,true,100,,100,A,
https://www.kronosolopromocionales.com/productos/cosmo-borrable-oferta-4067/,cosmo-borrable-oferta-4067,true,100,,100,A,
https://www.kronosolopromocionales.com/productos/prisma-7752/,prisma-7752,true,90,nombre_corto,100,A,
https://www.kronosolopromocionales.com/productos/tempo-7855/,tempo-7855,true,90,nombre_corto,100,A,
https://www.kronosolopromocionales.com/productos/trevon-oferta-7944/,trevon-oferta-7944,true,100,,100,A,
https://www.kronosolopromocionales.com/productos/petrus-boligrafo-8577/,petrus-boligrafo-8577,true,100,,100,A,
https://www.kronosolopromocionales.com/productos/petrus-roller-8578/,petrus-roller-8578,true,100,,100,A,
https://www.kronosolopromocionales.com/productos/clas-oferta-8593/,clas-oferta-8593,true,100,,100,A,
https://www.kronosolopromocionales.com/productos/corpy-oferta-8594/,corpy-oferta-8594,true,100,,100,A,
https://www.kronosolopromocionales.com/productos/emory-neon-8557/,emory-neon-8557,true,100,,100,A,
https://www.kronosolopromocionales.com/productos/tillot-8574/,tillot-8574,true,90,nombre_corto,100,A,
https://www.kronosolopromocionales.com/productos/ellison-solido-8570/,ellison-solido-8570,true,100,,100,A,
https://www.kronosolopromocionales.com/productos/aston-mate-8880/,aston-mate-8880,true,100,,100,A,
https://www.kronosolopromocionales.com/productos/telson-oferta-9258/,telson-oferta-9258,true,100,,100,A,
https://www.kronosolopromocionales.com/productos/legox-9256/,legox-9256,true,90,nombre_corto,100,A,
https://www.kronosolopromocionales.com/productos/lipsy-oferta-9241/,lipsy-oferta-9241,true,100,,100,A,
https://www.kronosolopromocionales.com/productos/tokken-9243/,tokken-9243,true,90,nombre_corto,100,A,
https://www.kronosolopromocionales.com/productos/boligrafo-deluxe-eco-oferta-9836/,boligrafo-deluxe-eco-oferta-9836,true,100,,100,A,
https://www.kronosolopromocionales.com/productos/boligrafo-jovi-9843/,boligrafo-jovi-9843,true,100,,100,A,
https://www.kronosolopromocionales.com/productos/boligrafo-devo-9945/,boligrafo-devo-9945,true,100,,100,A,
https://www.kronosolopromocionales.com/productos/kaiser-stylus-bamboo-10315/,kaiser-stylus-bamboo-10315,true,100,,100,A,
https://www.kronosolopromocionales.com/productos/set-de-herramientas-blackburn-ii-10859/,set-de-herramientas-blackburn-ii-10859,true,100,,100,A,
https://www.kronosolopromocionales.com/productos/metro-paddy-10451/,metro-paddy-10451,true,100,,100,A,
https://www.kronosolopromocionales.com/productos/set-de-destornilladores-pistol-10537/,set-de-destornilladores-pistol-10537,true,100,,100,A,
https://www.kronosolopromocionales.com/productos/set-de-destornilladores-home-10538/,set-de-destornilladores-home-10538,true,100,,100,A,
https://www.kronosolopromocionales.com/productos/set-de-herramientas-big-tire-10963/,set-de-herramientas-big-tire-10963,false,55,story_debil;features_insuficientes;sin_useCases,45,D,"is_ai_optimized=false — pendiente de enriquecimiento, excluido del sitemap intencionalmente"
https://www.kronosolopromocionales.com/productos/set-de-herramientas-robust-10964/,set-de-herramientas-robust-10964,true,100,,100,A,
https://www.kronosolopromocionales.com/productos/set-de-mini-destornilladores-con-nivelador-10966/,set-de-mini-destornilladores-con-nivelador-10966,true,100,,100,A,
https://www.kronosolopromocionales.com/productos/mini-set-de-destornilladores-duck-10967/,mini-set-de-destornilladores-duck-10967,true,100,,100,A,
https://www.kronosolopromocionales.com/productos/set-de-herramientas-cork-10968/,set-de-herramientas-cork-10968,true,100,,100,A,
https://www.kronosolopromocionales.com/productos/nivelador-con-iman-11017/,nivelador-con-iman-11017,true,100,,100,A,
https://www.kronosolopromocionales.com/productos/martillo-con-navaja-eco-11050/,martillo-con-navaja-eco-11050,true,100,,100,A,
https://www.kronosolopromocionales.com/productos/herramientero-denby-11068/,herramientero-denby-11068,true,100,,100,A,
https://www.kronosolopromocionales.com/productos/llavero-metro-con-nivelador-jazzy-11113/,llavero-metro-con-nivelador-jazzy-11113,true,100,,100,A,
https://www.kronosolopromocionales.com/productos/llavero-destapador-level-11114/,llavero-destapador-level-11114,true,100,,100,A,
https://www.kronosolopromocionales.com/productos/metro-arkitect-con-destornilladores-11115/,metro-arkitect-con-destornilladores-11115,true,100,,100,A,
https://www.kronosolopromocionales.com/productos/mini-set-de-destornilladores-level-11116/,mini-set-de-destornilladores-level-11116,true,100,,100,A,
https://www.kronosolopromocionales.com/productos/herramientero-orca-11128/,herramientero-orca-11128,true,100,,100,A,
https://www.kronosolopromocionales.com/productos/metro-retractil-kolors-10052/,metro-retractil-kolors-10052,true,100,,100,A,
https://www.kronosolopromocionales.com/productos/metro-llavero-bone-9124/,metro-llavero-bone-9124,true,100,,100,A,
https://www.kronosolopromocionales.com/productos/llavero-destapador-viggo-eco-11054/,llavero-destapador-viggo-eco-11054,true,100,,100,A,
https://www.kronosolopromocionales.com/productos/set-nebula-11026/,set-nebula-11026,true,100,,100,A,
https://www.kronosolopromocionales.com/productos/paraguas-dayton-23-9790-3846/,paraguas-dayton-23-9790-3846,true,100,,100,A,
https://www.kronosolopromocionales.com/productos/paraguas-corbett-27-10586/,paraguas-corbett-27-10586,true,100,,100,A,
https://www.kronosolopromocionales.com/productos/paraguas-kahlo-urban-travel-23-10894/,paraguas-kahlo-urban-travel-23-10894,true,100,,100,A,
https://www.kronosolopromocionales.com/productos/paraguas-flex-golf-16-10882/,paraguas-flex-golf-16-10882,true,100,,100,A,
https://www.kronosolopromocionales.com/productos/mini-paraguas-hansel-21-6868-3854/,mini-paraguas-hansel-21-6868-3854,true,100,,100,A,
https://www.kronosolopromocionales.com/productos/paraguas-lancelot-27-6865/,paraguas-lancelot-27-6865,true,100,,100,A,
https://www.kronosolopromocionales.com/productos/mini-paraguas-strap-21-6201-3856/,mini-paraguas-strap-21-6201-3856,true,100,,100,A,
https://www.kronosolopromocionales.com/productos/paraguas-brook-27-6369-3857/,paraguas-brook-27-6369-3857,true,100,,100,A,
https://www.kronosolopromocionales.com/productos/paraguas-27-5913-3858/,paraguas-27-5913-3858,false,80,nombre_duplicado_sin_canonical,100,C,"is_ai_optimized=false — pendiente de enriquecimiento, excluido del sitemap intencionalmente"
https://www.kronosolopromocionales.com/productos/paraguas-trendy-poliester-27-5693/,paraguas-trendy-poliester-27-5693,true,100,,100,A,
https://www.kronosolopromocionales.com/productos/paraguas-golf-cuadrado-30-1085/,paraguas-golf-cuadrado-30-1085,true,100,,100,A,
https://www.kronosolopromocionales.com/productos/paraguas-profesional-en-fibra-de-vidrio-30-2145-3863/,paraguas-profesional-en-fibra-de-vidrio-30-2145-3863,true,100,,100,A,
https://www.kronosolopromocionales.com/productos/paraguas-fiori-23-7515-3864/,paraguas-fiori-23-7515-3864,true,100,,100,A,
https://www.kronosolopromocionales.com/productos/paraguas-brook-ergo-27-7512-3865/,paraguas-brook-ergo-27-7512-3865,true,80,nombre_duplicado_sin_canonical,100,C,"Mismo nombre que otro producto con slug no relacionado por ID (grupo dup-3) — candidato a ""duplicada sin canonical"" de GSC"
https://www.kronosolopromocionales.com/productos/paraguas-freerain-23-7627-3866/,paraguas-freerain-23-7627-3866,true,100,,100,A,
https://www.kronosolopromocionales.com/productos/paraguas-trendy-poliester-27-7764/,paraguas-trendy-poliester-27-7764,true,100,,100,A,
https://www.kronosolopromocionales.com/productos/mini-paraguas-lloyd-21-8658-3868/,mini-paraguas-lloyd-21-8658-3868,true,100,,100,A,
https://www.kronosolopromocionales.com/productos/paraguas-galtem-27-8652/,paraguas-galtem-27-8652,true,100,,100,A,
https://www.kronosolopromocionales.com/productos/paraguas-27-9218/,paraguas-27-9218,true,80,nombre_duplicado_sin_canonical,100,C,"Mismo nombre que otro producto con slug no relacionado por ID (grupo dup-5) — candidato a ""duplicada sin canonical"" de GSC"
https://www.kronosolopromocionales.com/productos/paraguas-23-9217/,paraguas-23-9217,true,100,,100,A,
https://www.kronosolopromocionales.com/productos/mini-paraguas-biondi-21-8911-3873/,mini-paraguas-biondi-21-8911-3873,true,100,,100,A,
https://www.kronosolopromocionales.com/productos/paraguas-kenny-215-8909-3874/,paraguas-kenny-215-8909-3874,true,100,,100,A,
https://www.kronosolopromocionales.com/productos/paraguas-president-30-9381/,paraguas-president-30-9381,true,100,,100,A,
https://www.kronosolopromocionales.com/productos/mini-paraguas-maverick-21-9426-3878/,mini-paraguas-maverick-21-9426-3878,true,100,,100,A,
https://www.kronosolopromocionales.com/productos/set-manicure-rpet-10387/,set-manicure-rpet-10387,true,100,,100,A,
https://www.kronosolopromocionales.com/productos/set-de-brochas-cayden-10384/,set-de-brochas-cayden-10384,true,100,,100,A,
https://www.kronosolopromocionales.com/productos/bolsa-termica-600ml-10358/,bolsa-termica-600ml-10358,true,100,,100,A,
https://www.kronosolopromocionales.com/productos/metro-para-medicion-de-altura-10540/,metro-para-medicion-de-altura-10540,true,100,,100,A,
https://www.kronosolopromocionales.com/productos/set-manicure-evelyn-10316/,set-manicure-evelyn-10316,true,100,,100,A,
https://www.kronosolopromocionales.com/productos/set-facial-wood-spa-13169/,set-facial-wood-spa-13169,true,100,,100,A,
https://www.kronosolopromocionales.com/productos/mug-metalico-mini-chester-400-ml-13592/,mug-metalico-mini-chester-400-ml-13592,true,100,,100,A,
https://www.kronosolopromocionales.com/productos/llavero-linterna-space-nuevo-13595/,llavero-linterna-space-nuevo-13595,true,100,,100,A,
https://www.kronosolopromocionales.com/productos/balon-de-futbol-no5-delko-9427/,balon-de-futbol-no5-delko-9427,true,100,,100,A,
https://www.kronosolopromocionales.com/productos/borrador-school-ii-13604/,borrador-school-ii-13604,true,100,,100,A,
https://www.kronosolopromocionales.com/productos/bolsa-en-algodon-ecotote-13596/,bolsa-en-algodon-ecotote-13596,true,100,,100,A,
https://www.kronosolopromocionales.com/productos/bolsa-en-algodon-ecopack-13597/,bolsa-en-algodon-ecopack-13597,true,100,,100,A,
https://www.kronosolopromocionales.com/productos/set-ml-383-ii-13606/,set-ml-383-ii-13606,false,100,,0,D,"is_ai_optimized=false — pendiente de enriquecimiento, excluido del sitemap intencionalmente"
https://www.kronosolopromocionales.com/productos/bolsa-en-algodon-vera-140gr-13614/,bolsa-en-algodon-vera-140gr-13614,false,100,,0,D,"is_ai_optimized=false — pendiente de enriquecimiento, excluido del sitemap intencionalmente"
https://www.kronosolopromocionales.com/productos/bolsa-en-algodon-alva-100gr-13615/,bolsa-en-algodon-alva-100gr-13615,false,100,,0,D,"is_ai_optimized=false — pendiente de enriquecimiento, excluido del sitemap intencionalmente"
https://www.kronosolopromocionales.com/productos/bolsa-en-algodon-nara-13616/,bolsa-en-algodon-nara-13616,false,100,,0,D,"is_ai_optimized=false — pendiente de enriquecimiento, excluido del sitemap intencionalmente"
https://www.kronosolopromocionales.com/productos/sporty-bag-en-algodon-zetta-140gr-13617/,sporty-bag-en-algodon-zetta-140gr-13617,false,100,,0,D,"is_ai_optimized=false — pendiente de enriquecimiento, excluido del sitemap intencionalmente"
https://www.kronosolopromocionales.com/productos/dispensador-bolsas-linterna-led-personalizado-ecuador/,dispensador-bolsas-linterna-led-personalizado-ecuador,true,75,features_insuficientes;sin_useCases,,A,
https://www.kronosolopromocionales.com/productos/boligrafo-metalico-personalizado-articulos-promocionales/,boligrafo-metalico-personalizado-articulos-promocionales,true,75,features_insuficientes;sin_useCases,,A,
https://www.kronosolopromocionales.com/productos/boligrafo-metalico-personalizado-clas-oferta/,boligrafo-metalico-personalizado-clas-oferta,true,75,features_insuficientes;sin_useCases,,A,
https://www.kronosolopromocionales.com/productos/cargador-inalambrico-lampara-flex-personalizado/,cargador-inalambrico-lampara-flex-personalizado,true,75,features_insuficientes;sin_useCases,,A,
https://www.kronosolopromocionales.com/productos/llavero-personalizado-touch-free-ml386-ecuador/,llavero-personalizado-touch-free-ml386-ecuador,true,75,features_insuficientes;sin_useCases,,A,
https://www.kronosolopromocionales.com/productos/boligrafos-promocionales-lipsy-personalizado/,boligrafos-promocionales-lipsy-personalizado,true,75,features_insuficientes;sin_useCases,,A,
https://www.kronosolopromocionales.com/productos/boligrafo-infinity-2-1-promocional/,boligrafo-infinity-2-1-promocional,true,75,features_insuficientes;sin_useCases,,A,
https://www.kronosolopromocionales.com/productos/botilito-plastico-reciclado-600ml-personalizado/,botilito-plastico-reciclado-600ml-personalizado,true,75,features_insuficientes;sin_useCases,,A,
https://www.kronosolopromocionales.com/productos/boligrafo-ventura-spray-antibacteriano-oferta/,boligrafo-ventura-spray-antibacteriano-oferta,true,75,features_insuficientes;sin_useCases,,A,
https://www.kronosolopromocionales.com/productos/reloj-wall-bamboo-personalizado/,reloj-wall-bamboo-personalizado,true,75,features_insuficientes;sin_useCases,,A,
https://www.kronosolopromocionales.com/productos/organizador-escritorio-bamboo-cargador-inalambrico/,organizador-escritorio-bamboo-cargador-inalambrico,true,75,features_insuficientes;sin_useCases,,A,
https://www.kronosolopromocionales.com/productos/set-herramientas-personalizados-luz-car/,set-herramientas-personalizados-luz-car,true,75,features_insuficientes;sin_useCases,,A,
https://www.kronosolopromocionales.com/productos/boligrafos-metalicos-personalizados-articulos-promocionales/,boligrafos-metalicos-personalizados-articulos-promocionales,true,75,features_insuficientes;sin_useCases,,A,
https://www.kronosolopromocionales.com/productos/vaso-personalizado-450ml-plastico-doble-pared/,vaso-personalizado-450ml-plastico-doble-pared,true,75,features_insuficientes;sin_useCases,,A,
https://www.kronosolopromocionales.com/productos/botilito-plastico-personalizado-650ml/,botilito-plastico-personalizado-650ml,true,75,features_insuficientes;sin_useCases,,A,
https://www.kronosolopromocionales.com/productos/portatarjetas-personalizado-ml-275/,portatarjetas-personalizado-ml-275,true,75,features_insuficientes;sin_useCases,,A,
https://www.kronosolopromocionales.com/productos/portapapel-personalizado-master-line/,portapapel-personalizado-master-line,true,75,features_insuficientes;sin_useCases,,A,
https://www.kronosolopromocionales.com/productos/bolsa-plegable-paraguas-hansel-ecuador/,bolsa-plegable-paraguas-hansel-ecuador,true,75,features_insuficientes;sin_useCases,,A,
https://www.kronosolopromocionales.com/productos/botilito-tritan-600ml-personalizado-oferta/,botilito-tritan-600ml-personalizado-oferta,true,75,features_insuficientes;sin_useCases,,A,
https://www.kronosolopromocionales.com/productos/botilito-plastico-petg-700ml-personalizado/,botilito-plastico-petg-700ml-personalizado,true,75,features_insuficientes;sin_useCases,,A,
https://www.kronosolopromocionales.com/productos/morral-backpack-personalizado-ecuador/,morral-backpack-personalizado-ecuador,true,75,features_insuficientes;sin_useCases,,A,
https://www.kronosolopromocionales.com/productos/maletin-avenue-personalizado/,maletin-avenue-personalizado,true,75,features_insuficientes;sin_useCases,,A,
https://www.kronosolopromocionales.com/productos/botilito-plastico-nomix-petg-750ml-personalizado/,botilito-plastico-nomix-petg-750ml-personalizado,true,75,features_insuficientes;sin_useCases,,A,
https://www.kronosolopromocionales.com/productos/vaso-personalizado-petg-750ml-ecuador/,vaso-personalizado-petg-750ml-ecuador,true,75,features_insuficientes;sin_useCases,,A,
https://www.kronosolopromocionales.com/productos/maletin-trolley-bag-norris-personalizado/,maletin-trolley-bag-norris-personalizado,true,75,features_insuficientes;sin_useCases,,A,
https://www.kronosolopromocionales.com/productos/cargador-inalambrico-heston-personalizado/,cargador-inalambrico-heston-personalizado,true,75,features_insuficientes;sin_useCases,,A,
https://www.kronosolopromocionales.com/productos/bolsa-metalizada-hologram-personalizada-ecuador/,bolsa-metalizada-hologram-personalizada-ecuador,true,75,features_insuficientes;sin_useCases,,A,
https://www.kronosolopromocionales.com/productos/llavero-pop-personalizado-silicona/,llavero-pop-personalizado-silicona,true,75,features_insuficientes;sin_useCases,,A,
https://www.kronosolopromocionales.com/productos/boligrafo-antiestres-personalizado/,boligrafo-antiestres-personalizado,true,75,features_insuficientes;sin_useCases,,A,
https://www.kronosolopromocionales.com/productos/portatarjetas-antiestres-personalizado/,portatarjetas-antiestres-personalizado,true,75,features_insuficientes;sin_useCases,,A,
https://www.kronosolopromocionales.com/productos/llaveros-personalizados-antiestres-ball/,llaveros-personalizados-antiestres-ball,true,75,features_insuficientes;sin_useCases,,A,
https://www.kronosolopromocionales.com/productos/pelota-antiestres-personalizada-6-3cm/,pelota-antiestres-personalizada-6-3cm,true,75,features_insuficientes;sin_useCases,,A,
https://www.kronosolopromocionales.com/productos/pelota-antiestres-personalizada-67cm/,pelota-antiestres-personalizada-67cm,true,75,features_insuficientes;sin_useCases,,A,
https://www.kronosolopromocionales.com/productos/pelota-antiestres-personalizada-ecuador/,pelota-antiestres-personalizada-ecuador,true,75,features_insuficientes;sin_useCases,,A,
https://www.kronosolopromocionales.com/productos/pelota-antiestres-personalizada-ecuador-va-631/,pelota-antiestres-personalizada-ecuador-va-631,true,75,features_insuficientes;sin_useCases,,A,
https://www.kronosolopromocionales.com/productos/pelota-antiestres-personalizada-silicona/,pelota-antiestres-personalizada-silicona,true,75,features_insuficientes;sin_useCases,,A,
https://www.kronosolopromocionales.com/productos/pelota-antiestres-personalizada-soporte-celular/,pelota-antiestres-personalizada-soporte-celular,true,75,features_insuficientes;sin_useCases,,A,
https://www.kronosolopromocionales.com/productos/pelota-antiestres-personalizada-rubber/,pelota-antiestres-personalizada-rubber,true,75,features_insuficientes;sin_useCases,,A,
https://www.kronosolopromocionales.com/productos/pelota-antistres-personalizada-grip-gyro/,pelota-antistres-personalizada-grip-gyro,true,75,features_insuficientes;sin_useCases,,A,
https://www.kronosolopromocionales.com/productos/soporte-moviles-antistres-personalizado/,soporte-moviles-antistres-personalizado,true,75,features_insuficientes;sin_useCases,,A,
https://www.kronosolopromocionales.com/productos/pelota-antiestres-personalizada/,pelota-antiestres-personalizada,true,75,features_insuficientes;sin_useCases,,A,
https://www.kronosolopromocionales.com/productos/camion-antiestres-personalizado/,camion-antiestres-personalizado,true,75,features_insuficientes;sin_useCases,,A,
https://www.kronosolopromocionales.com/productos/muneco-antiestres-personalizado-clips/,muneco-antiestres-personalizado-clips,true,75,features_insuficientes;sin_useCases,,A,
https://www.kronosolopromocionales.com/productos/pelota-antiestres-personalizada-va-305/,pelota-antiestres-personalizada-va-305,true,75,features_insuficientes;sin_useCases,,A,
https://www.kronosolopromocionales.com/productos/llavero-corcho-personalizado-ecuador/,llavero-corcho-personalizado-ecuador,true,75,features_insuficientes;sin_useCases,,A,
https://www.kronosolopromocionales.com/productos/colgador-botellas-carabinero-personalizado-ecuador/,colgador-botellas-carabinero-personalizado-ecuador,true,75,features_insuficientes;sin_useCases,,A,
https://www.kronosolopromocionales.com/productos/soporte-moviles-ml-382-personalizado/,soporte-moviles-ml-382-personalizado,true,75,features_insuficientes;sin_useCases,,A,
https://www.kronosolopromocionales.com/productos/usb-soccer-memoria-personalizado-ecuador/,usb-soccer-memoria-personalizado-ecuador,true,75,features_insuficientes;sin_useCases,,A,
https://www.kronosolopromocionales.com/productos/dispensador-bolsas-antibacteriano-personalizado/,dispensador-bolsas-antibacteriano-personalizado,true,75,features_insuficientes;sin_useCases,,A,
https://www.kronosolopromocionales.com/productos/set-swiss-peak-deluxe-articulos-promocionales/,set-swiss-peak-deluxe-articulos-promocionales,true,75,features_insuficientes;sin_useCases,,A,
https://www.kronosolopromocionales.com/productos/set-ml-383-ii-personalizado-articulos-promocionales/,set-ml-383-ii-personalizado-articulos-promocionales,true,75,features_insuficientes;sin_useCases,,A,
https://www.kronosolopromocionales.com/productos/boligrafo-antibacteriano-personalizado-ecuador/,boligrafo-antibacteriano-personalizado-ecuador,true,75,features_insuficientes;sin_useCases,,A,
https://www.kronosolopromocionales.com/productos/boligrafo-big-bang-personalizado-ecuador/,boligrafo-big-bang-personalizado-ecuador,true,75,features_insuficientes;sin_useCases,,A,
https://www.kronosolopromocionales.com/productos/boligrafo-blink-personalizado-articulos-promocionales/,boligrafo-blink-personalizado-articulos-promocionales,true,75,features_insuficientes;sin_useCases,,A,
https://www.kronosolopromocionales.com/productos/set-boligrafos-vector-promocionales-ecuador/,set-boligrafos-vector-promocionales-ecuador,true,75,features_insuficientes;sin_useCases,,A,
https://www.kronosolopromocionales.com/productos/memoria-usb-boligrafo-king-personalizado/,memoria-usb-boligrafo-king-personalizado,true,75,features_insuficientes;sin_useCases,,A,
https://www.kronosolopromocionales.com/productos/opera-roller-personalizado-ecuador/,opera-roller-personalizado-ecuador,true,75,features_insuficientes;sin_useCases,,A,
https://www.kronosolopromocionales.com/productos/boligrafo-scroll-personalizado-ecuador/,boligrafo-scroll-personalizado-ecuador,true,75,features_insuficientes;sin_useCases,,A,
https://www.kronosolopromocionales.com/productos/set-resaltadores-cera-articulos-promocionales-ecuador/,set-resaltadores-cera-articulos-promocionales-ecuador,true,75,features_insuficientes;sin_useCases,,A,
https://www.kronosolopromocionales.com/productos/boligrafo-ventura-clean-set-articulos-promocionales/,boligrafo-ventura-clean-set-articulos-promocionales,true,55,features_insuficientes;sin_useCases;nombre_duplicado_sin_canonical,,C,"Mismo nombre que otro producto con slug no relacionado por ID (grupo dup-4) — candidato a ""duplicada sin canonical"" de GSC"
https://www.kronosolopromocionales.com/productos/boligrafo-vector-roller-personalizado/,boligrafo-vector-roller-personalizado,true,75,features_insuficientes;sin_useCases,,A,
https://www.kronosolopromocionales.com/productos/set-resaltador-fingers-ii-eco-personalizado/,set-resaltador-fingers-ii-eco-personalizado,true,75,features_insuficientes;sin_useCases,,A,
https://www.kronosolopromocionales.com/productos/milla-roller-stylus-articulos-promocionales/,milla-roller-stylus-articulos-promocionales,true,75,features_insuficientes;sin_useCases,,A,
https://www.kronosolopromocionales.com/productos/set-mini-resaltador-tinta-personalizado-ecuador/,set-mini-resaltador-tinta-personalizado-ecuador,true,75,features_insuficientes;sin_useCases,,A,
https://www.kronosolopromocionales.com/productos/estuche-aluminio-personalizado-ecuador/,estuche-aluminio-personalizado-ecuador,true,75,features_insuficientes;sin_useCases,,A,
https://www.kronosolopromocionales.com/productos/mop-bicolor-personalizado-articulos-promocionales/,mop-bicolor-personalizado-articulos-promocionales,true,75,features_insuficientes;sin_useCases,,A,
https://www.kronosolopromocionales.com/productos/set-boligrafo-portaminas-bamboo-personalizado/,set-boligrafo-portaminas-bamboo-personalizado,true,75,features_insuficientes;sin_useCases,,A,
https://www.kronosolopromocionales.com/productos/resaltador-triangulo-eco-articulos-promocionales/,resaltador-triangulo-eco-articulos-promocionales,true,75,features_insuficientes;sin_useCases,,A,
https://www.kronosolopromocionales.com/productos/focus-ii-resaltador-cera-articulos-promocionales/,focus-ii-resaltador-cera-articulos-promocionales,true,75,features_insuficientes;sin_useCases,,A,
https://www.kronosolopromocionales.com/productos/boligrafo-sookie-personalizado-articulos-promocionales/,boligrafo-sookie-personalizado-articulos-promocionales,true,75,features_insuficientes;sin_useCases,,A,
https://www.kronosolopromocionales.com/productos/boligrafo-stylus-personalizado-articulos-promocionales-ecuador/,boligrafo-stylus-personalizado-articulos-promocionales-ecuador,true,75,features_insuficientes;sin_useCases,,A,
https://www.kronosolopromocionales.com/productos/resaltador-relaxy-personalizado-ecuador/,resaltador-relaxy-personalizado-ecuador,true,75,features_insuficientes;sin_useCases,,A,
https://www.kronosolopromocionales.com/productos/kaiser-stylus-bamboo-articulos-promocionales/,kaiser-stylus-bamboo-articulos-promocionales,true,75,features_insuficientes;sin_useCases,,A,
https://www.kronosolopromocionales.com/productos/boligrafo-bamboo-articulos-promocionales-ecuador/,boligrafo-bamboo-articulos-promocionales-ecuador,true,75,features_insuficientes;sin_useCases,,A,
https://www.kronosolopromocionales.com/productos/resaltador-fiona-articulos-promocionales-ecuador/,resaltador-fiona-articulos-promocionales-ecuador,true,75,features_insuficientes;sin_useCases,,A,
https://www.kronosolopromocionales.com/productos/boligrafo-tempo-personalizado/,boligrafo-tempo-personalizado,true,75,features_insuficientes;sin_useCases,,A,
https://www.kronosolopromocionales.com/productos/aston-stylus-metalico-articulos-promocionales/,aston-stylus-metalico-articulos-promocionales,true,75,features_insuficientes;sin_useCases,,A,
https://www.kronosolopromocionales.com/productos/advant-2-1-resaltador-tinta-articulos-promocionales/,advant-2-1-resaltador-tinta-articulos-promocionales,true,75,features_insuficientes;sin_useCases,,A,
https://www.kronosolopromocionales.com/productos/estuche-carton-personalizado-ecuador/,estuche-carton-personalizado-ecuador,true,75,features_insuficientes;sin_useCases,,A,
https://www.kronosolopromocionales.com/productos/boligrafo-pebble-personalizado-ecuador/,boligrafo-pebble-personalizado-ecuador,true,75,features_insuficientes;sin_useCases,,A,
https://www.kronosolopromocionales.com/productos/marcador-borrable-personalizado-ecuador/,marcador-borrable-personalizado-ecuador,true,75,features_insuficientes;sin_useCases,,A,
https://www.kronosolopromocionales.com/productos/boligrafo-skip-personalizado-articulos-promocionales/,boligrafo-skip-personalizado-articulos-promocionales,true,75,features_insuficientes;sin_useCases,,A,
https://www.kronosolopromocionales.com/productos/boligrafo-jovi-eco-personalizado/,boligrafo-jovi-eco-personalizado,true,75,features_insuficientes;sin_useCases,,A,
https://www.kronosolopromocionales.com/productos/boligrafos-eco-pet-personalizados-articulos-promocionales/,boligrafos-eco-pet-personalizados-articulos-promocionales,true,65,nombre_corto;features_insuficientes;sin_useCases,,B,
https://www.kronosolopromocionales.com/productos/boligrafo-jovi-metalizado-personalizado-articulos-promocionales/,boligrafo-jovi-metalizado-personalizado-articulos-promocionales,true,75,features_insuficientes;sin_useCases,,A,
https://www.kronosolopromocionales.com/productos/boligrafo-lepper-personalizado/,boligrafo-lepper-personalizado,true,75,features_insuficientes;sin_useCases,,A,
https://www.kronosolopromocionales.com/productos/ventura-eco-stylus-articulos-promocionales-ecuador/,ventura-eco-stylus-articulos-promocionales-ecuador,true,75,features_insuficientes;sin_useCases,,A,
https://www.kronosolopromocionales.com/productos/boligrafo-summit-eco-bamboo-personalizado/,boligrafo-summit-eco-bamboo-personalizado,true,75,features_insuficientes;sin_useCases,,A,
https://www.kronosolopromocionales.com/productos/lapiz-infinito-gemini-personalizado/,lapiz-infinito-gemini-personalizado,true,75,features_insuficientes;sin_useCases,,A,
