url,type,exists_in_build,http_expected,index_expected,in_sitemap,robots_index,robots_follow,canonical,canonical_self_referential,redirect_target,internal_links_in,content_score,quality_flags,recommended_state,notes
https://www.kronosolopromocionales.com/,commercial,true,200,true,true,true,true,https://www.kronosolopromocionales.com/,true,,69,,,A_INDEXABLE,
https://www.kronosolopromocionales.com/contacto/,commercial,true,200,true,true,true,true,https://www.kronosolopromocionales.com/contacto/,true,,3,,,A_INDEXABLE,
https://www.kronosolopromocionales.com/nosotros/,legal,true,200,true,true,true,true,https://www.kronosolopromocionales.com/nosotros/,true,,1,,,A_INDEXABLE,
https://www.kronosolopromocionales.com/blog/,commercial,true,200,true,true,true,true,https://www.kronosolopromocionales.com/blog/,true,,3,,,A_INDEXABLE,
https://www.kronosolopromocionales.com/catalogos-digitales/,commercial,true,200,true,true,true,true,https://www.kronosolopromocionales.com/catalogos-digitales/,true,,4,,,A_INDEXABLE,
https://www.kronosolopromocionales.com/politica-de-privacidad/,legal,true,200,true,true,true,true,https://www.kronosolopromocionales.com/politica-de-privacidad/,true,,0,,,A_INDEXABLE,
https://www.kronosolopromocionales.com/productos-promocionales-ecuador/,commercial,true,200,true,true,true,true,https://www.kronosolopromocionales.com/productos-promocionales-ecuador/,true,,3,,,A_INDEXABLE,
https://www.kronosolopromocionales.com/regalos-corporativos/,commercial,true,200,true,true,true,true,https://www.kronosolopromocionales.com/regalos-corporativos/,true,,15,,,A_INDEXABLE,
https://www.kronosolopromocionales.com/articulos-promocionales/,commercial,true,200,true,true,true,true,https://www.kronosolopromocionales.com/articulos-promocionales/,true,,8,,,A_INDEXABLE,
https://www.kronosolopromocionales.com/material-publicitario/,commercial,true,200,true,true,true,true,https://www.kronosolopromocionales.com/material-publicitario/,true,,1,,,A_INDEXABLE,
https://www.kronosolopromocionales.com/merchandising-corporativo/,commercial,true,200,true,true,true,true,https://www.kronosolopromocionales.com/merchandising-corporativo/,true,,8,,,A_INDEXABLE,
https://www.kronosolopromocionales.com/parlantes-bluetooth/,commercial,true,200,true,true,true,true,https://www.kronosolopromocionales.com/parlantes-bluetooth/,true,,0,,,A_INDEXABLE,
https://www.kronosolopromocionales.com/audifonos-promocionales/,commercial,true,200,true,true,true,true,https://www.kronosolopromocionales.com/audifonos-promocionales/,true,,1,,,A_INDEXABLE,
https://www.kronosolopromocionales.com/soportes-para-celular/,commercial,true,200,true,true,true,true,https://www.kronosolopromocionales.com/soportes-para-celular/,true,,0,,,A_INDEXABLE,
https://www.kronosolopromocionales.com/categorias/precio-bomba/,category,true,200,true,true,true,true,https://www.kronosolopromocionales.com/categorias/precio-bomba/,true,,1,,,A_INDEXABLE,productCount=118
https://www.kronosolopromocionales.com/categorias/antiestres/,category,true,200,true,true,true,true,https://www.kronosolopromocionales.com/categorias/antiestres/,true,,2,,,A_INDEXABLE,productCount=18
https://www.kronosolopromocionales.com/categorias/antimicrobianos/,category,true,200,true,true,true,true,https://www.kronosolopromocionales.com/categorias/antimicrobianos/,true,,7,,,A_INDEXABLE,productCount=10
https://www.kronosolopromocionales.com/categorias/boligrafos-publicitarios/,category,true,200,true,true,true,true,https://www.kronosolopromocionales.com/categorias/boligrafos-publicitarios/,true,,30,,,A_INDEXABLE,productCount=129
https://www.kronosolopromocionales.com/categorias/reflectivos/,category,true,200,true,true,true,true,https://www.kronosolopromocionales.com/categorias/reflectivos/,true,,0,,,A_INDEXABLE,productCount=6
https://www.kronosolopromocionales.com/categorias/automovil/,category,true,200,true,true,true,true,https://www.kronosolopromocionales.com/categorias/automovil/,true,,0,,,A_INDEXABLE,productCount=34
https://www.kronosolopromocionales.com/categorias/bar-y-vino/,category,true,200,true,true,true,true,https://www.kronosolopromocionales.com/categorias/bar-y-vino/,true,,2,,,A_INDEXABLE,productCount=49
https://www.kronosolopromocionales.com/categorias/bicicleta/,category,true,200,true,true,true,true,https://www.kronosolopromocionales.com/categorias/bicicleta/,true,,0,,,A_INDEXABLE,productCount=21
https://www.kronosolopromocionales.com/categorias/calculadoras/,category,true,200,true,true,true,true,https://www.kronosolopromocionales.com/categorias/calculadoras/,true,,0,,pocos_productos,A_INDEXABLE,productCount=4
https://www.kronosolopromocionales.com/categorias/camisetas-y-confeccion-corporativa/,category,true,200,true,true,true,true,https://www.kronosolopromocionales.com/categorias/camisetas-y-confeccion-corporativa/,true,,12,,pocos_productos,A_INDEXABLE,productCount=3
https://www.kronosolopromocionales.com/categorias/deportes/,category,true,200,true,true,true,true,https://www.kronosolopromocionales.com/categorias/deportes/,true,,3,,,A_INDEXABLE,productCount=76
https://www.kronosolopromocionales.com/categorias/econature/,category,true,200,true,true,true,true,https://www.kronosolopromocionales.com/categorias/econature/,true,,2,,,A_INDEXABLE,productCount=48
https://www.kronosolopromocionales.com/categorias/ecologia/,category,true,200,true,true,true,true,https://www.kronosolopromocionales.com/categorias/ecologia/,true,,16,,,A_INDEXABLE,productCount=107
https://www.kronosolopromocionales.com/categorias/golf/,category,true,200,true,true,true,true,https://www.kronosolopromocionales.com/categorias/golf/,true,,0,,,A_INDEXABLE,productCount=9
https://www.kronosolopromocionales.com/categorias/gorras-personalizadas/,category,true,200,true,true,true,true,https://www.kronosolopromocionales.com/categorias/gorras-personalizadas/,true,,12,,,A_INDEXABLE,productCount=9
https://www.kronosolopromocionales.com/categorias/herramientas/,category,true,200,true,true,true,true,https://www.kronosolopromocionales.com/categorias/herramientas/,true,,3,,,A_INDEXABLE,productCount=38
https://www.kronosolopromocionales.com/categorias/hogar/,category,true,200,true,true,true,true,https://www.kronosolopromocionales.com/categorias/hogar/,true,,2,,,A_INDEXABLE,productCount=87
https://www.kronosolopromocionales.com/categorias/iluminacion/,category,true,200,true,true,true,true,https://www.kronosolopromocionales.com/categorias/iluminacion/,true,,0,,,A_INDEXABLE,productCount=42
https://www.kronosolopromocionales.com/categorias/infantil/,category,true,200,true,true,true,true,https://www.kronosolopromocionales.com/categorias/infantil/,true,,0,,,A_INDEXABLE,productCount=54
https://www.kronosolopromocionales.com/categorias/juegos/,category,true,200,true,true,true,true,https://www.kronosolopromocionales.com/categorias/juegos/,true,,0,,,A_INDEXABLE,productCount=44
https://www.kronosolopromocionales.com/categorias/llaveros-personalizados/,category,true,200,true,true,true,true,https://www.kronosolopromocionales.com/categorias/llaveros-personalizados/,true,,14,,,A_INDEXABLE,productCount=22
https://www.kronosolopromocionales.com/categorias/mochilas-y-maletines-personalizados/,category,true,200,true,true,true,true,https://www.kronosolopromocionales.com/categorias/mochilas-y-maletines-personalizados/,true,,12,,,A_INDEXABLE,productCount=126
https://www.kronosolopromocionales.com/categorias/master-line/,category,true,200,true,true,true,true,https://www.kronosolopromocionales.com/categorias/master-line/,true,,0,,,A_INDEXABLE,productCount=46
https://www.kronosolopromocionales.com/categorias/medicos/,category,true,200,true,true,true,true,https://www.kronosolopromocionales.com/categorias/medicos/,true,,3,,,A_INDEXABLE,productCount=68
https://www.kronosolopromocionales.com/categorias/memorias-usb-personalizadas/,category,true,200,true,true,true,true,https://www.kronosolopromocionales.com/categorias/memorias-usb-personalizadas/,true,,4,,,A_INDEXABLE,productCount=16
https://www.kronosolopromocionales.com/categorias/mugs-y-termos-personalizados/,category,true,200,true,true,true,true,https://www.kronosolopromocionales.com/categorias/mugs-y-termos-personalizados/,true,,31,,,A_INDEXABLE,productCount=77
https://www.kronosolopromocionales.com/categorias/novedades/,category,true,200,true,true,true,true,https://www.kronosolopromocionales.com/categorias/novedades/,true,,19,,,A_INDEXABLE,productCount=305
https://www.kronosolopromocionales.com/categorias/articulos-de-oficina-personalizados/,category,true,200,true,true,true,true,https://www.kronosolopromocionales.com/categorias/articulos-de-oficina-personalizados/,true,,16,,,A_INDEXABLE,productCount=83
https://www.kronosolopromocionales.com/categorias/paraguas/,category,true,200,true,true,true,true,https://www.kronosolopromocionales.com/categorias/paraguas/,true,,0,,,A_INDEXABLE,productCount=45
https://www.kronosolopromocionales.com/categorias/cuidado-personal/,category,true,200,true,true,true,true,https://www.kronosolopromocionales.com/categorias/cuidado-personal/,true,,0,,,A_INDEXABLE,productCount=32
https://www.kronosolopromocionales.com/categorias/produccion-nacional/,category,true,200,true,true,true,true,https://www.kronosolopromocionales.com/categorias/produccion-nacional/,true,,0,,,A_INDEXABLE,productCount=73
https://www.kronosolopromocionales.com/categorias/relojes/,category,true,200,true,true,true,true,https://www.kronosolopromocionales.com/categorias/relojes/,true,,1,,,A_INDEXABLE,productCount=27
https://www.kronosolopromocionales.com/categorias/tecnologia-promocional/,category,true,200,true,true,true,true,https://www.kronosolopromocionales.com/categorias/tecnologia-promocional/,true,,37,,,A_INDEXABLE,productCount=132
https://www.kronosolopromocionales.com/categorias/variedades/,category,true,200,true,true,true,true,https://www.kronosolopromocionales.com/categorias/variedades/,true,,5,,,A_INDEXABLE,productCount=50
https://www.kronosolopromocionales.com/categorias/vasos-personalizados/,category,true,200,true,true,true,true,https://www.kronosolopromocionales.com/categorias/vasos-personalizados/,true,,0,,,A_INDEXABLE,productCount=18
https://www.kronosolopromocionales.com/categorias/termos-personalizados/,category,true,200,true,true,true,true,https://www.kronosolopromocionales.com/categorias/termos-personalizados/,true,,0,,,A_INDEXABLE,productCount=8
https://www.kronosolopromocionales.com/categorias/tomatodos-y-botilitos-personalizados/,category,true,200,true,true,true,true,https://www.kronosolopromocionales.com/categorias/tomatodos-y-botilitos-personalizados/,true,,0,,,A_INDEXABLE,productCount=115
https://www.kronosolopromocionales.com/productos-promocionales-ecuador/quito/,city,true,200,true,true,true,true,https://www.kronosolopromocionales.com/productos-promocionales-ecuador/quito/,true,,0,,,A_INDEXABLE,"Página de ciudad — near-duplicate por diseño (5 ciudades, bajo el umbral de 30 páginas del hallazgo de sitemap.ts)"
https://www.kronosolopromocionales.com/productos-promocionales-ecuador/guayaquil/,city,true,200,true,true,true,true,https://www.kronosolopromocionales.com/productos-promocionales-ecuador/guayaquil/,true,,0,,,A_INDEXABLE,"Página de ciudad — near-duplicate por diseño (5 ciudades, bajo el umbral de 30 páginas del hallazgo de sitemap.ts)"
https://www.kronosolopromocionales.com/productos-promocionales-ecuador/cuenca/,city,true,200,true,true,true,true,https://www.kronosolopromocionales.com/productos-promocionales-ecuador/cuenca/,true,,0,,,A_INDEXABLE,"Página de ciudad — near-duplicate por diseño (5 ciudades, bajo el umbral de 30 páginas del hallazgo de sitemap.ts)"
https://www.kronosolopromocionales.com/productos-promocionales-ecuador/manta/,city,true,200,true,true,true,true,https://www.kronosolopromocionales.com/productos-promocionales-ecuador/manta/,true,,0,,,A_INDEXABLE,"Página de ciudad — near-duplicate por diseño (5 ciudades, bajo el umbral de 30 páginas del hallazgo de sitemap.ts)"
https://www.kronosolopromocionales.com/productos-promocionales-ecuador/ambato/,city,true,200,true,true,true,true,https://www.kronosolopromocionales.com/productos-promocionales-ecuador/ambato/,true,,0,,,A_INDEXABLE,"Página de ciudad — near-duplicate por diseño (5 ciudades, bajo el umbral de 30 páginas del hallazgo de sitemap.ts)"
https://www.kronosolopromocionales.com/blog/como-elegir-promocionales-segun-tu-tipo-de-cliente-2026/,blog,true,200,true,true,true,true,https://www.kronosolopromocionales.com/blog/como-elegir-promocionales-segun-tu-tipo-de-cliente-2026/,true,,0,,,A_INDEXABLE,
https://www.kronosolopromocionales.com/blog/articulos-promocionales-para-empresas-que-funcionan/,blog,true,200,true,true,true,true,https://www.kronosolopromocionales.com/blog/articulos-promocionales-para-empresas-que-funcionan/,true,,0,,,A_INDEXABLE,
https://www.kronosolopromocionales.com/blog/top-10-regalos-corporativos-tecnologicos-2026/,blog,true,200,true,true,true,true,https://www.kronosolopromocionales.com/blog/top-10-regalos-corporativos-tecnologicos-2026/,true,,0,,,A_INDEXABLE,
https://www.kronosolopromocionales.com/blog/guia-definitiva-merchandising-empresas-ecuador/,blog,true,200,true,true,true,true,https://www.kronosolopromocionales.com/blog/guia-definitiva-merchandising-empresas-ecuador/,true,,0,,,A_INDEXABLE,
https://www.kronosolopromocionales.com/blog/solucion-antiestres-bolas-neon-promocionales-para-empresas-en-ecuador/,blog,true,200,true,true,true,true,https://www.kronosolopromocionales.com/blog/solucion-antiestres-bolas-neon-promocionales-para-empresas-en-ecuador/,true,,0,,,A_INDEXABLE,
https://www.kronosolopromocionales.com/blog/enamora-a-tus-clientes-regalos-corporativos-unicos-para-amor-y-amistad/,blog,true,200,true,true,true,true,https://www.kronosolopromocionales.com/blog/enamora-a-tus-clientes-regalos-corporativos-unicos-para-amor-y-amistad/,true,,0,,,A_INDEXABLE,
https://www.kronosolopromocionales.com/blog/listos-para-carnaval-2026-impulsa-tu-marca-con-productos-promocionales/,blog,true,200,true,true,true,true,https://www.kronosolopromocionales.com/blog/listos-para-carnaval-2026-impulsa-tu-marca-con-productos-promocionales/,true,,0,,,A_INDEXABLE,
https://www.kronosolopromocionales.com/blog/boligrafos-personalizados-la-mejor-inversion-publicitaria-en-ecuador/,blog,true,200,true,true,true,true,https://www.kronosolopromocionales.com/blog/boligrafos-personalizados-la-mejor-inversion-publicitaria-en-ecuador/,true,,0,,,A_INDEXABLE,
https://www.kronosolopromocionales.com/blog/llaveros-promocionales-cual-es-la-mejor-opcion-para-tu-presupuesto/,blog,true,200,true,true,true,true,https://www.kronosolopromocionales.com/blog/llaveros-promocionales-cual-es-la-mejor-opcion-para-tu-presupuesto/,true,,0,,,A_INDEXABLE,
https://www.kronosolopromocionales.com/blog/buscas-productos-promocionales-en-quito-encuentra-el-ideal-aqui/,blog,true,200,true,true,true,true,https://www.kronosolopromocionales.com/blog/buscas-productos-promocionales-en-quito-encuentra-el-ideal-aqui/,true,,0,,,A_INDEXABLE,
https://www.kronosolopromocionales.com/blog/productos-promocionales-ecologicos-impulsa-tu-marca-de-forma-sostenible/,blog,true,200,true,true,true,true,https://www.kronosolopromocionales.com/blog/productos-promocionales-ecologicos-impulsa-tu-marca-de-forma-sostenible/,true,,0,,,A_INDEXABLE,
https://www.kronosolopromocionales.com/blog/boligrafo-flom-4-1-antibacteriano-el-regalo-promocional-que-protege-tu-marca-en-ecuador/,blog,true,200,true,true,true,true,https://www.kronosolopromocionales.com/blog/boligrafo-flom-4-1-antibacteriano-el-regalo-promocional-que-protege-tu-marca-en-ecuador/,true,,0,,,A_INDEXABLE,
https://www.kronosolopromocionales.com/blog/cuellos-multifuncionales-personalizados-la-estrategia-publicitaria-imbatible-para-tu-negocio-en-ecuador/,blog,true,200,true,true,true,true,https://www.kronosolopromocionales.com/blog/cuellos-multifuncionales-personalizados-la-estrategia-publicitaria-imbatible-para-tu-negocio-en-ecuador/,true,,0,,,A_INDEXABLE,
https://www.kronosolopromocionales.com/blog/cucharas-y-tenedores-que-protegen-descubre-el-set-de-cubiertos-antibacterianos-para-empresas-en-ecuador/,blog,true,200,true,true,true,true,https://www.kronosolopromocionales.com/blog/cucharas-y-tenedores-que-protegen-descubre-el-set-de-cubiertos-antibacterianos-para-empresas-en-ecuador/,true,,0,,,A_INDEXABLE,
https://www.kronosolopromocionales.com/blog/productos-promocionales-ecuador/,blog,true,200,true,true,true,true,https://www.kronosolopromocionales.com/blog/productos-promocionales-ecuador/,true,,0,,,A_INDEXABLE,
https://www.kronosolopromocionales.com/blog/mejores-productos-promocionales-2025/,blog,true,200,true,true,true,true,https://www.kronosolopromocionales.com/blog/mejores-productos-promocionales-2025/,true,,0,,,A_INDEXABLE,
https://www.kronosolopromocionales.com/blog/estrategias-marketing-merchandising-empresarial/,blog,true,200,true,true,true,true,https://www.kronosolopromocionales.com/blog/estrategias-marketing-merchandising-empresarial/,true,,0,,,A_INDEXABLE,
https://www.kronosolopromocionales.com/blog/diseno-logos-productos-promocionales/,blog,true,200,true,true,true,true,https://www.kronosolopromocionales.com/blog/diseno-logos-productos-promocionales/,true,,0,,,A_INDEXABLE,
https://www.kronosolopromocionales.com/blog/merchandising-eventos-corporativos-ecuador/,blog,true,200,true,true,true,true,https://www.kronosolopromocionales.com/blog/merchandising-eventos-corporativos-ecuador/,true,,0,,,A_INDEXABLE,
https://www.kronosolopromocionales.com/blog/productos-tecnologicos-promocionales-tendencias/,blog,true,200,true,true,true,true,https://www.kronosolopromocionales.com/blog/productos-tecnologicos-promocionales-tendencias/,true,,0,,,A_INDEXABLE,
https://www.kronosolopromocionales.com/blog/branding-textiles-personalizados-empresas/,blog,true,200,true,true,true,true,https://www.kronosolopromocionales.com/blog/branding-textiles-personalizados-empresas/,true,,0,,,A_INDEXABLE,
https://www.kronosolopromocionales.com/blog/colores-psicologia-merchandising-corporativo/,blog,true,200,true,true,true,true,https://www.kronosolopromocionales.com/blog/colores-psicologia-merchandising-corporativo/,true,,0,,,A_INDEXABLE,
https://www.kronosolopromocionales.com/blog/regalos-corporativos-fin-ano-ecuador/,blog,true,200,true,true,true,true,https://www.kronosolopromocionales.com/blog/regalos-corporativos-fin-ano-ecuador/,true,,0,,,A_INDEXABLE,
https://www.kronosolopromocionales.com/blog/personalizacion-productos-tecnicas-impresion/,blog,true,200,true,true,true,true,https://www.kronosolopromocionales.com/blog/personalizacion-productos-tecnicas-impresion/,true,,0,,,A_INDEXABLE,
https://www.kronosolopromocionales.com/blog/marketing-sostenible-productos-ecologicos-promocionales/,blog,true,200,true,true,true,true,https://www.kronosolopromocionales.com/blog/marketing-sostenible-productos-ecologicos-promocionales/,true,,0,,,A_INDEXABLE,
https://www.kronosolopromocionales.com/blog/regalos-corporativos-elegantes/,blog,true,200,true,true,true,true,https://www.kronosolopromocionales.com/blog/regalos-corporativos-elegantes/,true,,0,,,A_INDEXABLE,
https://www.kronosolopromocionales.com/blog/10-mejores-productos-promocionales-ecuador-imprescindibles/,blog,true,200,true,true,true,true,https://www.kronosolopromocionales.com/blog/10-mejores-productos-promocionales-ecuador-imprescindibles/,true,,0,,,A_INDEXABLE,
https://www.kronosolopromocionales.com/blog/beneficios-productos-promocionales-ecuador-guia-completa/,blog,true,200,true,true,true,true,https://www.kronosolopromocionales.com/blog/beneficios-productos-promocionales-ecuador-guia-completa/,true,,0,,,A_INDEXABLE,
https://www.kronosolopromocionales.com/blog/productos-promocionales-baratos-guia-completa/,blog,true,200,true,true,true,true,https://www.kronosolopromocionales.com/blog/productos-promocionales-baratos-guia-completa/,true,,0,,,A_INDEXABLE,
https://www.kronosolopromocionales.com/blog/productos-promocionales-por-mayor-mayoreo-guia-completa/,blog,true,200,true,true,true,true,https://www.kronosolopromocionales.com/blog/productos-promocionales-por-mayor-mayoreo-guia-completa/,true,,0,,,A_INDEXABLE,
https://www.kronosolopromocionales.com/blog/productos-promocionales-navidenos-guia-completa/,blog,true,200,true,true,true,true,https://www.kronosolopromocionales.com/blog/productos-promocionales-navidenos-guia-completa/,true,,0,,,A_INDEXABLE,
https://www.kronosolopromocionales.com/blog/adios-a-las-perdidas-boomtag-bp-29-el-rastreador-airtag-promocional-que-impulsa-tu-marca/,blog,true,200,true,true,true,true,https://www.kronosolopromocionales.com/blog/adios-a-las-perdidas-boomtag-bp-29-el-rastreador-airtag-promocional-que-impulsa-tu-marca/,true,,0,,,A_INDEXABLE,
https://www.kronosolopromocionales.com/blog/promocionales-antimicrobianos-la-defensa-invisible-que-impulsa-tu-marca-en-ecuador/,blog,true,200,true,true,true,true,https://www.kronosolopromocionales.com/blog/promocionales-antimicrobianos-la-defensa-invisible-que-impulsa-tu-marca-en-ecuador/,true,,0,,,A_INDEXABLE,
https://www.kronosolopromocionales.com/blog/abre-caminos-al-exito-destapador-con-iman-personalizado-el-iman-de-clientes-para-tu-marca-en-ecuador/,blog,true,200,true,true,true,true,https://www.kronosolopromocionales.com/blog/abre-caminos-al-exito-destapador-con-iman-personalizado-el-iman-de-clientes-para-tu-marca-en-ecuador/,true,,0,,,A_INDEXABLE,
https://www.kronosolopromocionales.com/blog/herramientas-mustang-promocionales-impulsa-tu-marca-con-soluciones-practicas-ecuador/,blog,true,200,true,true,true,true,https://www.kronosolopromocionales.com/blog/herramientas-mustang-promocionales-impulsa-tu-marca-con-soluciones-practicas-ecuador/,true,,0,,,A_INDEXABLE,
https://www.kronosolopromocionales.com/blog/mejores-regalos-corporativos-para-empresas-ecuador-2026/,blog,true,200,true,true,true,true,https://www.kronosolopromocionales.com/blog/mejores-regalos-corporativos-para-empresas-ecuador-2026/,true,,0,,,A_INDEXABLE,
https://www.kronosolopromocionales.com/blog/merchandising-para-ferias-empresariales-ecuador/,blog,true,200,true,true,true,true,https://www.kronosolopromocionales.com/blog/merchandising-para-ferias-empresariales-ecuador/,true,,0,,,A_INDEXABLE,
https://www.kronosolopromocionales.com/blog/boligrafos-promocionales-personalizados-guia-empresas-ecuador/,blog,true,200,true,true,true,true,https://www.kronosolopromocionales.com/blog/boligrafos-promocionales-personalizados-guia-empresas-ecuador/,true,,0,,,A_INDEXABLE,
https://www.kronosolopromocionales.com/blog/articulos-promocionales-ecologicos-para-empresas-ecuador/,blog,true,200,true,true,true,true,https://www.kronosolopromocionales.com/blog/articulos-promocionales-ecologicos-para-empresas-ecuador/,true,,0,,,A_INDEXABLE,
https://www.kronosolopromocionales.com/blog/cuanto-cuestan-los-articulos-promocionales-personalizados-ecuador/,blog,true,200,true,true,true,true,https://www.kronosolopromocionales.com/blog/cuanto-cuestan-los-articulos-promocionales-personalizados-ecuador/,true,,0,,,A_INDEXABLE,
https://www.kronosolopromocionales.com/productos/organizador-multiusos-link-nuevo-13536/,product,true,200,true,true,true,false,https://www.kronosolopromocionales.com/productos/organizador-multiusos-link-nuevo-13536/,true,,0,100,,A_INDEXABLE,
https://www.kronosolopromocionales.com/productos/candado-de-clave-tsa-nuevo-13537/,product,true,200,true,true,true,false,https://www.kronosolopromocionales.com/productos/candado-de-clave-tsa-nuevo-13537/,true,,0,100,,A_INDEXABLE,
https://www.kronosolopromocionales.com/productos/banda-elastica-gym-nuevo-13538/,product,true,200,true,true,true,false,https://www.kronosolopromocionales.com/productos/banda-elastica-gym-nuevo-13538/,true,,0,100,,A_INDEXABLE,
https://www.kronosolopromocionales.com/productos/paraguas-kahlo-23-nuevo-13532/,product,true,200,true,true,true,false,https://www.kronosolopromocionales.com/productos/paraguas-kahlo-23-nuevo-13532/,true,,0,100,,A_INDEXABLE,
https://www.kronosolopromocionales.com/productos/rastreador-chili-card-nuevo-13533/,product,true,200,true,true,true,false,https://www.kronosolopromocionales.com/productos/rastreador-chili-card-nuevo-13533/,true,,0,100,,A_INDEXABLE,
https://www.kronosolopromocionales.com/productos/mug-plastico-stash-500-ml-nuevo-13534/,product,true,200,true,true,true,false,https://www.kronosolopromocionales.com/productos/mug-plastico-stash-500-ml-nuevo-13534/,true,,1,100,,A_INDEXABLE,
https://www.kronosolopromocionales.com/productos/sticky-set-truck-nuevo-13280/,product,true,200,true,true,true,false,https://www.kronosolopromocionales.com/productos/sticky-set-truck-nuevo-13280/,true,,1,100,,A_INDEXABLE,
https://www.kronosolopromocionales.com/productos/mini-linterna-ozen-nuevo-13296/,product,true,200,false,false,false,false,https://www.kronosolopromocionales.com/productos/mini-linterna-ozen-nuevo-13296/,true,,0,100,,B_NOINDEX_INTENCIONAL,"is_ai_optimized=false — pendiente de enriquecimiento, excluido del sitemap intencionalmente"
https://www.kronosolopromocionales.com/productos/medidor-de-presion-para-neumaticos-nuevo-13297/,product,true,200,true,true,true,false,https://www.kronosolopromocionales.com/productos/medidor-de-presion-para-neumaticos-nuevo-13297/,true,,0,100,,A_INDEXABLE,
https://www.kronosolopromocionales.com/productos/speaker-bluetooth-novark-nuevo-13298/,product,true,200,false,false,false,false,https://www.kronosolopromocionales.com/productos/speaker-bluetooth-novark-nuevo-13298/,true,,0,100,,B_NOINDEX_INTENCIONAL,"is_ai_optimized=false — pendiente de enriquecimiento, excluido del sitemap intencionalmente"
https://www.kronosolopromocionales.com/productos/teclado-bluetooth-orbi-nuevo-13299/,product,true,200,false,false,false,false,https://www.kronosolopromocionales.com/productos/teclado-bluetooth-orbi-nuevo-13299/,true,,0,100,,B_NOINDEX_INTENCIONAL,"is_ai_optimized=false — pendiente de enriquecimiento, excluido del sitemap intencionalmente"
https://www.kronosolopromocionales.com/productos/mouse-inalambrico-lumo-nuevo-13300/,product,true,200,true,true,true,false,https://www.kronosolopromocionales.com/productos/mouse-inalambrico-lumo-nuevo-13300/,true,,0,100,,A_INDEXABLE,
https://www.kronosolopromocionales.com/productos/audifonos-bluetooth-earshots-boompods-oferta-10589/,product,true,200,true,true,true,false,https://www.kronosolopromocionales.com/productos/audifonos-bluetooth-earshots-boompods-oferta-10589/,true,,0,100,,A_INDEXABLE,
https://www.kronosolopromocionales.com/productos/audifonos-bluetooth-bassline-go-boompods-10590/,product,true,200,true,true,true,false,https://www.kronosolopromocionales.com/productos/audifonos-bluetooth-bassline-go-boompods-10590/,true,,0,100,,A_INDEXABLE,
https://www.kronosolopromocionales.com/productos/speaker-bluetooth-zero-boompods-10591/,product,true,200,true,true,true,false,https://www.kronosolopromocionales.com/productos/speaker-bluetooth-zero-boompods-10591/,true,,0,100,,A_INDEXABLE,
https://www.kronosolopromocionales.com/productos/speaker-bluetooth-beach-35-boompods-nuevo-13213/,product,true,200,true,true,true,false,https://www.kronosolopromocionales.com/productos/speaker-bluetooth-beach-35-boompods-nuevo-13213/,true,,0,100,,A_INDEXABLE,
https://www.kronosolopromocionales.com/productos/rastreador-airtag-boomtag-nuevo-13210/,product,true,200,true,true,true,false,https://www.kronosolopromocionales.com/productos/rastreador-airtag-boomtag-nuevo-13210/,true,,0,100,,A_INDEXABLE,
https://www.kronosolopromocionales.com/productos/rastreador-airtag-boomcard-nuevo-13211/,product,true,200,true,true,true,false,https://www.kronosolopromocionales.com/productos/rastreador-airtag-boomcard-nuevo-13211/,true,,0,100,,A_INDEXABLE,
https://www.kronosolopromocionales.com/productos/audifonos-bluetooth-anc-nuevo-13212/,product,true,200,true,true,true,false,https://www.kronosolopromocionales.com/productos/audifonos-bluetooth-anc-nuevo-13212/,true,,0,100,,A_INDEXABLE,
https://www.kronosolopromocionales.com/productos/termo-metalico-calypso-chili-500ml-9781/,product,true,200,true,true,true,false,https://www.kronosolopromocionales.com/productos/termo-metalico-calypso-chili-500ml-9781/,true,,1,100,,A_INDEXABLE,
https://www.kronosolopromocionales.com/productos/botilito-en-vidrio-calypso-chili-750ml-10653/,product,true,200,true,true,true,false,https://www.kronosolopromocionales.com/productos/botilito-en-vidrio-calypso-chili-750ml-10653/,true,,0,100,,A_INDEXABLE,
https://www.kronosolopromocionales.com/productos/morral-backpack-master-ocean-10668/,product,true,200,true,true,true,false,https://www.kronosolopromocionales.com/productos/morral-backpack-master-ocean-10668/,true,,0,100,,A_INDEXABLE,
https://www.kronosolopromocionales.com/productos/maletin-master-ocean-10669/,product,true,200,true,true,true,false,https://www.kronosolopromocionales.com/productos/maletin-master-ocean-10669/,true,,0,100,,A_INDEXABLE,
https://www.kronosolopromocionales.com/productos/canguro-master-ocean-10670/,product,true,200,true,true,true,false,https://www.kronosolopromocionales.com/productos/canguro-master-ocean-10670/,true,,0,100,,A_INDEXABLE,
https://www.kronosolopromocionales.com/productos/organizador-de-viaje-master-ocean-10959/,product,true,200,true,true,true,false,https://www.kronosolopromocionales.com/productos/organizador-de-viaje-master-ocean-10959/,true,,0,100,,A_INDEXABLE,
https://www.kronosolopromocionales.com/productos/organizador-de-viaje-maxi-master-ocean-10960/,product,true,200,false,false,false,false,https://www.kronosolopromocionales.com/productos/organizador-de-viaje-maxi-master-ocean-10960/,true,,0,100,,B_NOINDEX_INTENCIONAL,"is_ai_optimized=false — pendiente de enriquecimiento, excluido del sitemap intencionalmente"
https://www.kronosolopromocionales.com/productos/morral-backpack-compacto-master-ocean-10961/,product,true,200,true,true,true,false,https://www.kronosolopromocionales.com/productos/morral-backpack-compacto-master-ocean-10961/,true,,0,100,,A_INDEXABLE,
https://www.kronosolopromocionales.com/productos/canguro-compacto-master-ocean-10962/,product,true,200,true,true,true,false,https://www.kronosolopromocionales.com/productos/canguro-compacto-master-ocean-10962/,true,,0,100,,A_INDEXABLE,
https://www.kronosolopromocionales.com/productos/morral-backpack-antirrobo-chili-9834/,product,true,200,true,true,true,false,https://www.kronosolopromocionales.com/productos/morral-backpack-antirrobo-chili-9834/,true,,0,100,,A_INDEXABLE,
https://www.kronosolopromocionales.com/productos/boligrafo-metalico-shell-oferta-7326/,product,true,200,true,true,true,false,https://www.kronosolopromocionales.com/productos/boligrafo-metalico-shell-oferta-7326/,true,,3,100,,A_INDEXABLE,
https://www.kronosolopromocionales.com/productos/skil-oferta-8592/,product,true,200,true,true,true,false,https://www.kronosolopromocionales.com/productos/skil-oferta-8592/,true,,0,100,,A_INDEXABLE,
https://www.kronosolopromocionales.com/productos/espejo-cork-ii-10689/,product,true,200,true,true,true,false,https://www.kronosolopromocionales.com/productos/espejo-cork-ii-10689/,true,,1,100,,A_INDEXABLE,
https://www.kronosolopromocionales.com/productos/boligrafo-dormin-bamboo-10839/,product,true,200,false,false,false,false,https://www.kronosolopromocionales.com/productos/boligrafo-dormin-bamboo-10839/,true,,4,100,,B_NOINDEX_INTENCIONAL,"is_ai_optimized=false — pendiente de enriquecimiento, excluido del sitemap intencionalmente"
https://www.kronosolopromocionales.com/productos/portaboligrafos-lumi-rpet-10811/,product,true,200,true,true,true,false,https://www.kronosolopromocionales.com/productos/portaboligrafos-lumi-rpet-10811/,true,,0,100,,A_INDEXABLE,
https://www.kronosolopromocionales.com/productos/speaker-bluetooth-clock-eco-10835/,product,true,200,true,true,true,false,https://www.kronosolopromocionales.com/productos/speaker-bluetooth-clock-eco-10835/,true,,0,100,,A_INDEXABLE,
https://www.kronosolopromocionales.com/productos/puerto-usb-massimo-bamboo-10813/,product,true,200,true,true,true,false,https://www.kronosolopromocionales.com/productos/puerto-usb-massimo-bamboo-10813/,true,,0,100,,A_INDEXABLE,
https://www.kronosolopromocionales.com/productos/puerto-usb-ruler-bamboo-10814/,product,true,200,false,false,false,false,https://www.kronosolopromocionales.com/productos/puerto-usb-ruler-bamboo-10814/,true,,1,100,,B_NOINDEX_INTENCIONAL,"is_ai_optimized=false — pendiente de enriquecimiento, excluido del sitemap intencionalmente"
https://www.kronosolopromocionales.com/productos/set-de-colores-figgy-10697/,product,true,200,true,true,true,false,https://www.kronosolopromocionales.com/productos/set-de-colores-figgy-10697/,true,,0,100,,A_INDEXABLE,
https://www.kronosolopromocionales.com/productos/mini-set-de-colores-baby-10698/,product,true,200,true,true,true,false,https://www.kronosolopromocionales.com/productos/mini-set-de-colores-baby-10698/,true,,0,100,,A_INDEXABLE,
https://www.kronosolopromocionales.com/productos/bolsa-en-algodon-botanik-10690/,product,true,200,true,true,true,false,https://www.kronosolopromocionales.com/productos/bolsa-en-algodon-botanik-10690/,true,,2,100,,A_INDEXABLE,
https://www.kronosolopromocionales.com/productos/bolsa-en-algodon-con-fuelle-10691/,product,true,200,true,true,true,false,https://www.kronosolopromocionales.com/productos/bolsa-en-algodon-con-fuelle-10691/,true,,0,100,,A_INDEXABLE,
https://www.kronosolopromocionales.com/productos/bolsa-en-cambrel-baxter-5260/,product,true,200,true,true,true,false,https://www.kronosolopromocionales.com/productos/bolsa-en-cambrel-baxter-5260/,true,,2,100,,A_INDEXABLE,
https://www.kronosolopromocionales.com/productos/bolsa-en-yute-wine-oferta-5437/,product,true,200,true,true,true,false,https://www.kronosolopromocionales.com/productos/bolsa-en-yute-wine-oferta-5437/,true,,0,100,,A_INDEXABLE,
https://www.kronosolopromocionales.com/productos/boligrafo-mop-like-stylus-10030/,product,true,200,true,true,true,false,https://www.kronosolopromocionales.com/productos/boligrafo-mop-like-stylus-10030/,true,,2,100,,A_INDEXABLE,
https://www.kronosolopromocionales.com/productos/mop-medic-stylus-7344/,product,true,200,true,true,true,false,https://www.kronosolopromocionales.com/productos/mop-medic-stylus-7344/,true,,0,100,,A_INDEXABLE,
https://www.kronosolopromocionales.com/productos/mop-stylus-7345/,product,true,200,true,true,true,false,https://www.kronosolopromocionales.com/productos/mop-stylus-7345/,true,,0,100,,A_INDEXABLE,
https://www.kronosolopromocionales.com/productos/mop-bicolor-8947/,product,true,200,true,true,true,false,https://www.kronosolopromocionales.com/productos/mop-bicolor-8947/,true,,0,100,,A_INDEXABLE,
https://www.kronosolopromocionales.com/productos/mini-paraguas-brenna-19-10673/,product,true,200,true,true,true,false,https://www.kronosolopromocionales.com/productos/mini-paraguas-brenna-19-10673/,true,,0,100,,A_INDEXABLE,
https://www.kronosolopromocionales.com/productos/mini-paraguas-strap-21-6201/,product,true,200,true,true,true,false,https://www.kronosolopromocionales.com/productos/mini-paraguas-strap-21-6201/,true,,0,100,,A_INDEXABLE,
https://www.kronosolopromocionales.com/productos/paraguas-brook-27-6369/,product,true,200,true,true,true,false,https://www.kronosolopromocionales.com/productos/paraguas-brook-27-6369/,true,,0,100,,A_INDEXABLE,
https://www.kronosolopromocionales.com/productos/paraguas-27-5913/,product,true,200,false,false,false,false,https://www.kronosolopromocionales.com/productos/paraguas-27-5913/,true,,0,100,,B_NOINDEX_INTENCIONAL,"is_ai_optimized=false — pendiente de enriquecimiento, excluido del sitemap intencionalmente"
https://www.kronosolopromocionales.com/productos/paraguas-golf-ii-30-1083/,product,true,200,true,true,true,false,https://www.kronosolopromocionales.com/productos/paraguas-golf-ii-30-1083/,true,,0,100,,A_INDEXABLE,
https://www.kronosolopromocionales.com/productos/paraguas-trendy-poliester-27-fibra-de-vidrio-5693/,product,true,200,true,true,true,false,https://www.kronosolopromocionales.com/productos/paraguas-trendy-poliester-27-fibra-de-vidrio-5693/,true,,0,100,,A_INDEXABLE,
https://www.kronosolopromocionales.com/productos/paraguas-golf-redondo-27-1889/,product,true,200,true,true,true,false,https://www.kronosolopromocionales.com/productos/paraguas-golf-redondo-27-1889/,true,,0,100,,A_INDEXABLE,
https://www.kronosolopromocionales.com/productos/paraguas-golf-cuadrado-30-oferta-1085/,product,true,200,true,true,true,false,https://www.kronosolopromocionales.com/productos/paraguas-golf-cuadrado-30-oferta-1085/,true,,0,100,,A_INDEXABLE,
https://www.kronosolopromocionales.com/productos/paraguas-profesional-en-fibra-de-vidrio-30-2145/,product,true,200,true,true,true,false,https://www.kronosolopromocionales.com/productos/paraguas-profesional-en-fibra-de-vidrio-30-2145/,true,,0,100,,A_INDEXABLE,
https://www.kronosolopromocionales.com/productos/mini-paraguas-hansel-21-6868/,product,true,200,true,true,true,false,https://www.kronosolopromocionales.com/productos/mini-paraguas-hansel-21-6868/,true,,0,100,,A_INDEXABLE,
https://www.kronosolopromocionales.com/productos/paraguas-freerain-23-7627/,product,true,200,true,true,true,false,https://www.kronosolopromocionales.com/productos/paraguas-freerain-23-7627/,true,,0,100,,A_INDEXABLE,
https://www.kronosolopromocionales.com/productos/paraguas-fiori-23-7515/,product,true,200,true,true,true,false,https://www.kronosolopromocionales.com/productos/paraguas-fiori-23-7515/,true,,0,100,,A_INDEXABLE,
https://www.kronosolopromocionales.com/productos/vaso-cervecero-300ml-oferta-4813/,product,true,200,true,true,true,false,https://www.kronosolopromocionales.com/productos/vaso-cervecero-300ml-oferta-4813/,true,,0,100,,A_INDEXABLE,
https://www.kronosolopromocionales.com/productos/set-de-viaje-swiss-peak-travel-10611/,product,true,200,true,true,true,false,https://www.kronosolopromocionales.com/productos/set-de-viaje-swiss-peak-travel-10611/,true,,0,100,,A_INDEXABLE,
https://www.kronosolopromocionales.com/productos/funda-portalaptop-swiss-peak-10612/,product,true,200,true,true,true,false,https://www.kronosolopromocionales.com/productos/funda-portalaptop-swiss-peak-10612/,true,,0,100,,A_INDEXABLE,
https://www.kronosolopromocionales.com/productos/portadocumentos-heritage-swiss-peak-11110/,product,true,200,true,true,true,false,https://www.kronosolopromocionales.com/productos/portadocumentos-heritage-swiss-peak-11110/,true,,0,100,,A_INDEXABLE,
https://www.kronosolopromocionales.com/productos/organizador-swiss-peak-office-oferta-10177/,product,true,200,true,true,true,false,https://www.kronosolopromocionales.com/productos/organizador-swiss-peak-office-oferta-10177/,true,,0,100,,A_INDEXABLE,
https://www.kronosolopromocionales.com/productos/organizador-de-viaje-swiss-peak-rpet-10181/,product,true,200,true,true,true,false,https://www.kronosolopromocionales.com/productos/organizador-de-viaje-swiss-peak-rpet-10181/,true,,0,100,,A_INDEXABLE,
https://www.kronosolopromocionales.com/productos/portadocumentos-de-viaje-swiss-peak-6267/,product,true,200,true,true,true,false,https://www.kronosolopromocionales.com/productos/portadocumentos-de-viaje-swiss-peak-6267/,true,,0,100,,A_INDEXABLE,
https://www.kronosolopromocionales.com/productos/set-de-portatarjetas-y-boligrafos-swiss-peak-8584/,product,true,200,true,true,true,false,https://www.kronosolopromocionales.com/productos/set-de-portatarjetas-y-boligrafos-swiss-peak-8584/,true,,0,100,,A_INDEXABLE,
https://www.kronosolopromocionales.com/productos/carpeta-folder-swiss-peak-a5-8936/,product,true,200,false,false,false,false,https://www.kronosolopromocionales.com/productos/carpeta-folder-swiss-peak-a5-8936/,true,,0,100,,B_NOINDEX_INTENCIONAL,"is_ai_optimized=false — pendiente de enriquecimiento, excluido del sitemap intencionalmente"
https://www.kronosolopromocionales.com/productos/speaker-bluetooth-bass-swiss-peak-8933/,product,true,200,true,true,true,false,https://www.kronosolopromocionales.com/productos/speaker-bluetooth-bass-swiss-peak-8933/,true,,2,100,,A_INDEXABLE,
https://www.kronosolopromocionales.com/productos/set-de-boligrafos-swiss-peak-luzern-8942/,product,true,200,true,true,true,false,https://www.kronosolopromocionales.com/productos/set-de-boligrafos-swiss-peak-luzern-8942/,true,,0,100,,A_INDEXABLE,
https://www.kronosolopromocionales.com/productos/set-de-boligrafo-y-libreta-swiss-peak-lux-9568/,product,true,200,true,true,true,false,https://www.kronosolopromocionales.com/productos/set-de-boligrafo-y-libreta-swiss-peak-lux-9568/,true,,0,100,,A_INDEXABLE,
https://www.kronosolopromocionales.com/productos/organizador-de-viaje-swiss-peak-kool-9610/,product,true,200,false,false,false,false,https://www.kronosolopromocionales.com/productos/organizador-de-viaje-swiss-peak-kool-9610/,true,,0,100,,B_NOINDEX_INTENCIONAL,"is_ai_optimized=false — pendiente de enriquecimiento, excluido del sitemap intencionalmente"
https://www.kronosolopromocionales.com/productos/paraguas-23-roma-urban-travel-9217/,product,true,200,true,true,true,false,https://www.kronosolopromocionales.com/productos/paraguas-23-roma-urban-travel-9217/,true,,0,100,,A_INDEXABLE,
https://www.kronosolopromocionales.com/productos/paraguas-27-gentle-urban-travel-9218/,product,true,200,false,false,false,false,https://www.kronosolopromocionales.com/productos/paraguas-27-gentle-urban-travel-9218/,true,,0,100,,B_NOINDEX_INTENCIONAL,"is_ai_optimized=false — pendiente de enriquecimiento, excluido del sitemap intencionalmente"
https://www.kronosolopromocionales.com/productos/maletin-portadocumentos-urban-travel-7606/,product,true,200,true,true,true,false,https://www.kronosolopromocionales.com/productos/maletin-portadocumentos-urban-travel-7606/,true,,0,100,,A_INDEXABLE,
https://www.kronosolopromocionales.com/productos/maletin-urban-travel-7608/,product,true,200,false,false,false,false,https://www.kronosolopromocionales.com/productos/maletin-urban-travel-7608/,true,,0,100,,B_NOINDEX_INTENCIONAL,"is_ai_optimized=false — pendiente de enriquecimiento, excluido del sitemap intencionalmente"
https://www.kronosolopromocionales.com/productos/trolley-morral-backpack-urban-travel-7609/,product,true,200,true,true,true,false,https://www.kronosolopromocionales.com/productos/trolley-morral-backpack-urban-travel-7609/,true,,0,100,,A_INDEXABLE,
https://www.kronosolopromocionales.com/productos/chaqueta-urban-travel-wear-8155/,product,true,200,true,true,true,false,https://www.kronosolopromocionales.com/productos/chaqueta-urban-travel-wear-8155/,true,,0,100,,A_INDEXABLE,
https://www.kronosolopromocionales.com/productos/portapasaporte-vester-urban-travel-8174/,product,true,200,true,true,true,false,https://www.kronosolopromocionales.com/productos/portapasaporte-vester-urban-travel-8174/,true,,0,100,,A_INDEXABLE,
https://www.kronosolopromocionales.com/productos/morral-backpack-mangini-urban-travel-9220/,product,true,200,true,true,true,false,https://www.kronosolopromocionales.com/productos/morral-backpack-mangini-urban-travel-9220/,true,,0,100,,A_INDEXABLE,
https://www.kronosolopromocionales.com/productos/morral-backpack-king-urban-travel-9599/,product,true,200,true,true,true,false,https://www.kronosolopromocionales.com/productos/morral-backpack-king-urban-travel-9599/,true,,0,100,,A_INDEXABLE,
https://www.kronosolopromocionales.com/productos/gorra-sport-en-microfibra-urban-travel-10600/,product,true,200,true,true,true,false,https://www.kronosolopromocionales.com/productos/gorra-sport-en-microfibra-urban-travel-10600/,true,,0,100,,A_INDEXABLE,
https://www.kronosolopromocionales.com/productos/gorra-brixton-urban-travel-10601/,product,true,200,true,true,true,false,https://www.kronosolopromocionales.com/productos/gorra-brixton-urban-travel-10601/,true,,0,100,,A_INDEXABLE,
https://www.kronosolopromocionales.com/productos/gorra-mesh-urban-travel-10602/,product,true,200,true,true,true,false,https://www.kronosolopromocionales.com/productos/gorra-mesh-urban-travel-10602/,true,,1,100,,A_INDEXABLE,
https://www.kronosolopromocionales.com/productos/bajalenguas-plastico-produccion-nacional-7955/,product,true,200,true,true,true,false,https://www.kronosolopromocionales.com/productos/bajalenguas-plastico-produccion-nacional-7955/,true,,0,100,,A_INDEXABLE,
https://www.kronosolopromocionales.com/productos/set-de-cubiertos-lunch-produccion-nacional-9617/,product,true,200,true,true,true,false,https://www.kronosolopromocionales.com/productos/set-de-cubiertos-lunch-produccion-nacional-9617/,true,,0,100,,A_INDEXABLE,
https://www.kronosolopromocionales.com/productos/mug-plastico-osiris-360ml-produccion-nacional-8051/,product,true,200,true,true,true,false,https://www.kronosolopromocionales.com/productos/mug-plastico-osiris-360ml-produccion-nacional-8051/,true,,0,100,,A_INDEXABLE,
https://www.kronosolopromocionales.com/productos/mug-plastico-newport-480ml-produccion-nacional-9030/,product,true,200,true,true,true,false,https://www.kronosolopromocionales.com/productos/mug-plastico-newport-480ml-produccion-nacional-9030/,true,,0,100,,A_INDEXABLE,
https://www.kronosolopromocionales.com/productos/vaso-doble-pared-de-seguridad-450ml-prod-nacional-9618/,product,true,200,true,true,true,false,https://www.kronosolopromocionales.com/productos/vaso-doble-pared-de-seguridad-450ml-prod-nacional-9618/,true,,0,100,,A_INDEXABLE,
https://www.kronosolopromocionales.com/productos/mug-plastico-morgan-300ml-produccion-nacional-10202/,product,true,200,true,true,true,false,https://www.kronosolopromocionales.com/productos/mug-plastico-morgan-300ml-produccion-nacional-10202/,true,,0,100,,A_INDEXABLE,
https://www.kronosolopromocionales.com/productos/mug-plastico-orbit-12oz-produccion-nacional-5889/,product,true,200,true,true,true,false,https://www.kronosolopromocionales.com/productos/mug-plastico-orbit-12oz-produccion-nacional-5889/,true,,0,100,,A_INDEXABLE,
https://www.kronosolopromocionales.com/productos/mug-plastico-shaker-14-oz-produccion-nacional-6809/,product,true,200,true,true,true,false,https://www.kronosolopromocionales.com/productos/mug-plastico-shaker-14-oz-produccion-nacional-6809/,true,,0,100,,A_INDEXABLE,
https://www.kronosolopromocionales.com/productos/vaso-glitter-produccion-nacional-3277/,product,true,200,true,true,true,false,https://www.kronosolopromocionales.com/productos/vaso-glitter-produccion-nacional-3277/,true,,0,100,,A_INDEXABLE,
https://www.kronosolopromocionales.com/productos/vaso-arrow-produccion-nacional-3267/,product,true,200,true,true,true,false,https://www.kronosolopromocionales.com/productos/vaso-arrow-produccion-nacional-3267/,true,,0,100,,A_INDEXABLE,
https://www.kronosolopromocionales.com/productos/portacomida-sencillo-con-cubiertos-produccion-nacional-5389/,product,true,200,true,true,true,false,https://www.kronosolopromocionales.com/productos/portacomida-sencillo-con-cubiertos-produccion-nacional-5389/,true,,0,100,,A_INDEXABLE,
https://www.kronosolopromocionales.com/productos/estuche-multiusos-space-produccion-nacional-9620/,product,true,200,true,true,true,false,https://www.kronosolopromocionales.com/productos/estuche-multiusos-space-produccion-nacional-9620/,true,,0,100,,A_INDEXABLE,
https://www.kronosolopromocionales.com/productos/set-de-vino-bonard-9752/,product,true,200,true,true,true,false,https://www.kronosolopromocionales.com/productos/set-de-vino-bonard-9752/,true,,0,100,,A_INDEXABLE,
https://www.kronosolopromocionales.com/productos/set-enfriador-de-vino-chill-precio-bomba-9753/,product,true,200,false,false,false,false,https://www.kronosolopromocionales.com/productos/set-enfriador-de-vino-chill-precio-bomba-9753/,true,,0,100,,B_NOINDEX_INTENCIONAL,"is_ai_optimized=false — pendiente de enriquecimiento, excluido del sitemap intencionalmente"
https://www.kronosolopromocionales.com/productos/portadocumentos-de-viaje-paris-10608/,product,true,200,false,false,false,false,https://www.kronosolopromocionales.com/productos/portadocumentos-de-viaje-paris-10608/,true,,0,100,,B_NOINDEX_INTENCIONAL,"is_ai_optimized=false — pendiente de enriquecimiento, excluido del sitemap intencionalmente"
https://www.kronosolopromocionales.com/productos/morral-backpack-bobby-edge-10762/,product,true,200,true,true,true,false,https://www.kronosolopromocionales.com/productos/morral-backpack-bobby-edge-10762/,true,,0,100,,A_INDEXABLE,
https://www.kronosolopromocionales.com/productos/morral-backpack-bizz-20-10763/,product,true,200,true,true,true,false,https://www.kronosolopromocionales.com/productos/morral-backpack-bizz-20-10763/,true,,0,100,,A_INDEXABLE,
https://www.kronosolopromocionales.com/productos/morral-backpack-soft-pack-10764/,product,true,200,true,true,true,false,https://www.kronosolopromocionales.com/productos/morral-backpack-soft-pack-10764/,true,,0,100,,A_INDEXABLE,
https://www.kronosolopromocionales.com/productos/morral-backpack-antirrobo-bobby-soft-9831/,product,true,200,true,true,true,false,https://www.kronosolopromocionales.com/productos/morral-backpack-antirrobo-bobby-soft-9831/,true,,0,100,,A_INDEXABLE,
https://www.kronosolopromocionales.com/productos/funda-portalaptop-impact-rpet-10004/,product,true,200,true,true,true,false,https://www.kronosolopromocionales.com/productos/funda-portalaptop-impact-rpet-10004/,true,,0,100,,A_INDEXABLE,
https://www.kronosolopromocionales.com/productos/organizador-para-bicicleta-reflect-10178/,product,true,200,true,true,true,false,https://www.kronosolopromocionales.com/productos/organizador-para-bicicleta-reflect-10178/,true,,0,100,,A_INDEXABLE,
https://www.kronosolopromocionales.com/productos/morral-backpack-reflect-10179/,product,true,200,true,true,true,false,https://www.kronosolopromocionales.com/productos/morral-backpack-reflect-10179/,true,,0,100,,A_INDEXABLE,
https://www.kronosolopromocionales.com/productos/morral-backpack-flex-gym-10176/,product,true,200,true,true,true,false,https://www.kronosolopromocionales.com/productos/morral-backpack-flex-gym-10176/,true,,0,100,,A_INDEXABLE,
https://www.kronosolopromocionales.com/productos/organizador-de-viaje-florida-6265/,product,true,200,true,true,true,false,https://www.kronosolopromocionales.com/productos/organizador-de-viaje-florida-6265/,true,,0,100,,A_INDEXABLE,
https://www.kronosolopromocionales.com/productos/set-de-lapices-black-10995/,product,true,200,true,true,true,false,https://www.kronosolopromocionales.com/productos/set-de-lapices-black-10995/,true,,0,100,,A_INDEXABLE,
https://www.kronosolopromocionales.com/productos/tajalapiz-plastico-school-10998/,product,true,200,false,false,false,false,https://www.kronosolopromocionales.com/productos/tajalapiz-plastico-school-10998/,true,,0,100,,B_NOINDEX_INTENCIONAL,"is_ai_optimized=false — pendiente de enriquecimiento, excluido del sitemap intencionalmente"
https://www.kronosolopromocionales.com/productos/reloj-de-agua-power-10828/,product,true,200,true,true,true,false,https://www.kronosolopromocionales.com/productos/reloj-de-agua-power-10828/,true,,0,100,,A_INDEXABLE,
https://www.kronosolopromocionales.com/productos/reloj-digital-utopus-11124/,product,true,200,true,true,true,false,https://www.kronosolopromocionales.com/productos/reloj-digital-utopus-11124/,true,,0,100,,A_INDEXABLE,
https://www.kronosolopromocionales.com/productos/set-de-crayolas-infant-10695/,product,true,200,true,true,true,false,https://www.kronosolopromocionales.com/productos/set-de-crayolas-infant-10695/,true,,0,100,,A_INDEXABLE,
https://www.kronosolopromocionales.com/productos/ventilador-spray-10923/,product,true,200,true,true,true,false,https://www.kronosolopromocionales.com/productos/ventilador-spray-10923/,true,,0,100,,A_INDEXABLE,
https://www.kronosolopromocionales.com/productos/cinta-portacarnet-puzzle-10833/,product,true,200,false,false,false,false,https://www.kronosolopromocionales.com/productos/cinta-portacarnet-puzzle-10833/,true,,0,100,,B_NOINDEX_INTENCIONAL,"is_ai_optimized=false — pendiente de enriquecimiento, excluido del sitemap intencionalmente"
https://www.kronosolopromocionales.com/productos/cubo-pop-it-10973/,product,true,200,false,false,false,false,https://www.kronosolopromocionales.com/productos/cubo-pop-it-10973/,true,,0,80,seoDescription_debil,B_NOINDEX_INTENCIONAL,"is_ai_optimized=false — pendiente de enriquecimiento, excluido del sitemap intencionalmente"
https://www.kronosolopromocionales.com/productos/bola-para-mascotas-10979/,product,true,200,true,true,true,false,https://www.kronosolopromocionales.com/productos/bola-para-mascotas-10979/,true,,0,100,,A_INDEXABLE,
https://www.kronosolopromocionales.com/productos/set-limpiador-7-en-1-10980/,product,true,200,true,true,true,false,https://www.kronosolopromocionales.com/productos/set-limpiador-7-en-1-10980/,true,,0,100,,A_INDEXABLE,
https://www.kronosolopromocionales.com/productos/advant-2-1-resaltador-de-tinta-2551/,product,true,200,true,true,true,false,https://www.kronosolopromocionales.com/productos/advant-2-1-resaltador-de-tinta-2551/,true,,0,100,,A_INDEXABLE,
https://www.kronosolopromocionales.com/productos/advant-2-1-resaltador-cera-6609/,product,true,200,true,true,true,false,https://www.kronosolopromocionales.com/productos/advant-2-1-resaltador-cera-6609/,true,,0,100,,A_INDEXABLE,
https://www.kronosolopromocionales.com/productos/focus-ii-resaltador-de-cera-6368/,product,true,200,true,true,true,false,https://www.kronosolopromocionales.com/productos/focus-ii-resaltador-de-cera-6368/,true,,0,100,,A_INDEXABLE,
https://www.kronosolopromocionales.com/productos/ventura-resaltador-cera-5709/,product,true,200,true,true,true,false,https://www.kronosolopromocionales.com/productos/ventura-resaltador-cera-5709/,true,,0,100,,A_INDEXABLE,
https://www.kronosolopromocionales.com/productos/pascal-stylus-neon-4-1-7929/,product,true,200,true,true,true,false,https://www.kronosolopromocionales.com/productos/pascal-stylus-neon-4-1-7929/,true,,0,100,,A_INDEXABLE,
https://www.kronosolopromocionales.com/productos/royce-neon-3-1-oferta-8575/,product,true,200,true,true,true,false,https://www.kronosolopromocionales.com/productos/royce-neon-3-1-oferta-8575/,true,,0,100,,A_INDEXABLE,
https://www.kronosolopromocionales.com/productos/boligrafo-carson-3-1-10497/,product,true,200,true,true,true,false,https://www.kronosolopromocionales.com/productos/boligrafo-carson-3-1-10497/,true,,0,100,,A_INDEXABLE,
https://www.kronosolopromocionales.com/productos/resaltador-winston-10496/,product,true,200,true,true,true,false,https://www.kronosolopromocionales.com/productos/resaltador-winston-10496/,true,,0,100,,A_INDEXABLE,
https://www.kronosolopromocionales.com/productos/resaltadores-jeringa-nuevo-13262/,product,true,200,true,true,true,false,https://www.kronosolopromocionales.com/productos/resaltadores-jeringa-nuevo-13262/,true,,0,100,,A_INDEXABLE,
https://www.kronosolopromocionales.com/productos/sticky-set-floppy-6184/,product,true,200,true,true,true,false,https://www.kronosolopromocionales.com/productos/sticky-set-floppy-6184/,true,,0,100,,A_INDEXABLE,
https://www.kronosolopromocionales.com/productos/sticky-set-eco-3377/,product,true,200,true,true,true,false,https://www.kronosolopromocionales.com/productos/sticky-set-eco-3377/,true,,0,100,,A_INDEXABLE,
https://www.kronosolopromocionales.com/productos/sticky-set-leader-eco-3382/,product,true,200,true,true,true,false,https://www.kronosolopromocionales.com/productos/sticky-set-leader-eco-3382/,true,,0,100,,A_INDEXABLE,
https://www.kronosolopromocionales.com/productos/libreta-con-boligrafo-recycle-eco-3384/,product,true,200,true,true,true,false,https://www.kronosolopromocionales.com/productos/libreta-con-boligrafo-recycle-eco-3384/,true,,0,100,,A_INDEXABLE,
https://www.kronosolopromocionales.com/productos/libreta-con-boligrafo-gulliver-eco-4036/,product,true,200,true,true,true,false,https://www.kronosolopromocionales.com/productos/libreta-con-boligrafo-gulliver-eco-4036/,true,,0,100,,A_INDEXABLE,
https://www.kronosolopromocionales.com/productos/libreta-woody-ecologica-produccion-nacional-5493/,product,true,200,true,true,true,false,https://www.kronosolopromocionales.com/productos/libreta-woody-ecologica-produccion-nacional-5493/,true,,0,100,,A_INDEXABLE,
https://www.kronosolopromocionales.com/productos/mini-libreta-con-boligrafo-tavish-8668/,product,true,200,true,true,true,false,https://www.kronosolopromocionales.com/productos/mini-libreta-con-boligrafo-tavish-8668/,true,,0,100,,A_INDEXABLE,
https://www.kronosolopromocionales.com/productos/memo-sticky-set-ring-8820/,product,true,200,true,true,true,false,https://www.kronosolopromocionales.com/productos/memo-sticky-set-ring-8820/,true,,0,100,,A_INDEXABLE,
https://www.kronosolopromocionales.com/productos/mini-libreta-cork-9110/,product,true,200,true,true,true,false,https://www.kronosolopromocionales.com/productos/mini-libreta-cork-9110/,true,,0,100,,A_INDEXABLE,
https://www.kronosolopromocionales.com/productos/libreta-cork-9111/,product,true,200,true,true,true,false,https://www.kronosolopromocionales.com/productos/libreta-cork-9111/,true,,0,100,,A_INDEXABLE,
https://www.kronosolopromocionales.com/productos/set-de-escritorio-cotton-10652/,product,true,200,true,true,true,false,https://www.kronosolopromocionales.com/productos/set-de-escritorio-cotton-10652/,true,,0,100,,A_INDEXABLE,
https://www.kronosolopromocionales.com/productos/estuche-carton-produccion-nacional-6045/,product,true,200,true,true,true,false,https://www.kronosolopromocionales.com/productos/estuche-carton-produccion-nacional-6045/,true,,0,100,,A_INDEXABLE,
https://www.kronosolopromocionales.com/productos/estuche-aluminio-1061/,product,true,200,true,true,true,false,https://www.kronosolopromocionales.com/productos/estuche-aluminio-1061/,true,,0,100,,A_INDEXABLE,
https://www.kronosolopromocionales.com/productos/estuche-doble-regal-6048/,product,true,200,false,false,false,false,https://www.kronosolopromocionales.com/productos/estuche-doble-regal-6048/,true,,0,100,,B_NOINDEX_INTENCIONAL,"is_ai_optimized=false — pendiente de enriquecimiento, excluido del sitemap intencionalmente"
https://www.kronosolopromocionales.com/productos/set-elegance-boligrafo-y-portaminas-7356/,product,true,200,true,true,true,false,https://www.kronosolopromocionales.com/productos/set-elegance-boligrafo-y-portaminas-7356/,true,,0,100,,A_INDEXABLE,
https://www.kronosolopromocionales.com/productos/set-montgomery-boligrafo-y-roller-oferta-7938/,product,true,200,false,false,false,false,https://www.kronosolopromocionales.com/productos/set-montgomery-boligrafo-y-roller-oferta-7938/,true,,0,100,,B_NOINDEX_INTENCIONAL,"is_ai_optimized=false — pendiente de enriquecimiento, excluido del sitemap intencionalmente"
https://www.kronosolopromocionales.com/productos/set-dickens-boligrafo-y-portaminas-oferta-5857/,product,true,200,false,false,false,false,https://www.kronosolopromocionales.com/productos/set-dickens-boligrafo-y-portaminas-oferta-5857/,true,,0,100,,B_NOINDEX_INTENCIONAL,"is_ai_optimized=false — pendiente de enriquecimiento, excluido del sitemap intencionalmente"
https://www.kronosolopromocionales.com/productos/set-escolar-college-produccion-nacional-9392/,product,true,200,true,true,true,false,https://www.kronosolopromocionales.com/productos/set-escolar-college-produccion-nacional-9392/,true,,0,100,,A_INDEXABLE,
https://www.kronosolopromocionales.com/productos/estuche-ariston-9242/,product,true,200,true,true,true,false,https://www.kronosolopromocionales.com/productos/estuche-ariston-9242/,true,,0,100,,A_INDEXABLE,
https://www.kronosolopromocionales.com/productos/set-de-trigo-eco-9679/,product,true,200,true,true,true,false,https://www.kronosolopromocionales.com/productos/set-de-trigo-eco-9679/,true,,0,100,,A_INDEXABLE,
https://www.kronosolopromocionales.com/productos/set-de-cafe-eco-precio-bomba-9680/,product,true,200,true,true,true,false,https://www.kronosolopromocionales.com/productos/set-de-cafe-eco-precio-bomba-9680/,true,,0,100,,A_INDEXABLE,
https://www.kronosolopromocionales.com/productos/lapiz-eco-3684/,product,true,200,true,true,true,false,https://www.kronosolopromocionales.com/productos/lapiz-eco-3684/,true,,0,100,,A_INDEXABLE,
https://www.kronosolopromocionales.com/productos/lapiz-neon-153/,product,true,200,true,true,true,false,https://www.kronosolopromocionales.com/productos/lapiz-neon-153/,true,,0,100,,A_INDEXABLE,
https://www.kronosolopromocionales.com/productos/lapiz-metallic-oferta-8507/,product,true,200,true,true,true,false,https://www.kronosolopromocionales.com/productos/lapiz-metallic-oferta-8507/,true,,0,100,,A_INDEXABLE,
https://www.kronosolopromocionales.com/productos/lapiz-infinity-eco-9841/,product,true,200,true,true,true,false,https://www.kronosolopromocionales.com/productos/lapiz-infinity-eco-9841/,true,,0,100,,A_INDEXABLE,
https://www.kronosolopromocionales.com/productos/ventura-bamboo-infinity-9918/,product,true,200,true,true,true,false,https://www.kronosolopromocionales.com/productos/ventura-bamboo-infinity-9918/,true,,0,100,,A_INDEXABLE,
https://www.kronosolopromocionales.com/productos/set-de-boligrafos-flock-oferta-10040/,product,true,200,true,true,true,false,https://www.kronosolopromocionales.com/productos/set-de-boligrafos-flock-oferta-10040/,true,,0,100,,A_INDEXABLE,
https://www.kronosolopromocionales.com/productos/ventura-stylus-4-1-10234/,product,true,200,false,false,false,false,https://www.kronosolopromocionales.com/productos/ventura-stylus-4-1-10234/,true,,0,100,,B_NOINDEX_INTENCIONAL,"is_ai_optimized=false — pendiente de enriquecimiento, excluido del sitemap intencionalmente"
https://www.kronosolopromocionales.com/productos/lapiz-infinity-con-borrador-10254/,product,true,200,true,true,true,false,https://www.kronosolopromocionales.com/productos/lapiz-infinity-con-borrador-10254/,true,,0,100,,A_INDEXABLE,
https://www.kronosolopromocionales.com/productos/portanotas-yakari-oferta-9890/,product,true,200,true,true,true,false,https://www.kronosolopromocionales.com/productos/portanotas-yakari-oferta-9890/,true,,0,100,,A_INDEXABLE,
https://www.kronosolopromocionales.com/productos/lapiz-eco-natural-13205/,product,true,200,true,true,true,false,https://www.kronosolopromocionales.com/productos/lapiz-eco-natural-13205/,true,,0,100,,A_INDEXABLE,
https://www.kronosolopromocionales.com/productos/llavero-linterna-carabinero-7425/,product,true,200,true,true,true,false,https://www.kronosolopromocionales.com/productos/llavero-linterna-carabinero-7425/,true,,0,100,,A_INDEXABLE,
https://www.kronosolopromocionales.com/productos/llavero-destapador-nash-7432/,product,true,200,true,true,true,false,https://www.kronosolopromocionales.com/productos/llavero-destapador-nash-7432/,true,,2,100,,A_INDEXABLE,
https://www.kronosolopromocionales.com/productos/llavero-ml-345-7451/,product,true,200,true,true,true,false,https://www.kronosolopromocionales.com/productos/llavero-ml-345-7451/,true,,0,100,,A_INDEXABLE,
https://www.kronosolopromocionales.com/productos/llavero-bici-7781/,product,true,200,true,true,true,false,https://www.kronosolopromocionales.com/productos/llavero-bici-7781/,true,,0,100,,A_INDEXABLE,
https://www.kronosolopromocionales.com/productos/llavero-ml-347-7782/,product,true,200,true,true,true,false,https://www.kronosolopromocionales.com/productos/llavero-ml-347-7782/,true,,0,100,,A_INDEXABLE,
https://www.kronosolopromocionales.com/productos/llavero-pito-maxi-7877/,product,true,200,true,true,true,false,https://www.kronosolopromocionales.com/productos/llavero-pito-maxi-7877/,true,,1,100,,A_INDEXABLE,
https://www.kronosolopromocionales.com/productos/llavero-ml-356-8039/,product,true,200,true,true,true,false,https://www.kronosolopromocionales.com/productos/llavero-ml-356-8039/,true,,0,100,,A_INDEXABLE,
https://www.kronosolopromocionales.com/productos/mini-llavero-pito-3156/,product,true,200,false,false,false,false,https://www.kronosolopromocionales.com/productos/mini-llavero-pito-3156/,true,,2,100,,B_NOINDEX_INTENCIONAL,"is_ai_optimized=false — pendiente de enriquecimiento, excluido del sitemap intencionalmente"
https://www.kronosolopromocionales.com/productos/llavero-ml-367-8532/,product,true,200,true,true,true,false,https://www.kronosolopromocionales.com/productos/llavero-ml-367-8532/,true,,0,100,,A_INDEXABLE,
https://www.kronosolopromocionales.com/productos/set-de-portatarjetas-y-llavero-jack-oferta-8497/,product,true,200,true,true,true,false,https://www.kronosolopromocionales.com/productos/set-de-portatarjetas-y-llavero-jack-oferta-8497/,true,,0,100,,A_INDEXABLE,
https://www.kronosolopromocionales.com/productos/llavero-ml-368-8533/,product,true,200,true,true,true,false,https://www.kronosolopromocionales.com/productos/llavero-ml-368-8533/,true,,0,100,,A_INDEXABLE,
https://www.kronosolopromocionales.com/productos/llavero-destapador-car-9131/,product,true,200,true,true,true,false,https://www.kronosolopromocionales.com/productos/llavero-destapador-car-9131/,true,,0,100,,A_INDEXABLE,
https://www.kronosolopromocionales.com/productos/milla-roller-stylus-5848/,product,true,200,true,true,true,false,https://www.kronosolopromocionales.com/productos/milla-roller-stylus-5848/,true,,0,100,,A_INDEXABLE,
https://www.kronosolopromocionales.com/productos/palmer-stylus-5851/,product,true,200,false,false,false,false,https://www.kronosolopromocionales.com/productos/palmer-stylus-5851/,true,,0,100,,B_NOINDEX_INTENCIONAL,"is_ai_optimized=false — pendiente de enriquecimiento, excluido del sitemap intencionalmente"
https://www.kronosolopromocionales.com/productos/floyd-stylus-5837/,product,true,200,true,true,true,false,https://www.kronosolopromocionales.com/productos/floyd-stylus-5837/,true,,0,100,,A_INDEXABLE,
https://www.kronosolopromocionales.com/productos/aston-stylus-metalico-7852/,product,true,200,true,true,true,false,https://www.kronosolopromocionales.com/productos/aston-stylus-metalico-7852/,true,,0,100,,A_INDEXABLE,
https://www.kronosolopromocionales.com/productos/memoria-usb-boligrafo-king-precio-neto-5723/,product,true,200,true,true,true,false,https://www.kronosolopromocionales.com/productos/memoria-usb-boligrafo-king-precio-neto-5723/,true,,0,100,,A_INDEXABLE,
https://www.kronosolopromocionales.com/productos/hamond-stylus-8555/,product,true,200,true,true,true,false,https://www.kronosolopromocionales.com/productos/hamond-stylus-8555/,true,,0,100,,A_INDEXABLE,
https://www.kronosolopromocionales.com/productos/boligrafo-brink-stylus-9835/,product,true,200,true,true,true,false,https://www.kronosolopromocionales.com/productos/boligrafo-brink-stylus-9835/,true,,0,100,,A_INDEXABLE,
https://www.kronosolopromocionales.com/productos/boligrafo-tankist-stylus-10043/,product,true,200,true,true,true,false,https://www.kronosolopromocionales.com/productos/boligrafo-tankist-stylus-10043/,true,,0,100,,A_INDEXABLE,
https://www.kronosolopromocionales.com/productos/boligrafo-scroll-nuevo-13294/,product,true,200,true,true,true,false,https://www.kronosolopromocionales.com/productos/boligrafo-scroll-nuevo-13294/,true,,0,100,,A_INDEXABLE,
https://www.kronosolopromocionales.com/productos/llavero-linterna-flat-6972/,product,true,200,true,true,true,false,https://www.kronosolopromocionales.com/productos/llavero-linterna-flat-6972/,true,,0,100,,A_INDEXABLE,
https://www.kronosolopromocionales.com/productos/metro-llavero-car-7275/,product,true,200,true,true,true,false,https://www.kronosolopromocionales.com/productos/metro-llavero-car-7275/,true,,0,100,,A_INDEXABLE,
https://www.kronosolopromocionales.com/productos/llavero-linterna-like-it-con-stylus-7417/,product,true,200,true,true,true,false,https://www.kronosolopromocionales.com/productos/llavero-linterna-like-it-con-stylus-7417/,true,,0,100,,A_INDEXABLE,
https://www.kronosolopromocionales.com/productos/llavero-destapador-truman-7430/,product,true,200,true,true,true,false,https://www.kronosolopromocionales.com/productos/llavero-destapador-truman-7430/,true,,0,100,,A_INDEXABLE,
https://www.kronosolopromocionales.com/productos/llavero-metro-con-destapador-mimic-7429/,product,true,200,true,true,true,false,https://www.kronosolopromocionales.com/productos/llavero-metro-con-destapador-mimic-7429/,true,,0,100,,A_INDEXABLE,
https://www.kronosolopromocionales.com/productos/llavero-metro-con-nivelador-7992/,product,true,200,true,true,true,false,https://www.kronosolopromocionales.com/productos/llavero-metro-con-nivelador-7992/,true,,0,100,,A_INDEXABLE,
https://www.kronosolopromocionales.com/productos/mini-set-de-destornilladores-koda-7996/,product,true,200,true,true,true,false,https://www.kronosolopromocionales.com/productos/mini-set-de-destornilladores-koda-7996/,true,,0,100,,A_INDEXABLE,
https://www.kronosolopromocionales.com/productos/llavero-destapador-like-it-8029/,product,true,200,true,true,true,false,https://www.kronosolopromocionales.com/productos/llavero-destapador-like-it-8029/,true,,0,100,,A_INDEXABLE,
https://www.kronosolopromocionales.com/productos/llavero-casco-8753/,product,true,200,true,true,true,false,https://www.kronosolopromocionales.com/productos/llavero-casco-8753/,true,,0,80,seoDescription_debil,A_INDEXABLE,
https://www.kronosolopromocionales.com/productos/llavero-plastico-multiusos-anticontacto-produccion-nacional-9475/,product,true,200,true,true,true,false,https://www.kronosolopromocionales.com/productos/llavero-plastico-multiusos-anticontacto-produccion-nacional-9475/,true,,0,100,,A_INDEXABLE,
https://www.kronosolopromocionales.com/productos/metro-llavero-kurtis-9760/,product,true,200,true,true,true,false,https://www.kronosolopromocionales.com/productos/metro-llavero-kurtis-9760/,true,,0,100,,A_INDEXABLE,
https://www.kronosolopromocionales.com/productos/llavero-relajante-10219/,product,true,200,true,true,true,false,https://www.kronosolopromocionales.com/productos/llavero-relajante-10219/,true,,0,100,,A_INDEXABLE,
https://www.kronosolopromocionales.com/productos/grayson-stylus-6992/,product,true,200,true,true,true,false,https://www.kronosolopromocionales.com/productos/grayson-stylus-6992/,true,,0,100,,A_INDEXABLE,
https://www.kronosolopromocionales.com/productos/marvel-stylus-6366/,product,true,200,false,false,false,false,https://www.kronosolopromocionales.com/productos/marvel-stylus-6366/,true,,0,100,,B_NOINDEX_INTENCIONAL,"is_ai_optimized=false — pendiente de enriquecimiento, excluido del sitemap intencionalmente"
https://www.kronosolopromocionales.com/productos/summit-stylus-5747/,product,true,200,true,true,true,false,https://www.kronosolopromocionales.com/productos/summit-stylus-5747/,true,,0,80,seoDescription_debil,A_INDEXABLE,
https://www.kronosolopromocionales.com/productos/nolton-stylus-5756/,product,true,200,true,true,true,false,https://www.kronosolopromocionales.com/productos/nolton-stylus-5756/,true,,0,100,,A_INDEXABLE,
https://www.kronosolopromocionales.com/productos/ventura-stylus-5058/,product,true,200,false,false,false,false,https://www.kronosolopromocionales.com/productos/ventura-stylus-5058/,true,,0,100,,B_NOINDEX_INTENCIONAL,"is_ai_optimized=false — pendiente de enriquecimiento, excluido del sitemap intencionalmente"
https://www.kronosolopromocionales.com/productos/balmax-stylus-precio-bomba-7330/,product,true,200,false,false,false,false,https://www.kronosolopromocionales.com/productos/balmax-stylus-precio-bomba-7330/,true,,0,100,,B_NOINDEX_INTENCIONAL,"is_ai_optimized=false — pendiente de enriquecimiento, excluido del sitemap intencionalmente"
https://www.kronosolopromocionales.com/productos/kaiser-stylus-7342/,product,true,200,true,true,true,false,https://www.kronosolopromocionales.com/productos/kaiser-stylus-7342/,true,,0,100,,A_INDEXABLE,
https://www.kronosolopromocionales.com/productos/ventura-stylus-neon-7947/,product,true,200,true,true,true,false,https://www.kronosolopromocionales.com/productos/ventura-stylus-neon-7947/,true,,0,100,,A_INDEXABLE,
https://www.kronosolopromocionales.com/productos/smith-7031/,product,true,200,true,true,true,false,https://www.kronosolopromocionales.com/productos/smith-7031/,true,,0,90,nombre_corto,A_INDEXABLE,
https://www.kronosolopromocionales.com/productos/billy-7010/,product,true,200,true,true,true,false,https://www.kronosolopromocionales.com/productos/billy-7010/,true,,0,90,nombre_corto,A_INDEXABLE,
https://www.kronosolopromocionales.com/productos/barcelona-solido-7007/,product,true,200,true,true,true,false,https://www.kronosolopromocionales.com/productos/barcelona-solido-7007/,true,,0,100,,A_INDEXABLE,
https://www.kronosolopromocionales.com/productos/lamont-6998/,product,true,200,true,true,true,false,https://www.kronosolopromocionales.com/productos/lamont-6998/,true,,0,90,nombre_corto,A_INDEXABLE,
https://www.kronosolopromocionales.com/productos/ventura-frost-4500/,product,true,200,true,true,true,false,https://www.kronosolopromocionales.com/productos/ventura-frost-4500/,true,,0,100,,A_INDEXABLE,
https://www.kronosolopromocionales.com/productos/boligrafo-ventura-barril-plata-1658/,product,true,200,true,true,true,false,https://www.kronosolopromocionales.com/productos/boligrafo-ventura-barril-plata-1658/,true,,0,100,,A_INDEXABLE,
https://www.kronosolopromocionales.com/productos/balmax-stylus-7330/,product,true,200,true,true,true,false,https://www.kronosolopromocionales.com/productos/balmax-stylus-7330/,true,,0,100,,A_INDEXABLE,
https://www.kronosolopromocionales.com/productos/portos-oferta-7352/,product,true,200,false,false,false,false,https://www.kronosolopromocionales.com/productos/portos-oferta-7352/,true,,0,100,,B_NOINDEX_INTENCIONAL,"is_ai_optimized=false — pendiente de enriquecimiento, excluido del sitemap intencionalmente"
https://www.kronosolopromocionales.com/productos/parrot-7856/,product,true,200,true,true,true,false,https://www.kronosolopromocionales.com/productos/parrot-7856/,true,,0,70,nombre_corto;seoDescription_debil,A_INDEXABLE,
https://www.kronosolopromocionales.com/productos/set-de-cafe-eco-9680/,product,true,200,true,true,true,false,https://www.kronosolopromocionales.com/productos/set-de-cafe-eco-9680/,true,,0,100,,A_INDEXABLE,
https://www.kronosolopromocionales.com/productos/set-jersey-antibacteriano-9681/,product,true,200,true,true,true,false,https://www.kronosolopromocionales.com/productos/set-jersey-antibacteriano-9681/,true,,0,100,,A_INDEXABLE,
https://www.kronosolopromocionales.com/productos/set-boligrafo-y-portaminas-bamboo-9682/,product,true,200,true,true,true,false,https://www.kronosolopromocionales.com/productos/set-boligrafo-y-portaminas-bamboo-9682/,true,,0,100,,A_INDEXABLE,
https://www.kronosolopromocionales.com/productos/portaminas-jester-coffee-10021/,product,true,200,true,true,true,false,https://www.kronosolopromocionales.com/productos/portaminas-jester-coffee-10021/,true,,0,100,,A_INDEXABLE,
https://www.kronosolopromocionales.com/productos/talbot-2-1-oferta-7016/,product,true,200,true,true,true,false,https://www.kronosolopromocionales.com/productos/talbot-2-1-oferta-7016/,true,,0,100,,A_INDEXABLE,
https://www.kronosolopromocionales.com/productos/estuche-para-resaltador-de-cera-fiona-6694/,product,true,200,true,true,true,false,https://www.kronosolopromocionales.com/productos/estuche-para-resaltador-de-cera-fiona-6694/,true,,0,100,,A_INDEXABLE,
https://www.kronosolopromocionales.com/productos/set-de-resaltadores-magicos-en-cera-flipper-5496/,product,true,200,true,true,true,false,https://www.kronosolopromocionales.com/productos/set-de-resaltadores-magicos-en-cera-flipper-5496/,true,,0,100,,A_INDEXABLE,
https://www.kronosolopromocionales.com/productos/resaltador-de-cera-fiona-5749/,product,true,200,true,true,true,false,https://www.kronosolopromocionales.com/productos/resaltador-de-cera-fiona-5749/,true,,0,100,,A_INDEXABLE,
https://www.kronosolopromocionales.com/productos/resaltador-magico-en-cera-flower-5-colores-5499/,product,true,200,true,true,true,false,https://www.kronosolopromocionales.com/productos/resaltador-magico-en-cera-flower-5-colores-5499/,true,,0,100,,A_INDEXABLE,
https://www.kronosolopromocionales.com/productos/resaltador-magico-de-cera-triangulo-5497/,product,true,200,true,true,true,false,https://www.kronosolopromocionales.com/productos/resaltador-magico-de-cera-triangulo-5497/,true,,0,100,,A_INDEXABLE,
https://www.kronosolopromocionales.com/productos/resaltador-magico-en-cera-4672/,product,true,200,true,true,true,false,https://www.kronosolopromocionales.com/productos/resaltador-magico-en-cera-4672/,true,,0,100,,A_INDEXABLE,
https://www.kronosolopromocionales.com/productos/estuche-para-resaltador-magico-produccion-nacional-4673/,product,true,200,true,true,true,false,https://www.kronosolopromocionales.com/productos/estuche-para-resaltador-magico-produccion-nacional-4673/,true,,0,100,,A_INDEXABLE,
https://www.kronosolopromocionales.com/productos/comprimidos-produccion-nacional-5605/,product,true,200,true,true,true,false,https://www.kronosolopromocionales.com/productos/comprimidos-produccion-nacional-5605/,true,,0,100,,A_INDEXABLE,
https://www.kronosolopromocionales.com/productos/identificador-de-maletas-pop-10583/,product,true,200,true,true,true,false,https://www.kronosolopromocionales.com/productos/identificador-de-maletas-pop-10583/,true,,0,100,,A_INDEXABLE,
https://www.kronosolopromocionales.com/productos/clip-de-golf-para-gorra-5882/,product,true,200,true,true,true,false,https://www.kronosolopromocionales.com/productos/clip-de-golf-para-gorra-5882/,true,,0,100,,A_INDEXABLE,
https://www.kronosolopromocionales.com/productos/gorra-golf-471/,product,true,200,true,true,true,false,https://www.kronosolopromocionales.com/productos/gorra-golf-471/,true,,0,100,,A_INDEXABLE,
https://www.kronosolopromocionales.com/productos/gorra-eco-6-cascos-1082/,product,true,200,true,true,true,false,https://www.kronosolopromocionales.com/productos/gorra-eco-6-cascos-1082/,true,,0,100,,A_INDEXABLE,
https://www.kronosolopromocionales.com/productos/gorra-emergency-5887/,product,true,200,true,true,true,false,https://www.kronosolopromocionales.com/productos/gorra-emergency-5887/,true,,0,100,,A_INDEXABLE,
https://www.kronosolopromocionales.com/productos/gorra-trucker-3502/,product,true,200,true,true,true,false,https://www.kronosolopromocionales.com/productos/gorra-trucker-3502/,true,,0,100,,A_INDEXABLE,
https://www.kronosolopromocionales.com/productos/gorra-mesh-7374/,product,true,200,true,true,true,false,https://www.kronosolopromocionales.com/productos/gorra-mesh-7374/,true,,0,100,,A_INDEXABLE,
https://www.kronosolopromocionales.com/productos/gorra-modena-7375/,product,true,200,true,true,true,false,https://www.kronosolopromocionales.com/productos/gorra-modena-7375/,true,,0,100,,A_INDEXABLE,
https://www.kronosolopromocionales.com/productos/pano-en-microfibra-3192/,product,true,200,true,true,true,false,https://www.kronosolopromocionales.com/productos/pano-en-microfibra-3192/,true,,0,100,,A_INDEXABLE,
https://www.kronosolopromocionales.com/productos/toalla-cool-sport-7968/,product,true,200,true,true,true,false,https://www.kronosolopromocionales.com/productos/toalla-cool-sport-7968/,true,,0,100,,A_INDEXABLE,
https://www.kronosolopromocionales.com/productos/toalla-en-microfibra-multiusos-8688/,product,true,200,true,true,true,false,https://www.kronosolopromocionales.com/productos/toalla-en-microfibra-multiusos-8688/,true,,0,100,,A_INDEXABLE,
https://www.kronosolopromocionales.com/productos/toalla-golf-toalla-de-mano-tundida-acabado-fino-7379/,product,true,200,true,true,true,false,https://www.kronosolopromocionales.com/productos/toalla-golf-toalla-de-mano-tundida-acabado-fino-7379/,true,,0,100,,A_INDEXABLE,
https://www.kronosolopromocionales.com/productos/toalla-cool-sport-con-estuche-7956/,product,true,200,true,true,true,false,https://www.kronosolopromocionales.com/productos/toalla-cool-sport-con-estuche-7956/,true,,0,100,,A_INDEXABLE,
https://www.kronosolopromocionales.com/productos/set-de-toallitas-multiusos-3641/,product,true,200,true,true,true,false,https://www.kronosolopromocionales.com/productos/set-de-toallitas-multiusos-3641/,true,,0,100,,A_INDEXABLE,
https://www.kronosolopromocionales.com/productos/toallas-100-algodon-produccion-nacional-7689/,product,true,200,true,true,true,false,https://www.kronosolopromocionales.com/productos/toallas-100-algodon-produccion-nacional-7689/,true,,0,100,,A_INDEXABLE,
https://www.kronosolopromocionales.com/productos/toalla-cool-sport-box-9524/,product,true,200,true,true,true,false,https://www.kronosolopromocionales.com/productos/toalla-cool-sport-box-9524/,true,,0,100,,A_INDEXABLE,
https://www.kronosolopromocionales.com/productos/lapiz-plastic-clip-de-golf-5879/,product,true,200,true,true,true,false,https://www.kronosolopromocionales.com/productos/lapiz-plastic-clip-de-golf-5879/,true,,0,100,,A_INDEXABLE,
https://www.kronosolopromocionales.com/productos/paraguas-30-halley-urban-travel-10674/,product,true,200,true,true,true,false,https://www.kronosolopromocionales.com/productos/paraguas-30-halley-urban-travel-10674/,true,,0,100,,A_INDEXABLE,
https://www.kronosolopromocionales.com/productos/set-de-herramientas-neumatic-5373/,product,true,200,true,true,true,false,https://www.kronosolopromocionales.com/productos/set-de-herramientas-neumatic-5373/,true,,0,100,,A_INDEXABLE,
https://www.kronosolopromocionales.com/productos/set-de-herramientas-motobike-6530/,product,true,200,true,true,true,false,https://www.kronosolopromocionales.com/productos/set-de-herramientas-motobike-6530/,true,,0,100,,A_INDEXABLE,
https://www.kronosolopromocionales.com/productos/set-de-herramientas-saxon-6536/,product,true,200,true,true,true,false,https://www.kronosolopromocionales.com/productos/set-de-herramientas-saxon-6536/,true,,0,100,,A_INDEXABLE,
https://www.kronosolopromocionales.com/productos/set-de-herramientas-speed-7999/,product,true,200,true,true,true,false,https://www.kronosolopromocionales.com/productos/set-de-herramientas-speed-7999/,true,,1,100,,A_INDEXABLE,
https://www.kronosolopromocionales.com/productos/set-de-herramientas-mustang-8439/,product,true,200,true,true,true,false,https://www.kronosolopromocionales.com/productos/set-de-herramientas-mustang-8439/,true,,0,100,,A_INDEXABLE,
https://www.kronosolopromocionales.com/productos/set-de-herramientas-truck-9136/,product,true,200,true,true,true,false,https://www.kronosolopromocionales.com/productos/set-de-herramientas-truck-9136/,true,,0,100,,A_INDEXABLE,
https://www.kronosolopromocionales.com/productos/set-de-herramientas-lantern-9179/,product,true,200,true,true,true,false,https://www.kronosolopromocionales.com/productos/set-de-herramientas-lantern-9179/,true,,0,100,,A_INDEXABLE,
https://www.kronosolopromocionales.com/productos/linterna-dinamo-con-radio-9078/,product,true,200,true,true,true,false,https://www.kronosolopromocionales.com/productos/linterna-dinamo-con-radio-9078/,true,,0,100,,A_INDEXABLE,
https://www.kronosolopromocionales.com/productos/set-de-herramientas-con-lampara-led-precio-bomba-10250/,product,true,200,true,true,true,false,https://www.kronosolopromocionales.com/productos/set-de-herramientas-con-lampara-led-precio-bomba-10250/,true,,0,100,,A_INDEXABLE,
https://www.kronosolopromocionales.com/productos/set-de-herramientas-handle-9533/,product,true,200,true,true,true,false,https://www.kronosolopromocionales.com/productos/set-de-herramientas-handle-9533/,true,,0,100,,A_INDEXABLE,
https://www.kronosolopromocionales.com/productos/set-de-herramientas-scout-10287/,product,true,200,false,false,false,false,https://www.kronosolopromocionales.com/productos/set-de-herramientas-scout-10287/,true,,1,100,,B_NOINDEX_INTENCIONAL,"is_ai_optimized=false — pendiente de enriquecimiento, excluido del sitemap intencionalmente"
https://www.kronosolopromocionales.com/productos/set-de-herramientas-apache-10288/,product,true,200,true,true,true,false,https://www.kronosolopromocionales.com/productos/set-de-herramientas-apache-10288/,true,,0,100,,A_INDEXABLE,
https://www.kronosolopromocionales.com/productos/candado-de-clave-metalico-6765/,product,true,200,true,true,true,false,https://www.kronosolopromocionales.com/productos/candado-de-clave-metalico-6765/,true,,0,100,,A_INDEXABLE,
https://www.kronosolopromocionales.com/productos/set-de-herramientas-alutool-3123/,product,true,200,true,true,true,false,https://www.kronosolopromocionales.com/productos/set-de-herramientas-alutool-3123/,true,,0,100,,A_INDEXABLE,
https://www.kronosolopromocionales.com/productos/mini-set-de-herramientas-avante-8844/,product,true,200,true,true,true,false,https://www.kronosolopromocionales.com/productos/mini-set-de-herramientas-avante-8844/,true,,0,100,,A_INDEXABLE,
https://www.kronosolopromocionales.com/productos/set-de-destornilladores-con-luz-car-oferta-9137/,product,true,200,true,true,true,false,https://www.kronosolopromocionales.com/productos/set-de-destornilladores-con-luz-car-oferta-9137/,true,,0,100,,A_INDEXABLE,
https://www.kronosolopromocionales.com/productos/set-de-destornilladores-pen-con-linterna-led-10251/,product,true,200,true,true,true,false,https://www.kronosolopromocionales.com/productos/set-de-destornilladores-pen-con-linterna-led-10251/,true,,0,100,,A_INDEXABLE,
https://www.kronosolopromocionales.com/productos/metro-retractil-button-294/,product,true,200,true,true,true,false,https://www.kronosolopromocionales.com/productos/metro-retractil-button-294/,true,,0,100,,A_INDEXABLE,
https://www.kronosolopromocionales.com/productos/metro-neumatic-5374/,product,true,200,true,true,true,false,https://www.kronosolopromocionales.com/productos/metro-neumatic-5374/,true,,0,100,,A_INDEXABLE,
https://www.kronosolopromocionales.com/productos/metro-carabinero-stanley-5371/,product,true,200,true,true,true,false,https://www.kronosolopromocionales.com/productos/metro-carabinero-stanley-5371/,true,,0,100,,A_INDEXABLE,
https://www.kronosolopromocionales.com/productos/metro-llavero-house-5368/,product,true,200,true,true,true,false,https://www.kronosolopromocionales.com/productos/metro-llavero-house-5368/,true,,0,100,,A_INDEXABLE,
https://www.kronosolopromocionales.com/productos/metro-arkitect-809/,product,true,200,true,true,true,false,https://www.kronosolopromocionales.com/productos/metro-arkitect-809/,true,,0,100,,A_INDEXABLE,
https://www.kronosolopromocionales.com/productos/metro-oliver-7993/,product,true,200,true,true,true,false,https://www.kronosolopromocionales.com/productos/metro-oliver-7993/,true,,0,100,,A_INDEXABLE,
https://www.kronosolopromocionales.com/productos/metro-llavero-truck-8441/,product,true,200,false,false,false,false,https://www.kronosolopromocionales.com/productos/metro-llavero-truck-8441/,true,,0,100,,B_NOINDEX_INTENCIONAL,"is_ai_optimized=false — pendiente de enriquecimiento, excluido del sitemap intencionalmente"
https://www.kronosolopromocionales.com/productos/metro-llavero-saloon-9123/,product,true,200,true,true,true,false,https://www.kronosolopromocionales.com/productos/metro-llavero-saloon-9123/,true,,0,100,,A_INDEXABLE,
https://www.kronosolopromocionales.com/productos/set-de-destornilladores-everest-precio-bomba-7991/,product,true,200,false,false,false,false,https://www.kronosolopromocionales.com/productos/set-de-destornilladores-everest-precio-bomba-7991/,true,,0,100,,B_NOINDEX_INTENCIONAL,"is_ai_optimized=false — pendiente de enriquecimiento, excluido del sitemap intencionalmente"
https://www.kronosolopromocionales.com/productos/set-de-herramientas-en-madera-9534/,product,true,200,true,true,true,false,https://www.kronosolopromocionales.com/productos/set-de-herramientas-en-madera-9534/,true,,0,100,,A_INDEXABLE,
https://www.kronosolopromocionales.com/productos/herramientero-bamboo-box-10002/,product,true,200,true,true,true,false,https://www.kronosolopromocionales.com/productos/herramientero-bamboo-box-10002/,true,,0,100,,A_INDEXABLE,
https://www.kronosolopromocionales.com/productos/set-de-destornilladores-everest-7991/,product,true,200,true,true,true,false,https://www.kronosolopromocionales.com/productos/set-de-destornilladores-everest-7991/,true,,0,100,,A_INDEXABLE,
https://www.kronosolopromocionales.com/productos/set-de-destornilladores-diplo-9953/,product,true,200,true,true,true,false,https://www.kronosolopromocionales.com/productos/set-de-destornilladores-diplo-9953/,true,,0,100,,A_INDEXABLE,
https://www.kronosolopromocionales.com/productos/lonchera-journey-produccion-nacional-7067/,product,true,200,true,true,true,false,https://www.kronosolopromocionales.com/productos/lonchera-journey-produccion-nacional-7067/,true,,0,100,,A_INDEXABLE,
https://www.kronosolopromocionales.com/productos/portacomidas-electrico-6599/,product,true,200,true,true,true,false,https://www.kronosolopromocionales.com/productos/portacomidas-electrico-6599/,true,,0,100,,A_INDEXABLE,
https://www.kronosolopromocionales.com/productos/portavianda-produccion-nacional-6270/,product,true,200,true,true,true,false,https://www.kronosolopromocionales.com/productos/portavianda-produccion-nacional-6270/,true,,0,100,,A_INDEXABLE,
https://www.kronosolopromocionales.com/productos/set-de-bbq-6-piezas-3773/,product,true,200,true,true,true,false,https://www.kronosolopromocionales.com/productos/set-de-bbq-6-piezas-3773/,true,,0,100,,A_INDEXABLE,
https://www.kronosolopromocionales.com/productos/jarra-plastica-ovalada-1000ml-produccion-nacional-5399/,product,true,200,true,true,true,false,https://www.kronosolopromocionales.com/productos/jarra-plastica-ovalada-1000ml-produccion-nacional-5399/,true,,0,100,,A_INDEXABLE,
https://www.kronosolopromocionales.com/productos/hielera-plastica-produccion-nacional-4056/,product,true,200,true,true,true,false,https://www.kronosolopromocionales.com/productos/hielera-plastica-produccion-nacional-4056/,true,,0,100,,A_INDEXABLE,
https://www.kronosolopromocionales.com/productos/set-de-contenedores-x-3-unidades-produccion-nacional-6269/,product,true,200,true,true,true,false,https://www.kronosolopromocionales.com/productos/set-de-contenedores-x-3-unidades-produccion-nacional-6269/,true,,0,100,,A_INDEXABLE,
https://www.kronosolopromocionales.com/productos/portacomida-produccion-nacional-4857/,product,true,200,true,true,true,false,https://www.kronosolopromocionales.com/productos/portacomida-produccion-nacional-4857/,true,,0,100,,A_INDEXABLE,
https://www.kronosolopromocionales.com/productos/destapador-clip-produccion-nacional-4054/,product,true,200,true,true,true,false,https://www.kronosolopromocionales.com/productos/destapador-clip-produccion-nacional-4054/,true,,0,100,,A_INDEXABLE,
https://www.kronosolopromocionales.com/productos/portavasos-plastico-set-x-4-y-base-produccion-nacional-3348/,product,true,200,true,true,true,false,https://www.kronosolopromocionales.com/productos/portavasos-plastico-set-x-4-y-base-produccion-nacional-3348/,true,,0,100,,A_INDEXABLE,
https://www.kronosolopromocionales.com/productos/molde-de-silicona-ice-face-precio-bomba-10677/,product,true,200,true,true,true,false,https://www.kronosolopromocionales.com/productos/molde-de-silicona-ice-face-precio-bomba-10677/,true,,0,100,,A_INDEXABLE,
https://www.kronosolopromocionales.com/productos/quita-motas-adhesivo-10680/,product,true,200,true,true,true,false,https://www.kronosolopromocionales.com/productos/quita-motas-adhesivo-10680/,true,,0,100,,A_INDEXABLE,
https://www.kronosolopromocionales.com/productos/quita-motas-adhesivo-repuesto-10681/,product,true,200,true,true,true,false,https://www.kronosolopromocionales.com/productos/quita-motas-adhesivo-repuesto-10681/,true,,0,100,,A_INDEXABLE,
https://www.kronosolopromocionales.com/productos/set-de-vino-bottle-4049/,product,true,200,true,true,true,false,https://www.kronosolopromocionales.com/productos/set-de-vino-bottle-4049/,true,,1,100,,A_INDEXABLE,
https://www.kronosolopromocionales.com/productos/destapador-electrico-para-vino-3778/,product,true,200,true,true,true,false,https://www.kronosolopromocionales.com/productos/destapador-electrico-para-vino-3778/,true,,0,100,,A_INDEXABLE,
https://www.kronosolopromocionales.com/productos/nevera-wine-cooler-bag-produccion-nacional-3785/,product,true,200,true,true,true,false,https://www.kronosolopromocionales.com/productos/nevera-wine-cooler-bag-produccion-nacional-3785/,true,,0,100,,A_INDEXABLE,
https://www.kronosolopromocionales.com/productos/descorchador-de-dos-tiempos-kiblack-3958/,product,true,200,true,true,true,false,https://www.kronosolopromocionales.com/productos/descorchador-de-dos-tiempos-kiblack-3958/,true,,0,100,,A_INDEXABLE,
https://www.kronosolopromocionales.com/productos/destapador-eco-wine-9541/,product,true,200,true,true,true,false,https://www.kronosolopromocionales.com/productos/destapador-eco-wine-9541/,true,,0,100,,A_INDEXABLE,
https://www.kronosolopromocionales.com/productos/set-de-bar-y-portavino-ii-9718/,product,true,200,true,true,true,false,https://www.kronosolopromocionales.com/productos/set-de-bar-y-portavino-ii-9718/,true,,0,100,,A_INDEXABLE,
https://www.kronosolopromocionales.com/productos/set-de-vino-remy-ii-9717/,product,true,200,true,true,true,false,https://www.kronosolopromocionales.com/productos/set-de-vino-remy-ii-9717/,true,,0,100,,A_INDEXABLE,
https://www.kronosolopromocionales.com/productos/set-de-vino-en-corcho-ii-9720/,product,true,200,true,true,true,false,https://www.kronosolopromocionales.com/productos/set-de-vino-en-corcho-ii-9720/,true,,0,100,,A_INDEXABLE,
https://www.kronosolopromocionales.com/productos/set-de-bar-y-portavino-cork-9750/,product,true,200,true,true,true,false,https://www.kronosolopromocionales.com/productos/set-de-bar-y-portavino-cork-9750/,true,,0,100,,A_INDEXABLE,
https://www.kronosolopromocionales.com/productos/set-enfriador-de-vino-chill-9753/,product,true,200,true,true,true,false,https://www.kronosolopromocionales.com/productos/set-enfriador-de-vino-chill-9753/,true,,0,100,,A_INDEXABLE,
https://www.kronosolopromocionales.com/productos/destapador-electrico-cork-9964/,product,true,200,true,true,true,false,https://www.kronosolopromocionales.com/productos/destapador-electrico-cork-9964/,true,,0,100,,A_INDEXABLE,
https://www.kronosolopromocionales.com/productos/juego-portavasos-en-acero-inoxidable-produccion-nacional-7406/,product,true,200,true,true,true,false,https://www.kronosolopromocionales.com/productos/juego-portavasos-en-acero-inoxidable-produccion-nacional-7406/,true,,0,100,,A_INDEXABLE,
https://www.kronosolopromocionales.com/productos/destapador-rectangular-produccion-nacional-8755/,product,true,200,true,true,true,false,https://www.kronosolopromocionales.com/productos/destapador-rectangular-produccion-nacional-8755/,true,,0,100,,A_INDEXABLE,
https://www.kronosolopromocionales.com/productos/cobija-en-fleece-1861/,product,true,200,true,true,true,false,https://www.kronosolopromocionales.com/productos/cobija-en-fleece-1861/,true,,0,100,,A_INDEXABLE,
https://www.kronosolopromocionales.com/productos/nevera-cooler-hexagon-7570/,product,true,200,true,true,true,false,https://www.kronosolopromocionales.com/productos/nevera-cooler-hexagon-7570/,true,,0,100,,A_INDEXABLE,
https://www.kronosolopromocionales.com/productos/sanduchera-plastica-produccion-nacional-8018/,product,true,200,true,true,true,false,https://www.kronosolopromocionales.com/productos/sanduchera-plastica-produccion-nacional-8018/,true,,0,100,,A_INDEXABLE,
https://www.kronosolopromocionales.com/productos/bowl-plastico-produccion-nacional-7611/,product,true,200,true,true,true,false,https://www.kronosolopromocionales.com/productos/bowl-plastico-produccion-nacional-7611/,true,,0,100,,A_INDEXABLE,
https://www.kronosolopromocionales.com/productos/nevera-cooler-bag-picnic-7015/,product,true,200,true,true,true,false,https://www.kronosolopromocionales.com/productos/nevera-cooler-bag-picnic-7015/,true,,0,100,,A_INDEXABLE,
https://www.kronosolopromocionales.com/productos/llavero-destapador-orbis-6115/,product,true,200,true,true,true,false,https://www.kronosolopromocionales.com/productos/llavero-destapador-orbis-6115/,true,,0,100,,A_INDEXABLE,
https://www.kronosolopromocionales.com/productos/destapador-bamboo-9741/,product,true,200,true,true,true,false,https://www.kronosolopromocionales.com/productos/destapador-bamboo-9741/,true,,0,100,,A_INDEXABLE,
https://www.kronosolopromocionales.com/productos/destapador-nacul-9885/,product,true,200,true,true,true,false,https://www.kronosolopromocionales.com/productos/destapador-nacul-9885/,true,,0,100,,A_INDEXABLE,
https://www.kronosolopromocionales.com/productos/llavero-destapador-stiked-9903/,product,true,200,true,true,true,false,https://www.kronosolopromocionales.com/productos/llavero-destapador-stiked-9903/,true,,0,100,,A_INDEXABLE,
https://www.kronosolopromocionales.com/productos/destapador-botella-con-iman-produccion-nacional-8756/,product,true,200,true,true,true,false,https://www.kronosolopromocionales.com/productos/destapador-botella-con-iman-produccion-nacional-8756/,true,,0,100,,A_INDEXABLE,
https://www.kronosolopromocionales.com/productos/set-de-bbq-en-aluminio-6-piezas-1866/,product,true,200,true,true,true,false,https://www.kronosolopromocionales.com/productos/set-de-bbq-en-aluminio-6-piezas-1866/,true,,0,100,,A_INDEXABLE,
https://www.kronosolopromocionales.com/productos/nevera-lonchera-con-set-bbq-8900/,product,true,200,true,true,true,false,https://www.kronosolopromocionales.com/productos/nevera-lonchera-con-set-bbq-8900/,true,,0,100,,A_INDEXABLE,
https://www.kronosolopromocionales.com/productos/set-bbq-stanton-9172/,product,true,200,false,false,false,false,https://www.kronosolopromocionales.com/productos/set-bbq-stanton-9172/,true,,0,100,,B_NOINDEX_INTENCIONAL,"is_ai_optimized=false — pendiente de enriquecimiento, excluido del sitemap intencionalmente"
https://www.kronosolopromocionales.com/productos/bbq-grill-cook-9623/,product,true,200,true,true,true,false,https://www.kronosolopromocionales.com/productos/bbq-grill-cook-9623/,true,,0,100,,A_INDEXABLE,
https://www.kronosolopromocionales.com/productos/set-bbq-con-delantal-9711/,product,true,200,true,true,true,false,https://www.kronosolopromocionales.com/productos/set-bbq-con-delantal-9711/,true,,0,100,,A_INDEXABLE,
https://www.kronosolopromocionales.com/productos/bbq-grill-con-nevera-lonchera-9978/,product,true,200,true,true,true,false,https://www.kronosolopromocionales.com/productos/bbq-grill-con-nevera-lonchera-9978/,true,,0,100,,A_INDEXABLE,
https://www.kronosolopromocionales.com/productos/set-bbq-bamboo-10062/,product,true,200,true,true,true,false,https://www.kronosolopromocionales.com/productos/set-bbq-bamboo-10062/,true,,0,100,,A_INDEXABLE,
https://www.kronosolopromocionales.com/productos/set-bbq-novak-10065/,product,true,200,true,true,true,false,https://www.kronosolopromocionales.com/productos/set-bbq-novak-10065/,true,,0,100,,A_INDEXABLE,
https://www.kronosolopromocionales.com/productos/akker-bbq-electrico-10369/,product,true,200,true,true,true,false,https://www.kronosolopromocionales.com/productos/akker-bbq-electrico-10369/,true,,0,100,,A_INDEXABLE,
https://www.kronosolopromocionales.com/productos/bbq-grill-soccer-cook-nuevo-13202/,product,true,200,true,true,true,false,https://www.kronosolopromocionales.com/productos/bbq-grill-soccer-cook-nuevo-13202/,true,,0,100,,A_INDEXABLE,
https://www.kronosolopromocionales.com/productos/set-de-queso-edam-8486/,product,true,200,true,true,true,false,https://www.kronosolopromocionales.com/productos/set-de-queso-edam-8486/,true,,0,100,,A_INDEXABLE,
https://www.kronosolopromocionales.com/productos/set-de-queso-cajun-9139/,product,true,200,true,true,true,false,https://www.kronosolopromocionales.com/productos/set-de-queso-cajun-9139/,true,,0,100,,A_INDEXABLE,
https://www.kronosolopromocionales.com/productos/set-de-2-utensilios-para-queso-book-oferta-9540/,product,true,200,false,false,false,false,https://www.kronosolopromocionales.com/productos/set-de-2-utensilios-para-queso-book-oferta-9540/,true,,0,100,,B_NOINDEX_INTENCIONAL,"is_ai_optimized=false — pendiente de enriquecimiento, excluido del sitemap intencionalmente"
https://www.kronosolopromocionales.com/productos/set-de-sushi-9744/,product,true,200,true,true,true,false,https://www.kronosolopromocionales.com/productos/set-de-sushi-9744/,true,,0,100,,A_INDEXABLE,
https://www.kronosolopromocionales.com/productos/set-de-queso-italy-10057/,product,true,200,true,true,true,false,https://www.kronosolopromocionales.com/productos/set-de-queso-italy-10057/,true,,0,100,,A_INDEXABLE,
https://www.kronosolopromocionales.com/productos/organizador-de-escritorio-harmony-produccion-nacional-7056/,product,true,200,true,true,true,false,https://www.kronosolopromocionales.com/productos/organizador-de-escritorio-harmony-produccion-nacional-7056/,true,,0,100,,A_INDEXABLE,
https://www.kronosolopromocionales.com/productos/nevera-cooler-spring-produccion-nacional-6983/,product,true,200,true,true,true,false,https://www.kronosolopromocionales.com/productos/nevera-cooler-spring-produccion-nacional-6983/,true,,0,100,,A_INDEXABLE,
https://www.kronosolopromocionales.com/productos/nevera-cooler-trendy-produccion-nacional-6982/,product,true,200,true,true,true,false,https://www.kronosolopromocionales.com/productos/nevera-cooler-trendy-produccion-nacional-6982/,true,,0,100,,A_INDEXABLE,
https://www.kronosolopromocionales.com/productos/nevera-cooler-max-produccion-nacional-6981/,product,true,200,true,true,true,false,https://www.kronosolopromocionales.com/productos/nevera-cooler-max-produccion-nacional-6981/,true,,0,100,,A_INDEXABLE,
https://www.kronosolopromocionales.com/productos/estuche-multiusos-boxx-produccion-nacional-6702/,product,true,200,true,true,true,false,https://www.kronosolopromocionales.com/productos/estuche-multiusos-boxx-produccion-nacional-6702/,true,,0,100,,A_INDEXABLE,
https://www.kronosolopromocionales.com/productos/silla-nevera-cooler-con-espaldar-produccion-nacional-3270/,product,true,200,true,true,true,false,https://www.kronosolopromocionales.com/productos/silla-nevera-cooler-con-espaldar-produccion-nacional-3270/,true,,0,100,,A_INDEXABLE,
https://www.kronosolopromocionales.com/productos/set-escolar-produccion-nacional-6294/,product,true,200,true,true,true,false,https://www.kronosolopromocionales.com/productos/set-escolar-produccion-nacional-6294/,true,,0,100,,A_INDEXABLE,
https://www.kronosolopromocionales.com/productos/alcancia-cerdito-produccion-nacional-5412/,product,true,200,true,true,true,false,https://www.kronosolopromocionales.com/productos/alcancia-cerdito-produccion-nacional-5412/,true,,0,100,,A_INDEXABLE,
https://www.kronosolopromocionales.com/productos/alcancia-estrella-135cm-produccion-nacional-2390/,product,true,200,true,true,true,false,https://www.kronosolopromocionales.com/productos/alcancia-estrella-135cm-produccion-nacional-2390/,true,,0,100,,A_INDEXABLE,
https://www.kronosolopromocionales.com/productos/alcancia-balon-produccion-nacional-5687/,product,true,200,true,true,true,false,https://www.kronosolopromocionales.com/productos/alcancia-balon-produccion-nacional-5687/,true,,0,100,,A_INDEXABLE,
https://www.kronosolopromocionales.com/productos/mouse-pad-sencillo-5547/,product,true,200,true,true,true,false,https://www.kronosolopromocionales.com/productos/mouse-pad-sencillo-5547/,true,,0,100,,A_INDEXABLE,
https://www.kronosolopromocionales.com/productos/llavero-linterna-puck-6572/,product,true,200,true,true,true,false,https://www.kronosolopromocionales.com/productos/llavero-linterna-puck-6572/,true,,0,100,,A_INDEXABLE,
https://www.kronosolopromocionales.com/productos/linterna-loop-9133/,product,true,200,true,true,true,false,https://www.kronosolopromocionales.com/productos/linterna-loop-9133/,true,,0,100,,A_INDEXABLE,
https://www.kronosolopromocionales.com/productos/llavero-linterna-lamp-9984/,product,true,200,true,true,true,false,https://www.kronosolopromocionales.com/productos/llavero-linterna-lamp-9984/,true,,0,100,,A_INDEXABLE,
https://www.kronosolopromocionales.com/productos/linterna-carabinero-bamboo-10650/,product,true,200,true,true,true,false,https://www.kronosolopromocionales.com/productos/linterna-carabinero-bamboo-10650/,true,,0,100,,A_INDEXABLE,
https://www.kronosolopromocionales.com/productos/mini-linterna-ozen-13296/,product,true,200,true,true,true,false,https://www.kronosolopromocionales.com/productos/mini-linterna-ozen-13296/,true,,0,100,,A_INDEXABLE,
https://www.kronosolopromocionales.com/productos/mini-herramientero-blazor-nuevo-13334/,product,true,200,false,false,false,false,https://www.kronosolopromocionales.com/productos/mini-herramientero-blazor-nuevo-13334/,true,,0,100,,B_NOINDEX_INTENCIONAL,"is_ai_optimized=false — pendiente de enriquecimiento, excluido del sitemap intencionalmente"
https://www.kronosolopromocionales.com/productos/llavero-metro-light-13352/,product,true,200,true,true,true,false,https://www.kronosolopromocionales.com/productos/llavero-metro-light-13352/,true,,0,100,,A_INDEXABLE,
https://www.kronosolopromocionales.com/productos/memoria-usb-carabinero-precio-neto-4727/,product,true,200,true,true,true,false,https://www.kronosolopromocionales.com/productos/memoria-usb-carabinero-precio-neto-4727/,true,,0,100,,A_INDEXABLE,
https://www.kronosolopromocionales.com/productos/memoria-usb-mini-crystal-precio-neto-5883/,product,true,200,true,true,true,false,https://www.kronosolopromocionales.com/productos/memoria-usb-mini-crystal-precio-neto-5883/,true,,0,100,,A_INDEXABLE,
https://www.kronosolopromocionales.com/productos/memoria-mini-usb-en-imitacion-cuero-precio-neto-5277/,product,true,200,false,false,false,false,https://www.kronosolopromocionales.com/productos/memoria-mini-usb-en-imitacion-cuero-precio-neto-5277/,true,,0,100,,B_NOINDEX_INTENCIONAL,"is_ai_optimized=false — pendiente de enriquecimiento, excluido del sitemap intencionalmente"
https://www.kronosolopromocionales.com/productos/memoria-usb-braxton-precio-neto-7987/,product,true,200,false,false,false,false,https://www.kronosolopromocionales.com/productos/memoria-usb-braxton-precio-neto-7987/,true,,0,100,,B_NOINDEX_INTENCIONAL,"is_ai_optimized=false — pendiente de enriquecimiento, excluido del sitemap intencionalmente"
https://www.kronosolopromocionales.com/productos/memoria-usb-hook-precio-neto-oferta-8927/,product,true,200,true,true,true,false,https://www.kronosolopromocionales.com/productos/memoria-usb-hook-precio-neto-oferta-8927/,true,,0,100,,A_INDEXABLE,
https://www.kronosolopromocionales.com/productos/estuche-metalico-para-memoria-usb-oferta-2542/,product,true,200,true,true,true,false,https://www.kronosolopromocionales.com/productos/estuche-metalico-para-memoria-usb-oferta-2542/,true,,0,100,,A_INDEXABLE,
https://www.kronosolopromocionales.com/productos/memoria-usb-swivel-precio-neto-3932/,product,true,200,true,true,true,false,https://www.kronosolopromocionales.com/productos/memoria-usb-swivel-precio-neto-3932/,true,,0,100,,A_INDEXABLE,
https://www.kronosolopromocionales.com/productos/chip-para-memoria-usb-precio-neto-4482/,product,true,200,true,true,true,false,https://www.kronosolopromocionales.com/productos/chip-para-memoria-usb-precio-neto-4482/,true,,0,100,,A_INDEXABLE,
https://www.kronosolopromocionales.com/productos/memoria-usb-llave-precio-neto-4078/,product,true,200,true,true,true,false,https://www.kronosolopromocionales.com/productos/memoria-usb-llave-precio-neto-4078/,true,,0,100,,A_INDEXABLE,
https://www.kronosolopromocionales.com/productos/memoria-usb-portacelular-30-precio-neto-8926/,product,true,200,true,true,true,false,https://www.kronosolopromocionales.com/productos/memoria-usb-portacelular-30-precio-neto-8926/,true,,0,100,,A_INDEXABLE,
https://www.kronosolopromocionales.com/productos/lampara-usb-swan-precio-bomba-7423/,product,true,200,true,true,true,false,https://www.kronosolopromocionales.com/productos/lampara-usb-swan-precio-bomba-7423/,true,,0,100,,A_INDEXABLE,
https://www.kronosolopromocionales.com/productos/lampara-usb-snake-8117/,product,true,200,true,true,true,false,https://www.kronosolopromocionales.com/productos/lampara-usb-snake-8117/,true,,0,100,,A_INDEXABLE,
https://www.kronosolopromocionales.com/productos/linterna-cob-power-9544/,product,true,200,true,true,true,false,https://www.kronosolopromocionales.com/productos/linterna-cob-power-9544/,true,,0,100,,A_INDEXABLE,
https://www.kronosolopromocionales.com/productos/speaker-bluetooth-con-lampara-oferta-9579/,product,true,200,true,true,true,false,https://www.kronosolopromocionales.com/productos/speaker-bluetooth-con-lampara-oferta-9579/,true,,0,100,,A_INDEXABLE,
https://www.kronosolopromocionales.com/productos/carpeta-folder-congress-produccion-nacional-7090/,product,true,200,true,true,true,false,https://www.kronosolopromocionales.com/productos/carpeta-folder-congress-produccion-nacional-7090/,true,,0,100,,A_INDEXABLE,
https://www.kronosolopromocionales.com/productos/libreta-like-it-produccion-nacional-7089/,product,true,200,true,true,true,false,https://www.kronosolopromocionales.com/productos/libreta-like-it-produccion-nacional-7089/,true,,0,100,,A_INDEXABLE,
https://www.kronosolopromocionales.com/productos/mini-libreta-duo-produccion-nacional-6051/,product,true,200,true,true,true,false,https://www.kronosolopromocionales.com/productos/mini-libreta-duo-produccion-nacional-6051/,true,,0,100,,A_INDEXABLE,
https://www.kronosolopromocionales.com/productos/libreta-con-boligrafo-hard-top-100-hojas-produccion-nacional-1064/,product,true,200,true,true,true,false,https://www.kronosolopromocionales.com/productos/libreta-con-boligrafo-hard-top-100-hojas-produccion-nacional-1064/,true,,0,100,,A_INDEXABLE,
https://www.kronosolopromocionales.com/productos/portarretrato-almanaque-produccion-nacional-4720/,product,true,200,true,true,true,false,https://www.kronosolopromocionales.com/productos/portarretrato-almanaque-produccion-nacional-4720/,true,,0,100,,A_INDEXABLE,
https://www.kronosolopromocionales.com/productos/portaboligrafos-frost-produccion-nacional-2388/,product,true,200,true,true,true,false,https://www.kronosolopromocionales.com/productos/portaboligrafos-frost-produccion-nacional-2388/,true,,0,100,,A_INDEXABLE,
https://www.kronosolopromocionales.com/productos/portaboligrafos-3-en-1-produccion-nacional-2389/,product,true,200,true,true,true,false,https://www.kronosolopromocionales.com/productos/portaboligrafos-3-en-1-produccion-nacional-2389/,true,,0,100,,A_INDEXABLE,
https://www.kronosolopromocionales.com/productos/portalapices-cilindrico-nacional-3472/,product,true,200,true,true,true,false,https://www.kronosolopromocionales.com/productos/portalapices-cilindrico-nacional-3472/,true,,0,100,,A_INDEXABLE,
https://www.kronosolopromocionales.com/productos/portatarjetas-arc-produccion-nacional-2385/,product,true,200,true,true,true,false,https://www.kronosolopromocionales.com/productos/portatarjetas-arc-produccion-nacional-2385/,true,,0,100,,A_INDEXABLE,
https://www.kronosolopromocionales.com/productos/llavero-pito-con-destapador-precio-bomba-9132/,product,true,200,false,false,false,false,https://www.kronosolopromocionales.com/productos/llavero-pito-con-destapador-precio-bomba-9132/,true,,0,100,,B_NOINDEX_INTENCIONAL,"is_ai_optimized=false — pendiente de enriquecimiento, excluido del sitemap intencionalmente"
https://www.kronosolopromocionales.com/productos/portaidentificador-de-carnet-con-destapador-10378/,product,true,200,true,true,true,false,https://www.kronosolopromocionales.com/productos/portaidentificador-de-carnet-con-destapador-10378/,true,,0,100,,A_INDEXABLE,
https://www.kronosolopromocionales.com/productos/llavero-destapador-house-10408/,product,true,200,true,true,true,false,https://www.kronosolopromocionales.com/productos/llavero-destapador-house-10408/,true,,0,100,,A_INDEXABLE,
https://www.kronosolopromocionales.com/productos/mini-herramientero-blazor-13334/,product,true,200,true,true,true,false,https://www.kronosolopromocionales.com/productos/mini-herramientero-blazor-13334/,true,,0,100,,A_INDEXABLE,
https://www.kronosolopromocionales.com/productos/pito-con-luz-vision-nuevo-13366/,product,true,200,false,false,false,false,https://www.kronosolopromocionales.com/productos/pito-con-luz-vision-nuevo-13366/,true,,0,100,,B_NOINDEX_INTENCIONAL,"is_ai_optimized=false — pendiente de enriquecimiento, excluido del sitemap intencionalmente"
https://www.kronosolopromocionales.com/productos/carabinero-3100/,product,true,200,true,true,true,false,https://www.kronosolopromocionales.com/productos/carabinero-3100/,true,,0,100,,A_INDEXABLE,
https://www.kronosolopromocionales.com/productos/llavero-silicone-silicona-2226/,product,true,200,true,true,true,false,https://www.kronosolopromocionales.com/productos/llavero-silicone-silicona-2226/,true,,0,100,,A_INDEXABLE,
https://www.kronosolopromocionales.com/productos/llavero-antiestres-ball-soccer-8270/,product,true,200,false,false,false,false,https://www.kronosolopromocionales.com/productos/llavero-antiestres-ball-soccer-8270/,true,,0,100,,B_NOINDEX_INTENCIONAL,"is_ai_optimized=false — pendiente de enriquecimiento, excluido del sitemap intencionalmente"
https://www.kronosolopromocionales.com/productos/llavero-corcho-oferta-8884/,product,true,200,true,true,true,false,https://www.kronosolopromocionales.com/productos/llavero-corcho-oferta-8884/,true,,0,100,,A_INDEXABLE,
https://www.kronosolopromocionales.com/productos/llavero-pop-10076/,product,true,200,true,true,true,false,https://www.kronosolopromocionales.com/productos/llavero-pop-10076/,true,,0,100,,A_INDEXABLE,
https://www.kronosolopromocionales.com/productos/llavero-double-10218/,product,true,200,true,true,true,false,https://www.kronosolopromocionales.com/productos/llavero-double-10218/,true,,0,100,,A_INDEXABLE,
https://www.kronosolopromocionales.com/productos/set-ml-391-9761/,product,true,200,true,true,true,false,https://www.kronosolopromocionales.com/productos/set-ml-391-9761/,true,,0,100,,A_INDEXABLE,
https://www.kronosolopromocionales.com/productos/llavero-ml-393-9763/,product,true,200,true,true,true,false,https://www.kronosolopromocionales.com/productos/llavero-ml-393-9763/,true,,0,100,,A_INDEXABLE,
https://www.kronosolopromocionales.com/productos/soporte-para-moviles-pop-10126/,product,true,200,true,true,true,false,https://www.kronosolopromocionales.com/productos/soporte-para-moviles-pop-10126/,true,,0,100,,A_INDEXABLE,
https://www.kronosolopromocionales.com/productos/llavero-pito-con-destapador-9132/,product,true,200,true,true,true,false,https://www.kronosolopromocionales.com/productos/llavero-pito-con-destapador-9132/,true,,0,100,,A_INDEXABLE,
https://www.kronosolopromocionales.com/productos/pito-con-luz-vision-13366/,product,true,200,true,true,true,false,https://www.kronosolopromocionales.com/productos/pito-con-luz-vision-13366/,true,,0,100,,A_INDEXABLE,
https://www.kronosolopromocionales.com/productos/gancho-portacartera-1710/,product,true,200,true,true,true,false,https://www.kronosolopromocionales.com/productos/gancho-portacartera-1710/,true,,0,100,,A_INDEXABLE,
https://www.kronosolopromocionales.com/productos/bolsa-en-algodon-corcho-9103/,product,true,200,false,false,false,false,https://www.kronosolopromocionales.com/productos/bolsa-en-algodon-corcho-9103/,true,,0,100,,B_NOINDEX_INTENCIONAL,"is_ai_optimized=false — pendiente de enriquecimiento, excluido del sitemap intencionalmente"
https://www.kronosolopromocionales.com/productos/sporty-bag-eco-yute-9725/,product,true,200,true,true,true,false,https://www.kronosolopromocionales.com/productos/sporty-bag-eco-yute-9725/,true,,0,100,,A_INDEXABLE,
https://www.kronosolopromocionales.com/productos/organizador-de-viaje-cork-9815/,product,true,200,false,false,false,false,https://www.kronosolopromocionales.com/productos/organizador-de-viaje-cork-9815/,true,,0,100,,B_NOINDEX_INTENCIONAL,"is_ai_optimized=false — pendiente de enriquecimiento, excluido del sitemap intencionalmente"
https://www.kronosolopromocionales.com/productos/bolsa-holt-eco-10422/,product,true,200,true,true,true,false,https://www.kronosolopromocionales.com/productos/bolsa-holt-eco-10422/,true,,0,100,,A_INDEXABLE,
https://www.kronosolopromocionales.com/productos/bolsa-en-algodon-shopper-10367/,product,true,200,true,true,true,false,https://www.kronosolopromocionales.com/productos/bolsa-en-algodon-shopper-10367/,true,,0,100,,A_INDEXABLE,
https://www.kronosolopromocionales.com/productos/sporty-bag-cotton-ii-11039/,product,true,200,false,false,false,false,https://www.kronosolopromocionales.com/productos/sporty-bag-cotton-ii-11039/,true,,0,100,,B_NOINDEX_INTENCIONAL,"is_ai_optimized=false — pendiente de enriquecimiento, excluido del sitemap intencionalmente"
https://www.kronosolopromocionales.com/productos/cosmetiquera-terra-nuevo-13500/,product,true,200,true,true,true,false,https://www.kronosolopromocionales.com/productos/cosmetiquera-terra-nuevo-13500/,true,,0,100,,A_INDEXABLE,
https://www.kronosolopromocionales.com/productos/mini-bolsa-en-algodon-100gms-nuevo-13253/,product,true,200,false,false,false,false,https://www.kronosolopromocionales.com/productos/mini-bolsa-en-algodon-100gms-nuevo-13253/,true,,0,100,,B_NOINDEX_INTENCIONAL,"is_ai_optimized=false — pendiente de enriquecimiento, excluido del sitemap intencionalmente"
https://www.kronosolopromocionales.com/productos/sporty-bag-kidz-sin-diseno-13170/,product,true,200,true,true,true,false,https://www.kronosolopromocionales.com/productos/sporty-bag-kidz-sin-diseno-13170/,true,,0,100,,A_INDEXABLE,
https://www.kronosolopromocionales.com/productos/cartuchera-en-cambrel-kidz-sin-diseno-13171/,product,true,200,true,true,true,false,https://www.kronosolopromocionales.com/productos/cartuchera-en-cambrel-kidz-sin-diseno-13171/,true,,0,100,,A_INDEXABLE,
https://www.kronosolopromocionales.com/productos/bolsa-metalizada-6933/,product,true,200,true,true,true,false,https://www.kronosolopromocionales.com/productos/bolsa-metalizada-6933/,true,,0,100,,A_INDEXABLE,
https://www.kronosolopromocionales.com/productos/sporty-bag-en-cambrel-ewok-6928/,product,true,200,true,true,true,false,https://www.kronosolopromocionales.com/productos/sporty-bag-en-cambrel-ewok-6928/,true,,0,100,,A_INDEXABLE,
https://www.kronosolopromocionales.com/productos/bolsa-en-cambrel-bawel-5611/,product,true,200,true,true,true,false,https://www.kronosolopromocionales.com/productos/bolsa-en-cambrel-bawel-5611/,true,,0,100,,A_INDEXABLE,
https://www.kronosolopromocionales.com/productos/bolsa-en-cambrel-queen-6293/,product,true,200,true,true,true,false,https://www.kronosolopromocionales.com/productos/bolsa-en-cambrel-queen-6293/,true,,0,100,,A_INDEXABLE,
https://www.kronosolopromocionales.com/productos/bolsa-en-cambrel-arcadia-6247/,product,true,200,true,true,true,false,https://www.kronosolopromocionales.com/productos/bolsa-en-cambrel-arcadia-6247/,true,,0,100,,A_INDEXABLE,
https://www.kronosolopromocionales.com/productos/bolsa-en-cambrel-con-fuelle-6248/,product,true,200,true,true,true,false,https://www.kronosolopromocionales.com/productos/bolsa-en-cambrel-con-fuelle-6248/,true,,0,100,,A_INDEXABLE,
https://www.kronosolopromocionales.com/productos/mini-bolsa-en-cambrel-6235/,product,true,200,true,true,true,false,https://www.kronosolopromocionales.com/productos/mini-bolsa-en-cambrel-6235/,true,,0,100,,A_INDEXABLE,
https://www.kronosolopromocionales.com/productos/bolsa-en-cambrel-franky-6238/,product,true,200,true,true,true,false,https://www.kronosolopromocionales.com/productos/bolsa-en-cambrel-franky-6238/,true,,0,100,,A_INDEXABLE,
https://www.kronosolopromocionales.com/productos/bolsa-en-cambrel-market-7574/,product,true,200,true,true,true,false,https://www.kronosolopromocionales.com/productos/bolsa-en-cambrel-market-7574/,true,,0,100,,A_INDEXABLE,
https://www.kronosolopromocionales.com/productos/canguro-en-poliester-3615/,product,true,200,true,true,true,false,https://www.kronosolopromocionales.com/productos/canguro-en-poliester-3615/,true,,0,100,,A_INDEXABLE,
https://www.kronosolopromocionales.com/productos/canguro-orion-7602/,product,true,200,true,true,true,false,https://www.kronosolopromocionales.com/productos/canguro-orion-7602/,true,,0,100,,A_INDEXABLE,
https://www.kronosolopromocionales.com/productos/canguro-en-poliester-pocket-7766/,product,true,200,true,true,true,false,https://www.kronosolopromocionales.com/productos/canguro-en-poliester-pocket-7766/,true,,0,100,,A_INDEXABLE,
https://www.kronosolopromocionales.com/productos/canguro-gemini-produccion-nacional-8721/,product,true,200,true,true,true,false,https://www.kronosolopromocionales.com/productos/canguro-gemini-produccion-nacional-8721/,true,,0,100,,A_INDEXABLE,
https://www.kronosolopromocionales.com/productos/canguro-reflective-9156/,product,true,200,true,true,true,false,https://www.kronosolopromocionales.com/productos/canguro-reflective-9156/,true,,0,100,,A_INDEXABLE,
https://www.kronosolopromocionales.com/productos/canguro-sauris-9196/,product,true,200,true,true,true,false,https://www.kronosolopromocionales.com/productos/canguro-sauris-9196/,true,,0,100,,A_INDEXABLE,
https://www.kronosolopromocionales.com/productos/canguro-moldik-9197/,product,true,200,true,true,true,false,https://www.kronosolopromocionales.com/productos/canguro-moldik-9197/,true,,0,100,,A_INDEXABLE,
https://www.kronosolopromocionales.com/productos/canguro-para-moviles-nylon-9857/,product,true,200,true,true,true,false,https://www.kronosolopromocionales.com/productos/canguro-para-moviles-nylon-9857/,true,,0,100,,A_INDEXABLE,
https://www.kronosolopromocionales.com/productos/canguro-dior-9823/,product,true,200,true,true,true,false,https://www.kronosolopromocionales.com/productos/canguro-dior-9823/,true,,0,100,,A_INDEXABLE,
https://www.kronosolopromocionales.com/productos/canguro-london-produccion-nacional-9824/,product,true,200,true,true,true,false,https://www.kronosolopromocionales.com/productos/canguro-london-produccion-nacional-9824/,true,,0,100,,A_INDEXABLE,
https://www.kronosolopromocionales.com/productos/canguro-strike-urban-travel-10166/,product,true,200,true,true,true,false,https://www.kronosolopromocionales.com/productos/canguro-strike-urban-travel-10166/,true,,0,100,,A_INDEXABLE,
https://www.kronosolopromocionales.com/productos/morral-backpack-legacy-urban-travel-9818/,product,true,200,true,true,true,false,https://www.kronosolopromocionales.com/productos/morral-backpack-legacy-urban-travel-9818/,true,,0,100,,A_INDEXABLE,
https://www.kronosolopromocionales.com/productos/morral-backpack-crosby-urban-travel-9819/,product,true,200,false,false,false,false,https://www.kronosolopromocionales.com/productos/morral-backpack-crosby-urban-travel-9819/,true,,0,100,,B_NOINDEX_INTENCIONAL,"is_ai_optimized=false — pendiente de enriquecimiento, excluido del sitemap intencionalmente"
https://www.kronosolopromocionales.com/productos/morral-backpack-kepler-urban-travel-10164/,product,true,200,true,true,true,false,https://www.kronosolopromocionales.com/productos/morral-backpack-kepler-urban-travel-10164/,true,,0,100,,A_INDEXABLE,
https://www.kronosolopromocionales.com/productos/morral-backpack-jinx-urban-travel-10163/,product,true,200,true,true,true,false,https://www.kronosolopromocionales.com/productos/morral-backpack-jinx-urban-travel-10163/,true,,0,100,,A_INDEXABLE,
https://www.kronosolopromocionales.com/productos/trolley-morral-backpack-senior-urban-travel-10168/,product,true,200,false,false,false,false,https://www.kronosolopromocionales.com/productos/trolley-morral-backpack-senior-urban-travel-10168/,true,,0,100,,B_NOINDEX_INTENCIONAL,"is_ai_optimized=false — pendiente de enriquecimiento, excluido del sitemap intencionalmente"
https://www.kronosolopromocionales.com/productos/sporty-bag-crocket-6938/,product,true,200,true,true,true,false,https://www.kronosolopromocionales.com/productos/sporty-bag-crocket-6938/,true,,0,100,,A_INDEXABLE,
https://www.kronosolopromocionales.com/productos/morral-backpack-rush-produccion-nacional-6901/,product,true,200,true,true,true,false,https://www.kronosolopromocionales.com/productos/morral-backpack-rush-produccion-nacional-6901/,true,,0,100,,A_INDEXABLE,
https://www.kronosolopromocionales.com/productos/maletin-deportivo-florida-4876/,product,true,200,true,true,true,false,https://www.kronosolopromocionales.com/productos/maletin-deportivo-florida-4876/,true,,0,100,,A_INDEXABLE,
https://www.kronosolopromocionales.com/productos/morral-backpack-reflective-8161/,product,true,200,true,true,true,false,https://www.kronosolopromocionales.com/productos/morral-backpack-reflective-8161/,true,,0,100,,A_INDEXABLE,
https://www.kronosolopromocionales.com/productos/sporty-bag-reflective-8182/,product,true,200,true,true,true,false,https://www.kronosolopromocionales.com/productos/sporty-bag-reflective-8182/,true,,0,100,,A_INDEXABLE,
https://www.kronosolopromocionales.com/productos/morral-backpack-plegable-molly-8193/,product,true,200,true,true,true,false,https://www.kronosolopromocionales.com/productos/morral-backpack-plegable-molly-8193/,true,,0,100,,A_INDEXABLE,
https://www.kronosolopromocionales.com/productos/protector-para-morral-backpack-emergency-produccion-nacional-6919/,product,true,200,true,true,true,false,https://www.kronosolopromocionales.com/productos/protector-para-morral-backpack-emergency-produccion-nacional-6919/,true,,0,100,,A_INDEXABLE,
https://www.kronosolopromocionales.com/productos/morral-backpack-elegant-precio-bomba-10725/,product,true,200,true,true,true,false,https://www.kronosolopromocionales.com/productos/morral-backpack-elegant-precio-bomba-10725/,true,,0,100,,A_INDEXABLE,
https://www.kronosolopromocionales.com/productos/morral-backpack-nordic-oferta-7060/,product,true,200,false,false,false,false,https://www.kronosolopromocionales.com/productos/morral-backpack-nordic-oferta-7060/,true,,0,100,,B_NOINDEX_INTENCIONAL,"is_ai_optimized=false — pendiente de enriquecimiento, excluido del sitemap intencionalmente"
https://www.kronosolopromocionales.com/productos/morral-city-backpack-6266/,product,true,200,false,false,false,false,https://www.kronosolopromocionales.com/productos/morral-city-backpack-6266/,true,,0,100,,B_NOINDEX_INTENCIONAL,"is_ai_optimized=false — pendiente de enriquecimiento, excluido del sitemap intencionalmente"
https://www.kronosolopromocionales.com/productos/morral-backpack-retro-produccion-nacional-7697/,product,true,200,true,true,true,false,https://www.kronosolopromocionales.com/productos/morral-backpack-retro-produccion-nacional-7697/,true,,0,100,,A_INDEXABLE,
https://www.kronosolopromocionales.com/productos/morral-backpack-derex-8541/,product,true,200,true,true,true,false,https://www.kronosolopromocionales.com/productos/morral-backpack-derex-8541/,true,,0,100,,A_INDEXABLE,
https://www.kronosolopromocionales.com/productos/morral-backpack-antirrobo-royal-9213/,product,true,200,true,true,true,false,https://www.kronosolopromocionales.com/productos/morral-backpack-antirrobo-royal-9213/,true,,0,100,,A_INDEXABLE,
https://www.kronosolopromocionales.com/productos/morral-backpack-catoy-9211/,product,true,200,false,false,false,false,https://www.kronosolopromocionales.com/productos/morral-backpack-catoy-9211/,true,,0,100,,B_NOINDEX_INTENCIONAL,"is_ai_optimized=false — pendiente de enriquecimiento, excluido del sitemap intencionalmente"
https://www.kronosolopromocionales.com/productos/morral-backpack-strings-9598/,product,true,200,true,true,true,false,https://www.kronosolopromocionales.com/productos/morral-backpack-strings-9598/,true,,0,100,,A_INDEXABLE,
https://www.kronosolopromocionales.com/productos/mininevera-cooler-con-portacomida-produccion-nacional-3244/,product,true,200,true,true,true,false,https://www.kronosolopromocionales.com/productos/mininevera-cooler-con-portacomida-produccion-nacional-3244/,true,,0,100,,A_INDEXABLE,
https://www.kronosolopromocionales.com/productos/nevera-cooler-bag-trolley-1073/,product,true,200,true,true,true,false,https://www.kronosolopromocionales.com/productos/nevera-cooler-bag-trolley-1073/,true,,0,100,,A_INDEXABLE,
https://www.kronosolopromocionales.com/productos/nevera-cooler-lunchy-8157/,product,true,200,true,true,true,false,https://www.kronosolopromocionales.com/productos/nevera-cooler-lunchy-8157/,true,,0,100,,A_INDEXABLE,
https://www.kronosolopromocionales.com/productos/nevera-cooler-bag-soccer-ball-produccion-nacional-8291/,product,true,200,true,true,true,false,https://www.kronosolopromocionales.com/productos/nevera-cooler-bag-soccer-ball-produccion-nacional-8291/,true,,0,100,,A_INDEXABLE,
https://www.kronosolopromocionales.com/productos/nevera-cooler-bag-goal-produccion-nacional-8290/,product,true,200,true,true,true,false,https://www.kronosolopromocionales.com/productos/nevera-cooler-bag-goal-produccion-nacional-8290/,true,,0,100,,A_INDEXABLE,
https://www.kronosolopromocionales.com/productos/nevera-cooler-kendrik-produccion-nacional-9349/,product,true,200,true,true,true,false,https://www.kronosolopromocionales.com/productos/nevera-cooler-kendrik-produccion-nacional-9349/,true,,0,100,,A_INDEXABLE,
https://www.kronosolopromocionales.com/productos/molde-de-silicona-ice-face-10677/,product,true,200,true,true,true,false,https://www.kronosolopromocionales.com/productos/molde-de-silicona-ice-face-10677/,true,,0,100,,A_INDEXABLE,
https://www.kronosolopromocionales.com/productos/organizador-multiusos-lyra-10675/,product,true,200,true,true,true,false,https://www.kronosolopromocionales.com/productos/organizador-multiusos-lyra-10675/,true,,0,100,,A_INDEXABLE,
https://www.kronosolopromocionales.com/productos/organizador-de-viaje-city-6944/,product,true,200,false,false,false,false,https://www.kronosolopromocionales.com/productos/organizador-de-viaje-city-6944/,true,,0,100,,B_NOINDEX_INTENCIONAL,"is_ai_optimized=false — pendiente de enriquecimiento, excluido del sitemap intencionalmente"
https://www.kronosolopromocionales.com/productos/cosmetiquera-venecia-6904/,product,true,200,true,true,true,false,https://www.kronosolopromocionales.com/productos/cosmetiquera-venecia-6904/,true,,0,100,,A_INDEXABLE,
https://www.kronosolopromocionales.com/productos/multiorganizador-para-cartera-y-maletin-6562/,product,true,200,true,true,true,false,https://www.kronosolopromocionales.com/productos/multiorganizador-para-cartera-y-maletin-6562/,true,,0,100,,A_INDEXABLE,
https://www.kronosolopromocionales.com/productos/bolso-venecia-nacional-6221/,product,true,200,true,true,true,false,https://www.kronosolopromocionales.com/productos/bolso-venecia-nacional-6221/,true,,0,100,,A_INDEXABLE,
https://www.kronosolopromocionales.com/productos/sporty-bag-molt-6246/,product,true,200,true,true,true,false,https://www.kronosolopromocionales.com/productos/sporty-bag-molt-6246/,true,,0,100,,A_INDEXABLE,
https://www.kronosolopromocionales.com/productos/organizador-de-viaje-zipper-4269/,product,true,200,false,false,false,false,https://www.kronosolopromocionales.com/productos/organizador-de-viaje-zipper-4269/,true,,0,100,,B_NOINDEX_INTENCIONAL,"is_ai_optimized=false — pendiente de enriquecimiento, excluido del sitemap intencionalmente"
https://www.kronosolopromocionales.com/productos/agarradera-para-bolso-compacto-con-carabinero-3258/,product,true,200,true,true,true,false,https://www.kronosolopromocionales.com/productos/agarradera-para-bolso-compacto-con-carabinero-3258/,true,,0,100,,A_INDEXABLE,
https://www.kronosolopromocionales.com/productos/portapasaporte-security-7599/,product,true,200,true,true,true,false,https://www.kronosolopromocionales.com/productos/portapasaporte-security-7599/,true,,0,100,,A_INDEXABLE,
https://www.kronosolopromocionales.com/productos/cosmetiquera-travel-produccion-nacional-8720/,product,true,200,true,true,true,false,https://www.kronosolopromocionales.com/productos/cosmetiquera-travel-produccion-nacional-8720/,true,,0,100,,A_INDEXABLE,
https://www.kronosolopromocionales.com/productos/trolley-morral-backpack-dilbert-precio-bomba-6926/,product,true,200,false,false,false,false,https://www.kronosolopromocionales.com/productos/trolley-morral-backpack-dilbert-precio-bomba-6926/,true,,0,100,,B_NOINDEX_INTENCIONAL,"is_ai_optimized=false — pendiente de enriquecimiento, excluido del sitemap intencionalmente"
https://www.kronosolopromocionales.com/productos/maletin-trolley-bag-norris-oferta-6925/,product,true,200,true,true,true,false,https://www.kronosolopromocionales.com/productos/maletin-trolley-bag-norris-oferta-6925/,true,,0,100,,A_INDEXABLE,
https://www.kronosolopromocionales.com/productos/portadocumentos-security-7598/,product,true,200,false,false,false,false,https://www.kronosolopromocionales.com/productos/portadocumentos-security-7598/,true,,0,100,,B_NOINDEX_INTENCIONAL,"is_ai_optimized=false — pendiente de enriquecimiento, excluido del sitemap intencionalmente"
https://www.kronosolopromocionales.com/productos/portadocumentos-vintra-nuevo-13308/,product,true,200,false,false,false,false,https://www.kronosolopromocionales.com/productos/portadocumentos-vintra-nuevo-13308/,true,,0,100,,B_NOINDEX_INTENCIONAL,"is_ai_optimized=false — pendiente de enriquecimiento, excluido del sitemap intencionalmente"
https://www.kronosolopromocionales.com/productos/portadocumentos-de-viajes-y-de-cables-neox-rpet-nuevo-13362/,product,true,200,true,true,true,false,https://www.kronosolopromocionales.com/productos/portadocumentos-de-viajes-y-de-cables-neox-rpet-nuevo-13362/,true,,0,100,,A_INDEXABLE,
https://www.kronosolopromocionales.com/productos/morral-backpack-elegant-10725/,product,true,200,true,true,true,false,https://www.kronosolopromocionales.com/productos/morral-backpack-elegant-10725/,true,,0,100,,A_INDEXABLE,
https://www.kronosolopromocionales.com/productos/maletin-trolley-florida-weekend-oferta-4888/,product,true,200,true,true,true,false,https://www.kronosolopromocionales.com/productos/maletin-trolley-florida-weekend-oferta-4888/,true,,0,100,,A_INDEXABLE,
https://www.kronosolopromocionales.com/productos/morral-city-backpack-trolley-6268/,product,true,200,false,false,false,false,https://www.kronosolopromocionales.com/productos/morral-city-backpack-trolley-6268/,true,,0,100,,B_NOINDEX_INTENCIONAL,"is_ai_optimized=false — pendiente de enriquecimiento, excluido del sitemap intencionalmente"
https://www.kronosolopromocionales.com/productos/maletin-trolley-city-4886/,product,true,200,true,true,true,false,https://www.kronosolopromocionales.com/productos/maletin-trolley-city-4886/,true,,0,100,,A_INDEXABLE,
https://www.kronosolopromocionales.com/productos/morral-antirrobo-backpack-rpet-10010/,product,true,200,true,true,true,false,https://www.kronosolopromocionales.com/productos/morral-antirrobo-backpack-rpet-10010/,true,,0,100,,A_INDEXABLE,
https://www.kronosolopromocionales.com/productos/sporty-bag-sencilla-ii-rpet-10686/,product,true,200,true,true,true,false,https://www.kronosolopromocionales.com/productos/sporty-bag-sencilla-ii-rpet-10686/,true,,0,100,,A_INDEXABLE,
https://www.kronosolopromocionales.com/productos/bolsa-clear-anny-produccion-nacional-6465/,product,true,200,true,true,true,false,https://www.kronosolopromocionales.com/productos/bolsa-clear-anny-produccion-nacional-6465/,true,,0,100,,A_INDEXABLE,
https://www.kronosolopromocionales.com/productos/sporty-bag-con-malla-2129/,product,true,200,true,true,true,false,https://www.kronosolopromocionales.com/productos/sporty-bag-con-malla-2129/,true,,0,100,,A_INDEXABLE,
https://www.kronosolopromocionales.com/productos/sporty-bag-sencilla-1552/,product,true,200,true,true,true,false,https://www.kronosolopromocionales.com/productos/sporty-bag-sencilla-1552/,true,,0,100,,A_INDEXABLE,
https://www.kronosolopromocionales.com/productos/sporty-bag-aspen-7583/,product,true,200,true,true,true,false,https://www.kronosolopromocionales.com/productos/sporty-bag-aspen-7583/,true,,0,100,,A_INDEXABLE,
https://www.kronosolopromocionales.com/productos/sporty-bag-whip-7571/,product,true,200,true,true,true,false,https://www.kronosolopromocionales.com/productos/sporty-bag-whip-7571/,true,,0,100,,A_INDEXABLE,
https://www.kronosolopromocionales.com/productos/bolsa-en-cambrel-reflectiva-8199/,product,true,200,true,true,true,false,https://www.kronosolopromocionales.com/productos/bolsa-en-cambrel-reflectiva-8199/,true,,0,100,,A_INDEXABLE,
https://www.kronosolopromocionales.com/productos/sporty-bag-champion-produccion-nacional-8283/,product,true,200,true,true,true,false,https://www.kronosolopromocionales.com/productos/sporty-bag-champion-produccion-nacional-8283/,true,,0,100,,A_INDEXABLE,
https://www.kronosolopromocionales.com/productos/sporty-bag-spock-8404/,product,true,200,true,true,true,false,https://www.kronosolopromocionales.com/productos/sporty-bag-spock-8404/,true,,0,100,,A_INDEXABLE,
https://www.kronosolopromocionales.com/productos/sporty-bag-metallic-oferta-9166/,product,true,200,false,false,false,false,https://www.kronosolopromocionales.com/productos/sporty-bag-metallic-oferta-9166/,true,,0,100,,B_NOINDEX_INTENCIONAL,"is_ai_optimized=false — pendiente de enriquecimiento, excluido del sitemap intencionalmente"
https://www.kronosolopromocionales.com/productos/sporty-bag-eco-yute-280gr-9725/,product,true,200,true,true,true,false,https://www.kronosolopromocionales.com/productos/sporty-bag-eco-yute-280gr-9725/,true,,0,100,,A_INDEXABLE,
https://www.kronosolopromocionales.com/productos/llavero-ml-401-10514/,product,true,200,true,true,true,false,https://www.kronosolopromocionales.com/productos/llavero-ml-401-10514/,true,,0,100,,A_INDEXABLE,
https://www.kronosolopromocionales.com/productos/llavero-ml-402-10407/,product,true,200,true,true,true,false,https://www.kronosolopromocionales.com/productos/llavero-ml-402-10407/,true,,0,100,,A_INDEXABLE,
https://www.kronosolopromocionales.com/productos/llavero-ml-404-10950/,product,true,200,true,true,true,false,https://www.kronosolopromocionales.com/productos/llavero-ml-404-10950/,true,,0,100,,A_INDEXABLE,
https://www.kronosolopromocionales.com/productos/llavero-ml-405-10951/,product,true,200,true,true,true,false,https://www.kronosolopromocionales.com/productos/llavero-ml-405-10951/,true,,0,100,,A_INDEXABLE,
https://www.kronosolopromocionales.com/productos/llavero-ml-406-10952/,product,true,200,true,true,true,false,https://www.kronosolopromocionales.com/productos/llavero-ml-406-10952/,true,,0,100,,A_INDEXABLE,
https://www.kronosolopromocionales.com/productos/llavero-ml-407-10953/,product,true,200,true,true,true,false,https://www.kronosolopromocionales.com/productos/llavero-ml-407-10953/,true,,0,100,,A_INDEXABLE,
https://www.kronosolopromocionales.com/productos/llavero-ml-408-10954/,product,true,200,true,true,true,false,https://www.kronosolopromocionales.com/productos/llavero-ml-408-10954/,true,,0,100,,A_INDEXABLE,
https://www.kronosolopromocionales.com/productos/llavero-ml-409-10955/,product,true,200,true,true,true,false,https://www.kronosolopromocionales.com/productos/llavero-ml-409-10955/,true,,0,100,,A_INDEXABLE,
https://www.kronosolopromocionales.com/productos/llavero-ml-410-10956/,product,true,200,false,false,false,false,https://www.kronosolopromocionales.com/productos/llavero-ml-410-10956/,true,,0,100,,B_NOINDEX_INTENCIONAL,"is_ai_optimized=false — pendiente de enriquecimiento, excluido del sitemap intencionalmente"
https://www.kronosolopromocionales.com/productos/llavero-ml-411-10957/,product,true,200,true,true,true,false,https://www.kronosolopromocionales.com/productos/llavero-ml-411-10957/,true,,0,100,,A_INDEXABLE,
https://www.kronosolopromocionales.com/productos/llavero-ml-412-10958/,product,true,200,true,true,true,false,https://www.kronosolopromocionales.com/productos/llavero-ml-412-10958/,true,,0,100,,A_INDEXABLE,
https://www.kronosolopromocionales.com/productos/llavero-ml-413-11037/,product,true,200,true,true,true,false,https://www.kronosolopromocionales.com/productos/llavero-ml-413-11037/,true,,0,100,,A_INDEXABLE,
https://www.kronosolopromocionales.com/productos/clip-portamensajes-car-4214/,product,true,200,true,true,true,false,https://www.kronosolopromocionales.com/productos/clip-portamensajes-car-4214/,true,,0,100,,A_INDEXABLE,
https://www.kronosolopromocionales.com/productos/clip-portamensajes-house-oferta-4213/,product,true,200,true,true,true,false,https://www.kronosolopromocionales.com/productos/clip-portamensajes-house-oferta-4213/,true,,0,100,,A_INDEXABLE,
https://www.kronosolopromocionales.com/productos/clip-portamensajes-mini-car-oferta-8037/,product,true,200,true,true,true,false,https://www.kronosolopromocionales.com/productos/clip-portamensajes-mini-car-oferta-8037/,true,,0,100,,A_INDEXABLE,
https://www.kronosolopromocionales.com/productos/portatarjetas-ml-275-oferta-4816/,product,true,200,true,true,true,false,https://www.kronosolopromocionales.com/productos/portatarjetas-ml-275-oferta-4816/,true,,0,100,,A_INDEXABLE,
https://www.kronosolopromocionales.com/productos/porta-tarjetas-ml-307-6131/,product,true,200,true,true,true,false,https://www.kronosolopromocionales.com/productos/porta-tarjetas-ml-307-6131/,true,,0,100,,A_INDEXABLE,
https://www.kronosolopromocionales.com/productos/portatarjetas-ml-182-3089/,product,true,200,true,true,true,false,https://www.kronosolopromocionales.com/productos/portatarjetas-ml-182-3089/,true,,0,100,,A_INDEXABLE,
https://www.kronosolopromocionales.com/productos/set-monarch-7443/,product,true,200,true,true,true,false,https://www.kronosolopromocionales.com/productos/set-monarch-7443/,true,,0,100,,A_INDEXABLE,
https://www.kronosolopromocionales.com/productos/portatarjetas-ml-376-oferta-8610/,product,true,200,true,true,true,false,https://www.kronosolopromocionales.com/productos/portatarjetas-ml-376-oferta-8610/,true,,0,100,,A_INDEXABLE,
https://www.kronosolopromocionales.com/productos/set-de-llavero-y-portatarjetas-ml-372-oferta-8606/,product,true,200,true,true,true,false,https://www.kronosolopromocionales.com/productos/set-de-llavero-y-portatarjetas-ml-372-oferta-8606/,true,,0,100,,A_INDEXABLE,
https://www.kronosolopromocionales.com/productos/set-ml-383-9191/,product,true,200,true,true,true,false,https://www.kronosolopromocionales.com/productos/set-ml-383-9191/,true,,0,100,,A_INDEXABLE,
https://www.kronosolopromocionales.com/productos/portatarjetas-ml-384-oferta-9192/,product,true,200,true,true,true,false,https://www.kronosolopromocionales.com/productos/portatarjetas-ml-384-oferta-9192/,true,,0,100,,A_INDEXABLE,
https://www.kronosolopromocionales.com/productos/memoria-usb-boligrafo-wood-precio-neto-10011/,product,true,200,true,true,true,false,https://www.kronosolopromocionales.com/productos/memoria-usb-boligrafo-wood-precio-neto-10011/,true,,0,100,,A_INDEXABLE,
https://www.kronosolopromocionales.com/productos/memoria-usb-credit-card-precio-neto-3301/,product,true,200,true,true,true,false,https://www.kronosolopromocionales.com/productos/memoria-usb-credit-card-precio-neto-3301/,true,,0,100,,A_INDEXABLE,
https://www.kronosolopromocionales.com/productos/memoria-usb-manilla-slimmy-ver-chip-of-228-ch-precio-neto-7271/,product,true,200,true,true,true,false,https://www.kronosolopromocionales.com/productos/memoria-usb-manilla-slimmy-ver-chip-of-228-ch-precio-neto-7271/,true,,0,100,,A_INDEXABLE,
https://www.kronosolopromocionales.com/productos/memoria-usb-manilla-bandy-ii-precio-neto-7259/,product,true,200,true,true,true,false,https://www.kronosolopromocionales.com/productos/memoria-usb-manilla-bandy-ii-precio-neto-7259/,true,,0,100,,A_INDEXABLE,
https://www.kronosolopromocionales.com/productos/pvc-memoria-usb-medic-3d-ver-of-228-ch-precio-neto-8802/,product,true,200,true,true,true,false,https://www.kronosolopromocionales.com/productos/pvc-memoria-usb-medic-3d-ver-of-228-ch-precio-neto-8802/,true,,0,100,,A_INDEXABLE,
https://www.kronosolopromocionales.com/productos/pvc-memoria-usb-soccer-ver-of-228-ch-oferta-9929/,product,true,200,true,true,true,false,https://www.kronosolopromocionales.com/productos/pvc-memoria-usb-soccer-ver-of-228-ch-oferta-9929/,true,,0,100,,A_INDEXABLE,
https://www.kronosolopromocionales.com/productos/memoria-usb-credit-card-eco-precio-neto-oferta-10012/,product,true,200,true,true,true,false,https://www.kronosolopromocionales.com/productos/memoria-usb-credit-card-eco-precio-neto-oferta-10012/,true,,0,100,,A_INDEXABLE,
https://www.kronosolopromocionales.com/productos/botilito-metalico-sublimacion-sport-bottle-500ml-10667/,product,true,200,true,true,true,false,https://www.kronosolopromocionales.com/productos/botilito-metalico-sublimacion-sport-bottle-500ml-10667/,true,,0,100,,A_INDEXABLE,
https://www.kronosolopromocionales.com/productos/botilito-plastico-counter-650ml-9775/,product,true,200,true,true,true,false,https://www.kronosolopromocionales.com/productos/botilito-plastico-counter-650ml-9775/,true,,0,100,,A_INDEXABLE,
https://www.kronosolopromocionales.com/productos/botilito-metalico-para-sublimacion-gipsy-700ml-10684/,product,true,200,true,true,true,false,https://www.kronosolopromocionales.com/productos/botilito-metalico-para-sublimacion-gipsy-700ml-10684/,true,,0,100,,A_INDEXABLE,
https://www.kronosolopromocionales.com/productos/mezclador-en-acero-inoxidable-6701/,product,true,200,true,true,true,false,https://www.kronosolopromocionales.com/productos/mezclador-en-acero-inoxidable-6701/,true,,0,100,,A_INDEXABLE,
https://www.kronosolopromocionales.com/productos/botilito-sport-laguna-800ml-4440/,product,true,200,true,true,true,false,https://www.kronosolopromocionales.com/productos/botilito-sport-laguna-800ml-4440/,true,,0,100,,A_INDEXABLE,
https://www.kronosolopromocionales.com/productos/botilito-en-pvc-curvy-525ml-produccion-nacional-6322/,product,true,200,true,true,true,false,https://www.kronosolopromocionales.com/productos/botilito-en-pvc-curvy-525ml-produccion-nacional-6322/,true,,0,100,,A_INDEXABLE,
https://www.kronosolopromocionales.com/productos/botilito-sport-titan-650-ml-produccion-nacional-4439/,product,true,200,true,true,true,false,https://www.kronosolopromocionales.com/productos/botilito-sport-titan-650-ml-produccion-nacional-4439/,true,,0,100,,A_INDEXABLE,
https://www.kronosolopromocionales.com/productos/botilito-pvc-mercury-850ml-precio-bomba-3742/,product,true,200,true,true,true,false,https://www.kronosolopromocionales.com/productos/botilito-pvc-mercury-850ml-precio-bomba-3742/,true,,0,100,,A_INDEXABLE,
https://www.kronosolopromocionales.com/productos/botilito-mini-spring-550ml-5159/,product,true,200,true,true,true,false,https://www.kronosolopromocionales.com/productos/botilito-mini-spring-550ml-5159/,true,,0,100,,A_INDEXABLE,
https://www.kronosolopromocionales.com/productos/botilito-urban-700ml-produccion-nacional-4080/,product,true,200,true,true,true,false,https://www.kronosolopromocionales.com/productos/botilito-urban-700ml-produccion-nacional-4080/,true,,0,100,,A_INDEXABLE,
https://www.kronosolopromocionales.com/productos/botilito-igloo-500ml-produccion-nacional-ver-tapa-energy-2375/,product,true,200,true,true,true,false,https://www.kronosolopromocionales.com/productos/botilito-igloo-500ml-produccion-nacional-ver-tapa-energy-2375/,true,,0,100,,A_INDEXABLE,
https://www.kronosolopromocionales.com/productos/botilito-metalico-sport-bottle-500ml-4433/,product,true,200,true,true,true,false,https://www.kronosolopromocionales.com/productos/botilito-metalico-sport-bottle-500ml-4433/,true,,0,100,,A_INDEXABLE,
https://www.kronosolopromocionales.com/productos/botilito-metalico-otto-600-ml-8530/,product,true,200,true,true,true,false,https://www.kronosolopromocionales.com/productos/botilito-metalico-otto-600-ml-8530/,true,,0,100,,A_INDEXABLE,
https://www.kronosolopromocionales.com/productos/botilito-metalico-jupiter-500-ml-8514/,product,true,200,true,true,true,false,https://www.kronosolopromocionales.com/productos/botilito-metalico-jupiter-500-ml-8514/,true,,0,100,,A_INDEXABLE,
https://www.kronosolopromocionales.com/productos/botilito-metalico-wolfgang-500-ml-8531/,product,true,200,true,true,true,false,https://www.kronosolopromocionales.com/productos/botilito-metalico-wolfgang-500-ml-8531/,true,,0,100,,A_INDEXABLE,
https://www.kronosolopromocionales.com/productos/botilito-en-aluminio-parsons-700ml-8758/,product,true,200,true,true,true,false,https://www.kronosolopromocionales.com/productos/botilito-en-aluminio-parsons-700ml-8758/,true,,0,100,,A_INDEXABLE,
https://www.kronosolopromocionales.com/productos/botilito-metalico-wood-700ml-9016/,product,true,200,true,true,true,false,https://www.kronosolopromocionales.com/productos/botilito-metalico-wood-700ml-9016/,true,,0,100,,A_INDEXABLE,
https://www.kronosolopromocionales.com/productos/botilito-metalico-barry-600ml-9017/,product,true,200,true,true,true,false,https://www.kronosolopromocionales.com/productos/botilito-metalico-barry-600ml-9017/,true,,0,100,,A_INDEXABLE,
https://www.kronosolopromocionales.com/productos/botilito-metalico-jumbo-750ml-9396/,product,true,200,true,true,true,false,https://www.kronosolopromocionales.com/productos/botilito-metalico-jumbo-750ml-9396/,true,,0,100,,A_INDEXABLE,
https://www.kronosolopromocionales.com/productos/botilito-metalico-hans-600ml-9437/,product,true,200,true,true,true,false,https://www.kronosolopromocionales.com/productos/botilito-metalico-hans-600ml-9437/,true,,0,100,,A_INDEXABLE,
https://www.kronosolopromocionales.com/productos/botilito-metalico-vortex-600ml-9550/,product,true,200,true,true,true,false,https://www.kronosolopromocionales.com/productos/botilito-metalico-vortex-600ml-9550/,true,,0,100,,A_INDEXABLE,
https://www.kronosolopromocionales.com/productos/botilito-supra-en-pet-610ml-produccion-nacional-6706/,product,true,200,true,true,true,false,https://www.kronosolopromocionales.com/productos/botilito-supra-en-pet-610ml-produccion-nacional-6706/,true,,0,100,,A_INDEXABLE,
https://www.kronosolopromocionales.com/productos/botilito-en-pvc-helice-650ml-produccion-nacional-5741/,product,true,200,true,true,true,false,https://www.kronosolopromocionales.com/productos/botilito-en-pvc-helice-650ml-produccion-nacional-5741/,true,,0,100,,A_INDEXABLE,
https://www.kronosolopromocionales.com/productos/botilito-spider-pvc-650-ml-produccion-nacional-5486/,product,true,200,true,true,true,false,https://www.kronosolopromocionales.com/productos/botilito-spider-pvc-650-ml-produccion-nacional-5486/,true,,0,100,,A_INDEXABLE,
https://www.kronosolopromocionales.com/productos/botilito-en-pvc-curvy-500ml-produccion-nacional-6322/,product,true,200,true,true,true,false,https://www.kronosolopromocionales.com/productos/botilito-en-pvc-curvy-500ml-produccion-nacional-6322/,true,,0,100,,A_INDEXABLE,
https://www.kronosolopromocionales.com/productos/botilito-sport-titan-690-ml-produccion-nacional-4439/,product,true,200,true,true,true,false,https://www.kronosolopromocionales.com/productos/botilito-sport-titan-690-ml-produccion-nacional-4439/,true,,0,100,,A_INDEXABLE,
https://www.kronosolopromocionales.com/productos/botilito-pvc-mercury-850ml-3742/,product,true,200,true,true,true,false,https://www.kronosolopromocionales.com/productos/botilito-pvc-mercury-850ml-3742/,true,,0,100,,A_INDEXABLE,
https://www.kronosolopromocionales.com/productos/botilito-saturno-pvc-900ml-produccion-nacional-ver-mu-35-tapa-pesta-6705/,product,true,200,true,true,true,false,https://www.kronosolopromocionales.com/productos/botilito-saturno-pvc-900ml-produccion-nacional-ver-mu-35-tapa-pesta-6705/,true,,0,100,,A_INDEXABLE,
https://www.kronosolopromocionales.com/productos/mini-botilito-ergo-400ml-produccion-nacional-5484/,product,true,200,true,true,true,false,https://www.kronosolopromocionales.com/productos/mini-botilito-ergo-400ml-produccion-nacional-5484/,true,,0,100,,A_INDEXABLE,
https://www.kronosolopromocionales.com/productos/botilito-carabinero-pvc-690ml-produccion-nacional-5820/,product,true,200,true,true,true,false,https://www.kronosolopromocionales.com/productos/botilito-carabinero-pvc-690ml-produccion-nacional-5820/,true,,0,100,,A_INDEXABLE,
https://www.kronosolopromocionales.com/productos/botilito-mini-spring-590ml-tapa-importada-o-nacional-5159/,product,true,200,true,true,true,false,https://www.kronosolopromocionales.com/productos/botilito-mini-spring-590ml-tapa-importada-o-nacional-5159/,true,,0,100,,A_INDEXABLE,
https://www.kronosolopromocionales.com/productos/botilito-en-tritan-bugsy-630ml-6815/,product,true,200,true,true,true,false,https://www.kronosolopromocionales.com/productos/botilito-en-tritan-bugsy-630ml-6815/,true,,0,100,,A_INDEXABLE,
https://www.kronosolopromocionales.com/productos/botilito-infussion-800ml-5762/,product,true,200,true,true,true,false,https://www.kronosolopromocionales.com/productos/botilito-infussion-800ml-5762/,true,,0,100,,A_INDEXABLE,
https://www.kronosolopromocionales.com/productos/botilito-en-tritan-swat-600ml-oferta-9559/,product,true,200,true,true,true,false,https://www.kronosolopromocionales.com/productos/botilito-en-tritan-swat-600ml-oferta-9559/,true,,0,100,,A_INDEXABLE,
https://www.kronosolopromocionales.com/productos/agarradera-en-polietileno-nuevo-13405/,product,true,200,true,true,true,false,https://www.kronosolopromocionales.com/productos/agarradera-en-polietileno-nuevo-13405/,true,,0,100,,A_INDEXABLE,
https://www.kronosolopromocionales.com/productos/mug-ceramica-neon-11oz-oferta-6821/,product,true,200,true,true,true,false,https://www.kronosolopromocionales.com/productos/mug-ceramica-neon-11oz-oferta-6821/,true,,0,100,,A_INDEXABLE,
https://www.kronosolopromocionales.com/productos/mug-oxford-ceramica-11oz-3505/,product,true,200,true,true,true,false,https://www.kronosolopromocionales.com/productos/mug-oxford-ceramica-11oz-3505/,true,,0,100,,A_INDEXABLE,
https://www.kronosolopromocionales.com/productos/mug-ceramica-cuadrado-10-oz-1591/,product,true,200,true,true,true,false,https://www.kronosolopromocionales.com/productos/mug-ceramica-cuadrado-10-oz-1591/,true,,0,100,,A_INDEXABLE,
https://www.kronosolopromocionales.com/productos/mug-ceramica-tablero-11oz-con-tiza-4059/,product,true,200,true,true,true,false,https://www.kronosolopromocionales.com/productos/mug-ceramica-tablero-11oz-con-tiza-4059/,true,,0,100,,A_INDEXABLE,
https://www.kronosolopromocionales.com/productos/mug-ceramica-para-sublimacion-i-11oz-4065/,product,true,200,true,true,true,false,https://www.kronosolopromocionales.com/productos/mug-ceramica-para-sublimacion-i-11oz-4065/,true,,0,100,,A_INDEXABLE,
https://www.kronosolopromocionales.com/productos/mug-ceramica-sublimacion-magic-color-11oz-4064/,product,true,200,true,true,true,false,https://www.kronosolopromocionales.com/productos/mug-ceramica-sublimacion-magic-color-11oz-4064/,true,,0,100,,A_INDEXABLE,
https://www.kronosolopromocionales.com/productos/mug-ceramica-con-cuchara-trump-10oz-6822/,product,true,200,true,true,true,false,https://www.kronosolopromocionales.com/productos/mug-ceramica-con-cuchara-trump-10oz-6822/,true,,0,100,,A_INDEXABLE,
https://www.kronosolopromocionales.com/productos/mug-firenze-ceramica-neon-10oz-oferta-2831/,product,true,200,true,true,true,false,https://www.kronosolopromocionales.com/productos/mug-firenze-ceramica-neon-10oz-oferta-2831/,true,,0,100,,A_INDEXABLE,
https://www.kronosolopromocionales.com/productos/mug-ceramica-con-corcho-11-oz-7453/,product,true,200,true,true,true,false,https://www.kronosolopromocionales.com/productos/mug-ceramica-con-corcho-11-oz-7453/,true,,0,100,,A_INDEXABLE,
https://www.kronosolopromocionales.com/productos/mug-ceramica-zenith-12oz-7874/,product,true,200,true,true,true,false,https://www.kronosolopromocionales.com/productos/mug-ceramica-zenith-12oz-7874/,true,,0,100,,A_INDEXABLE,
https://www.kronosolopromocionales.com/productos/mug-ceramica-ottis-11oz-oferta-8421/,product,true,200,true,true,true,false,https://www.kronosolopromocionales.com/productos/mug-ceramica-ottis-11oz-oferta-8421/,true,,0,100,,A_INDEXABLE,
https://www.kronosolopromocionales.com/productos/mug-doble-pared-en-acero-ii-16oz-1342/,product,true,200,true,true,true,false,https://www.kronosolopromocionales.com/productos/mug-doble-pared-en-acero-ii-16oz-1342/,true,,0,100,,A_INDEXABLE,
https://www.kronosolopromocionales.com/productos/minimug-en-acero-con-tapa-180ml-3481/,product,true,200,false,false,false,false,https://www.kronosolopromocionales.com/productos/minimug-en-acero-con-tapa-180ml-3481/,true,,0,100,,B_NOINDEX_INTENCIONAL,"is_ai_optimized=false — pendiente de enriquecimiento, excluido del sitemap intencionalmente"
https://www.kronosolopromocionales.com/productos/mug-metalico-galileo-16oz-8060/,product,true,200,true,true,true,false,https://www.kronosolopromocionales.com/productos/mug-metalico-galileo-16oz-8060/,true,,0,100,,A_INDEXABLE,
https://www.kronosolopromocionales.com/productos/mug-metalico-peyton-470-ml-8667/,product,true,200,true,true,true,false,https://www.kronosolopromocionales.com/productos/mug-metalico-peyton-470-ml-8667/,true,,0,100,,A_INDEXABLE,
https://www.kronosolopromocionales.com/productos/mug-metalico-moritz-450-ml-8526/,product,true,200,true,true,true,false,https://www.kronosolopromocionales.com/productos/mug-metalico-moritz-450-ml-8526/,true,,0,100,,A_INDEXABLE,
https://www.kronosolopromocionales.com/productos/set-de-mugs-con-termo-cascade-8853/,product,true,200,true,true,true,false,https://www.kronosolopromocionales.com/productos/set-de-mugs-con-termo-cascade-8853/,true,,0,100,,A_INDEXABLE,
https://www.kronosolopromocionales.com/productos/mug-metalico-star-350ml-8986/,product,true,200,true,true,true,false,https://www.kronosolopromocionales.com/productos/mug-metalico-star-350ml-8986/,true,,0,100,,A_INDEXABLE,
https://www.kronosolopromocionales.com/productos/mug-metalico-mask-350ml-9018/,product,true,200,true,true,true,false,https://www.kronosolopromocionales.com/productos/mug-metalico-mask-350ml-9018/,true,,0,100,,A_INDEXABLE,
https://www.kronosolopromocionales.com/productos/mug-metalico-slash-550ml-9019/,product,true,200,true,true,true,false,https://www.kronosolopromocionales.com/productos/mug-metalico-slash-550ml-9019/,true,,0,100,,A_INDEXABLE,
https://www.kronosolopromocionales.com/productos/mug-metalico-quest-450ml-9389/,product,true,200,true,true,true,false,https://www.kronosolopromocionales.com/productos/mug-metalico-quest-450ml-9389/,true,,0,100,,A_INDEXABLE,
https://www.kronosolopromocionales.com/productos/mug-metalico-con-bamboo-500ml-9699/,product,true,200,true,true,true,false,https://www.kronosolopromocionales.com/productos/mug-metalico-con-bamboo-500ml-9699/,true,,0,100,,A_INDEXABLE,
https://www.kronosolopromocionales.com/productos/mug-metalico-warmer-450ml-9707/,product,true,200,true,true,true,false,https://www.kronosolopromocionales.com/productos/mug-metalico-warmer-450ml-9707/,true,,0,100,,A_INDEXABLE,
https://www.kronosolopromocionales.com/productos/vaso-yumbo-32oz-produccion-nacional-11149/,product,true,200,true,true,true,false,https://www.kronosolopromocionales.com/productos/vaso-yumbo-32oz-produccion-nacional-11149/,true,,0,100,,A_INDEXABLE,
https://www.kronosolopromocionales.com/productos/mug-plastico-morning-320ml-produccion-nacional-11150/,product,true,200,false,false,false,false,https://www.kronosolopromocionales.com/productos/mug-plastico-morning-320ml-produccion-nacional-11150/,true,,0,100,,B_NOINDEX_INTENCIONAL,"is_ai_optimized=false — pendiente de enriquecimiento, excluido del sitemap intencionalmente"
https://www.kronosolopromocionales.com/productos/maxi-mug-produccion-nacional-2362/,product,true,200,true,true,true,false,https://www.kronosolopromocionales.com/productos/maxi-mug-produccion-nacional-2362/,true,,0,100,,A_INDEXABLE,
https://www.kronosolopromocionales.com/productos/mug-kid-produccion-nacional-2869/,product,true,200,true,true,true,false,https://www.kronosolopromocionales.com/productos/mug-kid-produccion-nacional-2869/,true,,0,100,,A_INDEXABLE,
https://www.kronosolopromocionales.com/productos/mug-mediano-club-produccion-nacional-2873/,product,true,200,true,true,true,false,https://www.kronosolopromocionales.com/productos/mug-mediano-club-produccion-nacional-2873/,true,,0,100,,A_INDEXABLE,
https://www.kronosolopromocionales.com/productos/vaso-plastico-new-york-23-oz-produccion-nacional-8714/,product,true,200,true,true,true,false,https://www.kronosolopromocionales.com/productos/vaso-plastico-new-york-23-oz-produccion-nacional-8714/,true,,0,100,,A_INDEXABLE,
https://www.kronosolopromocionales.com/productos/vaso-plastico-new-york-20-oz-produccion-nacional-8735/,product,true,200,true,true,true,false,https://www.kronosolopromocionales.com/productos/vaso-plastico-new-york-20-oz-produccion-nacional-8735/,true,,0,100,,A_INDEXABLE,
https://www.kronosolopromocionales.com/productos/botilito-metalico-para-sublimacion-wolfgang-500ml-9967/,product,true,200,true,true,true,false,https://www.kronosolopromocionales.com/productos/botilito-metalico-para-sublimacion-wolfgang-500ml-9967/,true,,0,100,,A_INDEXABLE,
https://www.kronosolopromocionales.com/productos/botilito-en-aluminio-para-sublimacion-parsons-750ml-9968/,product,true,200,true,true,true,false,https://www.kronosolopromocionales.com/productos/botilito-en-aluminio-para-sublimacion-parsons-750ml-9968/,true,,0,100,,A_INDEXABLE,
https://www.kronosolopromocionales.com/productos/mug-metalico-para-sublimacion-galileo-450ml-9969/,product,true,200,true,true,true,false,https://www.kronosolopromocionales.com/productos/mug-metalico-para-sublimacion-galileo-450ml-9969/,true,,0,100,,A_INDEXABLE,
https://www.kronosolopromocionales.com/productos/mug-metalico-para-sublimacion-mask-350ml-9973/,product,true,200,true,true,true,false,https://www.kronosolopromocionales.com/productos/mug-metalico-para-sublimacion-mask-350ml-9973/,true,,0,100,,A_INDEXABLE,
https://www.kronosolopromocionales.com/productos/botilito-metalico-anders-500ml-10502/,product,true,200,true,true,true,false,https://www.kronosolopromocionales.com/productos/botilito-metalico-anders-500ml-10502/,true,,0,100,,A_INDEXABLE,
https://www.kronosolopromocionales.com/productos/botilito-plastico-wonder-650ml-produccion-nacional-10688/,product,true,200,true,true,true,false,https://www.kronosolopromocionales.com/productos/botilito-plastico-wonder-650ml-produccion-nacional-10688/,true,,0,100,,A_INDEXABLE,
https://www.kronosolopromocionales.com/productos/termo-bullet-350ml-912/,product,true,200,true,true,true,false,https://www.kronosolopromocionales.com/productos/termo-bullet-350ml-912/,true,,0,100,,A_INDEXABLE,
https://www.kronosolopromocionales.com/productos/termo-zeus-500-ml-4432/,product,true,200,true,true,true,false,https://www.kronosolopromocionales.com/productos/termo-zeus-500-ml-4432/,true,,0,100,,A_INDEXABLE,
https://www.kronosolopromocionales.com/productos/termo-bamboo-500ml-9771/,product,true,200,true,true,true,false,https://www.kronosolopromocionales.com/productos/termo-bamboo-500ml-9771/,true,,0,100,,A_INDEXABLE,
https://www.kronosolopromocionales.com/productos/termo-urban-travel-hydra-500ml-10206/,product,true,200,true,true,true,false,https://www.kronosolopromocionales.com/productos/termo-urban-travel-hydra-500ml-10206/,true,,0,100,,A_INDEXABLE,
https://www.kronosolopromocionales.com/productos/aro-de-silicona-para-mug-orbit-5890/,product,true,200,true,true,true,false,https://www.kronosolopromocionales.com/productos/aro-de-silicona-para-mug-orbit-5890/,true,,0,100,,A_INDEXABLE,
https://www.kronosolopromocionales.com/productos/vaso-circular-320ml-produccion-nacional-2374/,product,true,200,true,true,true,false,https://www.kronosolopromocionales.com/productos/vaso-circular-320ml-produccion-nacional-2374/,true,,0,100,,A_INDEXABLE,
https://www.kronosolopromocionales.com/productos/vaso-speedy-14-oz-san-produccion-nacional-5482/,product,true,200,true,true,true,false,https://www.kronosolopromocionales.com/productos/vaso-speedy-14-oz-san-produccion-nacional-5482/,true,,0,100,,A_INDEXABLE,
https://www.kronosolopromocionales.com/productos/vaso-cuadrado-7oz-cristal-produccion-nacional-5479/,product,true,200,true,true,true,false,https://www.kronosolopromocionales.com/productos/vaso-cuadrado-7oz-cristal-produccion-nacional-5479/,true,,0,100,,A_INDEXABLE,
https://www.kronosolopromocionales.com/productos/vaso-twister-12-oz-san-produccion-nacional-5481/,product,true,200,true,true,true,false,https://www.kronosolopromocionales.com/productos/vaso-twister-12-oz-san-produccion-nacional-5481/,true,,0,100,,A_INDEXABLE,
https://www.kronosolopromocionales.com/productos/vaso-triangular-250ml-produccion-nacional-3274/,product,true,200,true,true,true,false,https://www.kronosolopromocionales.com/productos/vaso-triangular-250ml-produccion-nacional-3274/,true,,0,100,,A_INDEXABLE,
https://www.kronosolopromocionales.com/productos/vaso-tapa-plastico-14-oz-produccion-nacional-2871/,product,true,200,true,true,true,false,https://www.kronosolopromocionales.com/productos/vaso-tapa-plastico-14-oz-produccion-nacional-2871/,true,,0,100,,A_INDEXABLE,
https://www.kronosolopromocionales.com/productos/vaso-con-pitillo-produccion-nacional-2870/,product,true,200,true,true,true,false,https://www.kronosolopromocionales.com/productos/vaso-con-pitillo-produccion-nacional-2870/,true,,0,100,,A_INDEXABLE,
https://www.kronosolopromocionales.com/productos/copa-para-vino-7oz-produccion-nacional-2007/,product,true,200,true,true,true,false,https://www.kronosolopromocionales.com/productos/copa-para-vino-7oz-produccion-nacional-2007/,true,,0,100,,A_INDEXABLE,
https://www.kronosolopromocionales.com/productos/copa-cilindrica-2oz-cristal-produccion-nacional-5480/,product,true,200,true,true,true,false,https://www.kronosolopromocionales.com/productos/copa-cilindrica-2oz-cristal-produccion-nacional-5480/,true,,0,100,,A_INDEXABLE,
https://www.kronosolopromocionales.com/productos/botilito-metalico-shelby-600ml-9555/,product,true,200,true,true,true,false,https://www.kronosolopromocionales.com/productos/botilito-metalico-shelby-600ml-9555/,true,,0,100,,A_INDEXABLE,
https://www.kronosolopromocionales.com/productos/botilito-metalico-uv-c-clean-500ml-9686/,product,true,200,true,true,true,false,https://www.kronosolopromocionales.com/productos/botilito-metalico-uv-c-clean-500ml-9686/,true,,0,100,,A_INDEXABLE,
https://www.kronosolopromocionales.com/productos/mug-metalico-doble-pared-coffee-urban-travel-380ml-9766/,product,true,200,true,true,true,false,https://www.kronosolopromocionales.com/productos/mug-metalico-doble-pared-coffee-urban-travel-380ml-9766/,true,,0,100,,A_INDEXABLE,
https://www.kronosolopromocionales.com/productos/botilito-metalico-atomic-500ml-9970/,product,true,200,true,true,true,false,https://www.kronosolopromocionales.com/productos/botilito-metalico-atomic-500ml-9970/,true,,0,100,,A_INDEXABLE,
https://www.kronosolopromocionales.com/productos/mug-metalico-grant-urban-travel-500ml-10081/,product,true,200,true,true,true,false,https://www.kronosolopromocionales.com/productos/mug-metalico-grant-urban-travel-500ml-10081/,true,,0,100,,A_INDEXABLE,
https://www.kronosolopromocionales.com/productos/memo-stick-personalizados-6963/,product,true,200,true,true,true,false,https://www.kronosolopromocionales.com/productos/memo-stick-personalizados-6963/,true,,0,100,,A_INDEXABLE,
https://www.kronosolopromocionales.com/productos/alcancia-con-portaboligrafo-6920/,product,true,200,true,true,true,false,https://www.kronosolopromocionales.com/productos/alcancia-con-portaboligrafo-6920/,true,,0,100,,A_INDEXABLE,
https://www.kronosolopromocionales.com/productos/regla-flexy-pvc-30cm-produccion-nacional-6848/,product,true,200,true,true,true,false,https://www.kronosolopromocionales.com/productos/regla-flexy-pvc-30cm-produccion-nacional-6848/,true,,0,100,,A_INDEXABLE,
https://www.kronosolopromocionales.com/productos/set-de-escritorio-magnum-6829/,product,true,200,true,true,true,false,https://www.kronosolopromocionales.com/productos/set-de-escritorio-magnum-6829/,true,,0,100,,A_INDEXABLE,
https://www.kronosolopromocionales.com/productos/boton-plastico-para-portacarnet-oferta-6561/,product,true,200,true,true,true,false,https://www.kronosolopromocionales.com/productos/boton-plastico-para-portacarnet-oferta-6561/,true,,0,100,,A_INDEXABLE,
https://www.kronosolopromocionales.com/productos/set-de-bandas-elasticas-oferta-6560/,product,true,200,true,true,true,false,https://www.kronosolopromocionales.com/productos/set-de-bandas-elasticas-oferta-6560/,true,,0,100,,A_INDEXABLE,
https://www.kronosolopromocionales.com/productos/juego-desestresante-con-clips-2198/,product,true,200,true,true,true,false,https://www.kronosolopromocionales.com/productos/juego-desestresante-con-clips-2198/,true,,0,100,,A_INDEXABLE,
https://www.kronosolopromocionales.com/productos/juego-imantado-desestresante-1772/,product,true,200,true,true,true,false,https://www.kronosolopromocionales.com/productos/juego-imantado-desestresante-1772/,true,,0,100,,A_INDEXABLE,
https://www.kronosolopromocionales.com/productos/libreta-igor-jumbo-11119/,product,true,200,true,true,true,false,https://www.kronosolopromocionales.com/productos/libreta-igor-jumbo-11119/,true,,0,100,,A_INDEXABLE,
https://www.kronosolopromocionales.com/productos/libreta-pollux-eco-11019/,product,true,200,false,false,false,false,https://www.kronosolopromocionales.com/productos/libreta-pollux-eco-11019/,true,,0,100,,B_NOINDEX_INTENCIONAL,"is_ai_optimized=false — pendiente de enriquecimiento, excluido del sitemap intencionalmente"
https://www.kronosolopromocionales.com/productos/libreta-arista-11024/,product,true,200,false,false,false,false,https://www.kronosolopromocionales.com/productos/libreta-arista-11024/,true,,0,100,,B_NOINDEX_INTENCIONAL,"is_ai_optimized=false — pendiente de enriquecimiento, excluido del sitemap intencionalmente"
https://www.kronosolopromocionales.com/productos/libreta-igor-80-hojas-6843/,product,true,200,true,true,true,false,https://www.kronosolopromocionales.com/productos/libreta-igor-80-hojas-6843/,true,,0,100,,A_INDEXABLE,
https://www.kronosolopromocionales.com/productos/libreta-century-6838/,product,true,200,true,true,true,false,https://www.kronosolopromocionales.com/productos/libreta-century-6838/,true,,0,100,,A_INDEXABLE,
https://www.kronosolopromocionales.com/productos/mini-libreta-forest-6189/,product,true,200,true,true,true,false,https://www.kronosolopromocionales.com/productos/mini-libreta-forest-6189/,true,,0,100,,A_INDEXABLE,
https://www.kronosolopromocionales.com/productos/mini-libreta-sevilla-80-hojas-5739/,product,true,200,true,true,true,false,https://www.kronosolopromocionales.com/productos/mini-libreta-sevilla-80-hojas-5739/,true,,0,100,,A_INDEXABLE,
https://www.kronosolopromocionales.com/productos/sticky-set-en-trigo-wheat-eco-9678/,product,true,200,true,true,true,false,https://www.kronosolopromocionales.com/productos/sticky-set-en-trigo-wheat-eco-9678/,true,,0,100,,A_INDEXABLE,
https://www.kronosolopromocionales.com/productos/sticky-set-cubik-9974/,product,true,200,true,true,true,false,https://www.kronosolopromocionales.com/productos/sticky-set-cubik-9974/,true,,0,100,,A_INDEXABLE,
https://www.kronosolopromocionales.com/productos/bamboo-sticky-pad-9955/,product,true,200,true,true,true,false,https://www.kronosolopromocionales.com/productos/bamboo-sticky-pad-9955/,true,,0,100,,A_INDEXABLE,
https://www.kronosolopromocionales.com/productos/memo-sticky-set-bamboo-10100/,product,true,200,true,true,true,false,https://www.kronosolopromocionales.com/productos/memo-sticky-set-bamboo-10100/,true,,0,100,,A_INDEXABLE,
https://www.kronosolopromocionales.com/productos/portataco-duo-produccion-nacional-3845/,product,true,200,true,true,true,false,https://www.kronosolopromocionales.com/productos/portataco-duo-produccion-nacional-3845/,true,,0,100,,A_INDEXABLE,
https://www.kronosolopromocionales.com/productos/sticky-set-doctor-9090/,product,true,200,true,true,true,false,https://www.kronosolopromocionales.com/productos/sticky-set-doctor-9090/,true,,0,100,,A_INDEXABLE,
https://www.kronosolopromocionales.com/productos/sticky-set-ottis-oferta-9786/,product,true,200,false,false,false,false,https://www.kronosolopromocionales.com/productos/sticky-set-ottis-oferta-9786/,true,,0,100,,B_NOINDEX_INTENCIONAL,"is_ai_optimized=false — pendiente de enriquecimiento, excluido del sitemap intencionalmente"
https://www.kronosolopromocionales.com/productos/planeador-semanal-ecologico-9975/,product,true,200,true,true,true,false,https://www.kronosolopromocionales.com/productos/planeador-semanal-ecologico-9975/,true,,0,100,,A_INDEXABLE,
https://www.kronosolopromocionales.com/productos/memo-clip-bamboo-ii-10242/,product,true,200,true,true,true,false,https://www.kronosolopromocionales.com/productos/memo-clip-bamboo-ii-10242/,true,,0,100,,A_INDEXABLE,
https://www.kronosolopromocionales.com/productos/set-memo-pad-eco-10099/,product,true,200,true,true,true,false,https://www.kronosolopromocionales.com/productos/set-memo-pad-eco-10099/,true,,0,100,,A_INDEXABLE,
https://www.kronosolopromocionales.com/productos/cargador-inalambrico-office-10150/,product,true,200,true,true,true,false,https://www.kronosolopromocionales.com/productos/cargador-inalambrico-office-10150/,true,,0,100,,A_INDEXABLE,
https://www.kronosolopromocionales.com/productos/mouse-pad-plastificado-5549/,product,true,200,true,true,true,false,https://www.kronosolopromocionales.com/productos/mouse-pad-plastificado-5549/,true,,0,100,,A_INDEXABLE,
https://www.kronosolopromocionales.com/productos/mouse-pad-ergonomico-produccion-nacional-5542/,product,true,200,true,true,true,false,https://www.kronosolopromocionales.com/productos/mouse-pad-ergonomico-produccion-nacional-5542/,true,,0,100,,A_INDEXABLE,
https://www.kronosolopromocionales.com/productos/mouse-pad-frost-produccion-nacional-2006/,product,true,200,true,true,true,false,https://www.kronosolopromocionales.com/productos/mouse-pad-frost-produccion-nacional-2006/,true,,0,100,,A_INDEXABLE,
https://www.kronosolopromocionales.com/productos/mouse-pad-vaniat-9862/,product,true,200,true,true,true,false,https://www.kronosolopromocionales.com/productos/mouse-pad-vaniat-9862/,true,,0,100,,A_INDEXABLE,
https://www.kronosolopromocionales.com/productos/organizador-de-escritorio-office-10112/,product,true,200,true,true,true,false,https://www.kronosolopromocionales.com/productos/organizador-de-escritorio-office-10112/,true,,0,100,,A_INDEXABLE,
https://www.kronosolopromocionales.com/productos/mouse-pad-calendar-produccion-nacional-10159/,product,true,200,true,true,true,false,https://www.kronosolopromocionales.com/productos/mouse-pad-calendar-produccion-nacional-10159/,true,,0,100,,A_INDEXABLE,
https://www.kronosolopromocionales.com/productos/mouse-pad-con-cargador-inalambrico-dexter-10113/,product,true,200,true,true,true,false,https://www.kronosolopromocionales.com/productos/mouse-pad-con-cargador-inalambrico-dexter-10113/,true,,0,100,,A_INDEXABLE,
https://www.kronosolopromocionales.com/productos/cargador-inalambrico-flexi-pad-10524/,product,true,200,true,true,true,false,https://www.kronosolopromocionales.com/productos/cargador-inalambrico-flexi-pad-10524/,true,,0,100,,A_INDEXABLE,
https://www.kronosolopromocionales.com/productos/mouse-pad-3-1-lcd-10461/,product,true,200,true,true,true,false,https://www.kronosolopromocionales.com/productos/mouse-pad-3-1-lcd-10461/,true,,0,100,,A_INDEXABLE,
https://www.kronosolopromocionales.com/productos/mouse-bamboo-10340/,product,true,200,true,true,true,false,https://www.kronosolopromocionales.com/productos/mouse-bamboo-10340/,true,,0,100,,A_INDEXABLE,
https://www.kronosolopromocionales.com/productos/mouse-pad-cork-con-apoya-munecas-10557/,product,true,200,true,true,true,false,https://www.kronosolopromocionales.com/productos/mouse-pad-cork-con-apoya-munecas-10557/,true,,0,100,,A_INDEXABLE,
https://www.kronosolopromocionales.com/productos/tablero-week-6932/,product,true,200,true,true,true,false,https://www.kronosolopromocionales.com/productos/tablero-week-6932/,true,,0,100,,A_INDEXABLE,
https://www.kronosolopromocionales.com/productos/carpeta-folder-london-6844/,product,true,200,true,true,true,false,https://www.kronosolopromocionales.com/productos/carpeta-folder-london-6844/,true,,0,100,,A_INDEXABLE,
https://www.kronosolopromocionales.com/productos/bolsa-portapapeles-produccion-nacional-4058/,product,true,200,true,true,true,false,https://www.kronosolopromocionales.com/productos/bolsa-portapapeles-produccion-nacional-4058/,true,,0,100,,A_INDEXABLE,
https://www.kronosolopromocionales.com/productos/carpeta-folder-a4-crown-5507/,product,true,200,true,true,true,false,https://www.kronosolopromocionales.com/productos/carpeta-folder-a4-crown-5507/,true,,0,100,,A_INDEXABLE,
https://www.kronosolopromocionales.com/productos/carpeta-folder-sencillo-en-pvc-1888/,product,true,200,false,false,false,false,https://www.kronosolopromocionales.com/productos/carpeta-folder-sencillo-en-pvc-1888/,true,,0,100,,B_NOINDEX_INTENCIONAL,"is_ai_optimized=false — pendiente de enriquecimiento, excluido del sitemap intencionalmente"
https://www.kronosolopromocionales.com/productos/portaidentificador-de-carnet-medic-8077/,product,true,200,true,true,true,false,https://www.kronosolopromocionales.com/productos/portaidentificador-de-carnet-medic-8077/,true,,0,100,,A_INDEXABLE,
https://www.kronosolopromocionales.com/productos/carpeta-folder-zipper-8078/,product,true,200,true,true,true,false,https://www.kronosolopromocionales.com/productos/carpeta-folder-zipper-8078/,true,,0,100,,A_INDEXABLE,
https://www.kronosolopromocionales.com/productos/portaidentificador-de-carnet-redondo-ii-8226/,product,true,200,true,true,true,false,https://www.kronosolopromocionales.com/productos/portaidentificador-de-carnet-redondo-ii-8226/,true,,0,100,,A_INDEXABLE,
https://www.kronosolopromocionales.com/productos/calculadora-multifuncion-oferta-8477/,product,true,200,true,true,true,false,https://www.kronosolopromocionales.com/productos/calculadora-multifuncion-oferta-8477/,true,,0,100,,A_INDEXABLE,
https://www.kronosolopromocionales.com/productos/portaboligrafos-flex-produccion-nacional-4113/,product,true,200,true,true,true,false,https://www.kronosolopromocionales.com/productos/portaboligrafos-flex-produccion-nacional-4113/,true,,0,100,,A_INDEXABLE,
https://www.kronosolopromocionales.com/productos/portatacos-con-portalapices-produccion-nacional-7496/,product,true,200,true,true,true,false,https://www.kronosolopromocionales.com/productos/portatacos-con-portalapices-produccion-nacional-7496/,true,,0,100,,A_INDEXABLE,
https://www.kronosolopromocionales.com/productos/estuche-plastico-de-tres-cuerpos-produccion-nacional-7613/,product,true,200,true,true,true,false,https://www.kronosolopromocionales.com/productos/estuche-plastico-de-tres-cuerpos-produccion-nacional-7613/,true,,0,100,,A_INDEXABLE,
https://www.kronosolopromocionales.com/productos/libreta-con-portalapices-produccion-nacional-7687/,product,true,200,true,true,true,false,https://www.kronosolopromocionales.com/productos/libreta-con-portalapices-produccion-nacional-7687/,true,,0,100,,A_INDEXABLE,
https://www.kronosolopromocionales.com/productos/set-de-escritorio-en-pu-stickies-y-resaltadores-magicos-5503/,product,true,200,true,true,true,false,https://www.kronosolopromocionales.com/productos/set-de-escritorio-en-pu-stickies-y-resaltadores-magicos-5503/,true,,0,100,,A_INDEXABLE,
https://www.kronosolopromocionales.com/productos/set-de-escritorio-octagon-8072/,product,true,200,false,false,false,false,https://www.kronosolopromocionales.com/productos/set-de-escritorio-octagon-8072/,true,,0,100,,B_NOINDEX_INTENCIONAL,"is_ai_optimized=false — pendiente de enriquecimiento, excluido del sitemap intencionalmente"
https://www.kronosolopromocionales.com/productos/sticky-set-flag-oferta-8475/,product,true,200,true,true,true,false,https://www.kronosolopromocionales.com/productos/sticky-set-flag-oferta-8475/,true,,0,100,,A_INDEXABLE,
https://www.kronosolopromocionales.com/productos/set-de-clips-smiley-faces-8866/,product,true,200,true,true,true,false,https://www.kronosolopromocionales.com/productos/set-de-clips-smiley-faces-8866/,true,,0,100,,A_INDEXABLE,
https://www.kronosolopromocionales.com/productos/portatarjetas-plastico-produccion-nacional-4462/,product,true,200,true,true,true,false,https://www.kronosolopromocionales.com/productos/portatarjetas-plastico-produccion-nacional-4462/,true,,0,100,,A_INDEXABLE,
https://www.kronosolopromocionales.com/productos/mobile-holder-3-1-produccion-nacional-3471/,product,true,200,true,true,true,false,https://www.kronosolopromocionales.com/productos/mobile-holder-3-1-produccion-nacional-3471/,true,,0,100,,A_INDEXABLE,
https://www.kronosolopromocionales.com/productos/portapapel-car-oferta-7440/,product,true,200,true,true,true,false,https://www.kronosolopromocionales.com/productos/portapapel-car-oferta-7440/,true,,0,100,,A_INDEXABLE,
https://www.kronosolopromocionales.com/productos/portatarjetas-en-silicona-doctor-oferta-8953/,product,true,200,true,true,true,false,https://www.kronosolopromocionales.com/productos/portatarjetas-en-silicona-doctor-oferta-8953/,true,,0,100,,A_INDEXABLE,
https://www.kronosolopromocionales.com/productos/chaqueta-en-pvc-5466/,product,true,200,true,true,true,false,https://www.kronosolopromocionales.com/productos/chaqueta-en-pvc-5466/,true,,0,100,,A_INDEXABLE,
https://www.kronosolopromocionales.com/productos/llavero-con-capa-3336/,product,true,200,true,true,true,false,https://www.kronosolopromocionales.com/productos/llavero-con-capa-3336/,true,,0,100,,A_INDEXABLE,
https://www.kronosolopromocionales.com/productos/abrigo-impermeable-3640/,product,true,200,true,true,true,false,https://www.kronosolopromocionales.com/productos/abrigo-impermeable-3640/,true,,0,100,,A_INDEXABLE,
https://www.kronosolopromocionales.com/productos/poncho-pvc-con-estuche-4832/,product,true,200,true,true,true,false,https://www.kronosolopromocionales.com/productos/poncho-pvc-con-estuche-4832/,true,,0,100,,A_INDEXABLE,
https://www.kronosolopromocionales.com/productos/llavero-con-capa-poncho-soccer-8294/,product,true,200,true,true,true,false,https://www.kronosolopromocionales.com/productos/llavero-con-capa-poncho-soccer-8294/,true,,0,100,,A_INDEXABLE,
https://www.kronosolopromocionales.com/productos/paraguas-dayton-23-9790/,product,true,200,false,false,false,false,https://www.kronosolopromocionales.com/productos/paraguas-dayton-23-9790/,true,,0,100,,B_NOINDEX_INTENCIONAL,"is_ai_optimized=false — pendiente de enriquecimiento, excluido del sitemap intencionalmente"
https://www.kronosolopromocionales.com/productos/paraguas-osmond-21-10672/,product,true,200,true,true,true,false,https://www.kronosolopromocionales.com/productos/paraguas-osmond-21-10672/,true,,0,100,,A_INDEXABLE,
https://www.kronosolopromocionales.com/productos/mini-paraguas-lloyd-21-8658/,product,true,200,true,true,true,false,https://www.kronosolopromocionales.com/productos/mini-paraguas-lloyd-21-8658/,true,,0,100,,A_INDEXABLE,
https://www.kronosolopromocionales.com/productos/mini-paraguas-arc-clipper-21-8889/,product,true,200,true,true,true,false,https://www.kronosolopromocionales.com/productos/mini-paraguas-arc-clipper-21-8889/,true,,0,100,,A_INDEXABLE,
https://www.kronosolopromocionales.com/productos/paraguas-kenny-215-8909/,product,true,200,false,false,false,false,https://www.kronosolopromocionales.com/productos/paraguas-kenny-215-8909/,true,,0,100,,B_NOINDEX_INTENCIONAL,"is_ai_optimized=false — pendiente de enriquecimiento, excluido del sitemap intencionalmente"
https://www.kronosolopromocionales.com/productos/mini-paraguas-maverick-21-9426/,product,true,200,true,true,true,false,https://www.kronosolopromocionales.com/productos/mini-paraguas-maverick-21-9426/,true,,0,100,,A_INDEXABLE,
https://www.kronosolopromocionales.com/productos/bolsa-plegable-para-paraguas-hansel-oferta-8657/,product,true,200,true,true,true,false,https://www.kronosolopromocionales.com/productos/bolsa-plegable-para-paraguas-hansel-oferta-8657/,true,,0,100,,A_INDEXABLE,
https://www.kronosolopromocionales.com/productos/mini-paraguas-biondi-21-8911/,product,true,200,true,true,true,false,https://www.kronosolopromocionales.com/productos/mini-paraguas-biondi-21-8911/,true,,0,100,,A_INDEXABLE,
https://www.kronosolopromocionales.com/productos/paraguas-scorpius-urban-travel-21-10588/,product,true,200,true,true,true,false,https://www.kronosolopromocionales.com/productos/paraguas-scorpius-urban-travel-21-10588/,true,,0,100,,A_INDEXABLE,
https://www.kronosolopromocionales.com/productos/paraguas-lancelot-27-oferta-6865/,product,true,200,true,true,true,false,https://www.kronosolopromocionales.com/productos/paraguas-lancelot-27-oferta-6865/,true,,0,100,,A_INDEXABLE,
https://www.kronosolopromocionales.com/productos/paraguas-brook-ergo-27-7512/,product,true,200,true,true,true,false,https://www.kronosolopromocionales.com/productos/paraguas-brook-ergo-27-7512/,true,,0,100,,A_INDEXABLE,
https://www.kronosolopromocionales.com/productos/costurero-sammy-6757/,product,true,200,true,true,true,false,https://www.kronosolopromocionales.com/productos/costurero-sammy-6757/,true,,0,100,,A_INDEXABLE,
https://www.kronosolopromocionales.com/productos/panos-humedos-antibacterial-60und-precio-bomba-6753/,product,true,200,false,false,false,false,https://www.kronosolopromocionales.com/productos/panos-humedos-antibacterial-60und-precio-bomba-6753/,true,,0,100,,B_NOINDEX_INTENCIONAL,"is_ai_optimized=false — pendiente de enriquecimiento, excluido del sitemap intencionalmente"
https://www.kronosolopromocionales.com/productos/espejo-starlett-4926/,product,true,200,true,true,true,false,https://www.kronosolopromocionales.com/productos/espejo-starlett-4926/,true,,0,100,,A_INDEXABLE,
https://www.kronosolopromocionales.com/productos/medidor-de-masa-muscular-5255/,product,true,200,true,true,true,false,https://www.kronosolopromocionales.com/productos/medidor-de-masa-muscular-5255/,true,,0,100,,A_INDEXABLE,
https://www.kronosolopromocionales.com/productos/costurero-ovalado-3155/,product,true,200,true,true,true,false,https://www.kronosolopromocionales.com/productos/costurero-ovalado-3155/,true,,0,100,,A_INDEXABLE,
https://www.kronosolopromocionales.com/productos/espejo-circular-3120/,product,true,200,true,true,true,false,https://www.kronosolopromocionales.com/productos/espejo-circular-3120/,true,,0,100,,A_INDEXABLE,
https://www.kronosolopromocionales.com/productos/hojas-de-jabon-antibacteriano-con-estuche-7376/,product,true,200,true,true,true,false,https://www.kronosolopromocionales.com/productos/hojas-de-jabon-antibacteriano-con-estuche-7376/,true,,0,100,,A_INDEXABLE,
https://www.kronosolopromocionales.com/productos/hojas-de-jabon-antibacteriano-repuesto-7377/,product,true,200,true,true,true,false,https://www.kronosolopromocionales.com/productos/hojas-de-jabon-antibacteriano-repuesto-7377/,true,,0,100,,A_INDEXABLE,
https://www.kronosolopromocionales.com/productos/gel-antibacterial-moss-30ml-6025/,product,true,200,true,true,true,false,https://www.kronosolopromocionales.com/productos/gel-antibacterial-moss-30ml-6025/,true,,0,100,,A_INDEXABLE,
https://www.kronosolopromocionales.com/productos/gel-antibacterial-round-40ml-6003/,product,true,200,true,true,true,false,https://www.kronosolopromocionales.com/productos/gel-antibacterial-round-40ml-6003/,true,,0,100,,A_INDEXABLE,
https://www.kronosolopromocionales.com/productos/gel-antibacterial-bella-15ml-6016/,product,true,200,true,true,true,false,https://www.kronosolopromocionales.com/productos/gel-antibacterial-bella-15ml-6016/,true,,0,100,,A_INDEXABLE,
https://www.kronosolopromocionales.com/productos/mini-tarro-panos-humedos-antibacterial-30und-6004/,product,true,200,true,true,true,false,https://www.kronosolopromocionales.com/productos/mini-tarro-panos-humedos-antibacterial-30und-6004/,true,,0,100,,A_INDEXABLE,
https://www.kronosolopromocionales.com/productos/panos-humedos-antibacterial-klean-60und-7960/,product,true,200,true,true,true,false,https://www.kronosolopromocionales.com/productos/panos-humedos-antibacterial-klean-60und-7960/,true,,0,100,,A_INDEXABLE,
https://www.kronosolopromocionales.com/productos/gel-antibacterial-con-dispensador-60ml-7831/,product,true,200,true,true,true,false,https://www.kronosolopromocionales.com/productos/gel-antibacterial-con-dispensador-60ml-7831/,true,,0,100,,A_INDEXABLE,
https://www.kronosolopromocionales.com/productos/gel-antibacterial-300ml-8548/,product,true,200,true,true,true,false,https://www.kronosolopromocionales.com/productos/gel-antibacterial-300ml-8548/,true,,0,100,,A_INDEXABLE,
https://www.kronosolopromocionales.com/productos/gel-antibacterial-color-30ml-oferta-9449/,product,true,200,true,true,true,false,https://www.kronosolopromocionales.com/productos/gel-antibacterial-color-30ml-oferta-9449/,true,,0,100,,A_INDEXABLE,
https://www.kronosolopromocionales.com/productos/gel-antibacterial-transparente-produccion-nacional-9452/,product,true,200,true,true,true,false,https://www.kronosolopromocionales.com/productos/gel-antibacterial-transparente-produccion-nacional-9452/,true,,0,100,,A_INDEXABLE,
https://www.kronosolopromocionales.com/productos/alcohol-etilico-70-produccion-nacional-9469/,product,true,200,true,true,true,false,https://www.kronosolopromocionales.com/productos/alcohol-etilico-70-produccion-nacional-9469/,true,,0,100,,A_INDEXABLE,
https://www.kronosolopromocionales.com/productos/masajeador-mink-3154/,product,true,200,true,true,true,false,https://www.kronosolopromocionales.com/productos/masajeador-mink-3154/,true,,0,100,,A_INDEXABLE,
https://www.kronosolopromocionales.com/productos/masajeador-corazon-4980/,product,true,200,true,true,true,false,https://www.kronosolopromocionales.com/productos/masajeador-corazon-4980/,true,,0,100,,A_INDEXABLE,
https://www.kronosolopromocionales.com/productos/masajeador-face-6061/,product,true,200,true,true,true,false,https://www.kronosolopromocionales.com/productos/masajeador-face-6061/,true,,0,100,,A_INDEXABLE,
https://www.kronosolopromocionales.com/productos/gafas-terapeuticas-produccion-nacional-1063/,product,true,200,true,true,true,false,https://www.kronosolopromocionales.com/productos/gafas-terapeuticas-produccion-nacional-1063/,true,,0,100,,A_INDEXABLE,
https://www.kronosolopromocionales.com/productos/cojin-terapeutico-produccion-nacional-2394/,product,true,200,true,true,true,false,https://www.kronosolopromocionales.com/productos/cojin-terapeutico-produccion-nacional-2394/,true,,0,100,,A_INDEXABLE,
https://www.kronosolopromocionales.com/productos/mini-masajeador-marilyn-9117/,product,true,200,true,true,true,false,https://www.kronosolopromocionales.com/productos/mini-masajeador-marilyn-9117/,true,,0,100,,A_INDEXABLE,
https://www.kronosolopromocionales.com/productos/esponja-para-maquillaje-drop-9163/,product,true,200,true,true,true,false,https://www.kronosolopromocionales.com/productos/esponja-para-maquillaje-drop-9163/,true,,0,100,,A_INDEXABLE,
https://www.kronosolopromocionales.com/productos/banda-finger-9733/,product,true,200,true,true,true,false,https://www.kronosolopromocionales.com/productos/banda-finger-9733/,true,,0,100,,A_INDEXABLE,
https://www.kronosolopromocionales.com/productos/masajeador-hyper-eco-nuevo-13338/,product,true,200,true,true,true,false,https://www.kronosolopromocionales.com/productos/masajeador-hyper-eco-nuevo-13338/,true,,0,100,,A_INDEXABLE,
https://www.kronosolopromocionales.com/productos/boligrafo-boost-13324/,product,true,200,true,true,true,false,https://www.kronosolopromocionales.com/productos/boligrafo-boost-13324/,true,,0,100,,A_INDEXABLE,
https://www.kronosolopromocionales.com/productos/pastillero-vaso-2-en-1-6055/,product,true,200,true,true,true,false,https://www.kronosolopromocionales.com/productos/pastillero-vaso-2-en-1-6055/,true,,0,100,,A_INDEXABLE,
https://www.kronosolopromocionales.com/productos/pastillero-giratorio-7388/,product,true,200,true,true,true,false,https://www.kronosolopromocionales.com/productos/pastillero-giratorio-7388/,true,,0,100,,A_INDEXABLE,
https://www.kronosolopromocionales.com/productos/pastillero-tank-7785/,product,true,200,true,true,true,false,https://www.kronosolopromocionales.com/productos/pastillero-tank-7785/,true,,0,100,,A_INDEXABLE,
https://www.kronosolopromocionales.com/productos/pastillero-dharma-7786/,product,true,200,true,true,true,false,https://www.kronosolopromocionales.com/productos/pastillero-dharma-7786/,true,,0,100,,A_INDEXABLE,
https://www.kronosolopromocionales.com/productos/pastillero-eco-9102/,product,true,200,true,true,true,false,https://www.kronosolopromocionales.com/productos/pastillero-eco-9102/,true,,0,100,,A_INDEXABLE,
https://www.kronosolopromocionales.com/productos/botilito-plastico-pillbox-750ml-10089/,product,true,200,true,true,true,false,https://www.kronosolopromocionales.com/productos/botilito-plastico-pillbox-750ml-10089/,true,,0,100,,A_INDEXABLE,
https://www.kronosolopromocionales.com/productos/llavero-pastillero-capsula-10450/,product,true,200,true,true,true,false,https://www.kronosolopromocionales.com/productos/llavero-pastillero-capsula-10450/,true,,0,100,,A_INDEXABLE,
https://www.kronosolopromocionales.com/productos/pastillero-radion-nuevo-13332/,product,true,200,false,false,false,false,https://www.kronosolopromocionales.com/productos/pastillero-radion-nuevo-13332/,true,,0,100,,B_NOINDEX_INTENCIONAL,"is_ai_optimized=false — pendiente de enriquecimiento, excluido del sitemap intencionalmente"
https://www.kronosolopromocionales.com/productos/espejo-doble-zonder-oferta-6756/,product,true,200,true,true,true,false,https://www.kronosolopromocionales.com/productos/espejo-doble-zonder-oferta-6756/,true,,0,100,,A_INDEXABLE,
https://www.kronosolopromocionales.com/productos/espejo-magnolia-7387/,product,true,200,true,true,true,false,https://www.kronosolopromocionales.com/productos/espejo-magnolia-7387/,true,,0,100,,A_INDEXABLE,
https://www.kronosolopromocionales.com/productos/cepillo-con-espejo-kolors-7788/,product,true,200,true,true,true,false,https://www.kronosolopromocionales.com/productos/cepillo-con-espejo-kolors-7788/,true,,0,100,,A_INDEXABLE,
https://www.kronosolopromocionales.com/productos/banda-elastica-doble-7959/,product,true,200,true,true,true,false,https://www.kronosolopromocionales.com/productos/banda-elastica-doble-7959/,true,,0,100,,A_INDEXABLE,
https://www.kronosolopromocionales.com/productos/cepillo-con-espejo-sully-8872/,product,true,200,true,true,true,false,https://www.kronosolopromocionales.com/productos/cepillo-con-espejo-sully-8872/,true,,0,100,,A_INDEXABLE,
https://www.kronosolopromocionales.com/productos/espejo-doble-steffi-oferta-8897/,product,true,200,true,true,true,false,https://www.kronosolopromocionales.com/productos/espejo-doble-steffi-oferta-8897/,true,,0,100,,A_INDEXABLE,
https://www.kronosolopromocionales.com/productos/espejo-doble-tod-oferta-9091/,product,true,200,true,true,true,false,https://www.kronosolopromocionales.com/productos/espejo-doble-tod-oferta-9091/,true,,0,100,,A_INDEXABLE,
https://www.kronosolopromocionales.com/productos/mecanismo-para-reloj-analogo-con-manecillas-5056/,product,true,200,true,true,true,false,https://www.kronosolopromocionales.com/productos/mecanismo-para-reloj-analogo-con-manecillas-5056/,true,,0,100,,A_INDEXABLE,
https://www.kronosolopromocionales.com/productos/reloj-quincy-produccion-nacional-7628/,product,true,200,true,true,true,false,https://www.kronosolopromocionales.com/productos/reloj-quincy-produccion-nacional-7628/,true,,0,100,,A_INDEXABLE,
https://www.kronosolopromocionales.com/productos/reloj-led-bamboo-oferta-9721/,product,true,200,true,true,true,false,https://www.kronosolopromocionales.com/productos/reloj-led-bamboo-oferta-9721/,true,,0,80,nombre_duplicado_sin_canonical,E_DUPLICADO,"Mismo nombre que otro producto con slug no relacionado por ID (grupo dup-1) — candidato a ""duplicada sin canonical"" de GSC"
https://www.kronosolopromocionales.com/productos/cargador-inalambrico-con-reloj-bamboo-9724/,product,true,200,true,true,true,false,https://www.kronosolopromocionales.com/productos/cargador-inalambrico-con-reloj-bamboo-9724/,true,,0,100,,A_INDEXABLE,
https://www.kronosolopromocionales.com/productos/reloj-con-portaboligrafo-bamboo-9722/,product,true,200,true,true,true,false,https://www.kronosolopromocionales.com/productos/reloj-con-portaboligrafo-bamboo-9722/,true,,0,100,,A_INDEXABLE,
https://www.kronosolopromocionales.com/productos/reloj-portaboligrafo-crystal-bamboo-9982/,product,true,200,true,true,true,false,https://www.kronosolopromocionales.com/productos/reloj-portaboligrafo-crystal-bamboo-9982/,true,,0,100,,A_INDEXABLE,
https://www.kronosolopromocionales.com/productos/reloj-con-cargador-inalambrico-denver-10138/,product,true,200,true,true,true,false,https://www.kronosolopromocionales.com/productos/reloj-con-cargador-inalambrico-denver-10138/,true,,0,100,,A_INDEXABLE,
https://www.kronosolopromocionales.com/productos/reloj-portaboligrafos-cork-10098/,product,true,200,true,true,true,false,https://www.kronosolopromocionales.com/productos/reloj-portaboligrafos-cork-10098/,true,,0,100,,A_INDEXABLE,
https://www.kronosolopromocionales.com/productos/reloj-de-pared-colors-produccion-nacional-9863/,product,true,200,true,true,true,false,https://www.kronosolopromocionales.com/productos/reloj-de-pared-colors-produccion-nacional-9863/,true,,0,100,,A_INDEXABLE,
https://www.kronosolopromocionales.com/productos/reloj-de-arena-doble-nuevo-13333/,product,true,200,true,true,true,false,https://www.kronosolopromocionales.com/productos/reloj-de-arena-doble-nuevo-13333/,true,,0,100,,A_INDEXABLE,
https://www.kronosolopromocionales.com/productos/reloj-de-pared-tempo-produccion-nacional-7208/,product,true,200,true,true,true,false,https://www.kronosolopromocionales.com/productos/reloj-de-pared-tempo-produccion-nacional-7208/,true,,0,100,,A_INDEXABLE,
https://www.kronosolopromocionales.com/productos/reloj-de-pared-wall-metal-clock-2693/,product,true,200,true,true,true,false,https://www.kronosolopromocionales.com/productos/reloj-de-pared-wall-metal-clock-2693/,true,,0,100,,A_INDEXABLE,
https://www.kronosolopromocionales.com/productos/reloj-dual-produccion-nacional-933/,product,true,200,true,true,true,false,https://www.kronosolopromocionales.com/productos/reloj-dual-produccion-nacional-933/,true,,0,100,,A_INDEXABLE,
https://www.kronosolopromocionales.com/productos/reloj-mondrian-cuadrado-produccion-nacional-5252/,product,true,200,true,true,true,false,https://www.kronosolopromocionales.com/productos/reloj-mondrian-cuadrado-produccion-nacional-5252/,true,,0,100,,A_INDEXABLE,
https://www.kronosolopromocionales.com/productos/reloj-de-pared-cosmos-produccion-nacional-8232/,product,true,200,true,true,true,false,https://www.kronosolopromocionales.com/productos/reloj-de-pared-cosmos-produccion-nacional-8232/,true,,0,100,,A_INDEXABLE,
https://www.kronosolopromocionales.com/productos/reloj-de-pared-tremont-produccion-nacional-8743/,product,true,200,true,true,true,false,https://www.kronosolopromocionales.com/productos/reloj-de-pared-tremont-produccion-nacional-8743/,true,,0,100,,A_INDEXABLE,
https://www.kronosolopromocionales.com/productos/reloj-wall-bamboo-10578/,product,true,200,true,true,true,false,https://www.kronosolopromocionales.com/productos/reloj-wall-bamboo-10578/,true,,0,100,,A_INDEXABLE,
https://www.kronosolopromocionales.com/productos/reloj-digital-bowen-oferta-9789/,product,true,200,false,false,false,false,https://www.kronosolopromocionales.com/productos/reloj-digital-bowen-oferta-9789/,true,,0,100,,B_NOINDEX_INTENCIONAL,"is_ai_optimized=false — pendiente de enriquecimiento, excluido del sitemap intencionalmente"
https://www.kronosolopromocionales.com/productos/reloj-inteligente-fyllex-13377/,product,true,200,true,true,true,false,https://www.kronosolopromocionales.com/productos/reloj-inteligente-fyllex-13377/,true,,0,100,,A_INDEXABLE,
https://www.kronosolopromocionales.com/productos/reloj-inteligente-brish-13378/,product,true,200,true,true,true,false,https://www.kronosolopromocionales.com/productos/reloj-inteligente-brish-13378/,true,,0,100,,A_INDEXABLE,
https://www.kronosolopromocionales.com/productos/puerto-usb-einstein-6880/,product,true,200,true,true,true,false,https://www.kronosolopromocionales.com/productos/puerto-usb-einstein-6880/,true,,0,100,,A_INDEXABLE,
https://www.kronosolopromocionales.com/productos/puerto-usb-edon-6053/,product,true,200,true,true,true,false,https://www.kronosolopromocionales.com/productos/puerto-usb-edon-6053/,true,,0,100,,A_INDEXABLE,
https://www.kronosolopromocionales.com/productos/soporte-magnetico-para-moviles-7557/,product,true,200,true,true,true,false,https://www.kronosolopromocionales.com/productos/soporte-magnetico-para-moviles-7557/,true,,0,100,,A_INDEXABLE,
https://www.kronosolopromocionales.com/productos/soporte-para-movil-flexi-7518/,product,true,200,true,true,true,false,https://www.kronosolopromocionales.com/productos/soporte-para-movil-flexi-7518/,true,,0,100,,A_INDEXABLE,
https://www.kronosolopromocionales.com/productos/audifono-bluetooth-manos-libres-2-1-oferta-9587/,product,true,200,true,true,true,false,https://www.kronosolopromocionales.com/productos/audifono-bluetooth-manos-libres-2-1-oferta-9587/,true,,0,100,,A_INDEXABLE,
https://www.kronosolopromocionales.com/productos/set-de-cables-de-carga-tyson-9804/,product,true,200,true,true,true,false,https://www.kronosolopromocionales.com/productos/set-de-cables-de-carga-tyson-9804/,true,,0,100,,A_INDEXABLE,
https://www.kronosolopromocionales.com/productos/cable-multicargador-tyler-10129/,product,true,200,true,true,true,false,https://www.kronosolopromocionales.com/productos/cable-multicargador-tyler-10129/,true,,0,100,,A_INDEXABLE,
https://www.kronosolopromocionales.com/productos/soporte-para-moviles-nixon-10120/,product,true,200,true,true,true,false,https://www.kronosolopromocionales.com/productos/soporte-para-moviles-nixon-10120/,true,,0,100,,A_INDEXABLE,
https://www.kronosolopromocionales.com/productos/soporte-para-moviles-karter-10132/,product,true,200,true,true,true,false,https://www.kronosolopromocionales.com/productos/soporte-para-moviles-karter-10132/,true,,0,100,,A_INDEXABLE,
https://www.kronosolopromocionales.com/productos/set-de-carro-universal-ii-oferta-8919/,product,true,200,true,true,true,false,https://www.kronosolopromocionales.com/productos/set-de-carro-universal-ii-oferta-8919/,true,,0,100,,A_INDEXABLE,
https://www.kronosolopromocionales.com/productos/localizador-de-llaves-7776/,product,true,200,true,true,true,false,https://www.kronosolopromocionales.com/productos/localizador-de-llaves-7776/,true,,0,100,,A_INDEXABLE,
https://www.kronosolopromocionales.com/productos/soporte-para-tablets-8454/,product,true,200,true,true,true,false,https://www.kronosolopromocionales.com/productos/soporte-para-tablets-8454/,true,,0,100,,A_INDEXABLE,
https://www.kronosolopromocionales.com/productos/audifonos-bowie-con-manos-libres-tipo-c-10702/,product,true,200,true,true,true,false,https://www.kronosolopromocionales.com/productos/audifonos-bowie-con-manos-libres-tipo-c-10702/,true,,0,100,,A_INDEXABLE,
https://www.kronosolopromocionales.com/productos/soporte-para-moviles-jet-10706/,product,true,200,true,true,true,false,https://www.kronosolopromocionales.com/productos/soporte-para-moviles-jet-10706/,true,,0,100,,A_INDEXABLE,
https://www.kronosolopromocionales.com/productos/pila-recargable-power-bank-con-boton-2200mah-7517/,product,true,200,false,false,false,false,https://www.kronosolopromocionales.com/productos/pila-recargable-power-bank-con-boton-2200mah-7517/,true,,0,100,,B_NOINDEX_INTENCIONAL,"is_ai_optimized=false — pendiente de enriquecimiento, excluido del sitemap intencionalmente"
https://www.kronosolopromocionales.com/productos/speaker-bluetooth-barack-8135/,product,true,200,true,true,true,false,https://www.kronosolopromocionales.com/productos/speaker-bluetooth-barack-8135/,true,,0,100,,A_INDEXABLE,
https://www.kronosolopromocionales.com/productos/audifonos-bluetooth-jumper-10769/,product,true,200,true,true,true,false,https://www.kronosolopromocionales.com/productos/audifonos-bluetooth-jumper-10769/,true,,0,100,,A_INDEXABLE,
https://www.kronosolopromocionales.com/productos/audifonos-boom-precio-bomba-5657/,product,true,200,true,true,true,false,https://www.kronosolopromocionales.com/productos/audifonos-boom-precio-bomba-5657/,true,,0,100,,A_INDEXABLE,
https://www.kronosolopromocionales.com/productos/portatarjetas-con-organizador-de-cables-8109/,product,true,200,true,true,true,false,https://www.kronosolopromocionales.com/productos/portatarjetas-con-organizador-de-cables-8109/,true,,0,100,,A_INDEXABLE,
https://www.kronosolopromocionales.com/productos/soporte-para-moviles-pump-8230/,product,true,200,true,true,true,false,https://www.kronosolopromocionales.com/productos/soporte-para-moviles-pump-8230/,true,,0,100,,A_INDEXABLE,
https://www.kronosolopromocionales.com/productos/audifonos-bluetooth-air-i7-8857/,product,true,200,true,true,true,false,https://www.kronosolopromocionales.com/productos/audifonos-bluetooth-air-i7-8857/,true,,0,100,,A_INDEXABLE,
https://www.kronosolopromocionales.com/productos/audifonos-bluetooth-big-display-9569/,product,true,200,true,true,true,false,https://www.kronosolopromocionales.com/productos/audifonos-bluetooth-big-display-9569/,true,,0,100,,A_INDEXABLE,
https://www.kronosolopromocionales.com/productos/audifonos-bluetooth-fresh-9575/,product,true,200,true,true,true,false,https://www.kronosolopromocionales.com/productos/audifonos-bluetooth-fresh-9575/,true,,0,100,,A_INDEXABLE,
https://www.kronosolopromocionales.com/productos/accesorio-en-silicona-para-gafas-y-audifonos-oferta-9603/,product,true,200,true,true,true,false,https://www.kronosolopromocionales.com/productos/accesorio-en-silicona-para-gafas-y-audifonos-oferta-9603/,true,,0,100,,A_INDEXABLE,
https://www.kronosolopromocionales.com/productos/audifonos-bluetooth-dj-ii-con-lector-tf-9637/,product,true,200,true,true,true,false,https://www.kronosolopromocionales.com/productos/audifonos-bluetooth-dj-ii-con-lector-tf-9637/,true,,0,100,,A_INDEXABLE,
https://www.kronosolopromocionales.com/productos/audifonos-bluetooth-airbone-9808/,product,true,200,true,true,true,false,https://www.kronosolopromocionales.com/productos/audifonos-bluetooth-airbone-9808/,true,,0,100,,A_INDEXABLE,
https://www.kronosolopromocionales.com/productos/cargador-inalambrico-multiorganizador-8715/,product,true,200,true,true,true,false,https://www.kronosolopromocionales.com/productos/cargador-inalambrico-multiorganizador-8715/,true,,0,100,,A_INDEXABLE,
https://www.kronosolopromocionales.com/productos/pila-recargable-en-aluminio-4000mah-8727/,product,true,200,false,false,false,false,https://www.kronosolopromocionales.com/productos/pila-recargable-en-aluminio-4000mah-8727/,true,,0,100,,B_NOINDEX_INTENCIONAL,"is_ai_optimized=false — pendiente de enriquecimiento, excluido del sitemap intencionalmente"
https://www.kronosolopromocionales.com/productos/pila-recargable-2600-mah-con-pesa-de-equipaje-ii-8757/,product,true,200,true,true,true,false,https://www.kronosolopromocionales.com/productos/pila-recargable-2600-mah-con-pesa-de-equipaje-ii-8757/,true,,0,100,,A_INDEXABLE,
https://www.kronosolopromocionales.com/productos/organizador-de-escritorio-bamboo-con-cargador-oferta-9268/,product,true,200,true,true,true,false,https://www.kronosolopromocionales.com/productos/organizador-de-escritorio-bamboo-con-cargador-oferta-9268/,true,,0,100,,A_INDEXABLE,
https://www.kronosolopromocionales.com/productos/cargador-inalambrico-con-cable-multicargador-oferta-9050/,product,true,200,true,true,true,false,https://www.kronosolopromocionales.com/productos/cargador-inalambrico-con-cable-multicargador-oferta-9050/,true,,0,100,,A_INDEXABLE,
https://www.kronosolopromocionales.com/productos/set-de-cables-de-carga-mini-kit-9436/,product,true,200,true,true,true,false,https://www.kronosolopromocionales.com/productos/set-de-cables-de-carga-mini-kit-9436/,true,,0,100,,A_INDEXABLE,
https://www.kronosolopromocionales.com/productos/esterilizador-inalambrico-con-luz-uv-led-klean-oferta-9483/,product,true,200,true,true,true,false,https://www.kronosolopromocionales.com/productos/esterilizador-inalambrico-con-luz-uv-led-klean-oferta-9483/,true,,0,100,,A_INDEXABLE,
https://www.kronosolopromocionales.com/productos/organizador-light-con-cargador-inalambrico-oferta-9588/,product,true,200,true,true,true,false,https://www.kronosolopromocionales.com/productos/organizador-light-con-cargador-inalambrico-oferta-9588/,true,,0,100,,A_INDEXABLE,
https://www.kronosolopromocionales.com/productos/esterilizador-con-luz-uv-led-klean-bamboo-oferta-9673/,product,true,200,true,true,true,false,https://www.kronosolopromocionales.com/productos/esterilizador-con-luz-uv-led-klean-bamboo-oferta-9673/,true,,0,100,,A_INDEXABLE,
https://www.kronosolopromocionales.com/productos/cargador-inalambrico-cubik-9793/,product,true,200,true,true,true,false,https://www.kronosolopromocionales.com/productos/cargador-inalambrico-cubik-9793/,true,,0,100,,A_INDEXABLE,
https://www.kronosolopromocionales.com/productos/esterilizador-con-luz-uv-smart-oferta-9472/,product,true,200,true,true,true,false,https://www.kronosolopromocionales.com/productos/esterilizador-con-luz-uv-smart-oferta-9472/,true,,0,100,,A_INDEXABLE,
https://www.kronosolopromocionales.com/productos/organizador-de-cables-oval-produccion-nacional-6220/,product,true,200,true,true,true,false,https://www.kronosolopromocionales.com/productos/organizador-de-cables-oval-produccion-nacional-6220/,true,,0,100,,A_INDEXABLE,
https://www.kronosolopromocionales.com/productos/soporte-para-moviles-2-1-bamboo-9924/,product,true,200,true,true,true,false,https://www.kronosolopromocionales.com/productos/soporte-para-moviles-2-1-bamboo-9924/,true,,0,100,,A_INDEXABLE,
https://www.kronosolopromocionales.com/productos/portatarjetas-pump-9906/,product,true,200,true,true,true,false,https://www.kronosolopromocionales.com/productos/portatarjetas-pump-9906/,true,,0,100,,A_INDEXABLE,
https://www.kronosolopromocionales.com/productos/soporte-para-moviles-eco-bamboo-9919/,product,true,200,true,true,true,false,https://www.kronosolopromocionales.com/productos/soporte-para-moviles-eco-bamboo-9919/,true,,0,100,,A_INDEXABLE,
https://www.kronosolopromocionales.com/productos/portatarjetas-pump-bamboo-10360/,product,true,200,true,true,true,false,https://www.kronosolopromocionales.com/productos/portatarjetas-pump-bamboo-10360/,true,,0,100,,A_INDEXABLE,
https://www.kronosolopromocionales.com/productos/speaker-bluetooth-rainbow-8656/,product,true,200,true,true,true,false,https://www.kronosolopromocionales.com/productos/speaker-bluetooth-rainbow-8656/,true,,0,100,,A_INDEXABLE,
https://www.kronosolopromocionales.com/productos/portacelular-plastico-produccion-nacional-8773/,product,true,200,true,true,true,false,https://www.kronosolopromocionales.com/productos/portacelular-plastico-produccion-nacional-8773/,true,,0,100,,A_INDEXABLE,
https://www.kronosolopromocionales.com/productos/pulsera-inteligente-gym-9312/,product,true,200,true,true,true,false,https://www.kronosolopromocionales.com/productos/pulsera-inteligente-gym-9312/,true,,0,100,,A_INDEXABLE,
https://www.kronosolopromocionales.com/productos/funda-para-moviles-protector-9076/,product,true,200,true,true,true,false,https://www.kronosolopromocionales.com/productos/funda-para-moviles-protector-9076/,true,,0,100,,A_INDEXABLE,
https://www.kronosolopromocionales.com/productos/soporte-para-moviles-pilot-9080/,product,true,200,true,true,true,false,https://www.kronosolopromocionales.com/productos/soporte-para-moviles-pilot-9080/,true,,0,100,,A_INDEXABLE,
https://www.kronosolopromocionales.com/productos/speaker-bluetooth-rocco-8637/,product,true,200,true,true,true,false,https://www.kronosolopromocionales.com/productos/speaker-bluetooth-rocco-8637/,true,,0,100,,A_INDEXABLE,
https://www.kronosolopromocionales.com/productos/speaker-bluetooth-barack-bamboo-9413/,product,true,200,true,true,true,false,https://www.kronosolopromocionales.com/productos/speaker-bluetooth-barack-bamboo-9413/,true,,0,100,,A_INDEXABLE,
https://www.kronosolopromocionales.com/productos/speaker-bluetooth-bamboo-eco-9723/,product,true,200,true,true,true,false,https://www.kronosolopromocionales.com/productos/speaker-bluetooth-bamboo-eco-9723/,true,,0,100,,A_INDEXABLE,
https://www.kronosolopromocionales.com/productos/speaker-bluetooth-soundbar-9796/,product,true,200,true,true,true,false,https://www.kronosolopromocionales.com/productos/speaker-bluetooth-soundbar-9796/,true,,0,100,,A_INDEXABLE,
https://www.kronosolopromocionales.com/productos/speaker-bluetooth-lights-eco-9798/,product,true,200,true,true,true,false,https://www.kronosolopromocionales.com/productos/speaker-bluetooth-lights-eco-9798/,true,,0,100,,A_INDEXABLE,
https://www.kronosolopromocionales.com/productos/speaker-bluetooth-bryson-9801/,product,true,200,true,true,true,false,https://www.kronosolopromocionales.com/productos/speaker-bluetooth-bryson-9801/,true,,0,100,,A_INDEXABLE,
https://www.kronosolopromocionales.com/productos/speaker-bluetooth-retro-bamboo-9923/,product,true,200,true,true,true,false,https://www.kronosolopromocionales.com/productos/speaker-bluetooth-retro-bamboo-9923/,true,,0,100,,A_INDEXABLE,
https://www.kronosolopromocionales.com/productos/speaker-bluetooth-artix-bamboo-9956/,product,true,200,true,true,true,false,https://www.kronosolopromocionales.com/productos/speaker-bluetooth-artix-bamboo-9956/,true,,0,100,,A_INDEXABLE,
https://www.kronosolopromocionales.com/productos/memoria-usb-carabinero-precio-neto-oferta-4727/,product,true,200,true,true,true,false,https://www.kronosolopromocionales.com/productos/memoria-usb-carabinero-precio-neto-oferta-4727/,true,,0,100,,A_INDEXABLE,
https://www.kronosolopromocionales.com/productos/memoria-mini-usb-en-imitacion-cuero-precio-neto-oferta-5277/,product,true,200,true,true,true,false,https://www.kronosolopromocionales.com/productos/memoria-mini-usb-en-imitacion-cuero-precio-neto-oferta-5277/,true,,0,100,,A_INDEXABLE,
https://www.kronosolopromocionales.com/productos/memoria-usb-braxton-precio-neto-oferta-7987/,product,true,200,true,true,true,false,https://www.kronosolopromocionales.com/productos/memoria-usb-braxton-precio-neto-oferta-7987/,true,,0,100,,A_INDEXABLE,
https://www.kronosolopromocionales.com/productos/memoria-usb-credit-card-zilda-bamboo-precio-neto-9432/,product,true,200,true,true,true,false,https://www.kronosolopromocionales.com/productos/memoria-usb-credit-card-zilda-bamboo-precio-neto-9432/,true,,0,100,,A_INDEXABLE,
https://www.kronosolopromocionales.com/productos/memoria-usb-eco-precio-neto-oferta-7254/,product,true,200,true,true,true,false,https://www.kronosolopromocionales.com/productos/memoria-usb-eco-precio-neto-oferta-7254/,true,,0,100,,A_INDEXABLE,
https://www.kronosolopromocionales.com/productos/alcancia-elefante-2-1-6410/,product,true,200,false,false,false,false,https://www.kronosolopromocionales.com/productos/alcancia-elefante-2-1-6410/,true,,0,100,,B_NOINDEX_INTENCIONAL,"is_ai_optimized=false — pendiente de enriquecimiento, excluido del sitemap intencionalmente"
https://www.kronosolopromocionales.com/productos/alcancia-mini-piggy-5134/,product,true,200,true,true,true,false,https://www.kronosolopromocionales.com/productos/alcancia-mini-piggy-5134/,true,,0,100,,A_INDEXABLE,
https://www.kronosolopromocionales.com/productos/alcancia-hippo-5910/,product,true,200,true,true,true,false,https://www.kronosolopromocionales.com/productos/alcancia-hippo-5910/,true,,0,100,,A_INDEXABLE,
https://www.kronosolopromocionales.com/productos/alcancia-mini-cerdito-cristal-produccion-nacional-6032/,product,true,200,true,true,true,false,https://www.kronosolopromocionales.com/productos/alcancia-mini-cerdito-cristal-produccion-nacional-6032/,true,,0,100,,A_INDEXABLE,
https://www.kronosolopromocionales.com/productos/alcancia-piggy-produccion-nacional-2868/,product,true,200,true,true,true,false,https://www.kronosolopromocionales.com/productos/alcancia-piggy-produccion-nacional-2868/,true,,0,100,,A_INDEXABLE,
https://www.kronosolopromocionales.com/productos/alcancia-flex-produccion-nacional-7578/,product,true,200,true,true,true,false,https://www.kronosolopromocionales.com/productos/alcancia-flex-produccion-nacional-7578/,true,,0,100,,A_INDEXABLE,
https://www.kronosolopromocionales.com/productos/alcancia-cow-oferta-7595/,product,true,200,false,false,false,false,https://www.kronosolopromocionales.com/productos/alcancia-cow-oferta-7595/,true,,0,100,,B_NOINDEX_INTENCIONAL,"is_ai_optimized=false — pendiente de enriquecimiento, excluido del sitemap intencionalmente"
https://www.kronosolopromocionales.com/productos/alcancia-estrella-16cm-produccion-nacional-7768/,product,true,200,true,true,true,false,https://www.kronosolopromocionales.com/productos/alcancia-estrella-16cm-produccion-nacional-7768/,true,,0,100,,A_INDEXABLE,
https://www.kronosolopromocionales.com/productos/bola-antiestres-tricolor-5877/,product,true,200,true,true,true,false,https://www.kronosolopromocionales.com/productos/bola-antiestres-tricolor-5877/,true,,0,100,,A_INDEXABLE,
https://www.kronosolopromocionales.com/productos/corazon-antiestres-3650/,product,true,200,true,true,true,false,https://www.kronosolopromocionales.com/productos/corazon-antiestres-3650/,true,,0,100,,A_INDEXABLE,
https://www.kronosolopromocionales.com/productos/bola-antiestres-neon-63cm-1213/,product,true,200,true,true,true,false,https://www.kronosolopromocionales.com/productos/bola-antiestres-neon-63cm-1213/,true,,0,100,,A_INDEXABLE,
https://www.kronosolopromocionales.com/productos/llavero-antiestres-ball-1216/,product,true,200,true,true,true,false,https://www.kronosolopromocionales.com/productos/llavero-antiestres-ball-1216/,true,,0,100,,A_INDEXABLE,
https://www.kronosolopromocionales.com/productos/gota-antiestres-7597/,product,true,200,true,true,true,false,https://www.kronosolopromocionales.com/productos/gota-antiestres-7597/,true,,0,100,,A_INDEXABLE,
https://www.kronosolopromocionales.com/productos/soporte-para-moviles-antiestres-10158/,product,true,200,true,true,true,false,https://www.kronosolopromocionales.com/productos/soporte-para-moviles-antiestres-10158/,true,,0,100,,A_INDEXABLE,
https://www.kronosolopromocionales.com/productos/bola-pop-it-10160/,product,true,200,true,true,true,false,https://www.kronosolopromocionales.com/productos/bola-pop-it-10160/,true,,0,100,,A_INDEXABLE,
https://www.kronosolopromocionales.com/productos/soporte-para-celular-pop-it-nuevo-13320/,product,true,200,true,true,true,false,https://www.kronosolopromocionales.com/productos/soporte-para-celular-pop-it-nuevo-13320/,true,,0,100,,A_INDEXABLE,
https://www.kronosolopromocionales.com/productos/estuche-multiusos-en-silicona-kamelot-6913/,product,true,200,true,true,true,false,https://www.kronosolopromocionales.com/productos/estuche-multiusos-en-silicona-kamelot-6913/,true,,0,100,,A_INDEXABLE,
https://www.kronosolopromocionales.com/productos/set-de-colores-kidz-6558/,product,true,200,false,false,false,false,https://www.kronosolopromocionales.com/productos/set-de-colores-kidz-6558/,true,,0,100,,B_NOINDEX_INTENCIONAL,"is_ai_optimized=false — pendiente de enriquecimiento, excluido del sitemap intencionalmente"
https://www.kronosolopromocionales.com/productos/mini-set-de-colores-x-12-unidades-5688/,product,true,200,true,true,true,false,https://www.kronosolopromocionales.com/productos/mini-set-de-colores-x-12-unidades-5688/,true,,0,100,,A_INDEXABLE,
https://www.kronosolopromocionales.com/productos/set-de-colores-cartoon-3441/,product,true,200,true,true,true,false,https://www.kronosolopromocionales.com/productos/set-de-colores-cartoon-3441/,true,,0,100,,A_INDEXABLE,
https://www.kronosolopromocionales.com/productos/set-de-colores-x-6-1510/,product,true,200,true,true,true,false,https://www.kronosolopromocionales.com/productos/set-de-colores-x-6-1510/,true,,0,100,,A_INDEXABLE,
https://www.kronosolopromocionales.com/productos/set-dony-4962/,product,true,200,true,true,true,false,https://www.kronosolopromocionales.com/productos/set-dony-4962/,true,,0,100,,A_INDEXABLE,
https://www.kronosolopromocionales.com/productos/set-de-crayolas-x-6-5436/,product,true,200,true,true,true,false,https://www.kronosolopromocionales.com/productos/set-de-crayolas-x-6-5436/,true,,0,100,,A_INDEXABLE,
https://www.kronosolopromocionales.com/productos/set-crayolas-dexter-7592/,product,true,200,true,true,true,false,https://www.kronosolopromocionales.com/productos/set-crayolas-dexter-7592/,true,,0,100,,A_INDEXABLE,
https://www.kronosolopromocionales.com/productos/sporty-bag-kidz-con-diseno-8179/,product,true,200,true,true,true,false,https://www.kronosolopromocionales.com/productos/sporty-bag-kidz-con-diseno-8179/,true,,0,100,,A_INDEXABLE,
https://www.kronosolopromocionales.com/productos/mini-monedero-en-silicona-6241/,product,true,200,true,true,true,false,https://www.kronosolopromocionales.com/productos/mini-monedero-en-silicona-6241/,true,,0,100,,A_INDEXABLE,
https://www.kronosolopromocionales.com/productos/estuche-multifuncion-produccion-nacional-2874/,product,true,200,true,true,true,false,https://www.kronosolopromocionales.com/productos/estuche-multifuncion-produccion-nacional-2874/,true,,0,100,,A_INDEXABLE,
https://www.kronosolopromocionales.com/productos/cosmetiquera-monroe-8233/,product,true,200,true,true,true,false,https://www.kronosolopromocionales.com/productos/cosmetiquera-monroe-8233/,true,,0,100,,A_INDEXABLE,
https://www.kronosolopromocionales.com/productos/cosmetiquera-farrow-8898/,product,true,200,true,true,true,false,https://www.kronosolopromocionales.com/productos/cosmetiquera-farrow-8898/,true,,0,100,,A_INDEXABLE,
https://www.kronosolopromocionales.com/productos/organizador-cosmet-9604/,product,true,200,true,true,true,false,https://www.kronosolopromocionales.com/productos/organizador-cosmet-9604/,true,,0,100,,A_INDEXABLE,
https://www.kronosolopromocionales.com/productos/maracas-produccion-nacional-5683/,product,true,200,false,false,false,false,https://www.kronosolopromocionales.com/productos/maracas-produccion-nacional-5683/,true,,0,100,,B_NOINDEX_INTENCIONAL,"is_ai_optimized=false — pendiente de enriquecimiento, excluido del sitemap intencionalmente"
https://www.kronosolopromocionales.com/productos/aplausometro-redondo-produccion-nacional-5685/,product,true,200,true,true,true,false,https://www.kronosolopromocionales.com/productos/aplausometro-redondo-produccion-nacional-5685/,true,,0,100,,A_INDEXABLE,
https://www.kronosolopromocionales.com/productos/aplausometro-triangular-produccion-nacional-5686/,product,true,200,true,true,true,false,https://www.kronosolopromocionales.com/productos/aplausometro-triangular-produccion-nacional-5686/,true,,0,100,,A_INDEXABLE,
https://www.kronosolopromocionales.com/productos/matraca-sencilla-produccion-nacional-5684/,product,true,200,true,true,true,false,https://www.kronosolopromocionales.com/productos/matraca-sencilla-produccion-nacional-5684/,true,,0,100,,A_INDEXABLE,
https://www.kronosolopromocionales.com/productos/corneta-stadium-produccion-nacional-5765/,product,true,200,true,true,true,false,https://www.kronosolopromocionales.com/productos/corneta-stadium-produccion-nacional-5765/,true,,0,100,,A_INDEXABLE,
https://www.kronosolopromocionales.com/productos/vuvuzela-produccion-nacional-5682/,product,true,200,false,false,false,false,https://www.kronosolopromocionales.com/productos/vuvuzela-produccion-nacional-5682/,true,,0,100,,B_NOINDEX_INTENCIONAL,"is_ai_optimized=false — pendiente de enriquecimiento, excluido del sitemap intencionalmente"
https://www.kronosolopromocionales.com/productos/aplausometro-manos-produccion-nacional-6034/,product,true,200,true,true,true,false,https://www.kronosolopromocionales.com/productos/aplausometro-manos-produccion-nacional-6034/,true,,0,100,,A_INDEXABLE,
https://www.kronosolopromocionales.com/productos/gafas-fashion-6240/,product,true,200,true,true,true,false,https://www.kronosolopromocionales.com/productos/gafas-fashion-6240/,true,,0,100,,A_INDEXABLE,
https://www.kronosolopromocionales.com/productos/gafas-gambler-7587/,product,true,200,true,true,true,false,https://www.kronosolopromocionales.com/productos/gafas-gambler-7587/,true,,0,100,,A_INDEXABLE,
https://www.kronosolopromocionales.com/productos/gafas-kilpan-eco-9441/,product,true,200,true,true,true,false,https://www.kronosolopromocionales.com/productos/gafas-kilpan-eco-9441/,true,,0,100,,A_INDEXABLE,
https://www.kronosolopromocionales.com/productos/mouse-pad-con-cargador-inalambrico-slim-15w-9994/,product,true,200,true,true,true,false,https://www.kronosolopromocionales.com/productos/mouse-pad-con-cargador-inalambrico-slim-15w-9994/,true,,0,100,,A_INDEXABLE,
https://www.kronosolopromocionales.com/productos/portarretrato-cork-10530/,product,true,200,true,true,true,false,https://www.kronosolopromocionales.com/productos/portarretrato-cork-10530/,true,,0,100,,A_INDEXABLE,
https://www.kronosolopromocionales.com/productos/portarretrato-verena-11126/,product,true,200,true,true,true,false,https://www.kronosolopromocionales.com/productos/portarretrato-verena-11126/,true,,0,100,,A_INDEXABLE,
https://www.kronosolopromocionales.com/productos/silla-plegable-1557/,product,true,200,true,true,true,false,https://www.kronosolopromocionales.com/productos/silla-plegable-1557/,true,,0,100,,A_INDEXABLE,
https://www.kronosolopromocionales.com/productos/silla-camp-importada-7682/,product,true,200,true,true,true,false,https://www.kronosolopromocionales.com/productos/silla-camp-importada-7682/,true,,0,100,,A_INDEXABLE,
https://www.kronosolopromocionales.com/productos/abanico-con-mango-stick-produccion-nacional-5382/,product,true,200,true,true,true,false,https://www.kronosolopromocionales.com/productos/abanico-con-mango-stick-produccion-nacional-5382/,true,,0,100,,A_INDEXABLE,
https://www.kronosolopromocionales.com/productos/abanico-finger-produccion-nacional-5377/,product,true,200,true,true,true,false,https://www.kronosolopromocionales.com/productos/abanico-finger-produccion-nacional-5377/,true,,0,100,,A_INDEXABLE,
https://www.kronosolopromocionales.com/productos/abanico-2697/,product,true,200,true,true,true,false,https://www.kronosolopromocionales.com/productos/abanico-2697/,true,,0,90,nombre_corto,A_INDEXABLE,
https://www.kronosolopromocionales.com/productos/abanico-plegable-frisbee-flexible-7577/,product,true,200,true,true,true,false,https://www.kronosolopromocionales.com/productos/abanico-plegable-frisbee-flexible-7577/,true,,0,100,,A_INDEXABLE,
https://www.kronosolopromocionales.com/productos/ventilador-usb-heat-9812/,product,true,200,true,true,true,false,https://www.kronosolopromocionales.com/productos/ventilador-usb-heat-9812/,true,,0,100,,A_INDEXABLE,
https://www.kronosolopromocionales.com/productos/cuerpo-plastico-para-abanico-9439/,product,true,200,true,true,true,false,https://www.kronosolopromocionales.com/productos/cuerpo-plastico-para-abanico-9439/,true,,0,100,,A_INDEXABLE,
https://www.kronosolopromocionales.com/productos/mini-ventilador-usb-de-escritorio-ii-8659/,product,true,200,true,true,true,false,https://www.kronosolopromocionales.com/productos/mini-ventilador-usb-de-escritorio-ii-8659/,true,,0,100,,A_INDEXABLE,
https://www.kronosolopromocionales.com/productos/ventilador-hook-10472/,product,true,200,true,true,true,false,https://www.kronosolopromocionales.com/productos/ventilador-hook-10472/,true,,0,100,,A_INDEXABLE,
https://www.kronosolopromocionales.com/productos/trolley-morral-backpack-dilbert-6926/,product,true,200,true,true,true,false,https://www.kronosolopromocionales.com/productos/trolley-morral-backpack-dilbert-6926/,true,,0,100,,A_INDEXABLE,
https://www.kronosolopromocionales.com/productos/pesa-de-viaje-digital-6262/,product,true,200,true,true,true,false,https://www.kronosolopromocionales.com/productos/pesa-de-viaje-digital-6262/,true,,0,100,,A_INDEXABLE,
https://www.kronosolopromocionales.com/productos/estuche-para-moviles-flex-waterproof-10889/,product,true,200,true,true,true,false,https://www.kronosolopromocionales.com/productos/estuche-para-moviles-flex-waterproof-10889/,true,,0,100,,A_INDEXABLE,
https://www.kronosolopromocionales.com/productos/escudo-solar-auto-frescura-y-proteccion-para-tu-viaje-1442/,product,true,200,true,true,true,false,https://www.kronosolopromocionales.com/productos/escudo-solar-auto-frescura-y-proteccion-para-tu-viaje-1442/,true,,0,100,,A_INDEXABLE,
https://www.kronosolopromocionales.com/productos/iman-titan-soporte-magnetico-para-tu-celular-7557/,product,true,200,true,true,true,false,https://www.kronosolopromocionales.com/productos/iman-titan-soporte-magnetico-para-tu-celular-7557/,true,,0,100,,A_INDEXABLE,
https://www.kronosolopromocionales.com/productos/agarre-total-flexi-tu-copiloto-ideal-7518/,product,true,200,true,true,true,false,https://www.kronosolopromocionales.com/productos/agarre-total-flexi-tu-copiloto-ideal-7518/,true,,0,100,,A_INDEXABLE,
https://www.kronosolopromocionales.com/productos/turboclean-mini-el-aspirador-imbatible-para-tu-auto-7410/,product,true,200,true,true,true,false,https://www.kronosolopromocionales.com/productos/turboclean-mini-el-aspirador-imbatible-para-tu-auto-7410/,true,,0,100,,A_INDEXABLE,
https://www.kronosolopromocionales.com/productos/no-pierdas-mas-tiempo-encuentra-tus-llaves-con-keyfind-7776/,product,true,200,true,true,true,false,https://www.kronosolopromocionales.com/productos/no-pierdas-mas-tiempo-encuentra-tus-llaves-con-keyfind-7776/,true,,0,100,,A_INDEXABLE,
https://www.kronosolopromocionales.com/productos/ecologica-vita-bolsa-reutilizable-hecha-en-mexico-9364/,product,true,200,true,true,true,false,https://www.kronosolopromocionales.com/productos/ecologica-vita-bolsa-reutilizable-hecha-en-mexico-9364/,true,,0,100,,A_INDEXABLE,
https://www.kronosolopromocionales.com/productos/pilot-grip-tu-copiloto-perfecto-9080/,product,true,200,true,true,true,false,https://www.kronosolopromocionales.com/productos/pilot-grip-tu-copiloto-perfecto-9080/,true,,0,100,,A_INDEXABLE,
https://www.kronosolopromocionales.com/productos/descanso-tricolor-cojin-de-viaje-3-en-1-9333/,product,true,200,true,true,true,false,https://www.kronosolopromocionales.com/productos/descanso-tricolor-cojin-de-viaje-3-en-1-9333/,true,,0,100,,A_INDEXABLE,
https://www.kronosolopromocionales.com/productos/panos-humedos-antibacterial-60und-6753/,product,true,200,true,true,true,false,https://www.kronosolopromocionales.com/productos/panos-humedos-antibacterial-60und-6753/,true,,0,100,,A_INDEXABLE,
https://www.kronosolopromocionales.com/productos/audifono-bluetooth-2-en-1-libertad-total-al-volante-9587/,product,true,200,true,true,true,false,https://www.kronosolopromocionales.com/productos/audifono-bluetooth-2-en-1-libertad-total-al-volante-9587/,true,,0,100,,A_INDEXABLE,
https://www.kronosolopromocionales.com/productos/mug-eco-chic-bambu-disfruta-tu-cafe-con-estilo-sustentable-9699/,product,true,200,true,true,true,false,https://www.kronosolopromocionales.com/productos/mug-eco-chic-bambu-disfruta-tu-cafe-con-estilo-sustentable-9699/,true,,0,100,,A_INDEXABLE,
https://www.kronosolopromocionales.com/productos/termo-viajero-calientito-tu-companero-ideal-9707/,product,true,200,true,true,true,false,https://www.kronosolopromocionales.com/productos/termo-viajero-calientito-tu-companero-ideal-9707/,true,,0,100,,A_INDEXABLE,
https://www.kronosolopromocionales.com/productos/set-de-herramientas-con-lampara-led-10250/,product,true,200,true,true,true,false,https://www.kronosolopromocionales.com/productos/set-de-herramientas-con-lampara-led-10250/,true,,0,100,,A_INDEXABLE,
https://www.kronosolopromocionales.com/productos/motobike-master-kit-la-herramienta-que-tu-moto-necesita-6530/,product,true,200,true,true,true,false,https://www.kronosolopromocionales.com/productos/motobike-master-kit-la-herramienta-que-tu-moto-necesita-6530/,true,,0,100,,A_INDEXABLE,
https://www.kronosolopromocionales.com/productos/mug-metalico-arrow-600-ml-nuevomas-13569/,product,true,200,true,true,true,false,https://www.kronosolopromocionales.com/productos/mug-metalico-arrow-600-ml-nuevomas-13569/,true,,0,100,,A_INDEXABLE,
https://www.kronosolopromocionales.com/productos/mug-metalico-gillan-500-ml-nuevomas-13570/,product,true,200,true,true,true,false,https://www.kronosolopromocionales.com/productos/mug-metalico-gillan-500-ml-nuevomas-13570/,true,,0,100,,A_INDEXABLE,
https://www.kronosolopromocionales.com/productos/resaltador-de-cera-seren-nuevomas-13539/,product,true,200,true,true,true,false,https://www.kronosolopromocionales.com/productos/resaltador-de-cera-seren-nuevomas-13539/,true,,0,100,,A_INDEXABLE,
https://www.kronosolopromocionales.com/productos/lapiz-infinito-gemini-nuevomas-13540/,product,true,200,true,true,true,false,https://www.kronosolopromocionales.com/productos/lapiz-infinito-gemini-nuevomas-13540/,true,,0,100,,A_INDEXABLE,
https://www.kronosolopromocionales.com/productos/bolsa-en-cambrel-soot-nuevomas-13553/,product,true,200,true,true,true,false,https://www.kronosolopromocionales.com/productos/bolsa-en-cambrel-soot-nuevomas-13553/,true,,0,100,,A_INDEXABLE,
https://www.kronosolopromocionales.com/productos/bolsa-en-algodon-y-yute-nativ-300-gm-nuevomas-13554/,product,true,200,true,true,true,false,https://www.kronosolopromocionales.com/productos/bolsa-en-algodon-y-yute-nativ-300-gm-nuevomas-13554/,true,,0,100,,A_INDEXABLE,
https://www.kronosolopromocionales.com/productos/bolsa-en-algodon-basic-300-gm-nuevomas-13555/,product,true,200,true,true,true,false,https://www.kronosolopromocionales.com/productos/bolsa-en-algodon-basic-300-gm-nuevomas-13555/,true,,0,100,,A_INDEXABLE,
https://www.kronosolopromocionales.com/productos/planeador-semanal-week-nuevomas-13556/,product,true,200,true,true,true,false,https://www.kronosolopromocionales.com/productos/planeador-semanal-week-nuevomas-13556/,true,,0,100,,A_INDEXABLE,
https://www.kronosolopromocionales.com/productos/set-ml-422-rpet-nuevo-13557/,product,true,200,true,true,true,false,https://www.kronosolopromocionales.com/productos/set-ml-422-rpet-nuevo-13557/,true,,0,100,,A_INDEXABLE,
https://www.kronosolopromocionales.com/productos/set-ml-421-rpet-nuevo-13558/,product,true,200,true,true,true,false,https://www.kronosolopromocionales.com/productos/set-ml-421-rpet-nuevo-13558/,true,,0,100,,A_INDEXABLE,
https://www.kronosolopromocionales.com/productos/mug-lume-350-ml-nuevomas-13559/,product,true,200,true,true,true,false,https://www.kronosolopromocionales.com/productos/mug-lume-350-ml-nuevomas-13559/,true,,0,100,,A_INDEXABLE,
https://www.kronosolopromocionales.com/productos/paraguas-balan-23-nuevomas-13560/,product,true,200,true,true,true,false,https://www.kronosolopromocionales.com/productos/paraguas-balan-23-nuevomas-13560/,true,,0,100,,A_INDEXABLE,
https://www.kronosolopromocionales.com/productos/boligrafo-aldrich-metalizadomas-10664/,product,true,200,true,true,true,false,https://www.kronosolopromocionales.com/productos/boligrafo-aldrich-metalizadomas-10664/,true,,0,100,,A_INDEXABLE,
https://www.kronosolopromocionales.com/productos/boligrafo-aldrich-solidomas-10663/,product,true,200,true,true,true,false,https://www.kronosolopromocionales.com/productos/boligrafo-aldrich-solidomas-10663/,true,,0,100,,A_INDEXABLE,
https://www.kronosolopromocionales.com/productos/boligrafo-baniri-bamboomas-10658/,product,true,200,true,true,true,false,https://www.kronosolopromocionales.com/productos/boligrafo-baniri-bamboomas-10658/,true,,0,100,,A_INDEXABLE,
https://www.kronosolopromocionales.com/productos/boligrafo-helmetmas-10666/,product,true,200,true,true,true,false,https://www.kronosolopromocionales.com/productos/boligrafo-helmetmas-10666/,true,,0,100,,A_INDEXABLE,
https://www.kronosolopromocionales.com/productos/boligrafo-landonmas-10662/,product,true,200,true,true,true,false,https://www.kronosolopromocionales.com/productos/boligrafo-landonmas-10662/,true,,0,100,,A_INDEXABLE,
https://www.kronosolopromocionales.com/productos/boligrafo-luanamas-10661/,product,true,200,true,true,true,false,https://www.kronosolopromocionales.com/productos/boligrafo-luanamas-10661/,true,,0,100,,A_INDEXABLE,
https://www.kronosolopromocionales.com/productos/boligrafo-ziwei-bamboomas-10659/,product,true,200,true,true,true,false,https://www.kronosolopromocionales.com/productos/boligrafo-ziwei-bamboomas-10659/,true,,0,100,,A_INDEXABLE,
https://www.kronosolopromocionales.com/productos/cartoonmas-3010/,product,true,200,true,true,true,false,https://www.kronosolopromocionales.com/productos/cartoonmas-3010/,true,,0,100,,A_INDEXABLE,
https://www.kronosolopromocionales.com/productos/woodymas-3690/,product,true,200,true,true,true,false,https://www.kronosolopromocionales.com/productos/woodymas-3690/,true,,0,100,,A_INDEXABLE,
https://www.kronosolopromocionales.com/productos/ecologikmas-8231/,product,true,200,true,true,true,false,https://www.kronosolopromocionales.com/productos/ecologikmas-8231/,true,,0,100,,A_INDEXABLE,
https://www.kronosolopromocionales.com/productos/caja-de-te-produccion-nacional-7415/,product,true,200,true,true,true,false,https://www.kronosolopromocionales.com/productos/caja-de-te-produccion-nacional-7415/,true,,0,100,,A_INDEXABLE,
https://www.kronosolopromocionales.com/productos/domino-grande-ver-estuche-produccion-nacional-5291/,product,true,200,true,true,true,false,https://www.kronosolopromocionales.com/productos/domino-grande-ver-estuche-produccion-nacional-5291/,true,,0,100,,A_INDEXABLE,
https://www.kronosolopromocionales.com/productos/minidomino-produccion-nacional-2789/,product,true,200,true,true,true,false,https://www.kronosolopromocionales.com/productos/minidomino-produccion-nacional-2789/,true,,0,100,,A_INDEXABLE,
https://www.kronosolopromocionales.com/productos/frisbee-enjoy-produccion-nacional-5245/,product,true,200,true,true,true,false,https://www.kronosolopromocionales.com/productos/frisbee-enjoy-produccion-nacional-5245/,true,,0,100,,A_INDEXABLE,
https://www.kronosolopromocionales.com/productos/frisbee-original-produccion-nacional-2866/,product,true,200,true,true,true,false,https://www.kronosolopromocionales.com/productos/frisbee-original-produccion-nacional-2866/,true,,0,100,,A_INDEXABLE,
https://www.kronosolopromocionales.com/productos/frisbee-dinamo-produccion-nacional-2864/,product,true,200,true,true,true,false,https://www.kronosolopromocionales.com/productos/frisbee-dinamo-produccion-nacional-2864/,true,,0,100,,A_INDEXABLE,
https://www.kronosolopromocionales.com/productos/juego-portatil-produccion-nacional-7685/,product,true,200,true,true,true,false,https://www.kronosolopromocionales.com/productos/juego-portatil-produccion-nacional-7685/,true,,0,100,,A_INDEXABLE,
https://www.kronosolopromocionales.com/productos/frisbee-flexible-produccion-nacional-2865/,product,true,200,true,true,true,false,https://www.kronosolopromocionales.com/productos/frisbee-flexible-produccion-nacional-2865/,true,,0,100,,A_INDEXABLE,
https://www.kronosolopromocionales.com/productos/frisbee-aero-produccion-nacional-8028/,product,true,200,true,true,true,false,https://www.kronosolopromocionales.com/productos/frisbee-aero-produccion-nacional-8028/,true,,0,100,,A_INDEXABLE,
https://www.kronosolopromocionales.com/productos/yoyo-plastico-produccion-nacional-nuevo-9860/,product,true,200,true,true,true,false,https://www.kronosolopromocionales.com/productos/yoyo-plastico-produccion-nacional-nuevo-9860/,true,,0,100,,A_INDEXABLE,
https://www.kronosolopromocionales.com/productos/bolsa-clear-trenza-con-ribete-produccion-nacionalmas-6463/,product,true,200,true,true,true,false,https://www.kronosolopromocionales.com/productos/bolsa-clear-trenza-con-ribete-produccion-nacionalmas-6463/,true,,0,100,,A_INDEXABLE,
https://www.kronosolopromocionales.com/productos/bolsa-clear-zuzy-con-ribete-produccion-nacionalmas-6460/,product,true,200,true,true,true,false,https://www.kronosolopromocionales.com/productos/bolsa-clear-zuzy-con-ribete-produccion-nacionalmas-6460/,true,,0,100,,A_INDEXABLE,
https://www.kronosolopromocionales.com/productos/botilito-sport-650ml-produccion-nacionalmas-4083/,product,true,200,true,true,true,false,https://www.kronosolopromocionales.com/productos/botilito-sport-650ml-produccion-nacionalmas-4083/,true,,0,100,,A_INDEXABLE,
https://www.kronosolopromocionales.com/productos/botilito-siluet-500-ml-ver-tipo-tapa-produccion-nacional-4086/,product,true,200,true,true,true,false,https://www.kronosolopromocionales.com/productos/botilito-siluet-500-ml-ver-tipo-tapa-produccion-nacional-4086/,true,,0,100,,A_INDEXABLE,
https://www.kronosolopromocionales.com/productos/soporte-para-moviles-strike-produccion-nacionalmas-10282/,product,true,200,true,true,true,false,https://www.kronosolopromocionales.com/productos/soporte-para-moviles-strike-produccion-nacionalmas-10282/,true,,0,100,,A_INDEXABLE,
https://www.kronosolopromocionales.com/productos/relojes-alcancia-piggy-max/,product,true,200,true,true,true,false,https://www.kronosolopromocionales.com/productos/relojes-alcancia-piggy-max/,true,,0,80,nombre_duplicado_sin_canonical,E_DUPLICADO,"Mismo nombre que otro producto con slug no relacionado por ID (grupo dup-2) — candidato a ""duplicada sin canonical"" de GSC"
https://www.kronosolopromocionales.com/productos/relojes-boligrafo-mini-dwell/,product,true,200,true,true,true,false,https://www.kronosolopromocionales.com/productos/relojes-boligrafo-mini-dwell/,true,,0,100,,A_INDEXABLE,
https://www.kronosolopromocionales.com/productos/relojes-sporty-bag-garda/,product,true,200,true,true,true,false,https://www.kronosolopromocionales.com/productos/relojes-sporty-bag-garda/,true,,0,100,,A_INDEXABLE,
https://www.kronosolopromocionales.com/productos/relojes-cobija-pillow/,product,true,200,true,true,true,false,https://www.kronosolopromocionales.com/productos/relojes-cobija-pillow/,true,,0,80,nombre_duplicado_sin_canonical,E_DUPLICADO,"Mismo nombre que otro producto con slug no relacionado por ID (grupo dup-3) — candidato a ""duplicada sin canonical"" de GSC"
https://www.kronosolopromocionales.com/productos/relojes-catalogo-novelties/,product,true,200,true,true,true,false,https://www.kronosolopromocionales.com/productos/relojes-catalogo-novelties/,true,,0,100,,A_INDEXABLE,
https://www.kronosolopromocionales.com/productos/relojes-catalogo-novelties-2026/,product,true,200,true,true,true,false,https://www.kronosolopromocionales.com/productos/relojes-catalogo-novelties-2026/,true,,0,100,,A_INDEXABLE,
https://www.kronosolopromocionales.com/productos/relojes-catalogo-mundial-2026/,product,true,200,true,true,true,false,https://www.kronosolopromocionales.com/productos/relojes-catalogo-mundial-2026/,true,,0,100,,A_INDEXABLE,
https://www.kronosolopromocionales.com/productos/relojes-catalogo-produccion-nacional/,product,true,200,true,true,true,false,https://www.kronosolopromocionales.com/productos/relojes-catalogo-produccion-nacional/,true,,0,100,,A_INDEXABLE,
https://www.kronosolopromocionales.com/productos/boligrafo-carter-eco-10533/,product,true,200,true,true,true,false,https://www.kronosolopromocionales.com/productos/boligrafo-carter-eco-10533/,true,,1,100,,A_INDEXABLE,
https://www.kronosolopromocionales.com/productos/liquido-antibacterial-holder-spray-10ml-produccion-nacional-9731/,product,true,200,true,true,true,false,https://www.kronosolopromocionales.com/productos/liquido-antibacterial-holder-spray-10ml-produccion-nacional-9731/,true,,0,100,,A_INDEXABLE,
https://www.kronosolopromocionales.com/productos/aro-de-pilates-ring-9736/,product,true,200,true,true,true,false,https://www.kronosolopromocionales.com/productos/aro-de-pilates-ring-9736/,true,,0,100,,A_INDEXABLE,
https://www.kronosolopromocionales.com/productos/pitillo-reutilizable-metalico-bamboo-9954/,product,true,200,true,true,true,false,https://www.kronosolopromocionales.com/productos/pitillo-reutilizable-metalico-bamboo-9954/,true,,0,100,,A_INDEXABLE,
https://www.kronosolopromocionales.com/productos/ducal-eco-9252/,product,true,200,true,true,true,false,https://www.kronosolopromocionales.com/productos/ducal-eco-9252/,true,,0,100,,A_INDEXABLE,
https://www.kronosolopromocionales.com/productos/boligrafo-flom-4-1-antibacteriano-9531/,product,true,200,true,true,true,false,https://www.kronosolopromocionales.com/productos/boligrafo-flom-4-1-antibacteriano-9531/,true,,2,100,,A_INDEXABLE,
https://www.kronosolopromocionales.com/productos/boligrafo-gamma-rpet-10017/,product,true,200,true,true,true,false,https://www.kronosolopromocionales.com/productos/boligrafo-gamma-rpet-10017/,true,,0,100,,A_INDEXABLE,
https://www.kronosolopromocionales.com/productos/metro-square-bamboo-10448/,product,true,200,true,true,true,false,https://www.kronosolopromocionales.com/productos/metro-square-bamboo-10448/,true,,0,100,,A_INDEXABLE,
https://www.kronosolopromocionales.com/productos/set-de-destornilladores-triangular-10536/,product,true,200,true,true,true,false,https://www.kronosolopromocionales.com/productos/set-de-destornilladores-triangular-10536/,true,,0,100,,A_INDEXABLE,
https://www.kronosolopromocionales.com/productos/set-de-destornilladores-paddle-10965/,product,true,200,true,true,true,false,https://www.kronosolopromocionales.com/productos/set-de-destornilladores-paddle-10965/,true,,0,100,,A_INDEXABLE,
https://www.kronosolopromocionales.com/productos/regla-plegable-con-llavero-11052/,product,true,200,true,true,true,false,https://www.kronosolopromocionales.com/productos/regla-plegable-con-llavero-11052/,true,,0,100,,A_INDEXABLE,
https://www.kronosolopromocionales.com/productos/crispetera-en-silicona-oil-free-9634/,product,true,200,true,true,true,false,https://www.kronosolopromocionales.com/productos/crispetera-en-silicona-oil-free-9634/,true,,0,100,,A_INDEXABLE,
https://www.kronosolopromocionales.com/productos/aireador-electrico-para-vino-9965/,product,true,200,true,true,true,false,https://www.kronosolopromocionales.com/productos/aireador-electrico-para-vino-9965/,true,,0,100,,A_INDEXABLE,
https://www.kronosolopromocionales.com/productos/set-de-bomba-de-vacio-9966/,product,true,200,true,true,true,false,https://www.kronosolopromocionales.com/productos/set-de-bomba-de-vacio-9966/,true,,0,100,,A_INDEXABLE,
https://www.kronosolopromocionales.com/productos/espatula-para-pizza-10061/,product,true,200,true,true,true,false,https://www.kronosolopromocionales.com/productos/espatula-para-pizza-10061/,true,,0,100,,A_INDEXABLE,
https://www.kronosolopromocionales.com/productos/set-de-cubiertos-camping-10064/,product,true,200,true,true,true,false,https://www.kronosolopromocionales.com/productos/set-de-cubiertos-camping-10064/,true,,0,100,,A_INDEXABLE,
https://www.kronosolopromocionales.com/productos/portabotellas-en-madera-10071/,product,true,200,true,true,true,false,https://www.kronosolopromocionales.com/productos/portabotellas-en-madera-10071/,true,,0,100,,A_INDEXABLE,
https://www.kronosolopromocionales.com/productos/picnic-set-10074/,product,true,200,true,true,true,false,https://www.kronosolopromocionales.com/productos/picnic-set-10074/,true,,0,100,,A_INDEXABLE,
https://www.kronosolopromocionales.com/productos/soporte-en-silicona-para-cucharas-de-cocina-10528/,product,true,200,true,true,true,false,https://www.kronosolopromocionales.com/productos/soporte-en-silicona-para-cucharas-de-cocina-10528/,true,,0,100,,A_INDEXABLE,
https://www.kronosolopromocionales.com/productos/destapador-con-navaja-eco-11049/,product,true,200,true,true,true,false,https://www.kronosolopromocionales.com/productos/destapador-con-navaja-eco-11049/,true,,0,100,,A_INDEXABLE,
https://www.kronosolopromocionales.com/productos/boligrafo-holographic-10245/,product,true,200,true,true,true,false,https://www.kronosolopromocionales.com/productos/boligrafo-holographic-10245/,true,,0,100,,A_INDEXABLE,
https://www.kronosolopromocionales.com/productos/boligrafo-jenkin-10246/,product,true,200,true,true,true,false,https://www.kronosolopromocionales.com/productos/boligrafo-jenkin-10246/,true,,0,100,,A_INDEXABLE,
https://www.kronosolopromocionales.com/productos/boligrafo-jester-coffee-10019/,product,true,200,true,true,true,false,https://www.kronosolopromocionales.com/productos/boligrafo-jester-coffee-10019/,true,,0,100,,A_INDEXABLE,
https://www.kronosolopromocionales.com/productos/frisbee-pop-10484/,product,true,200,true,true,true,false,https://www.kronosolopromocionales.com/productos/frisbee-pop-10484/,true,,0,100,,A_INDEXABLE,
https://www.kronosolopromocionales.com/productos/boligrafo-lepper-10024/,product,true,200,true,true,true,false,https://www.kronosolopromocionales.com/productos/boligrafo-lepper-10024/,true,,0,100,,A_INDEXABLE,
https://www.kronosolopromocionales.com/productos/boligrafo-maze-9946/,product,true,200,true,true,true,false,https://www.kronosolopromocionales.com/productos/boligrafo-maze-9946/,true,,0,100,,A_INDEXABLE,
https://www.kronosolopromocionales.com/productos/jarra-en-vidrio-kolors-16oz-8052/,product,true,200,true,true,true,false,https://www.kronosolopromocionales.com/productos/jarra-en-vidrio-kolors-16oz-8052/,true,,0,100,,A_INDEXABLE,
https://www.kronosolopromocionales.com/productos/jarra-cafetera-en-acero-inoxidable-coffee-13l-9194/,product,true,200,true,true,true,false,https://www.kronosolopromocionales.com/productos/jarra-cafetera-en-acero-inoxidable-coffee-13l-9194/,true,,0,100,,A_INDEXABLE,
https://www.kronosolopromocionales.com/productos/botilito-en-vidrio-neoprene-450ml-9438/,product,true,200,true,true,true,false,https://www.kronosolopromocionales.com/productos/botilito-en-vidrio-neoprene-450ml-9438/,true,,0,100,,A_INDEXABLE,
https://www.kronosolopromocionales.com/productos/mug-plastico-con-corcho-16oz-9562/,product,true,200,true,true,true,false,https://www.kronosolopromocionales.com/productos/mug-plastico-con-corcho-16oz-9562/,true,,0,100,,A_INDEXABLE,
https://www.kronosolopromocionales.com/productos/mug-plastico-trink-480ml-10080/,product,true,200,true,true,true,false,https://www.kronosolopromocionales.com/productos/mug-plastico-trink-480ml-10080/,true,,0,100,,A_INDEXABLE,
https://www.kronosolopromocionales.com/productos/botilito-plastico-cory-petg-900ml-10090/,product,true,200,true,true,true,false,https://www.kronosolopromocionales.com/productos/botilito-plastico-cory-petg-900ml-10090/,true,,0,100,,A_INDEXABLE,
https://www.kronosolopromocionales.com/productos/botilito-plastico-kepler-650ml-10295/,product,true,200,true,true,true,false,https://www.kronosolopromocionales.com/productos/botilito-plastico-kepler-650ml-10295/,true,,0,100,,A_INDEXABLE,
https://www.kronosolopromocionales.com/productos/mug-plastico-idris-300ml-10355/,product,true,200,true,true,true,false,https://www.kronosolopromocionales.com/productos/mug-plastico-idris-300ml-10355/,true,,0,100,,A_INDEXABLE,
https://www.kronosolopromocionales.com/productos/botilito-plastico-avalon-pet-750ml-10490/,product,true,200,true,true,true,false,https://www.kronosolopromocionales.com/productos/botilito-plastico-avalon-pet-750ml-10490/,true,,0,100,,A_INDEXABLE,
https://www.kronosolopromocionales.com/productos/set-de-boligrafo-y-libreta-lawson-9089/,product,true,200,true,true,true,false,https://www.kronosolopromocionales.com/productos/set-de-boligrafo-y-libreta-lawson-9089/,true,,0,100,,A_INDEXABLE,
https://www.kronosolopromocionales.com/productos/portaidentificador-de-carnet-con-limpiador-9321/,product,true,200,true,true,true,false,https://www.kronosolopromocionales.com/productos/portaidentificador-de-carnet-con-limpiador-9321/,true,,0,100,,A_INDEXABLE,
https://www.kronosolopromocionales.com/productos/mini-libreta-bamboo-eco-9950/,product,true,200,true,true,true,false,https://www.kronosolopromocionales.com/productos/mini-libreta-bamboo-eco-9950/,true,,0,100,,A_INDEXABLE,
https://www.kronosolopromocionales.com/productos/libreta-con-boligrafo-coffee-10105/,product,true,200,true,true,true,false,https://www.kronosolopromocionales.com/productos/libreta-con-boligrafo-coffee-10105/,true,,0,100,,A_INDEXABLE,
https://www.kronosolopromocionales.com/productos/libreta-malik-96-hojas-10409/,product,true,200,true,true,true,false,https://www.kronosolopromocionales.com/productos/libreta-malik-96-hojas-10409/,true,,0,100,,A_INDEXABLE,
https://www.kronosolopromocionales.com/productos/cinta-para-portacarnet-cork-10346/,product,true,200,true,true,true,false,https://www.kronosolopromocionales.com/productos/cinta-para-portacarnet-cork-10346/,true,,0,100,,A_INDEXABLE,
https://www.kronosolopromocionales.com/productos/libreta-eco-milk-70-hojas-10447/,product,true,200,true,true,true,false,https://www.kronosolopromocionales.com/productos/libreta-eco-milk-70-hojas-10447/,true,,0,100,,A_INDEXABLE,
https://www.kronosolopromocionales.com/productos/libreta-jokull-10984/,product,true,200,true,true,true,false,https://www.kronosolopromocionales.com/productos/libreta-jokull-10984/,true,,0,100,,A_INDEXABLE,
https://www.kronosolopromocionales.com/productos/regla-pop-it-11027/,product,true,200,true,true,true,false,https://www.kronosolopromocionales.com/productos/regla-pop-it-11027/,true,,0,100,,A_INDEXABLE,
https://www.kronosolopromocionales.com/productos/libreta-valdis-cork-11058/,product,true,200,true,true,true,false,https://www.kronosolopromocionales.com/productos/libreta-valdis-cork-11058/,true,,0,100,,A_INDEXABLE,
https://www.kronosolopromocionales.com/productos/mini-libreta-darvi-11059/,product,true,200,true,true,true,false,https://www.kronosolopromocionales.com/productos/mini-libreta-darvi-11059/,true,,0,100,,A_INDEXABLE,
https://www.kronosolopromocionales.com/productos/boligrafo-pebble-11022/,product,true,200,true,true,true,false,https://www.kronosolopromocionales.com/productos/boligrafo-pebble-11022/,true,,0,100,,A_INDEXABLE,
https://www.kronosolopromocionales.com/productos/boligrafo-portent-cartoon-10031/,product,true,200,true,true,true,false,https://www.kronosolopromocionales.com/productos/boligrafo-portent-cartoon-10031/,true,,0,100,,A_INDEXABLE,
https://www.kronosolopromocionales.com/productos/boligrafo-rush-neon-10034/,product,true,200,true,true,true,false,https://www.kronosolopromocionales.com/productos/boligrafo-rush-neon-10034/,true,,0,100,,A_INDEXABLE,
https://www.kronosolopromocionales.com/productos/paraguas-de-madera-en-poliester-23-8910/,product,true,200,true,true,true,false,https://www.kronosolopromocionales.com/productos/paraguas-de-madera-en-poliester-23-8910/,true,,0,100,,A_INDEXABLE,
https://www.kronosolopromocionales.com/productos/paraguas-brook-ergo-27-9187/,product,true,200,true,true,true,false,https://www.kronosolopromocionales.com/productos/paraguas-brook-ergo-27-9187/,true,,0,80,nombre_duplicado_sin_canonical,E_DUPLICADO,"Mismo nombre que otro producto con slug no relacionado por ID (grupo dup-4) — candidato a ""duplicada sin canonical"" de GSC"
https://www.kronosolopromocionales.com/productos/boligrafo-spray-max-antibacteriano-9479/,product,true,200,true,true,true,false,https://www.kronosolopromocionales.com/productos/boligrafo-spray-max-antibacteriano-9479/,true,,3,100,,A_INDEXABLE,
https://www.kronosolopromocionales.com/productos/soporte-para-moviles-pump-bamboo-10431/,product,true,200,true,true,true,false,https://www.kronosolopromocionales.com/productos/soporte-para-moviles-pump-bamboo-10431/,true,,0,100,,A_INDEXABLE,
https://www.kronosolopromocionales.com/productos/soporte-magnetico-para-moviles-aluminio-9636/,product,true,200,true,true,true,false,https://www.kronosolopromocionales.com/productos/soporte-magnetico-para-moviles-aluminio-9636/,true,,0,100,,A_INDEXABLE,
https://www.kronosolopromocionales.com/productos/soporte-metalico-para-moviles-aluminium-9662/,product,true,200,true,true,true,false,https://www.kronosolopromocionales.com/productos/soporte-metalico-para-moviles-aluminium-9662/,true,,0,100,,A_INDEXABLE,
https://www.kronosolopromocionales.com/productos/bandeja-portatil-para-laptop-9672/,product,true,200,true,true,true,false,https://www.kronosolopromocionales.com/productos/bandeja-portatil-para-laptop-9672/,true,,0,100,,A_INDEXABLE,
https://www.kronosolopromocionales.com/productos/soporte-para-tablets-pillow-9691/,product,true,200,true,true,true,false,https://www.kronosolopromocionales.com/productos/soporte-para-tablets-pillow-9691/,true,,0,100,,A_INDEXABLE,
https://www.kronosolopromocionales.com/productos/mesa-para-laptop-9805/,product,true,200,true,true,true,false,https://www.kronosolopromocionales.com/productos/mesa-para-laptop-9805/,true,,0,100,,A_INDEXABLE,
https://www.kronosolopromocionales.com/productos/cargador-inalambrico-3-1-9959/,product,true,200,true,true,true,false,https://www.kronosolopromocionales.com/productos/cargador-inalambrico-3-1-9959/,true,,0,100,,A_INDEXABLE,
https://www.kronosolopromocionales.com/productos/audifonos-bluetooth-sportbone-9943/,product,true,200,true,true,true,false,https://www.kronosolopromocionales.com/productos/audifonos-bluetooth-sportbone-9943/,true,,0,100,,A_INDEXABLE,
https://www.kronosolopromocionales.com/productos/audifonos-bluetooth-aerobone-9944/,product,true,200,true,true,true,false,https://www.kronosolopromocionales.com/productos/audifonos-bluetooth-aerobone-9944/,true,,0,100,,A_INDEXABLE,
https://www.kronosolopromocionales.com/productos/audifonos-inalambricos-kick-urban-travel-9925/,product,true,200,true,true,true,false,https://www.kronosolopromocionales.com/productos/audifonos-inalambricos-kick-urban-travel-9925/,true,,0,100,,A_INDEXABLE,
https://www.kronosolopromocionales.com/productos/speaker-bluetooth-con-luz-emergency-10134/,product,true,200,true,true,true,false,https://www.kronosolopromocionales.com/productos/speaker-bluetooth-con-luz-emergency-10134/,true,,0,100,,A_INDEXABLE,
https://www.kronosolopromocionales.com/productos/speaker-de-induccion-bamboo-10141/,product,true,200,true,true,true,false,https://www.kronosolopromocionales.com/productos/speaker-de-induccion-bamboo-10141/,true,,0,100,,A_INDEXABLE,
https://www.kronosolopromocionales.com/productos/speaker-bluetooth-con-audifonos-10142/,product,true,200,true,true,true,false,https://www.kronosolopromocionales.com/productos/speaker-bluetooth-con-audifonos-10142/,true,,0,100,,A_INDEXABLE,
https://www.kronosolopromocionales.com/productos/soporte-para-moviles-con-microfibra-10403/,product,true,200,true,true,true,false,https://www.kronosolopromocionales.com/productos/soporte-para-moviles-con-microfibra-10403/,true,,0,100,,A_INDEXABLE,
https://www.kronosolopromocionales.com/productos/soporte-para-moviles-chill-10382/,product,true,200,true,true,true,false,https://www.kronosolopromocionales.com/productos/soporte-para-moviles-chill-10382/,true,,0,100,,A_INDEXABLE,
https://www.kronosolopromocionales.com/productos/speaker-bluetooth-eco-cork-10336/,product,true,200,true,true,true,false,https://www.kronosolopromocionales.com/productos/speaker-bluetooth-eco-cork-10336/,true,,0,100,,A_INDEXABLE,
https://www.kronosolopromocionales.com/productos/speaker-bluetooth-zip-cork-10424/,product,true,200,true,true,true,false,https://www.kronosolopromocionales.com/productos/speaker-bluetooth-zip-cork-10424/,true,,0,100,,A_INDEXABLE,
https://www.kronosolopromocionales.com/productos/audifonos-bluetooth-cork-10425/,product,true,200,true,true,true,false,https://www.kronosolopromocionales.com/productos/audifonos-bluetooth-cork-10425/,true,,0,100,,A_INDEXABLE,
https://www.kronosolopromocionales.com/productos/speaker-bluetooth-tanner-rpet-10491/,product,true,200,true,true,true,false,https://www.kronosolopromocionales.com/productos/speaker-bluetooth-tanner-rpet-10491/,true,,0,100,,A_INDEXABLE,
https://www.kronosolopromocionales.com/productos/speaker-bluetooth-ringo-bamboo-10495/,product,true,200,true,true,true,false,https://www.kronosolopromocionales.com/productos/speaker-bluetooth-ringo-bamboo-10495/,true,,0,100,,A_INDEXABLE,
https://www.kronosolopromocionales.com/productos/speaker-bluetooth-wyn-2-1-10478/,product,true,200,true,true,true,false,https://www.kronosolopromocionales.com/productos/speaker-bluetooth-wyn-2-1-10478/,true,,0,100,,A_INDEXABLE,
https://www.kronosolopromocionales.com/productos/speaker-bluetooth-cyrus-cork-10475/,product,true,200,true,true,true,false,https://www.kronosolopromocionales.com/productos/speaker-bluetooth-cyrus-cork-10475/,true,,0,100,,A_INDEXABLE,
https://www.kronosolopromocionales.com/productos/cargador-inalambrico-multifuncion-10328/,product,true,200,true,true,true,false,https://www.kronosolopromocionales.com/productos/cargador-inalambrico-multifuncion-10328/,true,,0,100,,A_INDEXABLE,
https://www.kronosolopromocionales.com/productos/soporte-para-moviles-cup-10477/,product,true,200,true,true,true,false,https://www.kronosolopromocionales.com/productos/soporte-para-moviles-cup-10477/,true,,0,100,,A_INDEXABLE,
https://www.kronosolopromocionales.com/productos/speaker-bluetooth-micro-karaoke-10919/,product,true,200,true,true,true,false,https://www.kronosolopromocionales.com/productos/speaker-bluetooth-micro-karaoke-10919/,true,,0,100,,A_INDEXABLE,
https://www.kronosolopromocionales.com/productos/cargador-inalambrico-coil-eco-10742/,product,true,200,true,true,true,false,https://www.kronosolopromocionales.com/productos/cargador-inalambrico-coil-eco-10742/,true,,0,100,,A_INDEXABLE,
https://www.kronosolopromocionales.com/productos/speaker-bluetooth-alden-eco-10743/,product,true,200,true,true,true,false,https://www.kronosolopromocionales.com/productos/speaker-bluetooth-alden-eco-10743/,true,,0,100,,A_INDEXABLE,
https://www.kronosolopromocionales.com/productos/gancho-carabinero-lock-10401/,product,true,200,true,true,true,false,https://www.kronosolopromocionales.com/productos/gancho-carabinero-lock-10401/,true,,0,100,,A_INDEXABLE,
https://www.kronosolopromocionales.com/productos/timbre-bike-10359/,product,true,200,true,true,true,false,https://www.kronosolopromocionales.com/productos/timbre-bike-10359/,true,,0,100,,A_INDEXABLE,
https://www.kronosolopromocionales.com/productos/morral-backpack-glow-10366/,product,true,200,true,true,true,false,https://www.kronosolopromocionales.com/productos/morral-backpack-glow-10366/,true,,0,100,,A_INDEXABLE,
https://www.kronosolopromocionales.com/productos/mouse-pad-iggy-10373/,product,true,200,true,true,true,false,https://www.kronosolopromocionales.com/productos/mouse-pad-iggy-10373/,true,,0,100,,A_INDEXABLE,
https://www.kronosolopromocionales.com/productos/estuche-cosmetiquera-10572/,product,true,200,true,true,true,false,https://www.kronosolopromocionales.com/productos/estuche-cosmetiquera-10572/,true,,0,100,,A_INDEXABLE,
https://www.kronosolopromocionales.com/productos/bowl-mat-para-mascotas-10981/,product,true,200,true,true,true,false,https://www.kronosolopromocionales.com/productos/bowl-mat-para-mascotas-10981/,true,,0,100,,A_INDEXABLE,
https://www.kronosolopromocionales.com/productos/morral-backpack-skylar-10786/,product,true,200,true,true,true,false,https://www.kronosolopromocionales.com/productos/morral-backpack-skylar-10786/,true,,0,100,,A_INDEXABLE,
https://www.kronosolopromocionales.com/productos/clip-cork-10939/,product,true,200,true,true,true,false,https://www.kronosolopromocionales.com/productos/clip-cork-10939/,true,,0,100,,A_INDEXABLE,
https://www.kronosolopromocionales.com/productos/bolsa-en-cambrel-savannah-8190/,product,true,200,true,true,true,false,https://www.kronosolopromocionales.com/productos/bolsa-en-cambrel-savannah-8190/,true,,0,100,,A_INDEXABLE,
https://www.kronosolopromocionales.com/productos/soporte-viajero-8674/,product,true,200,true,true,true,false,https://www.kronosolopromocionales.com/productos/soporte-viajero-8674/,true,,0,100,,A_INDEXABLE,
https://www.kronosolopromocionales.com/productos/bolsa-metalizada-hologram-9154/,product,true,200,true,true,true,false,https://www.kronosolopromocionales.com/productos/bolsa-metalizada-hologram-9154/,true,,0,100,,A_INDEXABLE,
https://www.kronosolopromocionales.com/productos/manija-shopping-9816/,product,true,200,true,true,true,false,https://www.kronosolopromocionales.com/productos/manija-shopping-9816/,true,,0,100,,A_INDEXABLE,
https://www.kronosolopromocionales.com/productos/morral-backpack-bound-10172/,product,true,200,true,true,true,false,https://www.kronosolopromocionales.com/productos/morral-backpack-bound-10172/,true,,0,100,,A_INDEXABLE,
https://www.kronosolopromocionales.com/productos/morral-backpack-onyx-oferta-10365/,product,true,200,true,true,true,false,https://www.kronosolopromocionales.com/productos/morral-backpack-onyx-oferta-10365/,true,,0,100,,A_INDEXABLE,
https://www.kronosolopromocionales.com/productos/set-de-cubiertos-eco-material-antibacteriano-9694/,product,true,200,true,true,true,false,https://www.kronosolopromocionales.com/productos/set-de-cubiertos-eco-material-antibacteriano-9694/,true,,0,100,,A_INDEXABLE,
https://www.kronosolopromocionales.com/productos/portacomidas-eco-holder-antibacteriano-9536/,product,true,200,true,true,true,false,https://www.kronosolopromocionales.com/productos/portacomidas-eco-holder-antibacteriano-9536/,true,,0,100,,A_INDEXABLE,
https://www.kronosolopromocionales.com/productos/klean-antibacteriano-oferta-9468/,product,true,200,true,true,true,false,https://www.kronosolopromocionales.com/productos/klean-antibacteriano-oferta-9468/,true,,0,100,,A_INDEXABLE,
https://www.kronosolopromocionales.com/productos/portacomidas-con-cubiertos-eco-square-ii-produccion-nacional-9855/,product,true,200,true,true,true,false,https://www.kronosolopromocionales.com/productos/portacomidas-con-cubiertos-eco-square-ii-produccion-nacional-9855/,true,,0,100,,A_INDEXABLE,
https://www.kronosolopromocionales.com/productos/boligrafo-ventura-spray-antibacteriano-oferta-9482/,product,true,200,true,true,true,false,https://www.kronosolopromocionales.com/productos/boligrafo-ventura-spray-antibacteriano-oferta-9482/,true,,0,100,,A_INDEXABLE,
https://www.kronosolopromocionales.com/productos/boligrafo-vinnie-antibacteriano-9611/,product,true,200,true,true,true,false,https://www.kronosolopromocionales.com/productos/boligrafo-vinnie-antibacteriano-9611/,true,,0,100,,A_INDEXABLE,
https://www.kronosolopromocionales.com/productos/boligrafo-vinnie-stylus-antibacteriano-9669/,product,true,200,true,true,true,false,https://www.kronosolopromocionales.com/productos/boligrafo-vinnie-stylus-antibacteriano-9669/,true,,0,100,,A_INDEXABLE,
https://www.kronosolopromocionales.com/productos/sporty-bag-reflectiva-security-9190/,product,true,200,true,true,true,false,https://www.kronosolopromocionales.com/productos/sporty-bag-reflectiva-security-9190/,true,,0,100,,A_INDEXABLE,
https://www.kronosolopromocionales.com/productos/bolsa-reflectiva-security-9189/,product,true,200,true,true,true,false,https://www.kronosolopromocionales.com/productos/bolsa-reflectiva-security-9189/,true,,0,100,,A_INDEXABLE,
https://www.kronosolopromocionales.com/productos/set-de-herramientas-bottle-bike-10286/,product,true,200,true,true,true,false,https://www.kronosolopromocionales.com/productos/set-de-herramientas-bottle-bike-10286/,true,,0,100,,A_INDEXABLE,
https://www.kronosolopromocionales.com/productos/set-licorera-malt-9909/,product,true,200,true,true,true,false,https://www.kronosolopromocionales.com/productos/set-licorera-malt-9909/,true,,0,100,,A_INDEXABLE,
https://www.kronosolopromocionales.com/productos/mini-licorera-6oz-8463/,product,true,200,true,true,true,false,https://www.kronosolopromocionales.com/productos/mini-licorera-6oz-8463/,true,,0,100,,A_INDEXABLE,
https://www.kronosolopromocionales.com/productos/set-de-vino-sutton-10070/,product,true,200,true,true,true,false,https://www.kronosolopromocionales.com/productos/set-de-vino-sutton-10070/,true,,0,100,,A_INDEXABLE,
https://www.kronosolopromocionales.com/productos/mini-licorera-jacoby-6oz-10075/,product,true,200,true,true,true,false,https://www.kronosolopromocionales.com/productos/mini-licorera-jacoby-6oz-10075/,true,,0,100,,A_INDEXABLE,
https://www.kronosolopromocionales.com/productos/set-portavasos-bamboo-puzzle-10072/,product,true,200,true,true,true,false,https://www.kronosolopromocionales.com/productos/set-portavasos-bamboo-puzzle-10072/,true,,0,100,,A_INDEXABLE,
https://www.kronosolopromocionales.com/productos/copa-plastica-celtic-15oz-produccion-nacional-9920/,product,true,200,true,true,true,false,https://www.kronosolopromocionales.com/productos/copa-plastica-celtic-15oz-produccion-nacional-9920/,true,,0,100,,A_INDEXABLE,
https://www.kronosolopromocionales.com/productos/copa-plastica-party-1oz-produccion-nacional-9696/,product,true,200,true,true,true,false,https://www.kronosolopromocionales.com/productos/copa-plastica-party-1oz-produccion-nacional-9696/,true,,0,100,,A_INDEXABLE,
https://www.kronosolopromocionales.com/productos/metro-destapador-bamboo-10262/,product,true,200,true,true,true,false,https://www.kronosolopromocionales.com/productos/metro-destapador-bamboo-10262/,true,,0,100,,A_INDEXABLE,
https://www.kronosolopromocionales.com/productos/set-de-vino-en-bambu-ii-9719/,product,true,200,true,true,true,false,https://www.kronosolopromocionales.com/productos/set-de-vino-en-bambu-ii-9719/,true,,0,100,,A_INDEXABLE,
https://www.kronosolopromocionales.com/productos/set-de-bar-martini-9740/,product,true,200,true,true,true,false,https://www.kronosolopromocionales.com/productos/set-de-bar-martini-9740/,true,,0,100,,A_INDEXABLE,
https://www.kronosolopromocionales.com/productos/set-de-tablas-wine-snack-9755/,product,true,200,true,true,true,false,https://www.kronosolopromocionales.com/productos/set-de-tablas-wine-snack-9755/,true,,0,100,,A_INDEXABLE,
https://www.kronosolopromocionales.com/productos/llavero-destapador-holder-9546/,product,true,200,true,true,true,false,https://www.kronosolopromocionales.com/productos/llavero-destapador-holder-9546/,true,,0,100,,A_INDEXABLE,
https://www.kronosolopromocionales.com/productos/balde-multiusos-10281/,product,true,200,true,true,true,false,https://www.kronosolopromocionales.com/productos/balde-multiusos-10281/,true,,0,100,,A_INDEXABLE,
https://www.kronosolopromocionales.com/productos/set-de-licorera-con-juegos-10405/,product,true,200,true,true,true,false,https://www.kronosolopromocionales.com/productos/set-de-licorera-con-juegos-10405/,true,,0,100,,A_INDEXABLE,
https://www.kronosolopromocionales.com/productos/set-de-bar-benson-10404/,product,true,200,true,true,true,false,https://www.kronosolopromocionales.com/productos/set-de-bar-benson-10404/,true,,0,100,,A_INDEXABLE,
https://www.kronosolopromocionales.com/productos/destapador-bamboo-wine-10406/,product,true,200,true,true,true,false,https://www.kronosolopromocionales.com/productos/destapador-bamboo-wine-10406/,true,,0,100,,A_INDEXABLE,
https://www.kronosolopromocionales.com/productos/cuello-multifuncional-para-sublimacion-8689/,product,true,200,true,true,true,false,https://www.kronosolopromocionales.com/productos/cuello-multifuncional-para-sublimacion-8689/,true,,0,100,,A_INDEXABLE,
https://www.kronosolopromocionales.com/productos/set-de-herramientas-para-bicicleta-gearx-oferta-10055/,product,true,200,true,true,true,false,https://www.kronosolopromocionales.com/productos/set-de-herramientas-para-bicicleta-gearx-oferta-10055/,true,,0,100,,A_INDEXABLE,
https://www.kronosolopromocionales.com/productos/linterna-para-bicicleta-snake-ii-10197/,product,true,200,true,true,true,false,https://www.kronosolopromocionales.com/productos/linterna-para-bicicleta-snake-ii-10197/,true,,0,100,,A_INDEXABLE,
https://www.kronosolopromocionales.com/productos/banda-sport-led-10468/,product,true,200,true,true,true,false,https://www.kronosolopromocionales.com/productos/banda-sport-led-10468/,true,,0,100,,A_INDEXABLE,
https://www.kronosolopromocionales.com/productos/audifonos-bluetooth-taylor-ii-oferta-9865/,product,true,200,true,true,true,false,https://www.kronosolopromocionales.com/productos/audifonos-bluetooth-taylor-ii-oferta-9865/,true,,0,100,,A_INDEXABLE,
https://www.kronosolopromocionales.com/productos/organizador-para-bicicleta-9821/,product,true,200,true,true,true,false,https://www.kronosolopromocionales.com/productos/organizador-para-bicicleta-9821/,true,,0,100,,A_INDEXABLE,
https://www.kronosolopromocionales.com/productos/morral-backpack-grant-9832/,product,true,200,true,true,true,false,https://www.kronosolopromocionales.com/productos/morral-backpack-grant-9832/,true,,0,100,,A_INDEXABLE,
https://www.kronosolopromocionales.com/productos/linterna-recargable-head-13227/,product,true,200,true,true,true,false,https://www.kronosolopromocionales.com/productos/linterna-recargable-head-13227/,true,,0,100,,A_INDEXABLE,
https://www.kronosolopromocionales.com/productos/banda-recargable-sporty-13228/,product,true,200,true,true,true,false,https://www.kronosolopromocionales.com/productos/banda-recargable-sporty-13228/,true,,0,100,,A_INDEXABLE,
https://www.kronosolopromocionales.com/productos/calculadora-multicolor-12-digitos-11121/,product,true,200,true,true,true,false,https://www.kronosolopromocionales.com/productos/calculadora-multicolor-12-digitos-11121/,true,,0,100,,A_INDEXABLE,
https://www.kronosolopromocionales.com/productos/calculadora-executive-12-digitos-4335/,product,true,200,true,true,true,false,https://www.kronosolopromocionales.com/productos/calculadora-executive-12-digitos-4335/,true,,0,100,,A_INDEXABLE,
https://www.kronosolopromocionales.com/productos/calculadora-clipboard-4336/,product,true,200,true,true,true,false,https://www.kronosolopromocionales.com/productos/calculadora-clipboard-4336/,true,,0,100,,A_INDEXABLE,
https://www.kronosolopromocionales.com/productos/calculadora-brody-9730/,product,true,200,true,true,true,false,https://www.kronosolopromocionales.com/productos/calculadora-brody-9730/,true,,0,100,,A_INDEXABLE,
https://www.kronosolopromocionales.com/productos/bola-antiestres-rubber-9738/,product,true,200,true,true,true,false,https://www.kronosolopromocionales.com/productos/bola-antiestres-rubber-9738/,true,,0,100,,A_INDEXABLE,
https://www.kronosolopromocionales.com/productos/botilito-plastico-galaxy-900ml-produccion-nacional-7890/,product,true,200,true,true,true,false,https://www.kronosolopromocionales.com/productos/botilito-plastico-galaxy-900ml-produccion-nacional-7890/,true,,0,100,,A_INDEXABLE,
https://www.kronosolopromocionales.com/productos/morral-backpack-stallone-7582/,product,true,200,true,true,true,false,https://www.kronosolopromocionales.com/productos/morral-backpack-stallone-7582/,true,,0,100,,A_INDEXABLE,
https://www.kronosolopromocionales.com/productos/botilito-plastico-lambert-petg-710ml-9872/,product,true,200,true,true,true,false,https://www.kronosolopromocionales.com/productos/botilito-plastico-lambert-petg-710ml-9872/,true,,0,100,,A_INDEXABLE,
https://www.kronosolopromocionales.com/productos/botilito-plastico-langdon-petg-850ml-9873/,product,true,200,true,true,true,false,https://www.kronosolopromocionales.com/productos/botilito-plastico-langdon-petg-850ml-9873/,true,,0,100,,A_INDEXABLE,
https://www.kronosolopromocionales.com/productos/botilito-plastico-zigor-600ml-produccion-nacional-8054/,product,true,200,true,true,true,false,https://www.kronosolopromocionales.com/productos/botilito-plastico-zigor-600ml-produccion-nacional-8054/,true,,0,100,,A_INDEXABLE,
https://www.kronosolopromocionales.com/productos/botilito-de-silicona-twiggy-600ml-9902/,product,true,200,true,true,true,false,https://www.kronosolopromocionales.com/productos/botilito-de-silicona-twiggy-600ml-9902/,true,,0,100,,A_INDEXABLE,
https://www.kronosolopromocionales.com/productos/botilito-en-pet-tiffany-680ml-produccion-nacional-9354/,product,true,200,true,true,true,false,https://www.kronosolopromocionales.com/productos/botilito-en-pet-tiffany-680ml-produccion-nacional-9354/,true,,0,100,,A_INDEXABLE,
https://www.kronosolopromocionales.com/productos/botilito-en-pet-capri-750ml-produccion-nacional-9356/,product,true,200,true,true,true,false,https://www.kronosolopromocionales.com/productos/botilito-en-pet-capri-750ml-produccion-nacional-9356/,true,,0,100,,A_INDEXABLE,
https://www.kronosolopromocionales.com/productos/botilito-plastico-biggy-1500ml-10088/,product,true,200,true,true,true,false,https://www.kronosolopromocionales.com/productos/botilito-plastico-biggy-1500ml-10088/,true,,0,100,,A_INDEXABLE,
https://www.kronosolopromocionales.com/productos/botilito-plastico-mack-petg-700ml-oferta-10091/,product,true,200,true,true,true,false,https://www.kronosolopromocionales.com/productos/botilito-plastico-mack-petg-700ml-oferta-10091/,true,,0,100,,A_INDEXABLE,
https://www.kronosolopromocionales.com/productos/botilitro-plastico-1000ml-1-litro-produccion-nacional-10300/,product,true,200,true,true,true,false,https://www.kronosolopromocionales.com/productos/botilitro-plastico-1000ml-1-litro-produccion-nacional-10300/,true,,0,100,,A_INDEXABLE,
https://www.kronosolopromocionales.com/productos/audifonos-bluetooth-tron-9869/,product,true,200,true,true,true,false,https://www.kronosolopromocionales.com/productos/audifonos-bluetooth-tron-9869/,true,,0,100,,A_INDEXABLE,
https://www.kronosolopromocionales.com/productos/sporty-bag-baylor-10186/,product,true,200,true,true,true,false,https://www.kronosolopromocionales.com/productos/sporty-bag-baylor-10186/,true,,0,100,,A_INDEXABLE,
https://www.kronosolopromocionales.com/productos/botilito-en-silicona-compact-500ml-10563/,product,true,200,true,true,true,false,https://www.kronosolopromocionales.com/productos/botilito-en-silicona-compact-500ml-10563/,true,,0,100,,A_INDEXABLE,
https://www.kronosolopromocionales.com/productos/funda-portacelular-reflect-sport-rpet-10415/,product,true,200,true,true,true,false,https://www.kronosolopromocionales.com/productos/funda-portacelular-reflect-sport-rpet-10415/,true,,0,100,,A_INDEXABLE,
https://www.kronosolopromocionales.com/productos/funda-portacelular-sport-rpet-10417/,product,true,200,true,true,true,false,https://www.kronosolopromocionales.com/productos/funda-portacelular-sport-rpet-10417/,true,,0,100,,A_INDEXABLE,
https://www.kronosolopromocionales.com/productos/gorra-fashion-urban-travel-10625/,product,true,200,true,true,true,false,https://www.kronosolopromocionales.com/productos/gorra-fashion-urban-travel-10625/,true,,0,100,,A_INDEXABLE,
https://www.kronosolopromocionales.com/productos/sporty-bag-ozuma-13485/,product,true,200,true,true,true,false,https://www.kronosolopromocionales.com/productos/sporty-bag-ozuma-13485/,true,,0,100,,A_INDEXABLE,
https://www.kronosolopromocionales.com/productos/maletin-compacto-soccer-cup-13291/,product,true,200,true,true,true,false,https://www.kronosolopromocionales.com/productos/maletin-compacto-soccer-cup-13291/,true,,0,100,,A_INDEXABLE,
https://www.kronosolopromocionales.com/productos/juego-de-raquetas-board-game-13435/,product,true,200,true,true,true,false,https://www.kronosolopromocionales.com/productos/juego-de-raquetas-board-game-13435/,true,,0,100,,A_INDEXABLE,
https://www.kronosolopromocionales.com/productos/maletin-harmony-13363/,product,true,200,true,true,true,false,https://www.kronosolopromocionales.com/productos/maletin-harmony-13363/,true,,0,100,,A_INDEXABLE,
https://www.kronosolopromocionales.com/productos/boligrafo-flaggy-13287/,product,true,200,false,false,false,false,https://www.kronosolopromocionales.com/productos/boligrafo-flaggy-13287/,true,,0,100,,B_NOINDEX_INTENCIONAL,"is_ai_optimized=false — pendiente de enriquecimiento, excluido del sitemap intencionalmente"
https://www.kronosolopromocionales.com/productos/lazo-jump-nuevo-13549/,product,true,200,true,true,true,false,https://www.kronosolopromocionales.com/productos/lazo-jump-nuevo-13549/,true,,0,100,,A_INDEXABLE,
https://www.kronosolopromocionales.com/productos/set-de-bandas-elasticas-en-bolsa-nuevo-13594/,product,true,200,true,true,true,false,https://www.kronosolopromocionales.com/productos/set-de-bandas-elasticas-en-bolsa-nuevo-13594/,true,,0,100,,A_INDEXABLE,
https://www.kronosolopromocionales.com/productos/boligrafo-aston-eco-9914/,product,true,200,true,true,true,false,https://www.kronosolopromocionales.com/productos/boligrafo-aston-eco-9914/,true,,0,100,,A_INDEXABLE,
https://www.kronosolopromocionales.com/productos/pitillo-reutilizable-metalico-wheat-9708/,product,true,200,true,true,true,false,https://www.kronosolopromocionales.com/productos/pitillo-reutilizable-metalico-wheat-9708/,true,,0,100,,A_INDEXABLE,
https://www.kronosolopromocionales.com/productos/metro-arkitect-eco-10454/,product,true,200,true,true,true,false,https://www.kronosolopromocionales.com/productos/metro-arkitect-eco-10454/,true,,0,100,,A_INDEXABLE,
https://www.kronosolopromocionales.com/productos/metro-oval-eco-9739/,product,true,200,true,true,true,false,https://www.kronosolopromocionales.com/productos/metro-oval-eco-9739/,true,,0,100,,A_INDEXABLE,
https://www.kronosolopromocionales.com/productos/portacomidas-con-cubiertos-eco-nature-9031/,product,true,200,true,true,true,false,https://www.kronosolopromocionales.com/productos/portacomidas-con-cubiertos-eco-nature-9031/,true,,0,100,,A_INDEXABLE,
https://www.kronosolopromocionales.com/productos/portacomidas-eco-denver-9746/,product,true,200,true,true,true,false,https://www.kronosolopromocionales.com/productos/portacomidas-eco-denver-9746/,true,,0,100,,A_INDEXABLE,
https://www.kronosolopromocionales.com/productos/portacomidas-con-cubiertos-eco-davis-9747/,product,true,200,true,true,true,false,https://www.kronosolopromocionales.com/productos/portacomidas-con-cubiertos-eco-davis-9747/,true,,0,100,,A_INDEXABLE,
https://www.kronosolopromocionales.com/productos/portacomidas-julius-10335/,product,true,200,true,true,true,false,https://www.kronosolopromocionales.com/productos/portacomidas-julius-10335/,true,,0,100,,A_INDEXABLE,
https://www.kronosolopromocionales.com/productos/juego-parchis-13183/,product,true,200,true,true,true,false,https://www.kronosolopromocionales.com/productos/juego-parchis-13183/,true,,0,100,,A_INDEXABLE,
https://www.kronosolopromocionales.com/productos/juego-de-letras-nuevo-13576/,product,true,200,true,true,true,false,https://www.kronosolopromocionales.com/productos/juego-de-letras-nuevo-13576/,true,,0,100,,A_INDEXABLE,
https://www.kronosolopromocionales.com/productos/kirk-eco-9225/,product,true,200,true,true,true,false,https://www.kronosolopromocionales.com/productos/kirk-eco-9225/,true,,0,100,,A_INDEXABLE,
https://www.kronosolopromocionales.com/productos/mug-plastico-con-cuchara-tiffany-350ml-produccion-nacional-10125/,product,true,200,true,true,true,false,https://www.kronosolopromocionales.com/productos/mug-plastico-con-cuchara-tiffany-350ml-produccion-nacional-10125/,true,,0,100,,A_INDEXABLE,
https://www.kronosolopromocionales.com/productos/pestana-plastica-para-mug-orbit-5892/,product,true,200,true,true,true,false,https://www.kronosolopromocionales.com/productos/pestana-plastica-para-mug-orbit-5892/,true,,0,100,,A_INDEXABLE,
https://www.kronosolopromocionales.com/productos/tapa-plastica-para-mug-orbit-incluye-mu-62p-5891/,product,true,200,true,true,true,false,https://www.kronosolopromocionales.com/productos/tapa-plastica-para-mug-orbit-incluye-mu-62p-5891/,true,,0,100,,A_INDEXABLE,
https://www.kronosolopromocionales.com/productos/natura-eco-9244/,product,true,200,true,true,true,false,https://www.kronosolopromocionales.com/productos/natura-eco-9244/,true,,0,100,,A_INDEXABLE,
https://www.kronosolopromocionales.com/productos/resaltador-triangulo-eco-13187/,product,true,200,true,true,true,false,https://www.kronosolopromocionales.com/productos/resaltador-triangulo-eco-13187/,true,,0,100,,A_INDEXABLE,
https://www.kronosolopromocionales.com/productos/libreta-con-boligrafo-leroy-eco-10106/,product,true,200,true,true,true,false,https://www.kronosolopromocionales.com/productos/libreta-con-boligrafo-leroy-eco-10106/,true,,0,100,,A_INDEXABLE,
https://www.kronosolopromocionales.com/productos/set-goblet-eco-13189/,product,true,200,true,true,true,false,https://www.kronosolopromocionales.com/productos/set-goblet-eco-13189/,true,,0,100,,A_INDEXABLE,
https://www.kronosolopromocionales.com/productos/calendario-bamboo-13185/,product,true,200,true,true,true,false,https://www.kronosolopromocionales.com/productos/calendario-bamboo-13185/,true,,0,100,,A_INDEXABLE,
https://www.kronosolopromocionales.com/productos/set-boligrafo-y-portaminas-dakota-eco-9684/,product,true,200,true,true,true,false,https://www.kronosolopromocionales.com/productos/set-boligrafo-y-portaminas-dakota-eco-9684/,true,,0,100,,A_INDEXABLE,
https://www.kronosolopromocionales.com/productos/cable-multicargador-cotton-10507/,product,true,200,true,true,true,false,https://www.kronosolopromocionales.com/productos/cable-multicargador-cotton-10507/,true,,0,100,,A_INDEXABLE,
https://www.kronosolopromocionales.com/productos/soporte-para-moviles-tropic-bamboo-nuevo-13574/,product,true,200,true,true,true,false,https://www.kronosolopromocionales.com/productos/soporte-para-moviles-tropic-bamboo-nuevo-13574/,true,,0,100,,A_INDEXABLE,
https://www.kronosolopromocionales.com/productos/identificador-de-maletas-eco-10356/,product,true,200,true,true,true,false,https://www.kronosolopromocionales.com/productos/identificador-de-maletas-eco-10356/,true,,0,100,,A_INDEXABLE,
https://www.kronosolopromocionales.com/productos/set-de-colores-smile-nuevo-13573/,product,true,200,true,true,true,false,https://www.kronosolopromocionales.com/productos/set-de-colores-smile-nuevo-13573/,true,,0,100,,A_INDEXABLE,
https://www.kronosolopromocionales.com/productos/ventura-eco-stylus-9250/,product,true,200,true,true,true,false,https://www.kronosolopromocionales.com/productos/ventura-eco-stylus-9250/,true,,0,100,,A_INDEXABLE,
https://www.kronosolopromocionales.com/productos/set-de-golf-tees-10929/,product,true,200,true,true,true,false,https://www.kronosolopromocionales.com/productos/set-de-golf-tees-10929/,true,,0,100,,A_INDEXABLE,
https://www.kronosolopromocionales.com/productos/visera-trucker-10895/,product,true,200,true,true,true,false,https://www.kronosolopromocionales.com/productos/visera-trucker-10895/,true,,0,100,,A_INDEXABLE,
https://www.kronosolopromocionales.com/productos/gorra-beisbol-469/,product,true,200,true,true,true,false,https://www.kronosolopromocionales.com/productos/gorra-beisbol-469/,true,,0,100,,A_INDEXABLE,
https://www.kronosolopromocionales.com/productos/gorra-taslon-urban-travel-13402/,product,true,200,true,true,true,false,https://www.kronosolopromocionales.com/productos/gorra-taslon-urban-travel-13402/,true,,0,100,,A_INDEXABLE,
https://www.kronosolopromocionales.com/productos/linterna-neck-9757/,product,true,200,true,true,true,false,https://www.kronosolopromocionales.com/productos/linterna-neck-9757/,true,,0,100,,A_INDEXABLE,
https://www.kronosolopromocionales.com/productos/mini-lampara-para-laptop-9758/,product,true,200,true,true,true,false,https://www.kronosolopromocionales.com/productos/mini-lampara-para-laptop-9758/,true,,0,100,,A_INDEXABLE,
https://www.kronosolopromocionales.com/productos/linterna-doctor-10699/,product,true,200,true,true,true,false,https://www.kronosolopromocionales.com/productos/linterna-doctor-10699/,true,,0,100,,A_INDEXABLE,
https://www.kronosolopromocionales.com/productos/linterna-recargable-morven-10816/,product,true,200,true,true,true,false,https://www.kronosolopromocionales.com/productos/linterna-recargable-morven-10816/,true,,0,100,,A_INDEXABLE,
https://www.kronosolopromocionales.com/productos/mini-linterna-bamboo-9926/,product,true,200,true,true,true,false,https://www.kronosolopromocionales.com/productos/mini-linterna-bamboo-9926/,true,,0,100,,A_INDEXABLE,
https://www.kronosolopromocionales.com/productos/linterna-de-9-leds-flynt-5753/,product,true,200,true,true,true,false,https://www.kronosolopromocionales.com/productos/linterna-de-9-leds-flynt-5753/,true,,0,100,,A_INDEXABLE,
https://www.kronosolopromocionales.com/productos/mini-selfie-light-para-moviles-9689/,product,true,200,true,true,true,false,https://www.kronosolopromocionales.com/productos/mini-selfie-light-para-moviles-9689/,true,,0,100,,A_INDEXABLE,
https://www.kronosolopromocionales.com/productos/dispensador-de-bolsas-muller-oferta-9934/,product,true,200,true,true,true,false,https://www.kronosolopromocionales.com/productos/dispensador-de-bolsas-muller-oferta-9934/,true,,0,100,,A_INDEXABLE,
https://www.kronosolopromocionales.com/productos/metro-llavero-nitto-10051/,product,true,200,true,true,true,false,https://www.kronosolopromocionales.com/productos/metro-llavero-nitto-10051/,true,,0,100,,A_INDEXABLE,
https://www.kronosolopromocionales.com/productos/cargador-inalambrico-con-lampara-flex-oferta-10467/,product,true,200,true,true,true,false,https://www.kronosolopromocionales.com/productos/cargador-inalambrico-con-lampara-flex-oferta-10467/,true,,0,100,,A_INDEXABLE,
https://www.kronosolopromocionales.com/productos/linterna-tom-10374/,product,true,200,true,true,true,false,https://www.kronosolopromocionales.com/productos/linterna-tom-10374/,true,,0,100,,A_INDEXABLE,
https://www.kronosolopromocionales.com/productos/luz-de-emergencia-v16-magnetica-13423/,product,true,200,true,true,true,false,https://www.kronosolopromocionales.com/productos/luz-de-emergencia-v16-magnetica-13423/,true,,0,100,,A_INDEXABLE,
https://www.kronosolopromocionales.com/productos/luz-portable-work-13223/,product,true,200,true,true,true,false,https://www.kronosolopromocionales.com/productos/luz-portable-work-13223/,true,,0,100,,A_INDEXABLE,
https://www.kronosolopromocionales.com/productos/linterna-recargable-ultan-13226/,product,true,200,true,true,true,false,https://www.kronosolopromocionales.com/productos/linterna-recargable-ultan-13226/,true,,0,100,,A_INDEXABLE,
https://www.kronosolopromocionales.com/productos/paraguas-autolight-23-13284/,product,true,200,true,true,true,false,https://www.kronosolopromocionales.com/productos/paraguas-autolight-23-13284/,true,,0,100,,A_INDEXABLE,
https://www.kronosolopromocionales.com/productos/linterna-recargable-neck-13406/,product,true,200,true,true,true,false,https://www.kronosolopromocionales.com/productos/linterna-recargable-neck-13406/,true,,0,100,,A_INDEXABLE,
https://www.kronosolopromocionales.com/productos/llavero-sigma-13407/,product,true,200,true,true,true,false,https://www.kronosolopromocionales.com/productos/llavero-sigma-13407/,true,,0,100,,A_INDEXABLE,
https://www.kronosolopromocionales.com/productos/miniset-de-escritorio-2047/,product,true,200,true,true,true,false,https://www.kronosolopromocionales.com/productos/miniset-de-escritorio-2047/,true,,0,100,,A_INDEXABLE,
https://www.kronosolopromocionales.com/productos/alcancia-cubo-apilable-produccion-nacional-8716/,product,true,200,true,true,true,false,https://www.kronosolopromocionales.com/productos/alcancia-cubo-apilable-produccion-nacional-8716/,true,,0,100,,A_INDEXABLE,
https://www.kronosolopromocionales.com/productos/cartuchera-en-cambrel-kidz-con-diseno-8511/,product,true,200,true,true,true,false,https://www.kronosolopromocionales.com/productos/cartuchera-en-cambrel-kidz-con-diseno-8511/,true,,0,100,,A_INDEXABLE,
https://www.kronosolopromocionales.com/productos/set-de-colores-y-crayolas-gavino-8654/,product,true,200,true,true,true,false,https://www.kronosolopromocionales.com/productos/set-de-colores-y-crayolas-gavino-8654/,true,,0,100,,A_INDEXABLE,
https://www.kronosolopromocionales.com/productos/mini-tablero-borrable-9101/,product,true,200,true,true,true,false,https://www.kronosolopromocionales.com/productos/mini-tablero-borrable-9101/,true,,0,100,,A_INDEXABLE,
https://www.kronosolopromocionales.com/productos/botilito-plastico-thor-470ml-produccion-nacional-9393/,product,true,200,true,true,true,false,https://www.kronosolopromocionales.com/productos/botilito-plastico-thor-470ml-produccion-nacional-9393/,true,,0,100,,A_INDEXABLE,
https://www.kronosolopromocionales.com/productos/tapa-alcancia-produccion-nacional-9387/,product,true,200,true,true,true,false,https://www.kronosolopromocionales.com/productos/tapa-alcancia-produccion-nacional-9387/,true,,0,100,,A_INDEXABLE,
https://www.kronosolopromocionales.com/productos/set-de-4-mini-marcadores-tinta-lavable-9415/,product,true,200,true,true,true,false,https://www.kronosolopromocionales.com/productos/set-de-4-mini-marcadores-tinta-lavable-9415/,true,,0,100,,A_INDEXABLE,
https://www.kronosolopromocionales.com/productos/set-paint-9814/,product,true,200,true,true,true,false,https://www.kronosolopromocionales.com/productos/set-paint-9814/,true,,0,100,,A_INDEXABLE,
https://www.kronosolopromocionales.com/productos/set-de-colores-annie-10157/,product,true,200,true,true,true,false,https://www.kronosolopromocionales.com/productos/set-de-colores-annie-10157/,true,,0,100,,A_INDEXABLE,
https://www.kronosolopromocionales.com/productos/set-de-juegos-pelkat-9886/,product,true,200,true,true,true,false,https://www.kronosolopromocionales.com/productos/set-de-juegos-pelkat-9886/,true,,0,100,,A_INDEXABLE,
https://www.kronosolopromocionales.com/productos/botilito-wave-pvc-640ml-produccion-nacional-7763/,product,true,200,true,true,true,false,https://www.kronosolopromocionales.com/productos/botilito-wave-pvc-640ml-produccion-nacional-7763/,true,,0,100,,A_INDEXABLE,
https://www.kronosolopromocionales.com/productos/botilito-murray-700ml-8665/,product,true,200,true,true,true,false,https://www.kronosolopromocionales.com/productos/botilito-murray-700ml-8665/,true,,0,100,,A_INDEXABLE,
https://www.kronosolopromocionales.com/productos/resaltador-magico-en-cera-flower-4-colores-7243/,product,true,200,true,true,true,false,https://www.kronosolopromocionales.com/productos/resaltador-magico-en-cera-flower-4-colores-7243/,true,,0,100,,A_INDEXABLE,
https://www.kronosolopromocionales.com/productos/set-de-escritorio-office-8718/,product,true,200,true,true,true,false,https://www.kronosolopromocionales.com/productos/set-de-escritorio-office-8718/,true,,0,100,,A_INDEXABLE,
https://www.kronosolopromocionales.com/productos/clip-marcador-de-hojas-oferta-9039/,product,true,200,true,true,true,false,https://www.kronosolopromocionales.com/productos/clip-marcador-de-hojas-oferta-9039/,true,,0,100,,A_INDEXABLE,
https://www.kronosolopromocionales.com/productos/sticky-set-separador-de-hojas-10102/,product,true,200,true,true,true,false,https://www.kronosolopromocionales.com/productos/sticky-set-separador-de-hojas-10102/,true,,0,100,,A_INDEXABLE,
https://www.kronosolopromocionales.com/productos/vaso-pitillo-balon-720ml-produccion-nacional-4094/,product,true,200,true,true,true,false,https://www.kronosolopromocionales.com/productos/vaso-pitillo-balon-720ml-produccion-nacional-4094/,true,,0,100,,A_INDEXABLE,
https://www.kronosolopromocionales.com/productos/lonchera-multifuncion-produccion-nacional-3280/,product,true,200,true,true,true,false,https://www.kronosolopromocionales.com/productos/lonchera-multifuncion-produccion-nacional-3280/,true,,0,100,,A_INDEXABLE,
https://www.kronosolopromocionales.com/productos/juego-triqui-10651/,product,true,200,true,true,true,false,https://www.kronosolopromocionales.com/productos/juego-triqui-10651/,true,,0,100,,A_INDEXABLE,
https://www.kronosolopromocionales.com/productos/coca-tradicional-produccion-nacional-13174/,product,true,200,true,true,true,false,https://www.kronosolopromocionales.com/productos/coca-tradicional-produccion-nacional-13174/,true,,0,100,,A_INDEXABLE,
https://www.kronosolopromocionales.com/productos/set-de-resaltadores-trumix-13292/,product,true,200,true,true,true,false,https://www.kronosolopromocionales.com/productos/set-de-resaltadores-trumix-13292/,true,,0,100,,A_INDEXABLE,
https://www.kronosolopromocionales.com/productos/resaltador-triple-13310/,product,true,200,true,true,true,false,https://www.kronosolopromocionales.com/productos/resaltador-triple-13310/,true,,0,100,,A_INDEXABLE,
https://www.kronosolopromocionales.com/productos/estuche-en-silicona-lybra-13429/,product,true,200,true,true,true,false,https://www.kronosolopromocionales.com/productos/estuche-en-silicona-lybra-13429/,true,,0,100,,A_INDEXABLE,
https://www.kronosolopromocionales.com/productos/tangram-eco-13498/,product,true,200,true,true,true,false,https://www.kronosolopromocionales.com/productos/tangram-eco-13498/,true,,0,100,,A_INDEXABLE,
https://www.kronosolopromocionales.com/productos/juego-de-madera-win-13508/,product,true,200,true,true,true,false,https://www.kronosolopromocionales.com/productos/juego-de-madera-win-13508/,true,,0,100,,A_INDEXABLE,
https://www.kronosolopromocionales.com/productos/juego-brain-nuevo-13550/,product,true,200,true,true,true,false,https://www.kronosolopromocionales.com/productos/juego-brain-nuevo-13550/,true,,0,100,,A_INDEXABLE,
https://www.kronosolopromocionales.com/productos/juego-de-dados-nuevo-13546/,product,true,200,true,true,true,false,https://www.kronosolopromocionales.com/productos/juego-de-dados-nuevo-13546/,true,,0,100,,A_INDEXABLE,
https://www.kronosolopromocionales.com/productos/tajalapiz-con-borrador-run-nuevo-13551/,product,true,200,true,true,true,false,https://www.kronosolopromocionales.com/productos/tajalapiz-con-borrador-run-nuevo-13551/,true,,0,100,,A_INDEXABLE,
https://www.kronosolopromocionales.com/productos/set-kramer-nuevo-13562/,product,true,200,true,true,true,false,https://www.kronosolopromocionales.com/productos/set-kramer-nuevo-13562/,true,,0,100,,A_INDEXABLE,
https://www.kronosolopromocionales.com/productos/torre-de-madera-skill-2-11151/,product,true,200,true,true,true,false,https://www.kronosolopromocionales.com/productos/torre-de-madera-skill-2-11151/,true,,0,100,,A_INDEXABLE,
https://www.kronosolopromocionales.com/productos/set-de-juego-en-madera-3-1-9715/,product,true,200,true,true,true,false,https://www.kronosolopromocionales.com/productos/set-de-juego-en-madera-3-1-9715/,true,,0,100,,A_INDEXABLE,
https://www.kronosolopromocionales.com/productos/juego-de-raquetas-wood-beach-10380/,product,true,200,true,true,true,false,https://www.kronosolopromocionales.com/productos/juego-de-raquetas-wood-beach-10380/,true,,0,100,,A_INDEXABLE,
https://www.kronosolopromocionales.com/productos/set-de-cartas-eco-10379/,product,true,200,true,true,true,false,https://www.kronosolopromocionales.com/productos/set-de-cartas-eco-10379/,true,,0,100,,A_INDEXABLE,
https://www.kronosolopromocionales.com/productos/mini-cancha-basket-10347/,product,true,200,true,true,true,false,https://www.kronosolopromocionales.com/productos/mini-cancha-basket-10347/,true,,0,100,,A_INDEXABLE,
https://www.kronosolopromocionales.com/productos/golf-tees-7cm-10988/,product,true,200,true,true,true,false,https://www.kronosolopromocionales.com/productos/golf-tees-7cm-10988/,true,,0,100,,A_INDEXABLE,
https://www.kronosolopromocionales.com/productos/golf-tees-7cm-bamboo-10989/,product,true,200,true,true,true,false,https://www.kronosolopromocionales.com/productos/golf-tees-7cm-bamboo-10989/,true,,0,100,,A_INDEXABLE,
https://www.kronosolopromocionales.com/productos/lapiz-golf-pencil-11005/,product,true,200,true,true,true,false,https://www.kronosolopromocionales.com/productos/lapiz-golf-pencil-11005/,true,,0,100,,A_INDEXABLE,
https://www.kronosolopromocionales.com/productos/juego-cartas-y-domino-eco-11013/,product,true,200,true,true,true,false,https://www.kronosolopromocionales.com/productos/juego-cartas-y-domino-eco-11013/,true,,0,100,,A_INDEXABLE,
https://www.kronosolopromocionales.com/productos/juego-triqui-box-eco-11031/,product,true,200,true,true,true,false,https://www.kronosolopromocionales.com/productos/juego-triqui-box-eco-11031/,true,,0,100,,A_INDEXABLE,
https://www.kronosolopromocionales.com/productos/set-de-juego-chessman-11067/,product,true,200,true,true,true,false,https://www.kronosolopromocionales.com/productos/set-de-juego-chessman-11067/,true,,0,100,,A_INDEXABLE,
https://www.kronosolopromocionales.com/productos/set-de-juegos-genium-9961/,product,true,200,true,true,true,false,https://www.kronosolopromocionales.com/productos/set-de-juegos-genium-9961/,true,,0,100,,A_INDEXABLE,
https://www.kronosolopromocionales.com/productos/set-de-poker-13401/,product,true,200,true,true,true,false,https://www.kronosolopromocionales.com/productos/set-de-poker-13401/,true,,0,100,,A_INDEXABLE,
https://www.kronosolopromocionales.com/productos/juego-ruleta-nuevo-13331/,product,true,200,true,true,true,false,https://www.kronosolopromocionales.com/productos/juego-ruleta-nuevo-13331/,true,,0,100,,A_INDEXABLE,
https://www.kronosolopromocionales.com/productos/juego-triqui-eco-13315/,product,true,200,true,true,true,false,https://www.kronosolopromocionales.com/productos/juego-triqui-eco-13315/,true,,0,100,,A_INDEXABLE,
https://www.kronosolopromocionales.com/productos/domino-bamboo-nuevo-13306/,product,true,200,true,true,true,false,https://www.kronosolopromocionales.com/productos/domino-bamboo-nuevo-13306/,true,,0,100,,A_INDEXABLE,
https://www.kronosolopromocionales.com/productos/mini-balon-de-futbol-inter-no-1-13374/,product,true,200,true,true,true,false,https://www.kronosolopromocionales.com/productos/mini-balon-de-futbol-inter-no-1-13374/,true,,0,100,,A_INDEXABLE,
https://www.kronosolopromocionales.com/productos/balon-de-futbol-united-no-5-13372/,product,true,200,true,true,true,false,https://www.kronosolopromocionales.com/productos/balon-de-futbol-united-no-5-13372/,true,,0,100,,A_INDEXABLE,
https://www.kronosolopromocionales.com/productos/balon-de-futbol-manchester-no-5-13373/,product,true,200,true,true,true,false,https://www.kronosolopromocionales.com/productos/balon-de-futbol-manchester-no-5-13373/,true,,0,100,,A_INDEXABLE,
https://www.kronosolopromocionales.com/productos/llavero-con-nivelador-magnet-11129/,product,true,200,true,true,true,false,https://www.kronosolopromocionales.com/productos/llavero-con-nivelador-magnet-11129/,true,,0,100,,A_INDEXABLE,
https://www.kronosolopromocionales.com/productos/llavero-silver-ml-259-4790/,product,true,200,true,true,true,false,https://www.kronosolopromocionales.com/productos/llavero-silver-ml-259-4790/,true,,0,100,,A_INDEXABLE,
https://www.kronosolopromocionales.com/productos/set-ml-398-10077/,product,true,200,true,true,true,false,https://www.kronosolopromocionales.com/productos/set-ml-398-10077/,true,,0,100,,A_INDEXABLE,
https://www.kronosolopromocionales.com/productos/llavero-ml-103-1572/,product,true,200,true,true,true,false,https://www.kronosolopromocionales.com/productos/llavero-ml-103-1572/,true,,0,100,,A_INDEXABLE,
https://www.kronosolopromocionales.com/productos/llavero-silver-ml-145-2257/,product,true,200,true,true,true,false,https://www.kronosolopromocionales.com/productos/llavero-silver-ml-145-2257/,true,,0,100,,A_INDEXABLE,
https://www.kronosolopromocionales.com/productos/llavero-car-ii-3204/,product,true,200,true,true,true,false,https://www.kronosolopromocionales.com/productos/llavero-car-ii-3204/,true,,0,100,,A_INDEXABLE,
https://www.kronosolopromocionales.com/productos/llavero-silver-ml-196-3359/,product,true,200,true,true,true,false,https://www.kronosolopromocionales.com/productos/llavero-silver-ml-196-3359/,true,,0,100,,A_INDEXABLE,
https://www.kronosolopromocionales.com/productos/llavero-silver-ml-262-4793/,product,true,200,true,true,true,false,https://www.kronosolopromocionales.com/productos/llavero-silver-ml-262-4793/,true,,0,100,,A_INDEXABLE,
https://www.kronosolopromocionales.com/productos/llavero-ml-294-5454/,product,true,200,true,true,true,false,https://www.kronosolopromocionales.com/productos/llavero-ml-294-5454/,true,,0,100,,A_INDEXABLE,
https://www.kronosolopromocionales.com/productos/llavero-silver-ml-217-3549/,product,true,200,true,true,true,false,https://www.kronosolopromocionales.com/productos/llavero-silver-ml-217-3549/,true,,0,100,,A_INDEXABLE,
https://www.kronosolopromocionales.com/productos/llavero-silver-ml-241-4417/,product,true,200,true,true,true,false,https://www.kronosolopromocionales.com/productos/llavero-silver-ml-241-4417/,true,,0,100,,A_INDEXABLE,
https://www.kronosolopromocionales.com/productos/placa-metalica-con-pin-ml-332-7438/,product,true,200,true,true,true,false,https://www.kronosolopromocionales.com/productos/placa-metalica-con-pin-ml-332-7438/,true,,0,100,,A_INDEXABLE,
https://www.kronosolopromocionales.com/productos/llavero-ml-379-9174/,product,true,200,true,true,true,false,https://www.kronosolopromocionales.com/productos/llavero-ml-379-9174/,true,,0,100,,A_INDEXABLE,
https://www.kronosolopromocionales.com/productos/soporte-para-moviles-ml-382-oferta-9177/,product,true,200,true,true,true,false,https://www.kronosolopromocionales.com/productos/soporte-para-moviles-ml-382-oferta-9177/,true,,0,100,,A_INDEXABLE,
https://www.kronosolopromocionales.com/productos/llavero-multiusos-metalico-touch-free-ml-386-oferta-9490/,product,true,200,true,true,true,false,https://www.kronosolopromocionales.com/productos/llavero-multiusos-metalico-touch-free-ml-386-oferta-9490/,true,,0,100,,A_INDEXABLE,
https://www.kronosolopromocionales.com/productos/llavero-ml-399-10078/,product,true,200,true,true,true,false,https://www.kronosolopromocionales.com/productos/llavero-ml-399-10078/,true,,0,100,,A_INDEXABLE,
https://www.kronosolopromocionales.com/productos/llavero-ml-417-13523/,product,true,200,true,true,true,false,https://www.kronosolopromocionales.com/productos/llavero-ml-417-13523/,true,,0,100,,A_INDEXABLE,
https://www.kronosolopromocionales.com/productos/llavero-ml-416-13522/,product,true,200,true,true,true,false,https://www.kronosolopromocionales.com/productos/llavero-ml-416-13522/,true,,0,100,,A_INDEXABLE,
https://www.kronosolopromocionales.com/productos/llavero-bamboo-round-13494/,product,true,200,true,true,true,false,https://www.kronosolopromocionales.com/productos/llavero-bamboo-round-13494/,true,,0,100,,A_INDEXABLE,
https://www.kronosolopromocionales.com/productos/llavero-bamboo-square-13496/,product,true,200,true,true,true,false,https://www.kronosolopromocionales.com/productos/llavero-bamboo-square-13496/,true,,0,100,,A_INDEXABLE,
https://www.kronosolopromocionales.com/productos/llavero-ml-419-13395/,product,true,200,true,true,true,false,https://www.kronosolopromocionales.com/productos/llavero-ml-419-13395/,true,,0,100,,A_INDEXABLE,
https://www.kronosolopromocionales.com/productos/llavero-ml-418-13394/,product,true,200,true,true,true,false,https://www.kronosolopromocionales.com/productos/llavero-ml-418-13394/,true,,0,100,,A_INDEXABLE,
https://www.kronosolopromocionales.com/productos/llavero-portacelular-nook-13323/,product,true,200,true,true,true,false,https://www.kronosolopromocionales.com/productos/llavero-portacelular-nook-13323/,true,,0,100,,A_INDEXABLE,
https://www.kronosolopromocionales.com/productos/liquido-antibacterial-pump-spray-10ml-produccion-nacional-9619/,product,true,200,true,true,true,false,https://www.kronosolopromocionales.com/productos/liquido-antibacterial-pump-spray-10ml-produccion-nacional-9619/,true,,0,100,,A_INDEXABLE,
https://www.kronosolopromocionales.com/productos/espejo-maxx-9146/,product,true,200,true,true,true,false,https://www.kronosolopromocionales.com/productos/espejo-maxx-9146/,true,,0,100,,A_INDEXABLE,
https://www.kronosolopromocionales.com/productos/boligrafo-medic-7022/,product,true,200,true,true,true,false,https://www.kronosolopromocionales.com/productos/boligrafo-medic-7022/,true,,0,100,,A_INDEXABLE,
https://www.kronosolopromocionales.com/productos/portaidentificador-para-cinta-portacarnet-redondo-8875/,product,true,200,true,true,true,false,https://www.kronosolopromocionales.com/productos/portaidentificador-para-cinta-portacarnet-redondo-8875/,true,,0,100,,A_INDEXABLE,
https://www.kronosolopromocionales.com/productos/tabla-metrica-produccion-nacional-3869/,product,true,200,true,true,true,false,https://www.kronosolopromocionales.com/productos/tabla-metrica-produccion-nacional-3869/,true,,0,100,,A_INDEXABLE,
https://www.kronosolopromocionales.com/productos/mini-resaltador-de-cera-ver-of-376eof-376j-5884/,product,true,200,true,true,true,false,https://www.kronosolopromocionales.com/productos/mini-resaltador-de-cera-ver-of-376eof-376j-5884/,true,,0,100,,A_INDEXABLE,
https://www.kronosolopromocionales.com/productos/portatacos-frost-con-portatarjetas-produccion-nacional-2547/,product,true,200,true,true,true,false,https://www.kronosolopromocionales.com/productos/portatacos-frost-con-portatarjetas-produccion-nacional-2547/,true,,0,100,,A_INDEXABLE,
https://www.kronosolopromocionales.com/productos/resaltador-en-cera-adam-7491/,product,true,200,true,true,true,false,https://www.kronosolopromocionales.com/productos/resaltador-en-cera-adam-7491/,true,,0,100,,A_INDEXABLE,
https://www.kronosolopromocionales.com/productos/estuche-para-2-resaltadores-en-cera-adam-7492/,product,true,200,true,true,true,false,https://www.kronosolopromocionales.com/productos/estuche-para-2-resaltadores-en-cera-adam-7492/,true,,0,100,,A_INDEXABLE,
https://www.kronosolopromocionales.com/productos/calendario-perpetuo-plastico-7500/,product,true,200,true,true,true,false,https://www.kronosolopromocionales.com/productos/calendario-perpetuo-plastico-7500/,true,,0,100,,A_INDEXABLE,
https://www.kronosolopromocionales.com/productos/set-de-resaltadores-en-cera-quattro-7507/,product,true,200,true,true,true,false,https://www.kronosolopromocionales.com/productos/set-de-resaltadores-en-cera-quattro-7507/,true,,0,100,,A_INDEXABLE,
https://www.kronosolopromocionales.com/productos/calendario-perpetuo-produccion-nacional-7513/,product,true,200,true,true,true,false,https://www.kronosolopromocionales.com/productos/calendario-perpetuo-produccion-nacional-7513/,true,,0,100,,A_INDEXABLE,
https://www.kronosolopromocionales.com/productos/portaidentificador-de-carnet-home-oferta-8440/,product,true,200,true,true,true,false,https://www.kronosolopromocionales.com/productos/portaidentificador-de-carnet-home-oferta-8440/,true,,0,100,,A_INDEXABLE,
https://www.kronosolopromocionales.com/productos/cinta-para-portacarnet-kunel-9892/,product,true,200,true,true,true,false,https://www.kronosolopromocionales.com/productos/cinta-para-portacarnet-kunel-9892/,true,,0,100,,A_INDEXABLE,
https://www.kronosolopromocionales.com/productos/calendario-perpetuo-wood-9983/,product,true,200,true,true,true,false,https://www.kronosolopromocionales.com/productos/calendario-perpetuo-wood-9983/,true,,0,100,,A_INDEXABLE,
https://www.kronosolopromocionales.com/productos/tablero-spock-6931/,product,true,200,true,true,true,false,https://www.kronosolopromocionales.com/productos/tablero-spock-6931/,true,,0,100,,A_INDEXABLE,
https://www.kronosolopromocionales.com/productos/dispensador-de-notas-medic-8150/,product,true,200,true,true,true,false,https://www.kronosolopromocionales.com/productos/dispensador-de-notas-medic-8150/,true,,0,100,,A_INDEXABLE,
https://www.kronosolopromocionales.com/productos/antiestres-doctor-8858/,product,true,200,true,true,true,false,https://www.kronosolopromocionales.com/productos/antiestres-doctor-8858/,true,,0,100,,A_INDEXABLE,
https://www.kronosolopromocionales.com/productos/bolsa-plegable-medic-8954/,product,true,200,true,true,true,false,https://www.kronosolopromocionales.com/productos/bolsa-plegable-medic-8954/,true,,0,100,,A_INDEXABLE,
https://www.kronosolopromocionales.com/productos/pastillero-en-bambu-nuevo-13544/,product,true,200,true,true,true,false,https://www.kronosolopromocionales.com/productos/pastillero-en-bambu-nuevo-13544/,true,,0,100,,A_INDEXABLE,
https://www.kronosolopromocionales.com/productos/memoria-usb-mini-bamboo-precio-neto-10322/,product,true,200,true,true,true,false,https://www.kronosolopromocionales.com/productos/memoria-usb-mini-bamboo-precio-neto-10322/,true,,0,100,,A_INDEXABLE,
https://www.kronosolopromocionales.com/productos/reloj-de-arena-petit-4-minutos-7753/,product,true,200,true,true,true,false,https://www.kronosolopromocionales.com/productos/reloj-de-arena-petit-4-minutos-7753/,true,,0,100,,A_INDEXABLE,
https://www.kronosolopromocionales.com/productos/botilito-plastico-fruit-600ml-nuevo-13575/,product,true,200,true,true,true,false,https://www.kronosolopromocionales.com/productos/botilito-plastico-fruit-600ml-nuevo-13575/,true,,0,100,,A_INDEXABLE,
https://www.kronosolopromocionales.com/productos/botilito-metalico-concord-negro-550ml-nuevo-13578/,product,true,200,true,true,true,false,https://www.kronosolopromocionales.com/productos/botilito-metalico-concord-negro-550ml-nuevo-13578/,true,,0,100,,A_INDEXABLE,
https://www.kronosolopromocionales.com/productos/botilito-metalico-concord-550ml-nuevo-13579/,product,true,200,true,true,true,false,https://www.kronosolopromocionales.com/productos/botilito-metalico-concord-550ml-nuevo-13579/,true,,0,100,,A_INDEXABLE,
https://www.kronosolopromocionales.com/productos/botilito-metalico-cuppa-600ml-nuevo-13571/,product,true,200,true,true,true,false,https://www.kronosolopromocionales.com/productos/botilito-metalico-cuppa-600ml-nuevo-13571/,true,,0,100,,A_INDEXABLE,
https://www.kronosolopromocionales.com/productos/mug-metalico-para-sublimacion-kup-550-ml-nuevo-13572/,product,true,200,true,true,true,false,https://www.kronosolopromocionales.com/productos/mug-metalico-para-sublimacion-kup-550-ml-nuevo-13572/,true,,0,100,,A_INDEXABLE,
https://www.kronosolopromocionales.com/productos/morral-backpack-taos-nuevo-13585/,product,true,200,true,true,true,false,https://www.kronosolopromocionales.com/productos/morral-backpack-taos-nuevo-13585/,true,,0,100,,A_INDEXABLE,
https://www.kronosolopromocionales.com/productos/morral-backpack-barbour-nuevo-13586/,product,true,200,true,true,true,false,https://www.kronosolopromocionales.com/productos/morral-backpack-barbour-nuevo-13586/,true,,0,100,,A_INDEXABLE,
https://www.kronosolopromocionales.com/productos/mug-metalico-dewar-400-ml-nuevo-13577/,product,true,200,true,true,true,false,https://www.kronosolopromocionales.com/productos/mug-metalico-dewar-400-ml-nuevo-13577/,true,,0,100,,A_INDEXABLE,
https://www.kronosolopromocionales.com/productos/bolsa-en-cambrel-con-fuelle-para-sublimacion-nuevo-13587/,product,true,200,true,true,true,false,https://www.kronosolopromocionales.com/productos/bolsa-en-cambrel-con-fuelle-para-sublimacion-nuevo-13587/,true,,0,100,,A_INDEXABLE,
https://www.kronosolopromocionales.com/productos/bolsa-en-cambrel-arcadia-para-sublimacion-nuevo-13591/,product,true,200,true,true,true,false,https://www.kronosolopromocionales.com/productos/bolsa-en-cambrel-arcadia-para-sublimacion-nuevo-13591/,true,,0,100,,A_INDEXABLE,
https://www.kronosolopromocionales.com/productos/boligrafo-castell-nuevo-13588/,product,true,200,true,true,true,false,https://www.kronosolopromocionales.com/productos/boligrafo-castell-nuevo-13588/,true,,0,100,,A_INDEXABLE,
https://www.kronosolopromocionales.com/productos/nevera-cooler-origin-rpet-nuevo-13561/,product,true,200,true,true,true,false,https://www.kronosolopromocionales.com/productos/nevera-cooler-origin-rpet-nuevo-13561/,true,,0,100,,A_INDEXABLE,
https://www.kronosolopromocionales.com/productos/portarretrato-kids-nuevo-13563/,product,true,200,true,true,true,false,https://www.kronosolopromocionales.com/productos/portarretrato-kids-nuevo-13563/,true,,0,100,,A_INDEXABLE,
https://www.kronosolopromocionales.com/productos/pila-recargable-byte-2200-mah-nuevo-13565/,product,true,200,true,true,true,false,https://www.kronosolopromocionales.com/productos/pila-recargable-byte-2200-mah-nuevo-13565/,true,,0,100,,A_INDEXABLE,
https://www.kronosolopromocionales.com/productos/pila-recargable-kode-5000-mah-rpet-nuevo-13566/,product,true,200,true,true,true,false,https://www.kronosolopromocionales.com/productos/pila-recargable-kode-5000-mah-rpet-nuevo-13566/,true,,0,100,,A_INDEXABLE,
https://www.kronosolopromocionales.com/productos/cepillo-de-dientes-bambu-nuevo-13567/,product,true,200,true,true,true,false,https://www.kronosolopromocionales.com/productos/cepillo-de-dientes-bambu-nuevo-13567/,true,,0,100,,A_INDEXABLE,
https://www.kronosolopromocionales.com/productos/cepillo-de-dientes-travel-nuevo-13568/,product,true,200,true,true,true,false,https://www.kronosolopromocionales.com/productos/cepillo-de-dientes-travel-nuevo-13568/,true,,0,100,,A_INDEXABLE,
https://www.kronosolopromocionales.com/productos/speaker-bluetooth-soccer-man-nuevo-13389/,product,true,200,true,true,true,false,https://www.kronosolopromocionales.com/productos/speaker-bluetooth-soccer-man-nuevo-13389/,true,,0,100,,A_INDEXABLE,
https://www.kronosolopromocionales.com/productos/cobija-en-fleece-con-velcro-nuevo-6313/,product,true,200,true,true,true,false,https://www.kronosolopromocionales.com/productos/cobija-en-fleece-con-velcro-nuevo-6313/,true,,0,100,,A_INDEXABLE,
https://www.kronosolopromocionales.com/productos/botilito-plastico-vita-600ml-rpet-nuevo-13246/,product,true,200,true,true,true,false,https://www.kronosolopromocionales.com/productos/botilito-plastico-vita-600ml-rpet-nuevo-13246/,true,,0,100,,A_INDEXABLE,
https://www.kronosolopromocionales.com/productos/cargador-inalambrico-element-nuevo-13541/,product,true,200,true,true,true,false,https://www.kronosolopromocionales.com/productos/cargador-inalambrico-element-nuevo-13541/,true,,0,100,,A_INDEXABLE,
https://www.kronosolopromocionales.com/productos/set-vera-nuevo-13542/,product,true,200,true,true,true,false,https://www.kronosolopromocionales.com/productos/set-vera-nuevo-13542/,true,,0,100,,A_INDEXABLE,
https://www.kronosolopromocionales.com/productos/cepillo-exfoliante-skin-nuevo-13543/,product,true,200,true,true,true,false,https://www.kronosolopromocionales.com/productos/cepillo-exfoliante-skin-nuevo-13543/,true,,0,100,,A_INDEXABLE,
https://www.kronosolopromocionales.com/productos/set-de-cubiertos-craft-nuevo-13545/,product,true,200,true,true,true,false,https://www.kronosolopromocionales.com/productos/set-de-cubiertos-craft-nuevo-13545/,true,,0,100,,A_INDEXABLE,
https://www.kronosolopromocionales.com/productos/joyero-en-algodon-200-gr-nuevo-13547/,product,true,200,true,true,true,false,https://www.kronosolopromocionales.com/productos/joyero-en-algodon-200-gr-nuevo-13547/,true,,0,100,,A_INDEXABLE,
https://www.kronosolopromocionales.com/productos/speaker-bluetooth-soccer-ball-13276/,product,true,200,true,true,true,false,https://www.kronosolopromocionales.com/productos/speaker-bluetooth-soccer-ball-13276/,true,,0,100,,A_INDEXABLE,
https://www.kronosolopromocionales.com/productos/speaker-bluetooth-aqua-13277/,product,true,200,true,true,true,false,https://www.kronosolopromocionales.com/productos/speaker-bluetooth-aqua-13277/,true,,0,100,,A_INDEXABLE,
https://www.kronosolopromocionales.com/productos/puerto-usb-syntra-13303/,product,true,200,true,true,true,false,https://www.kronosolopromocionales.com/productos/puerto-usb-syntra-13303/,true,,0,100,,A_INDEXABLE,
https://www.kronosolopromocionales.com/productos/mug-metalico-vinga-eco-350-ml-13313/,product,true,200,true,true,true,false,https://www.kronosolopromocionales.com/productos/mug-metalico-vinga-eco-350-ml-13313/,true,,0,100,,A_INDEXABLE,
https://www.kronosolopromocionales.com/productos/botilito-metalico-drover-650ml-13314/,product,true,200,true,true,true,false,https://www.kronosolopromocionales.com/productos/botilito-metalico-drover-650ml-13314/,true,,0,100,,A_INDEXABLE,
https://www.kronosolopromocionales.com/productos/pila-recargable-digital-display5000-mah-13316/,product,true,200,true,true,true,false,https://www.kronosolopromocionales.com/productos/pila-recargable-digital-display5000-mah-13316/,true,,0,100,,A_INDEXABLE,
https://www.kronosolopromocionales.com/productos/pila-recargable-nomu-5000mah-13317/,product,true,200,true,true,true,false,https://www.kronosolopromocionales.com/productos/pila-recargable-nomu-5000mah-13317/,true,,0,100,,A_INDEXABLE,
https://www.kronosolopromocionales.com/productos/set-de-herramientas-hammer-13325/,product,true,200,true,true,true,false,https://www.kronosolopromocionales.com/productos/set-de-herramientas-hammer-13325/,true,,0,100,,A_INDEXABLE,
https://www.kronosolopromocionales.com/productos/set-de-herramientas-bamboo-13326/,product,true,200,true,true,true,false,https://www.kronosolopromocionales.com/productos/set-de-herramientas-bamboo-13326/,true,,0,100,,A_INDEXABLE,
https://www.kronosolopromocionales.com/productos/cargador-inalambrico-heston-13328/,product,true,200,true,true,true,false,https://www.kronosolopromocionales.com/productos/cargador-inalambrico-heston-13328/,true,,0,100,,A_INDEXABLE,
https://www.kronosolopromocionales.com/productos/portacomidas-wing-eco-13329/,product,true,200,true,true,true,false,https://www.kronosolopromocionales.com/productos/portacomidas-wing-eco-13329/,true,,0,100,,A_INDEXABLE,
https://www.kronosolopromocionales.com/productos/mini-herramientero-kronus-13335/,product,true,200,true,true,true,false,https://www.kronosolopromocionales.com/productos/mini-herramientero-kronus-13335/,true,,0,100,,A_INDEXABLE,
https://www.kronosolopromocionales.com/productos/audifonos-tekflow-13339/,product,true,200,true,true,true,false,https://www.kronosolopromocionales.com/productos/audifonos-tekflow-13339/,true,,0,100,,A_INDEXABLE,
https://www.kronosolopromocionales.com/productos/llavero-metro-tools-13351/,product,true,200,true,true,true,false,https://www.kronosolopromocionales.com/productos/llavero-metro-tools-13351/,true,,0,100,,A_INDEXABLE,
https://www.kronosolopromocionales.com/productos/llavero-metro-3-1-13354/,product,true,200,true,true,true,false,https://www.kronosolopromocionales.com/productos/llavero-metro-3-1-13354/,true,,0,100,,A_INDEXABLE,
https://www.kronosolopromocionales.com/productos/mug-plastico-voltra-400ml-13247/,product,true,200,true,true,true,false,https://www.kronosolopromocionales.com/productos/mug-plastico-voltra-400ml-13247/,true,,0,100,,A_INDEXABLE,
https://www.kronosolopromocionales.com/productos/portacomidas-stora-eco-13242/,product,true,200,true,true,true,false,https://www.kronosolopromocionales.com/productos/portacomidas-stora-eco-13242/,true,,0,100,,A_INDEXABLE,
https://www.kronosolopromocionales.com/productos/botilito-plastico-napper-800ml-13243/,product,true,200,true,true,true,false,https://www.kronosolopromocionales.com/productos/botilito-plastico-napper-800ml-13243/,true,,0,100,,A_INDEXABLE,
https://www.kronosolopromocionales.com/productos/botilito-plastico-griply-rpet-700ml-13244/,product,true,200,true,true,true,false,https://www.kronosolopromocionales.com/productos/botilito-plastico-griply-rpet-700ml-13244/,true,,0,100,,A_INDEXABLE,
https://www.kronosolopromocionales.com/productos/mug-plastico-glimm-eco-300ml-13245/,product,true,200,true,true,true,false,https://www.kronosolopromocionales.com/productos/mug-plastico-glimm-eco-300ml-13245/,true,,0,100,,A_INDEXABLE,
https://www.kronosolopromocionales.com/productos/molde-para-paletas-13270/,product,true,200,true,true,true,false,https://www.kronosolopromocionales.com/productos/molde-para-paletas-13270/,true,,0,100,,A_INDEXABLE,
https://www.kronosolopromocionales.com/productos/set-glim-13272/,product,true,200,true,true,true,false,https://www.kronosolopromocionales.com/productos/set-glim-13272/,true,,0,100,,A_INDEXABLE,
https://www.kronosolopromocionales.com/productos/set-sos-13273/,product,true,200,true,true,true,false,https://www.kronosolopromocionales.com/productos/set-sos-13273/,true,,0,90,nombre_corto,A_INDEXABLE,
https://www.kronosolopromocionales.com/productos/llavero-destapador-truck-13257/,product,true,200,true,true,true,false,https://www.kronosolopromocionales.com/productos/llavero-destapador-truck-13257/,true,,0,100,,A_INDEXABLE,
https://www.kronosolopromocionales.com/productos/llavero-destapador-motorbike-13258/,product,true,200,true,true,true,false,https://www.kronosolopromocionales.com/productos/llavero-destapador-motorbike-13258/,true,,0,100,,A_INDEXABLE,
https://www.kronosolopromocionales.com/productos/llavero-destapador-broq-13259/,product,true,200,true,true,true,false,https://www.kronosolopromocionales.com/productos/llavero-destapador-broq-13259/,true,,0,100,,A_INDEXABLE,
https://www.kronosolopromocionales.com/productos/botilito-jormi-1000ml-13217/,product,true,200,true,true,true,false,https://www.kronosolopromocionales.com/productos/botilito-jormi-1000ml-13217/,true,,0,100,,A_INDEXABLE,
https://www.kronosolopromocionales.com/productos/botilito-metalico-plivi-660ml-13218/,product,true,200,true,true,true,false,https://www.kronosolopromocionales.com/productos/botilito-metalico-plivi-660ml-13218/,true,,0,100,,A_INDEXABLE,
https://www.kronosolopromocionales.com/productos/mug-ethio-cofee-473-ml-13219/,product,true,200,true,true,true,false,https://www.kronosolopromocionales.com/productos/mug-ethio-cofee-473-ml-13219/,true,,0,100,,A_INDEXABLE,
https://www.kronosolopromocionales.com/productos/multicargador-con-puertos-fast-35w-13225/,product,true,200,true,true,true,false,https://www.kronosolopromocionales.com/productos/multicargador-con-puertos-fast-35w-13225/,true,,0,100,,A_INDEXABLE,
https://www.kronosolopromocionales.com/productos/cooler-para-botellas-13232/,product,true,200,true,true,true,false,https://www.kronosolopromocionales.com/productos/cooler-para-botellas-13232/,true,,0,100,,A_INDEXABLE,
https://www.kronosolopromocionales.com/productos/botilito-plastico-pvc-runny-690ml-produccion-nacional-13236/,product,true,200,true,true,true,false,https://www.kronosolopromocionales.com/productos/botilito-plastico-pvc-runny-690ml-produccion-nacional-13236/,true,,0,100,,A_INDEXABLE,
https://www.kronosolopromocionales.com/productos/mug-metalico-lumix-600-ml-13237/,product,true,200,true,true,true,false,https://www.kronosolopromocionales.com/productos/mug-metalico-lumix-600-ml-13237/,true,,0,100,,A_INDEXABLE,
https://www.kronosolopromocionales.com/productos/set-de-mugs-metalicos-stylor-200-ml-13238/,product,true,200,true,true,true,false,https://www.kronosolopromocionales.com/productos/set-de-mugs-metalicos-stylor-200-ml-13238/,true,,0,100,,A_INDEXABLE,
https://www.kronosolopromocionales.com/productos/botilito-metalico-swivo-750ml-13239/,product,true,200,true,true,true,false,https://www.kronosolopromocionales.com/productos/botilito-metalico-swivo-750ml-13239/,true,,0,100,,A_INDEXABLE,
https://www.kronosolopromocionales.com/productos/mini-aspiradora-lautus-13515/,product,true,200,true,true,true,false,https://www.kronosolopromocionales.com/productos/mini-aspiradora-lautus-13515/,true,,0,100,,A_INDEXABLE,
https://www.kronosolopromocionales.com/productos/mini-herramientero-clipin-13518/,product,true,200,true,true,true,false,https://www.kronosolopromocionales.com/productos/mini-herramientero-clipin-13518/,true,,0,100,,A_INDEXABLE,
https://www.kronosolopromocionales.com/productos/destapador-house-bamboo-13519/,product,true,200,true,true,true,false,https://www.kronosolopromocionales.com/productos/destapador-house-bamboo-13519/,true,,0,100,,A_INDEXABLE,
https://www.kronosolopromocionales.com/productos/botilito-metalico-glider-520ml-13520/,product,true,200,true,true,true,false,https://www.kronosolopromocionales.com/productos/botilito-metalico-glider-520ml-13520/,true,,0,100,,A_INDEXABLE,
https://www.kronosolopromocionales.com/productos/mug-metalico-lumora-300ml-13524/,product,true,200,true,true,true,false,https://www.kronosolopromocionales.com/productos/mug-metalico-lumora-300ml-13524/,true,,0,100,,A_INDEXABLE,
https://www.kronosolopromocionales.com/productos/botilito-metalico-plugsy-750ml-13525/,product,true,200,true,true,true,false,https://www.kronosolopromocionales.com/productos/botilito-metalico-plugsy-750ml-13525/,true,,0,100,,A_INDEXABLE,
https://www.kronosolopromocionales.com/productos/mug-plastico-atom-370-ml-produccion-nacional-13530/,product,true,200,true,true,true,false,https://www.kronosolopromocionales.com/productos/mug-plastico-atom-370-ml-produccion-nacional-13530/,true,,0,100,,A_INDEXABLE,
https://www.kronosolopromocionales.com/productos/cable-multicargador-spectra-13390/,product,true,200,true,true,true,false,https://www.kronosolopromocionales.com/productos/cable-multicargador-spectra-13390/,true,,0,100,,A_INDEXABLE,
https://www.kronosolopromocionales.com/productos/mouse-inalambrico-zenith-eco-13391/,product,true,200,true,true,true,false,https://www.kronosolopromocionales.com/productos/mouse-inalambrico-zenith-eco-13391/,true,,0,100,,A_INDEXABLE,
https://www.kronosolopromocionales.com/productos/soporte-para-movil-nyro-13392/,product,true,200,true,true,true,false,https://www.kronosolopromocionales.com/productos/soporte-para-movil-nyro-13392/,true,,0,100,,A_INDEXABLE,
https://www.kronosolopromocionales.com/productos/soporte-para-movil-chair-13393/,product,true,200,true,true,true,false,https://www.kronosolopromocionales.com/productos/soporte-para-movil-chair-13393/,true,,0,100,,A_INDEXABLE,
https://www.kronosolopromocionales.com/productos/soporte-para-celular-magmount-eco-13397/,product,true,200,true,true,true,false,https://www.kronosolopromocionales.com/productos/soporte-para-celular-magmount-eco-13397/,true,,0,100,,A_INDEXABLE,
https://www.kronosolopromocionales.com/productos/cargador-inalambrico-con-tablero-13388/,product,true,200,true,true,true,false,https://www.kronosolopromocionales.com/productos/cargador-inalambrico-con-tablero-13388/,true,,0,100,,A_INDEXABLE,
https://www.kronosolopromocionales.com/productos/cable-multicargador-fast-65w-13364/,product,true,200,true,true,true,false,https://www.kronosolopromocionales.com/productos/cable-multicargador-fast-65w-13364/,true,,0,100,,A_INDEXABLE,
https://www.kronosolopromocionales.com/productos/cable-multicargador-eco-fast-65w-13365/,product,true,200,true,true,true,false,https://www.kronosolopromocionales.com/productos/cable-multicargador-eco-fast-65w-13365/,true,,0,100,,A_INDEXABLE,
https://www.kronosolopromocionales.com/productos/mug-metalico-terra-720ml-13367/,product,true,200,true,true,true,false,https://www.kronosolopromocionales.com/productos/mug-metalico-terra-720ml-13367/,true,,0,100,,A_INDEXABLE,
https://www.kronosolopromocionales.com/productos/portacomidas-novus-13368/,product,true,200,true,true,true,false,https://www.kronosolopromocionales.com/productos/portacomidas-novus-13368/,true,,0,100,,A_INDEXABLE,
https://www.kronosolopromocionales.com/productos/portacomidas-triton-13369/,product,true,200,true,true,true,false,https://www.kronosolopromocionales.com/productos/portacomidas-triton-13369/,true,,0,100,,A_INDEXABLE,
https://www.kronosolopromocionales.com/productos/portacomidas-jolt-13370/,product,true,200,true,true,true,false,https://www.kronosolopromocionales.com/productos/portacomidas-jolt-13370/,true,,0,100,,A_INDEXABLE,
https://www.kronosolopromocionales.com/productos/mug-metalico-micron-800ml-13371/,product,true,200,true,true,true,false,https://www.kronosolopromocionales.com/productos/mug-metalico-micron-800ml-13371/,true,,0,100,,A_INDEXABLE,
https://www.kronosolopromocionales.com/productos/audifonos-bluetooth-con-traductor-13379/,product,true,200,true,true,true,false,https://www.kronosolopromocionales.com/productos/audifonos-bluetooth-con-traductor-13379/,true,,0,100,,A_INDEXABLE,
https://www.kronosolopromocionales.com/productos/audifonos-bluetooth-kynor-13381/,product,true,200,true,true,true,false,https://www.kronosolopromocionales.com/productos/audifonos-bluetooth-kynor-13381/,true,,0,100,,A_INDEXABLE,
https://www.kronosolopromocionales.com/productos/audifonos-bluetooth-screen-13382/,product,true,200,true,true,true,false,https://www.kronosolopromocionales.com/productos/audifonos-bluetooth-screen-13382/,true,,0,100,,A_INDEXABLE,
https://www.kronosolopromocionales.com/productos/audifonos-bluetooth-devola-13383/,product,true,200,true,true,true,false,https://www.kronosolopromocionales.com/productos/audifonos-bluetooth-devola-13383/,true,,0,100,,A_INDEXABLE,
https://www.kronosolopromocionales.com/productos/mini-proyector-lcd-13384/,product,true,200,true,true,true,false,https://www.kronosolopromocionales.com/productos/mini-proyector-lcd-13384/,true,,0,100,,A_INDEXABLE,
https://www.kronosolopromocionales.com/productos/audifonos-bluetooth-soccer-ball-13385/,product,true,200,true,true,true,false,https://www.kronosolopromocionales.com/productos/audifonos-bluetooth-soccer-ball-13385/,true,,0,100,,A_INDEXABLE,
https://www.kronosolopromocionales.com/productos/cargador-inalambrico-bamboo-clock-13404/,product,true,200,true,true,true,false,https://www.kronosolopromocionales.com/productos/cargador-inalambrico-bamboo-clock-13404/,true,,0,100,,A_INDEXABLE,
https://www.kronosolopromocionales.com/productos/set-de-limpieza-nomi-13408/,product,true,200,true,true,true,false,https://www.kronosolopromocionales.com/productos/set-de-limpieza-nomi-13408/,true,,0,100,,A_INDEXABLE,
https://www.kronosolopromocionales.com/productos/cable-tipo-c-1mt-13410/,product,true,200,true,true,true,false,https://www.kronosolopromocionales.com/productos/cable-tipo-c-1mt-13410/,true,,0,100,,A_INDEXABLE,
https://www.kronosolopromocionales.com/productos/pila-recargable-powerbank-astro-2000mah-13411/,product,true,200,true,true,true,false,https://www.kronosolopromocionales.com/productos/pila-recargable-powerbank-astro-2000mah-13411/,true,,0,100,,A_INDEXABLE,
https://www.kronosolopromocionales.com/productos/puerto-usb-apex-13414/,product,true,200,true,true,true,false,https://www.kronosolopromocionales.com/productos/puerto-usb-apex-13414/,true,,0,100,,A_INDEXABLE,
https://www.kronosolopromocionales.com/productos/pila-recargable-nevol-2000mah-13421/,product,true,200,true,true,true,false,https://www.kronosolopromocionales.com/productos/pila-recargable-nevol-2000mah-13421/,true,,0,100,,A_INDEXABLE,
https://www.kronosolopromocionales.com/productos/pila-recargable-zyma10000mah-13422/,product,true,200,true,true,true,false,https://www.kronosolopromocionales.com/productos/pila-recargable-zyma10000mah-13422/,true,,0,100,,A_INDEXABLE,
https://www.kronosolopromocionales.com/productos/bolsa-en-algodon-y-yute-13436/,product,true,200,true,true,true,false,https://www.kronosolopromocionales.com/productos/bolsa-en-algodon-y-yute-13436/,true,,0,100,,A_INDEXABLE,
https://www.kronosolopromocionales.com/productos/portacomidas-puzzle-13437/,product,true,200,true,true,true,false,https://www.kronosolopromocionales.com/productos/portacomidas-puzzle-13437/,true,,0,100,,A_INDEXABLE,
https://www.kronosolopromocionales.com/productos/set-de-cocina-trattoria-13433/,product,true,200,true,true,true,false,https://www.kronosolopromocionales.com/productos/set-de-cocina-trattoria-13433/,true,,0,100,,A_INDEXABLE,
https://www.kronosolopromocionales.com/productos/vaso-en-silicona-muggo-13434/,product,true,200,true,true,true,false,https://www.kronosolopromocionales.com/productos/vaso-en-silicona-muggo-13434/,true,,0,100,,A_INDEXABLE,
https://www.kronosolopromocionales.com/productos/cable-multicargador-gauss-eco-13444/,product,true,200,true,true,true,false,https://www.kronosolopromocionales.com/productos/cable-multicargador-gauss-eco-13444/,true,,0,100,,A_INDEXABLE,
https://www.kronosolopromocionales.com/productos/mug-metalico-juggy-880ml-13450/,product,true,200,true,true,true,false,https://www.kronosolopromocionales.com/productos/mug-metalico-juggy-880ml-13450/,true,,0,100,,A_INDEXABLE,
https://www.kronosolopromocionales.com/productos/botilito-metalico-warp-700ml-13451/,product,true,200,true,true,true,false,https://www.kronosolopromocionales.com/productos/botilito-metalico-warp-700ml-13451/,true,,0,100,,A_INDEXABLE,
https://www.kronosolopromocionales.com/productos/masajeador-roller-2-1-13452/,product,true,200,true,true,true,false,https://www.kronosolopromocionales.com/productos/masajeador-roller-2-1-13452/,true,,0,100,,A_INDEXABLE,
https://www.kronosolopromocionales.com/productos/portacelular-elephant-13453/,product,true,200,true,true,true,false,https://www.kronosolopromocionales.com/productos/portacelular-elephant-13453/,true,,0,100,,A_INDEXABLE,
https://www.kronosolopromocionales.com/productos/clip-magnetico-2-1-13455/,product,true,200,true,true,true,false,https://www.kronosolopromocionales.com/productos/clip-magnetico-2-1-13455/,true,,0,100,,A_INDEXABLE,
https://www.kronosolopromocionales.com/productos/martillo-reflex-13456/,product,true,200,true,true,true,false,https://www.kronosolopromocionales.com/productos/martillo-reflex-13456/,true,,0,100,,A_INDEXABLE,
https://www.kronosolopromocionales.com/productos/mug-metalico-noma-chili-900ml-13459/,product,true,200,true,true,true,false,https://www.kronosolopromocionales.com/productos/mug-metalico-noma-chili-900ml-13459/,true,,0,100,,A_INDEXABLE,
https://www.kronosolopromocionales.com/productos/botilito-metalico-klak-chili-1l-13460/,product,true,200,true,true,true,false,https://www.kronosolopromocionales.com/productos/botilito-metalico-klak-chili-1l-13460/,true,,0,100,,A_INDEXABLE,
https://www.kronosolopromocionales.com/productos/speaker-bluetooth-fyra-13466/,product,true,200,true,true,true,false,https://www.kronosolopromocionales.com/productos/speaker-bluetooth-fyra-13466/,true,,0,100,,A_INDEXABLE,
https://www.kronosolopromocionales.com/productos/botilito-metalico-kolvo-urban-travel-440ml-13467/,product,true,200,true,true,true,false,https://www.kronosolopromocionales.com/productos/botilito-metalico-kolvo-urban-travel-440ml-13467/,true,,0,100,,A_INDEXABLE,
https://www.kronosolopromocionales.com/productos/mug-metalico-avenix380-ml-13468/,product,true,200,true,true,true,false,https://www.kronosolopromocionales.com/productos/mug-metalico-avenix380-ml-13468/,true,,0,100,,A_INDEXABLE,
https://www.kronosolopromocionales.com/productos/speaker-bluetooth-bambino-3-1-13470/,product,true,200,true,true,true,false,https://www.kronosolopromocionales.com/productos/speaker-bluetooth-bambino-3-1-13470/,true,,0,100,,A_INDEXABLE,
https://www.kronosolopromocionales.com/productos/speaker-bluetooth-auralux-13471/,product,true,200,true,true,true,false,https://www.kronosolopromocionales.com/productos/speaker-bluetooth-auralux-13471/,true,,0,100,,A_INDEXABLE,
https://www.kronosolopromocionales.com/productos/botilito-hoola-rpet-750ml-13473/,product,true,200,true,true,true,false,https://www.kronosolopromocionales.com/productos/botilito-hoola-rpet-750ml-13473/,true,,0,100,,A_INDEXABLE,
https://www.kronosolopromocionales.com/productos/mug-plastico-quovo-500ml-13474/,product,true,200,true,true,true,false,https://www.kronosolopromocionales.com/productos/mug-plastico-quovo-500ml-13474/,true,,0,100,,A_INDEXABLE,
https://www.kronosolopromocionales.com/productos/cargador-inalambrico-voss-13475/,product,true,200,true,true,true,false,https://www.kronosolopromocionales.com/productos/cargador-inalambrico-voss-13475/,true,,0,100,,A_INDEXABLE,
https://www.kronosolopromocionales.com/productos/cable-multicargador-voss-13476/,product,true,200,true,true,true,false,https://www.kronosolopromocionales.com/productos/cable-multicargador-voss-13476/,true,,0,100,,A_INDEXABLE,
https://www.kronosolopromocionales.com/productos/cargador-inalambrico-con-cables-4-1-13478/,product,true,200,true,true,true,false,https://www.kronosolopromocionales.com/productos/cargador-inalambrico-con-cables-4-1-13478/,true,,0,100,,A_INDEXABLE,
https://www.kronosolopromocionales.com/productos/mug-metalico-camper-urban-travel-1100-ml-13479/,product,true,200,true,true,true,false,https://www.kronosolopromocionales.com/productos/mug-metalico-camper-urban-travel-1100-ml-13479/,true,,0,100,,A_INDEXABLE,
https://www.kronosolopromocionales.com/productos/botilito-metalico-gulpy-790-ml-13480/,product,true,200,true,true,true,false,https://www.kronosolopromocionales.com/productos/botilito-metalico-gulpy-790-ml-13480/,true,,0,100,,A_INDEXABLE,
https://www.kronosolopromocionales.com/productos/mug-en-ceramica-earth-450ml-13482/,product,true,200,true,true,true,false,https://www.kronosolopromocionales.com/productos/mug-en-ceramica-earth-450ml-13482/,true,,0,100,,A_INDEXABLE,
https://www.kronosolopromocionales.com/productos/mug-en-ceramica-rubber-325ml-13483/,product,true,200,true,true,true,false,https://www.kronosolopromocionales.com/productos/mug-en-ceramica-rubber-325ml-13483/,true,,0,100,,A_INDEXABLE,
https://www.kronosolopromocionales.com/productos/botilito-dual-rpet-700-ml-13487/,product,true,200,true,true,true,false,https://www.kronosolopromocionales.com/productos/botilito-dual-rpet-700-ml-13487/,true,,0,100,,A_INDEXABLE,
https://www.kronosolopromocionales.com/productos/mug-kolly-500-ml-13488/,product,true,200,true,true,true,false,https://www.kronosolopromocionales.com/productos/mug-kolly-500-ml-13488/,true,,0,100,,A_INDEXABLE,
https://www.kronosolopromocionales.com/productos/mug-metalico-boof-600-ml-13489/,product,true,200,true,true,true,false,https://www.kronosolopromocionales.com/productos/mug-metalico-boof-600-ml-13489/,true,,0,100,,A_INDEXABLE,
https://www.kronosolopromocionales.com/productos/mug-metalico-tasso-500ml-13463/,product,true,200,true,true,true,false,https://www.kronosolopromocionales.com/productos/mug-metalico-tasso-500ml-13463/,true,,0,100,,A_INDEXABLE,
https://www.kronosolopromocionales.com/productos/mug-metalico-brumo-1200ml-13464/,product,true,200,true,true,true,false,https://www.kronosolopromocionales.com/productos/mug-metalico-brumo-1200ml-13464/,true,,0,100,,A_INDEXABLE,
https://www.kronosolopromocionales.com/productos/coge-ollas-con-silicona-13497/,product,true,200,true,true,true,false,https://www.kronosolopromocionales.com/productos/coge-ollas-con-silicona-13497/,true,,0,100,,A_INDEXABLE,
https://www.kronosolopromocionales.com/productos/funda-para-mouse-13493/,product,true,200,true,true,true,false,https://www.kronosolopromocionales.com/productos/funda-para-mouse-13493/,true,,0,100,,A_INDEXABLE,
https://www.kronosolopromocionales.com/productos/botilito-metalico-lumo-550ml-13511/,product,true,200,true,true,true,false,https://www.kronosolopromocionales.com/productos/botilito-metalico-lumo-550ml-13511/,true,,0,100,,A_INDEXABLE,
https://www.kronosolopromocionales.com/productos/costurero-valen-13340/,product,true,200,true,true,true,false,https://www.kronosolopromocionales.com/productos/costurero-valen-13340/,true,,0,100,,A_INDEXABLE,
https://www.kronosolopromocionales.com/productos/set-de-mini-frascos-travel-13330/,product,true,200,true,true,true,false,https://www.kronosolopromocionales.com/productos/set-de-mini-frascos-travel-13330/,true,,0,100,,A_INDEXABLE,
https://www.kronosolopromocionales.com/productos/llavero-pop-it-bolt-13321/,product,true,200,true,true,true,false,https://www.kronosolopromocionales.com/productos/llavero-pop-it-bolt-13321/,true,,0,100,,A_INDEXABLE,
https://www.kronosolopromocionales.com/productos/apoya-munecas-pop-it-13322/,product,true,200,true,true,true,false,https://www.kronosolopromocionales.com/productos/apoya-munecas-pop-it-13322/,true,,0,100,,A_INDEXABLE,
https://www.kronosolopromocionales.com/productos/antiestres-pop-it-13318/,product,true,200,true,true,true,false,https://www.kronosolopromocionales.com/productos/antiestres-pop-it-13318/,true,,0,100,,A_INDEXABLE,
https://www.kronosolopromocionales.com/productos/paraguas-comforella-20-13283/,product,true,200,true,true,true,false,https://www.kronosolopromocionales.com/productos/paraguas-comforella-20-13283/,true,,0,100,,A_INDEXABLE,
https://www.kronosolopromocionales.com/productos/paraguas-easyroll-23-13285/,product,true,200,true,true,true,false,https://www.kronosolopromocionales.com/productos/paraguas-easyroll-23-13285/,true,,0,100,,A_INDEXABLE,
https://www.kronosolopromocionales.com/productos/paraguas-voltus-27-urban-travel-13233/,product,true,200,true,true,true,false,https://www.kronosolopromocionales.com/productos/paraguas-voltus-27-urban-travel-13233/,true,,0,100,,A_INDEXABLE,
https://www.kronosolopromocionales.com/productos/mini-paraguas-hook-21-urban-travel-13234/,product,true,200,true,true,true,false,https://www.kronosolopromocionales.com/productos/mini-paraguas-hook-21-urban-travel-13234/,true,,0,100,,A_INDEXABLE,
https://www.kronosolopromocionales.com/productos/mini-paraguas-super-light-21-urban-travel-13235/,product,true,200,true,true,true,false,https://www.kronosolopromocionales.com/productos/mini-paraguas-super-light-21-urban-travel-13235/,true,,0,100,,A_INDEXABLE,
https://www.kronosolopromocionales.com/productos/manilla-pocket-13249/,product,true,200,true,true,true,false,https://www.kronosolopromocionales.com/productos/manilla-pocket-13249/,true,,0,100,,A_INDEXABLE,
https://www.kronosolopromocionales.com/productos/banda-head-13250/,product,true,200,true,true,true,false,https://www.kronosolopromocionales.com/productos/banda-head-13250/,true,,0,100,,A_INDEXABLE,
https://www.kronosolopromocionales.com/productos/set-de-manicure-zeldra-13491/,product,true,200,true,true,true,false,https://www.kronosolopromocionales.com/productos/set-de-manicure-zeldra-13491/,true,,0,100,,A_INDEXABLE,
https://www.kronosolopromocionales.com/productos/balaca-para-maquillaje-13484/,product,true,200,true,true,true,false,https://www.kronosolopromocionales.com/productos/balaca-para-maquillaje-13484/,true,,0,100,,A_INDEXABLE,
https://www.kronosolopromocionales.com/productos/toalla-cooltech-13481/,product,true,200,true,true,true,false,https://www.kronosolopromocionales.com/productos/toalla-cooltech-13481/,true,,0,100,,A_INDEXABLE,
https://www.kronosolopromocionales.com/productos/tijeras-plasticas-13454/,product,true,200,true,true,true,false,https://www.kronosolopromocionales.com/productos/tijeras-plasticas-13454/,true,,0,100,,A_INDEXABLE,
https://www.kronosolopromocionales.com/productos/cepillo-en-silicona-eco-13430/,product,true,200,true,true,true,false,https://www.kronosolopromocionales.com/productos/cepillo-en-silicona-eco-13430/,true,,0,100,,A_INDEXABLE,
https://www.kronosolopromocionales.com/productos/set-de-maquillaje-tasking-13432/,product,true,200,true,true,true,false,https://www.kronosolopromocionales.com/productos/set-de-maquillaje-tasking-13432/,true,,0,100,,A_INDEXABLE,
https://www.kronosolopromocionales.com/productos/espejo-con-luz-garda-13413/,product,true,200,true,true,true,false,https://www.kronosolopromocionales.com/productos/espejo-con-luz-garda-13413/,true,,0,100,,A_INDEXABLE,
https://www.kronosolopromocionales.com/productos/espejo-shower-13419/,product,true,200,true,true,true,false,https://www.kronosolopromocionales.com/productos/espejo-shower-13419/,true,,0,100,,A_INDEXABLE,
https://www.kronosolopromocionales.com/productos/espejo-flex-square-13420/,product,true,200,true,true,true,false,https://www.kronosolopromocionales.com/productos/espejo-flex-square-13420/,true,,0,100,,A_INDEXABLE,
https://www.kronosolopromocionales.com/productos/set-de-brochas-mirror-light-13409/,product,true,200,true,true,true,false,https://www.kronosolopromocionales.com/productos/set-de-brochas-mirror-light-13409/,true,,0,100,,A_INDEXABLE,
https://www.kronosolopromocionales.com/productos/masajeador-brandon-13521/,product,true,200,true,true,true,false,https://www.kronosolopromocionales.com/productos/masajeador-brandon-13521/,true,,0,100,,A_INDEXABLE,
https://www.kronosolopromocionales.com/productos/memo-pad-con-destapador-13337/,product,true,200,true,true,true,false,https://www.kronosolopromocionales.com/productos/memo-pad-con-destapador-13337/,true,,0,100,,A_INDEXABLE,
https://www.kronosolopromocionales.com/productos/set-de-viaje-icarus-13348/,product,true,200,true,true,true,false,https://www.kronosolopromocionales.com/productos/set-de-viaje-icarus-13348/,true,,0,100,,A_INDEXABLE,
https://www.kronosolopromocionales.com/productos/cepillo-para-mascota-13427/,product,true,200,true,true,true,false,https://www.kronosolopromocionales.com/productos/cepillo-para-mascota-13427/,true,,0,100,,A_INDEXABLE,
https://www.kronosolopromocionales.com/productos/identificador-de-maletas-en-pvc-13490/,product,true,200,true,true,true,false,https://www.kronosolopromocionales.com/productos/identificador-de-maletas-en-pvc-13490/,true,,0,100,,A_INDEXABLE,
https://www.kronosolopromocionales.com/productos/set-travel-lock-13274/,product,true,200,true,true,true,false,https://www.kronosolopromocionales.com/productos/set-travel-lock-13274/,true,,0,100,,A_INDEXABLE,
https://www.kronosolopromocionales.com/productos/pito-5-1-nuevo-13304/,product,true,200,true,true,true,false,https://www.kronosolopromocionales.com/productos/pito-5-1-nuevo-13304/,true,,0,100,,A_INDEXABLE,
https://www.kronosolopromocionales.com/productos/set-midas-13336/,product,true,200,true,true,true,false,https://www.kronosolopromocionales.com/productos/set-midas-13336/,true,,0,100,,A_INDEXABLE,
https://www.kronosolopromocionales.com/productos/morral-backpack-circuit-urban-travel-13341/,product,true,200,true,true,true,false,https://www.kronosolopromocionales.com/productos/morral-backpack-circuit-urban-travel-13341/,true,,0,100,,A_INDEXABLE,
https://www.kronosolopromocionales.com/productos/morral-backpack-quasar-urban-travel-13342/,product,true,200,true,true,true,false,https://www.kronosolopromocionales.com/productos/morral-backpack-quasar-urban-travel-13342/,true,,0,100,,A_INDEXABLE,
https://www.kronosolopromocionales.com/productos/libreta-klivor-13305/,product,true,200,true,true,true,false,https://www.kronosolopromocionales.com/productos/libreta-klivor-13305/,true,,0,100,,A_INDEXABLE,
https://www.kronosolopromocionales.com/productos/ventilador-veltra-13301/,product,true,200,true,true,true,false,https://www.kronosolopromocionales.com/productos/ventilador-veltra-13301/,true,,0,100,,A_INDEXABLE,
https://www.kronosolopromocionales.com/productos/ventilador-skylon-13302/,product,true,200,true,true,true,false,https://www.kronosolopromocionales.com/productos/ventilador-skylon-13302/,true,,0,100,,A_INDEXABLE,
https://www.kronosolopromocionales.com/productos/morral-backpack-kazomi-13311/,product,true,200,true,true,true,false,https://www.kronosolopromocionales.com/productos/morral-backpack-kazomi-13311/,true,,0,100,,A_INDEXABLE,
https://www.kronosolopromocionales.com/productos/libreta-inker-rpet-13241/,product,true,200,true,true,true,false,https://www.kronosolopromocionales.com/productos/libreta-inker-rpet-13241/,true,,0,100,,A_INDEXABLE,
https://www.kronosolopromocionales.com/productos/set-ecologico-demin-13278/,product,true,200,true,true,true,false,https://www.kronosolopromocionales.com/productos/set-ecologico-demin-13278/,true,,0,100,,A_INDEXABLE,
https://www.kronosolopromocionales.com/productos/set-ecologico-element-13279/,product,true,200,true,true,true,false,https://www.kronosolopromocionales.com/productos/set-ecologico-element-13279/,true,,0,100,,A_INDEXABLE,
https://www.kronosolopromocionales.com/productos/sticky-set-home-13281/,product,true,200,true,true,true,false,https://www.kronosolopromocionales.com/productos/sticky-set-home-13281/,true,,0,100,,A_INDEXABLE,
https://www.kronosolopromocionales.com/productos/sticky-set-con-regla-13282/,product,true,200,true,true,true,false,https://www.kronosolopromocionales.com/productos/sticky-set-con-regla-13282/,true,,0,100,,A_INDEXABLE,
https://www.kronosolopromocionales.com/productos/calculadora-con-tablero-13275/,product,true,200,true,true,true,false,https://www.kronosolopromocionales.com/productos/calculadora-con-tablero-13275/,true,,0,100,,A_INDEXABLE,
https://www.kronosolopromocionales.com/productos/morral-backpack-omni-13268/,product,true,200,true,true,true,false,https://www.kronosolopromocionales.com/productos/morral-backpack-omni-13268/,true,,0,100,,A_INDEXABLE,
https://www.kronosolopromocionales.com/productos/sticky-set-thunder-13265/,product,true,200,true,true,true,false,https://www.kronosolopromocionales.com/productos/sticky-set-thunder-13265/,true,,0,100,,A_INDEXABLE,
https://www.kronosolopromocionales.com/productos/silla-compact-flex-13251/,product,true,200,true,true,true,false,https://www.kronosolopromocionales.com/productos/silla-compact-flex-13251/,true,,0,100,,A_INDEXABLE,
https://www.kronosolopromocionales.com/productos/tabla-clip-bamboo-13499/,product,true,200,true,true,true,false,https://www.kronosolopromocionales.com/productos/tabla-clip-bamboo-13499/,true,,0,100,,A_INDEXABLE,
https://www.kronosolopromocionales.com/productos/tabla-anotadora-box-nuevo-13486/,product,true,200,true,true,true,false,https://www.kronosolopromocionales.com/productos/tabla-anotadora-box-nuevo-13486/,true,,0,100,,A_INDEXABLE,
https://www.kronosolopromocionales.com/productos/memo-pad-milk-13504/,product,true,200,true,true,true,false,https://www.kronosolopromocionales.com/productos/memo-pad-milk-13504/,true,,0,100,,A_INDEXABLE,
https://www.kronosolopromocionales.com/productos/sticky-set-milk-13505/,product,true,200,true,true,true,false,https://www.kronosolopromocionales.com/productos/sticky-set-milk-13505/,true,,0,100,,A_INDEXABLE,
https://www.kronosolopromocionales.com/productos/sticky-set-oval-milk-13506/,product,true,200,true,true,true,false,https://www.kronosolopromocionales.com/productos/sticky-set-oval-milk-13506/,true,,0,100,,A_INDEXABLE,
https://www.kronosolopromocionales.com/productos/cordon-para-portacelular-bamboo-eco-13507/,product,true,200,true,true,true,false,https://www.kronosolopromocionales.com/productos/cordon-para-portacelular-bamboo-eco-13507/,true,,0,100,,A_INDEXABLE,
https://www.kronosolopromocionales.com/productos/camion-antiestres-13492/,product,true,200,true,true,true,false,https://www.kronosolopromocionales.com/productos/camion-antiestres-13492/,true,,0,100,,A_INDEXABLE,
https://www.kronosolopromocionales.com/productos/portaboligrafos-en-bamboo-360-13442/,product,true,200,true,true,true,false,https://www.kronosolopromocionales.com/productos/portaboligrafos-en-bamboo-360-13442/,true,,0,100,,A_INDEXABLE,
https://www.kronosolopromocionales.com/productos/calendario-perpetuo-pad-bamboo-13443/,product,true,200,true,true,true,false,https://www.kronosolopromocionales.com/productos/calendario-perpetuo-pad-bamboo-13443/,true,,0,100,,A_INDEXABLE,
https://www.kronosolopromocionales.com/productos/sticky-set-micron-13445/,product,true,200,true,true,true,false,https://www.kronosolopromocionales.com/productos/sticky-set-micron-13445/,true,,0,100,,A_INDEXABLE,
https://www.kronosolopromocionales.com/productos/mini-set-goblet-eco-13446/,product,true,200,true,true,true,false,https://www.kronosolopromocionales.com/productos/mini-set-goblet-eco-13446/,true,,0,100,,A_INDEXABLE,
https://www.kronosolopromocionales.com/productos/morral-backpack-luno-master-ocean-13457/,product,true,200,true,true,true,false,https://www.kronosolopromocionales.com/productos/morral-backpack-luno-master-ocean-13457/,true,,0,100,,A_INDEXABLE,
https://www.kronosolopromocionales.com/productos/libreta-astralis-cork-13469/,product,true,200,true,true,true,false,https://www.kronosolopromocionales.com/productos/libreta-astralis-cork-13469/,true,,0,100,,A_INDEXABLE,
https://www.kronosolopromocionales.com/productos/joyero-krono-13431/,product,true,200,true,true,true,false,https://www.kronosolopromocionales.com/productos/joyero-krono-13431/,true,,0,100,,A_INDEXABLE,
https://www.kronosolopromocionales.com/productos/set-jorka-urban-business-13425/,product,true,200,true,true,true,false,https://www.kronosolopromocionales.com/productos/set-jorka-urban-business-13425/,true,,0,100,,A_INDEXABLE,
https://www.kronosolopromocionales.com/productos/set-bantik-urban-business-13426/,product,true,200,true,true,true,false,https://www.kronosolopromocionales.com/productos/set-bantik-urban-business-13426/,true,,0,100,,A_INDEXABLE,
https://www.kronosolopromocionales.com/productos/organizador-de-escritorio-bamboo-13415/,product,true,200,true,true,true,false,https://www.kronosolopromocionales.com/productos/organizador-de-escritorio-bamboo-13415/,true,,0,100,,A_INDEXABLE,
https://www.kronosolopromocionales.com/productos/repelente-de-insectos-13412/,product,true,200,true,true,true,false,https://www.kronosolopromocionales.com/productos/repelente-de-insectos-13412/,true,,0,100,,A_INDEXABLE,
https://www.kronosolopromocionales.com/productos/morral-backpack-swiss-peak-buzz-13398/,product,true,200,true,true,true,false,https://www.kronosolopromocionales.com/productos/morral-backpack-swiss-peak-buzz-13398/,true,,0,100,,A_INDEXABLE,
https://www.kronosolopromocionales.com/productos/morral-backpack-krum-13399/,product,true,200,true,true,true,false,https://www.kronosolopromocionales.com/productos/morral-backpack-krum-13399/,true,,0,100,,A_INDEXABLE,
https://www.kronosolopromocionales.com/productos/cobija-manta-de-viaje-travel-produccion-nacional-13528/,product,true,200,true,true,true,false,https://www.kronosolopromocionales.com/productos/cobija-manta-de-viaje-travel-produccion-nacional-13528/,true,,0,100,,A_INDEXABLE,
https://www.kronosolopromocionales.com/productos/organizador-de-escritorio-crunch-produccion-nacional-13529/,product,true,200,true,true,true,false,https://www.kronosolopromocionales.com/productos/organizador-de-escritorio-crunch-produccion-nacional-13529/,true,,0,100,,A_INDEXABLE,
https://www.kronosolopromocionales.com/productos/bolsa-en-yute-mirka-13526/,product,true,200,true,true,true,false,https://www.kronosolopromocionales.com/productos/bolsa-en-yute-mirka-13526/,true,,0,100,,A_INDEXABLE,
https://www.kronosolopromocionales.com/productos/nevera-cooler-glidex-13361/,product,true,200,true,true,true,false,https://www.kronosolopromocionales.com/productos/nevera-cooler-glidex-13361/,true,,0,100,,A_INDEXABLE,
https://www.kronosolopromocionales.com/productos/morral-backpack-metrix-13375/,product,true,200,true,true,true,false,https://www.kronosolopromocionales.com/productos/morral-backpack-metrix-13375/,true,,0,100,,A_INDEXABLE,
https://www.kronosolopromocionales.com/productos/nevera-cooler-kael-13376/,product,true,200,true,true,true,false,https://www.kronosolopromocionales.com/productos/nevera-cooler-kael-13376/,true,,0,100,,A_INDEXABLE,
https://www.kronosolopromocionales.com/productos/bolsa-organizador-glinter-13428/,product,true,200,true,true,true,false,https://www.kronosolopromocionales.com/productos/bolsa-organizador-glinter-13428/,true,,0,100,,A_INDEXABLE,
https://www.kronosolopromocionales.com/productos/morral-backpack-templi-13424/,product,true,200,true,true,true,false,https://www.kronosolopromocionales.com/productos/morral-backpack-templi-13424/,true,,0,100,,A_INDEXABLE,
https://www.kronosolopromocionales.com/productos/organizador-womp-master-ocean-13458/,product,true,200,true,true,true,false,https://www.kronosolopromocionales.com/productos/organizador-womp-master-ocean-13458/,true,,0,100,,A_INDEXABLE,
https://www.kronosolopromocionales.com/productos/estuche-sencillo-magnetic-13447/,product,true,200,true,true,true,false,https://www.kronosolopromocionales.com/productos/estuche-sencillo-magnetic-13447/,true,,0,100,,A_INDEXABLE,
https://www.kronosolopromocionales.com/productos/estuche-doble-magnetic-13448/,product,true,200,true,true,true,false,https://www.kronosolopromocionales.com/productos/estuche-doble-magnetic-13448/,true,,0,100,,A_INDEXABLE,
https://www.kronosolopromocionales.com/productos/maletin-en-cambrel-13509/,product,true,200,true,true,true,false,https://www.kronosolopromocionales.com/productos/maletin-en-cambrel-13509/,true,,0,100,,A_INDEXABLE,
https://www.kronosolopromocionales.com/productos/bolsa-ember-13503/,product,true,200,true,true,true,false,https://www.kronosolopromocionales.com/productos/bolsa-ember-13503/,true,,0,100,,A_INDEXABLE,
https://www.kronosolopromocionales.com/productos/organizador-dalia-13252/,product,true,200,true,true,true,false,https://www.kronosolopromocionales.com/productos/organizador-dalia-13252/,true,,0,100,,A_INDEXABLE,
https://www.kronosolopromocionales.com/productos/morral-backpack-galko-13254/,product,true,200,true,true,true,false,https://www.kronosolopromocionales.com/productos/morral-backpack-galko-13254/,true,,0,100,,A_INDEXABLE,
https://www.kronosolopromocionales.com/productos/bolsa-en-cambrel-clento-13255/,product,true,200,true,true,true,false,https://www.kronosolopromocionales.com/productos/bolsa-en-cambrel-clento-13255/,true,,0,100,,A_INDEXABLE,
https://www.kronosolopromocionales.com/productos/bolsa-en-cambrel-vest-13256/,product,true,200,true,true,true,false,https://www.kronosolopromocionales.com/productos/bolsa-en-cambrel-vest-13256/,true,,0,100,,A_INDEXABLE,
https://www.kronosolopromocionales.com/productos/set-de-resaltadores-heart-13260/,product,true,200,true,true,true,false,https://www.kronosolopromocionales.com/productos/set-de-resaltadores-heart-13260/,true,,0,100,,A_INDEXABLE,
https://www.kronosolopromocionales.com/productos/set-de-resaltadores-square-13261/,product,true,200,true,true,true,false,https://www.kronosolopromocionales.com/productos/set-de-resaltadores-square-13261/,true,,0,100,,A_INDEXABLE,
https://www.kronosolopromocionales.com/productos/morral-backpack-zylos-13266/,product,true,200,true,true,true,false,https://www.kronosolopromocionales.com/productos/morral-backpack-zylos-13266/,true,,0,100,,A_INDEXABLE,
https://www.kronosolopromocionales.com/productos/nevera-cooler-cassian-13267/,product,true,200,true,true,true,false,https://www.kronosolopromocionales.com/productos/nevera-cooler-cassian-13267/,true,,0,100,,A_INDEXABLE,
https://www.kronosolopromocionales.com/productos/nevera-cooler-dapper-13269/,product,true,200,true,true,true,false,https://www.kronosolopromocionales.com/productos/nevera-cooler-dapper-13269/,true,,0,100,,A_INDEXABLE,
https://www.kronosolopromocionales.com/productos/nevera-cooler-champ-13229/,product,true,200,true,true,true,false,https://www.kronosolopromocionales.com/productos/nevera-cooler-champ-13229/,true,,0,100,,A_INDEXABLE,
https://www.kronosolopromocionales.com/productos/portadocumentos-de-viaje-y-de-cables-lumen-13230/,product,true,200,true,true,true,false,https://www.kronosolopromocionales.com/productos/portadocumentos-de-viaje-y-de-cables-lumen-13230/,true,,0,100,,A_INDEXABLE,
https://www.kronosolopromocionales.com/productos/cosmetiquera-kovina-13231/,product,true,200,true,true,true,false,https://www.kronosolopromocionales.com/productos/cosmetiquera-kovina-13231/,true,,0,100,,A_INDEXABLE,
https://www.kronosolopromocionales.com/productos/organizador-liloz-13240/,product,true,200,true,true,true,false,https://www.kronosolopromocionales.com/productos/organizador-liloz-13240/,true,,0,100,,A_INDEXABLE,
https://www.kronosolopromocionales.com/productos/set-de-resaltadores-luban-13221/,product,true,200,true,true,true,false,https://www.kronosolopromocionales.com/productos/set-de-resaltadores-luban-13221/,true,,0,100,,A_INDEXABLE,
https://www.kronosolopromocionales.com/productos/morral-backpack-radeon-13209/,product,true,200,true,true,true,false,https://www.kronosolopromocionales.com/productos/morral-backpack-radeon-13209/,true,,0,100,,A_INDEXABLE,
https://www.kronosolopromocionales.com/productos/nevera-cooler-fluent-13289/,product,true,200,true,true,true,false,https://www.kronosolopromocionales.com/productos/nevera-cooler-fluent-13289/,true,,0,100,,A_INDEXABLE,
https://www.kronosolopromocionales.com/productos/nevera-cooler-midas-13290/,product,true,200,true,true,true,false,https://www.kronosolopromocionales.com/productos/nevera-cooler-midas-13290/,true,,0,100,,A_INDEXABLE,
https://www.kronosolopromocionales.com/productos/organizador-kappa-urban-travel-13343/,product,true,200,true,true,true,false,https://www.kronosolopromocionales.com/productos/organizador-kappa-urban-travel-13343/,true,,0,100,,A_INDEXABLE,
https://www.kronosolopromocionales.com/productos/boligrafo-dash-solido-13344/,product,true,200,true,true,true,false,https://www.kronosolopromocionales.com/productos/boligrafo-dash-solido-13344/,true,,0,100,,A_INDEXABLE,
https://www.kronosolopromocionales.com/productos/boligrafo-dash-frost-13345/,product,true,200,true,true,true,false,https://www.kronosolopromocionales.com/productos/boligrafo-dash-frost-13345/,true,,0,100,,A_INDEXABLE,
https://www.kronosolopromocionales.com/productos/boligrafo-summit-metal-13346/,product,true,200,true,true,true,false,https://www.kronosolopromocionales.com/productos/boligrafo-summit-metal-13346/,true,,0,100,,A_INDEXABLE,
https://www.kronosolopromocionales.com/productos/boligrafo-swift-eco-13347/,product,true,200,true,true,true,false,https://www.kronosolopromocionales.com/productos/boligrafo-swift-eco-13347/,true,,0,100,,A_INDEXABLE,
https://www.kronosolopromocionales.com/productos/boligrafo-allegro-13355/,product,true,200,true,true,true,false,https://www.kronosolopromocionales.com/productos/boligrafo-allegro-13355/,true,,0,100,,A_INDEXABLE,
https://www.kronosolopromocionales.com/productos/boligrafo-clasp-borrable-13356/,product,true,200,true,true,true,false,https://www.kronosolopromocionales.com/productos/boligrafo-clasp-borrable-13356/,true,,0,100,,A_INDEXABLE,
https://www.kronosolopromocionales.com/productos/set-de-boligrafos-emblem-13357/,product,true,200,true,true,true,false,https://www.kronosolopromocionales.com/productos/set-de-boligrafos-emblem-13357/,true,,0,100,,A_INDEXABLE,
https://www.kronosolopromocionales.com/productos/boligrafo-helix-bamboo-13358/,product,true,200,true,true,true,false,https://www.kronosolopromocionales.com/productos/boligrafo-helix-bamboo-13358/,true,,0,100,,A_INDEXABLE,
https://www.kronosolopromocionales.com/productos/boligrafo-nest-13359/,product,true,200,true,true,true,false,https://www.kronosolopromocionales.com/productos/boligrafo-nest-13359/,true,,0,100,,A_INDEXABLE,
https://www.kronosolopromocionales.com/productos/boligrafo-nest-eco-13360/,product,true,200,true,true,true,false,https://www.kronosolopromocionales.com/productos/boligrafo-nest-eco-13360/,true,,0,100,,A_INDEXABLE,
https://www.kronosolopromocionales.com/productos/roller-nimbus-13309/,product,true,200,true,true,true,false,https://www.kronosolopromocionales.com/productos/roller-nimbus-13309/,true,,0,100,,A_INDEXABLE,
https://www.kronosolopromocionales.com/productos/boligrafo-lynx-solido-13312/,product,true,200,true,true,true,false,https://www.kronosolopromocionales.com/productos/boligrafo-lynx-solido-13312/,true,,0,100,,A_INDEXABLE,
https://www.kronosolopromocionales.com/productos/boligrafo-lynx-frost-13307/,product,true,200,true,true,true,false,https://www.kronosolopromocionales.com/productos/boligrafo-lynx-frost-13307/,true,,0,100,,A_INDEXABLE,
https://www.kronosolopromocionales.com/productos/boligrafo-rompecabezas-13295/,product,true,200,true,true,true,false,https://www.kronosolopromocionales.com/productos/boligrafo-rompecabezas-13295/,true,,0,100,,A_INDEXABLE,
https://www.kronosolopromocionales.com/productos/boligrafo-grasp-13286/,product,true,200,true,true,true,false,https://www.kronosolopromocionales.com/productos/boligrafo-grasp-13286/,true,,0,100,,A_INDEXABLE,
https://www.kronosolopromocionales.com/productos/boligrafo-x-tool-6-en-1-13288/,product,true,200,true,true,true,false,https://www.kronosolopromocionales.com/productos/boligrafo-x-tool-6-en-1-13288/,true,,0,100,,A_INDEXABLE,
https://www.kronosolopromocionales.com/productos/boligrafo-vinnie-pastel-13214/,product,true,200,true,true,true,false,https://www.kronosolopromocionales.com/productos/boligrafo-vinnie-pastel-13214/,true,,0,100,,A_INDEXABLE,
https://www.kronosolopromocionales.com/productos/boligrafo-summit-metal-cork-13215/,product,true,200,true,true,true,false,https://www.kronosolopromocionales.com/productos/boligrafo-summit-metal-cork-13215/,true,,0,100,,A_INDEXABLE,
https://www.kronosolopromocionales.com/productos/boligrafo-glimmer-13216/,product,true,200,true,true,true,false,https://www.kronosolopromocionales.com/productos/boligrafo-glimmer-13216/,true,,0,100,,A_INDEXABLE,
https://www.kronosolopromocionales.com/productos/boligrafo-mystic-13220/,product,true,200,true,true,true,false,https://www.kronosolopromocionales.com/productos/boligrafo-mystic-13220/,true,,0,100,,A_INDEXABLE,
https://www.kronosolopromocionales.com/productos/set-jolt-13271/,product,true,200,true,true,true,false,https://www.kronosolopromocionales.com/productos/set-jolt-13271/,true,,0,100,,A_INDEXABLE,
https://www.kronosolopromocionales.com/productos/boligrafo-shimmer-13263/,product,true,200,true,true,true,false,https://www.kronosolopromocionales.com/productos/boligrafo-shimmer-13263/,true,,0,100,,A_INDEXABLE,
https://www.kronosolopromocionales.com/productos/roller-shimmer-13264/,product,true,200,true,true,true,false,https://www.kronosolopromocionales.com/productos/roller-shimmer-13264/,true,,0,100,,A_INDEXABLE,
https://www.kronosolopromocionales.com/productos/set-de-boligrafos-vector-13465/,product,true,200,true,true,true,false,https://www.kronosolopromocionales.com/productos/set-de-boligrafos-vector-13465/,true,,0,100,,A_INDEXABLE,
https://www.kronosolopromocionales.com/productos/estuche-black-carton-13449/,product,true,200,true,true,true,false,https://www.kronosolopromocionales.com/productos/estuche-black-carton-13449/,true,,0,100,,A_INDEXABLE,
https://www.kronosolopromocionales.com/productos/vector-roller-13461/,product,true,200,true,true,true,false,https://www.kronosolopromocionales.com/productos/vector-roller-13461/,true,,0,100,,A_INDEXABLE,
https://www.kronosolopromocionales.com/productos/boligrafo-cork-stand-13462/,product,true,200,true,true,true,false,https://www.kronosolopromocionales.com/productos/boligrafo-cork-stand-13462/,true,,0,100,,A_INDEXABLE,
https://www.kronosolopromocionales.com/productos/boligrafo-blink-13438/,product,true,200,true,true,true,false,https://www.kronosolopromocionales.com/productos/boligrafo-blink-13438/,true,,0,100,,A_INDEXABLE,
https://www.kronosolopromocionales.com/productos/boligrafo-delphi-13439/,product,true,200,true,true,true,false,https://www.kronosolopromocionales.com/productos/boligrafo-delphi-13439/,true,,0,100,,A_INDEXABLE,
https://www.kronosolopromocionales.com/productos/boligrafo-roller-delphi-13440/,product,true,200,true,true,true,false,https://www.kronosolopromocionales.com/productos/boligrafo-roller-delphi-13440/,true,,0,100,,A_INDEXABLE,
https://www.kronosolopromocionales.com/productos/boligrafo-vinnie-grip-13441/,product,true,200,true,true,true,false,https://www.kronosolopromocionales.com/productos/boligrafo-vinnie-grip-13441/,true,,0,100,,A_INDEXABLE,
https://www.kronosolopromocionales.com/productos/set-de-boligrafo-y-portaminas-stanley-13416/,product,true,200,true,true,true,false,https://www.kronosolopromocionales.com/productos/set-de-boligrafo-y-portaminas-stanley-13416/,true,,0,100,,A_INDEXABLE,
https://www.kronosolopromocionales.com/productos/boligrafo-artisan-13417/,product,true,200,true,true,true,false,https://www.kronosolopromocionales.com/productos/boligrafo-artisan-13417/,true,,0,100,,A_INDEXABLE,
https://www.kronosolopromocionales.com/productos/boligrafo-avert-13418/,product,true,200,true,true,true,false,https://www.kronosolopromocionales.com/productos/boligrafo-avert-13418/,true,,0,100,,A_INDEXABLE,
https://www.kronosolopromocionales.com/productos/boligrafo-ventura-13349/,product,true,200,false,false,false,false,https://www.kronosolopromocionales.com/productos/boligrafo-ventura-13349/,true,,0,100,,B_NOINDEX_INTENCIONAL,"is_ai_optimized=false — pendiente de enriquecimiento, excluido del sitemap intencionalmente"
https://www.kronosolopromocionales.com/productos/set-de-boligrafos-baltimore-vinga-eco-13400/,product,true,200,true,true,true,false,https://www.kronosolopromocionales.com/productos/set-de-boligrafos-baltimore-vinga-eco-13400/,true,,0,100,,A_INDEXABLE,
https://www.kronosolopromocionales.com/productos/organizador-multiusos-monet-produccion-nacional-13403/,product,true,200,true,true,true,false,https://www.kronosolopromocionales.com/productos/organizador-multiusos-monet-produccion-nacional-13403/,true,,0,100,,A_INDEXABLE,
https://www.kronosolopromocionales.com/productos/mug-shaker-nyro-600ml-13248/,product,true,200,true,true,true,false,https://www.kronosolopromocionales.com/productos/mug-shaker-nyro-600ml-13248/,true,,0,100,,A_INDEXABLE,
https://www.kronosolopromocionales.com/productos/boligrafo-abanico-13293/,product,true,200,true,true,true,false,https://www.kronosolopromocionales.com/productos/boligrafo-abanico-13293/,true,,0,100,,A_INDEXABLE,
https://www.kronosolopromocionales.com/productos/rastreador-airtag-seek-13203/,product,true,200,true,true,true,false,https://www.kronosolopromocionales.com/productos/rastreador-airtag-seek-13203/,true,,0,100,,A_INDEXABLE,
https://www.kronosolopromocionales.com/productos/rastreador-airtag-vibe-13204/,product,true,200,true,true,true,false,https://www.kronosolopromocionales.com/productos/rastreador-airtag-vibe-13204/,true,,0,100,,A_INDEXABLE,
https://www.kronosolopromocionales.com/productos/boligrafo-vinnie-13386/,product,true,200,true,true,true,false,https://www.kronosolopromocionales.com/productos/boligrafo-vinnie-13386/,true,,0,100,,A_INDEXABLE,
https://www.kronosolopromocionales.com/productos/alcancia-piggy-max-13495/,product,true,200,true,true,true,false,https://www.kronosolopromocionales.com/productos/alcancia-piggy-max-13495/,true,,0,80,nombre_duplicado_sin_canonical,E_DUPLICADO,"Mismo nombre que otro producto con slug no relacionado por ID (grupo dup-2) — candidato a ""duplicada sin canonical"" de GSC"
https://www.kronosolopromocionales.com/productos/boligrafo-mini-dwell-13512/,product,true,200,true,true,true,false,https://www.kronosolopromocionales.com/productos/boligrafo-mini-dwell-13512/,true,,0,100,,A_INDEXABLE,
https://www.kronosolopromocionales.com/productos/cobija-pillow-13501/,product,true,200,true,true,true,false,https://www.kronosolopromocionales.com/productos/cobija-pillow-13501/,true,,0,80,nombre_duplicado_sin_canonical,E_DUPLICADO,"Mismo nombre que otro producto con slug no relacionado por ID (grupo dup-3) — candidato a ""duplicada sin canonical"" de GSC"
https://www.kronosolopromocionales.com/productos/sporty-bag-garda-rpet-13502/,product,true,200,true,true,true,false,https://www.kronosolopromocionales.com/productos/sporty-bag-garda-rpet-13502/,true,,0,100,,A_INDEXABLE,
https://www.kronosolopromocionales.com/productos/bolsa-en-algodon-solara-240gr-13207/,product,true,200,true,true,true,false,https://www.kronosolopromocionales.com/productos/bolsa-en-algodon-solara-240gr-13207/,true,,0,100,,A_INDEXABLE,
https://www.kronosolopromocionales.com/productos/sporty-bag-en-algodon-zetta-100gr-13208/,product,true,200,true,true,true,false,https://www.kronosolopromocionales.com/productos/sporty-bag-en-algodon-zetta-100gr-13208/,true,,0,100,,A_INDEXABLE,
https://www.kronosolopromocionales.com/productos/botilito-oasis-800ml-prod-nacional-13194/,product,true,200,true,true,true,false,https://www.kronosolopromocionales.com/productos/botilito-oasis-800ml-prod-nacional-13194/,true,,0,100,,A_INDEXABLE,
https://www.kronosolopromocionales.com/productos/boligrafo-ecopetite-13196/,product,true,200,true,true,true,false,https://www.kronosolopromocionales.com/productos/boligrafo-ecopetite-13196/,true,,0,100,,A_INDEXABLE,
https://www.kronosolopromocionales.com/productos/mug-metalico-star-350ml-13197/,product,true,200,true,true,true,false,https://www.kronosolopromocionales.com/productos/mug-metalico-star-350ml-13197/,true,,0,100,,A_INDEXABLE,
https://www.kronosolopromocionales.com/productos/bolsa-en-cambrel-baxter-para-sublimacion-80gr-13198/,product,true,200,true,true,true,false,https://www.kronosolopromocionales.com/productos/bolsa-en-cambrel-baxter-para-sublimacion-80gr-13198/,true,,0,100,,A_INDEXABLE,
https://www.kronosolopromocionales.com/productos/sporty-bag-en-cambrel-ewok-sublimacion-80gr-13199/,product,true,200,true,true,true,false,https://www.kronosolopromocionales.com/productos/sporty-bag-en-cambrel-ewok-sublimacion-80gr-13199/,true,,0,100,,A_INDEXABLE,
https://www.kronosolopromocionales.com/productos/portarretrato-digital-frame-13206/,product,true,200,true,true,true,false,https://www.kronosolopromocionales.com/productos/portarretrato-digital-frame-13206/,true,,0,100,,A_INDEXABLE,
https://www.kronosolopromocionales.com/productos/mug-plastico-willow-350ml-13195/,product,true,200,true,true,true,false,https://www.kronosolopromocionales.com/productos/mug-plastico-willow-350ml-13195/,true,,0,100,,A_INDEXABLE,
https://www.kronosolopromocionales.com/productos/boligrafo-crystal-2-1-13173/,product,true,200,true,true,true,false,https://www.kronosolopromocionales.com/productos/boligrafo-crystal-2-1-13173/,true,,0,100,,A_INDEXABLE,
https://www.kronosolopromocionales.com/productos/boligrafo-big-bang-13175/,product,true,200,true,true,true,false,https://www.kronosolopromocionales.com/productos/boligrafo-big-bang-13175/,true,,0,100,,A_INDEXABLE,
https://www.kronosolopromocionales.com/productos/boligrafo-multi-metal-4-1-13176/,product,true,200,true,true,true,false,https://www.kronosolopromocionales.com/productos/boligrafo-multi-metal-4-1-13176/,true,,0,100,,A_INDEXABLE,
https://www.kronosolopromocionales.com/productos/cordon-portacelular-con-cables-chili-13177/,product,true,200,true,true,true,false,https://www.kronosolopromocionales.com/productos/cordon-portacelular-con-cables-chili-13177/,true,,0,100,,A_INDEXABLE,
https://www.kronosolopromocionales.com/productos/set-de-botilitos-trio-13180/,product,true,200,true,true,true,false,https://www.kronosolopromocionales.com/productos/set-de-botilitos-trio-13180/,true,,0,100,,A_INDEXABLE,
https://www.kronosolopromocionales.com/productos/cafetera-en-vidrio-y-bambu-600ml-13181/,product,true,200,true,true,true,false,https://www.kronosolopromocionales.com/productos/cafetera-en-vidrio-y-bambu-600ml-13181/,true,,0,100,,A_INDEXABLE,
https://www.kronosolopromocionales.com/productos/set-de-botellas-de-viaje-13184/,product,true,200,true,true,true,false,https://www.kronosolopromocionales.com/productos/set-de-botellas-de-viaje-13184/,true,,0,100,,A_INDEXABLE,
https://www.kronosolopromocionales.com/productos/set-de-bano-vanity-13186/,product,true,200,true,true,true,false,https://www.kronosolopromocionales.com/productos/set-de-bano-vanity-13186/,true,,0,100,,A_INDEXABLE,
https://www.kronosolopromocionales.com/productos/mug-sparkle-296ml-13188/,product,true,200,true,true,true,false,https://www.kronosolopromocionales.com/productos/mug-sparkle-296ml-13188/,true,,0,100,,A_INDEXABLE,
https://www.kronosolopromocionales.com/productos/bolsa-en-cambrel-nevada-7767/,product,true,200,true,true,true,false,https://www.kronosolopromocionales.com/productos/bolsa-en-cambrel-nevada-7767/,true,,0,100,,A_INDEXABLE,
https://www.kronosolopromocionales.com/productos/bolsa-en-cambrel-winter-8191/,product,true,200,true,true,true,false,https://www.kronosolopromocionales.com/productos/bolsa-en-cambrel-winter-8191/,true,,0,100,,A_INDEXABLE,
https://www.kronosolopromocionales.com/productos/bolsa-en-cambrel-petit-8206/,product,true,200,true,true,true,false,https://www.kronosolopromocionales.com/productos/bolsa-en-cambrel-petit-8206/,true,,0,100,,A_INDEXABLE,
https://www.kronosolopromocionales.com/productos/sticky-set-milla-9229/,product,true,200,true,true,true,false,https://www.kronosolopromocionales.com/productos/sticky-set-milla-9229/,true,,0,100,,A_INDEXABLE,
https://www.kronosolopromocionales.com/productos/sticky-set-kerry-9230/,product,true,200,true,true,true,false,https://www.kronosolopromocionales.com/productos/sticky-set-kerry-9230/,true,,0,100,,A_INDEXABLE,
https://www.kronosolopromocionales.com/productos/memo-sticky-set-clapton-9095/,product,true,200,true,true,true,false,https://www.kronosolopromocionales.com/productos/memo-sticky-set-clapton-9095/,true,,0,100,,A_INDEXABLE,
https://www.kronosolopromocionales.com/productos/boligrafo-bamboo-9317/,product,true,200,true,true,true,false,https://www.kronosolopromocionales.com/productos/boligrafo-bamboo-9317/,true,,0,100,,A_INDEXABLE,
https://www.kronosolopromocionales.com/productos/libreta-con-boligrafo-button-reciclable-7207/,product,true,200,true,true,true,false,https://www.kronosolopromocionales.com/productos/libreta-con-boligrafo-button-reciclable-7207/,true,,0,100,,A_INDEXABLE,
https://www.kronosolopromocionales.com/productos/libreta-futbol-produccion-nacional-5633/,product,true,200,true,true,true,false,https://www.kronosolopromocionales.com/productos/libreta-futbol-produccion-nacional-5633/,true,,0,100,,A_INDEXABLE,
https://www.kronosolopromocionales.com/productos/boligrafo-bamboo-clip-eco-9675/,product,true,200,true,true,true,false,https://www.kronosolopromocionales.com/productos/boligrafo-bamboo-clip-eco-9675/,true,,0,100,,A_INDEXABLE,
https://www.kronosolopromocionales.com/productos/boligrafo-geometric-eco-9676/,product,true,200,true,true,true,false,https://www.kronosolopromocionales.com/productos/boligrafo-geometric-eco-9676/,true,,0,100,,A_INDEXABLE,
https://www.kronosolopromocionales.com/productos/botilito-metalico-troy-700ml-oferta-9773/,product,true,200,true,true,true,false,https://www.kronosolopromocionales.com/productos/botilito-metalico-troy-700ml-oferta-9773/,true,,0,100,,A_INDEXABLE,
https://www.kronosolopromocionales.com/productos/mug-metalico-bamboo-eco-350ml-9779/,product,true,200,true,true,true,false,https://www.kronosolopromocionales.com/productos/mug-metalico-bamboo-eco-350ml-9779/,true,,0,100,,A_INDEXABLE,
https://www.kronosolopromocionales.com/productos/set-de-escritorio-sticky-calendar-9785/,product,true,200,true,true,true,false,https://www.kronosolopromocionales.com/productos/set-de-escritorio-sticky-calendar-9785/,true,,0,100,,A_INDEXABLE,
https://www.kronosolopromocionales.com/productos/boligrafo-forest-bamboo-9837/,product,true,200,true,true,true,false,https://www.kronosolopromocionales.com/productos/boligrafo-forest-bamboo-9837/,true,,0,100,,A_INDEXABLE,
https://www.kronosolopromocionales.com/productos/boligrafo-lolly-bamboo-eco-9913/,product,true,200,true,true,true,false,https://www.kronosolopromocionales.com/productos/boligrafo-lolly-bamboo-eco-9913/,true,,0,100,,A_INDEXABLE,
https://www.kronosolopromocionales.com/productos/boligrafo-cartoon-mini-10015/,product,true,200,true,true,true,false,https://www.kronosolopromocionales.com/productos/boligrafo-cartoon-mini-10015/,true,,0,100,,A_INDEXABLE,
https://www.kronosolopromocionales.com/productos/boligrafo-vardis-bamboo-10044/,product,true,200,true,true,true,false,https://www.kronosolopromocionales.com/productos/boligrafo-vardis-bamboo-10044/,true,,0,100,,A_INDEXABLE,
https://www.kronosolopromocionales.com/productos/set-mirror-eco-10047/,product,true,200,true,true,true,false,https://www.kronosolopromocionales.com/productos/set-mirror-eco-10047/,true,,0,100,,A_INDEXABLE,
https://www.kronosolopromocionales.com/productos/carpeta-folder-con-cargador-inalambrico-cork-10114/,product,true,200,true,true,true,false,https://www.kronosolopromocionales.com/productos/carpeta-folder-con-cargador-inalambrico-cork-10114/,true,,0,100,,A_INDEXABLE,
https://www.kronosolopromocionales.com/productos/set-de-herramientas-maxton-10053/,product,true,200,true,true,true,false,https://www.kronosolopromocionales.com/productos/set-de-herramientas-maxton-10053/,true,,0,100,,A_INDEXABLE,
https://www.kronosolopromocionales.com/productos/metro-bamboo-10007/,product,true,200,true,true,true,false,https://www.kronosolopromocionales.com/productos/metro-bamboo-10007/,true,,0,100,,A_INDEXABLE,
https://www.kronosolopromocionales.com/productos/set-de-cubiertos-natura-eco-10066/,product,true,200,true,true,true,false,https://www.kronosolopromocionales.com/productos/set-de-cubiertos-natura-eco-10066/,true,,0,100,,A_INDEXABLE,
https://www.kronosolopromocionales.com/productos/bolsa-metalizada-mate-10236/,product,true,200,true,true,true,false,https://www.kronosolopromocionales.com/productos/bolsa-metalizada-mate-10236/,true,,0,100,,A_INDEXABLE,
https://www.kronosolopromocionales.com/productos/pitillo-reutilizable-metalico-9160/,product,true,200,true,true,true,false,https://www.kronosolopromocionales.com/productos/pitillo-reutilizable-metalico-9160/,true,,0,100,,A_INDEXABLE,
https://www.kronosolopromocionales.com/productos/espejo-bamboo-9737/,product,true,200,true,true,true,false,https://www.kronosolopromocionales.com/productos/espejo-bamboo-9737/,true,,0,100,,A_INDEXABLE,
https://www.kronosolopromocionales.com/productos/set-manicure-cork-10048/,product,true,200,true,true,true,false,https://www.kronosolopromocionales.com/productos/set-manicure-cork-10048/,true,,0,100,,A_INDEXABLE,
https://www.kronosolopromocionales.com/productos/set-de-cubiertos-bamboo-9384/,product,true,200,true,true,true,false,https://www.kronosolopromocionales.com/productos/set-de-cubiertos-bamboo-9384/,true,,0,100,,A_INDEXABLE,
https://www.kronosolopromocionales.com/productos/carpeta-de-carton-reciclable-ii-9908/,product,true,200,true,true,true,false,https://www.kronosolopromocionales.com/productos/carpeta-de-carton-reciclable-ii-9908/,true,,0,100,,A_INDEXABLE,
https://www.kronosolopromocionales.com/productos/libreta-con-boligrafo-bamboo-9683/,product,true,200,true,true,true,false,https://www.kronosolopromocionales.com/productos/libreta-con-boligrafo-bamboo-9683/,true,,0,100,,A_INDEXABLE,
https://www.kronosolopromocionales.com/productos/sticky-set-bamboo-eco-9949/,product,true,200,true,true,true,false,https://www.kronosolopromocionales.com/productos/sticky-set-bamboo-eco-9949/,true,,0,100,,A_INDEXABLE,
https://www.kronosolopromocionales.com/productos/libreta-vincent-10095/,product,true,200,true,true,true,false,https://www.kronosolopromocionales.com/productos/libreta-vincent-10095/,true,,0,100,,A_INDEXABLE,
https://www.kronosolopromocionales.com/productos/cargador-inalambrico-bamboo-ii-9893/,product,true,200,true,true,true,false,https://www.kronosolopromocionales.com/productos/cargador-inalambrico-bamboo-ii-9893/,true,,0,100,,A_INDEXABLE,
https://www.kronosolopromocionales.com/productos/cargador-inalambrico-bamboo-square-oferta-9979/,product,true,200,true,true,true,false,https://www.kronosolopromocionales.com/productos/cargador-inalambrico-bamboo-square-oferta-9979/,true,,0,100,,A_INDEXABLE,
https://www.kronosolopromocionales.com/productos/speaker-bluetooth-onyx-oferta-10135/,product,true,200,true,true,true,false,https://www.kronosolopromocionales.com/productos/speaker-bluetooth-onyx-oferta-10135/,true,,0,100,,A_INDEXABLE,
https://www.kronosolopromocionales.com/productos/speaker-bluetooth-mack-10137/,product,true,200,true,true,true,false,https://www.kronosolopromocionales.com/productos/speaker-bluetooth-mack-10137/,true,,0,100,,A_INDEXABLE,
https://www.kronosolopromocionales.com/productos/cargador-inalambrico-nembar-10278/,product,true,200,true,true,true,false,https://www.kronosolopromocionales.com/productos/cargador-inalambrico-nembar-10278/,true,,0,100,,A_INDEXABLE,
https://www.kronosolopromocionales.com/productos/libreta-igor-bamboo-10309/,product,true,200,true,true,true,false,https://www.kronosolopromocionales.com/productos/libreta-igor-bamboo-10309/,true,,0,100,,A_INDEXABLE,
https://www.kronosolopromocionales.com/productos/puerto-usb-rpet-10494/,product,true,200,true,true,true,false,https://www.kronosolopromocionales.com/productos/puerto-usb-rpet-10494/,true,,0,100,,A_INDEXABLE,
https://www.kronosolopromocionales.com/productos/cable-multicargador-3-1-bamboo-10473/,product,true,200,true,true,true,false,https://www.kronosolopromocionales.com/productos/cable-multicargador-3-1-bamboo-10473/,true,,0,100,,A_INDEXABLE,
https://www.kronosolopromocionales.com/productos/soporte-para-celular-note-10579/,product,true,200,true,true,true,false,https://www.kronosolopromocionales.com/productos/soporte-para-celular-note-10579/,true,,0,100,,A_INDEXABLE,
https://www.kronosolopromocionales.com/productos/soporte-para-moviles-nixon-bamboo-10339/,product,true,200,true,true,true,false,https://www.kronosolopromocionales.com/productos/soporte-para-moviles-nixon-bamboo-10339/,true,,0,100,,A_INDEXABLE,
https://www.kronosolopromocionales.com/productos/soporte-magnetico-para-moviles-bamboo-10509/,product,true,200,true,true,true,false,https://www.kronosolopromocionales.com/productos/soporte-magnetico-para-moviles-bamboo-10509/,true,,0,100,,A_INDEXABLE,
https://www.kronosolopromocionales.com/productos/espejo-bamboo-max-10323/,product,true,200,true,true,true,false,https://www.kronosolopromocionales.com/productos/espejo-bamboo-max-10323/,true,,0,100,,A_INDEXABLE,
https://www.kronosolopromocionales.com/productos/joyero-eco-bamboo-10439/,product,true,200,true,true,true,false,https://www.kronosolopromocionales.com/productos/joyero-eco-bamboo-10439/,true,,0,100,,A_INDEXABLE,
https://www.kronosolopromocionales.com/productos/espejo-joyero-bamboo-10377/,product,true,200,true,true,true,false,https://www.kronosolopromocionales.com/productos/espejo-joyero-bamboo-10377/,true,,0,100,,A_INDEXABLE,
https://www.kronosolopromocionales.com/productos/cepillo-eco-bamboo-10437/,product,true,200,true,true,true,false,https://www.kronosolopromocionales.com/productos/cepillo-eco-bamboo-10437/,true,,0,100,,A_INDEXABLE,
https://www.kronosolopromocionales.com/productos/set-de-pelotas-cork-10434/,product,true,200,true,true,true,false,https://www.kronosolopromocionales.com/productos/set-de-pelotas-cork-10434/,true,,1,100,,A_INDEXABLE,
https://www.kronosolopromocionales.com/productos/botilito-metalico-murphy-750ml-10503/,product,true,200,true,true,true,false,https://www.kronosolopromocionales.com/productos/botilito-metalico-murphy-750ml-10503/,true,,0,100,,A_INDEXABLE,
https://www.kronosolopromocionales.com/productos/portacelular-2-1-eco-10436/,product,true,200,true,true,true,false,https://www.kronosolopromocionales.com/productos/portacelular-2-1-eco-10436/,true,,0,100,,A_INDEXABLE,
https://www.kronosolopromocionales.com/productos/boligrafo-aston-cartoon-10534/,product,true,200,true,true,true,false,https://www.kronosolopromocionales.com/productos/boligrafo-aston-cartoon-10534/,true,,0,100,,A_INDEXABLE,
https://www.kronosolopromocionales.com/productos/boligrafo-sawyer-10515/,product,true,200,true,true,true,false,https://www.kronosolopromocionales.com/productos/boligrafo-sawyer-10515/,true,,0,100,,A_INDEXABLE,
https://www.kronosolopromocionales.com/productos/vaso-plegable-eco-10820/,product,true,200,true,true,true,false,https://www.kronosolopromocionales.com/productos/vaso-plegable-eco-10820/,true,,0,100,,A_INDEXABLE,
https://www.kronosolopromocionales.com/productos/eco-pet-9391/,product,true,200,true,true,true,false,https://www.kronosolopromocionales.com/productos/eco-pet-9391/,true,,0,90,nombre_corto,A_INDEXABLE,
https://www.kronosolopromocionales.com/productos/summit-eco-9416/,product,true,200,true,true,true,false,https://www.kronosolopromocionales.com/productos/summit-eco-9416/,true,,0,100,,A_INDEXABLE,
https://www.kronosolopromocionales.com/productos/boligrafo-coffee-eco-9677/,product,true,200,true,true,true,false,https://www.kronosolopromocionales.com/productos/boligrafo-coffee-eco-9677/,true,,0,100,,A_INDEXABLE,
https://www.kronosolopromocionales.com/productos/boligrafo-hollow-cartoon-9839/,product,true,200,true,true,true,false,https://www.kronosolopromocionales.com/productos/boligrafo-hollow-cartoon-9839/,true,,0,100,,A_INDEXABLE,
https://www.kronosolopromocionales.com/productos/boligrafo-hollow-eco-oferta-9840/,product,true,200,true,true,true,false,https://www.kronosolopromocionales.com/productos/boligrafo-hollow-eco-oferta-9840/,true,,0,100,,A_INDEXABLE,
https://www.kronosolopromocionales.com/productos/boligrafo-jovi-eco-9844/,product,true,200,true,true,true,false,https://www.kronosolopromocionales.com/productos/boligrafo-jovi-eco-9844/,true,,0,100,,A_INDEXABLE,
https://www.kronosolopromocionales.com/productos/boligrafo-ventura-eco-bamboo-9849/,product,true,200,true,true,true,false,https://www.kronosolopromocionales.com/productos/boligrafo-ventura-eco-bamboo-9849/,true,,0,100,,A_INDEXABLE,
https://www.kronosolopromocionales.com/productos/boligrafo-infinity-2-1-oferta-9962/,product,true,200,true,true,true,false,https://www.kronosolopromocionales.com/productos/boligrafo-infinity-2-1-oferta-9962/,true,,0,100,,A_INDEXABLE,
https://www.kronosolopromocionales.com/productos/boligrafo-ventura-bamboo-natural-9905/,product,true,200,true,true,true,false,https://www.kronosolopromocionales.com/productos/boligrafo-ventura-bamboo-natural-9905/,true,,0,100,,A_INDEXABLE,
https://www.kronosolopromocionales.com/productos/boligrafo-ventura-eco-fibra-de-trigo-9947/,product,true,200,true,true,true,false,https://www.kronosolopromocionales.com/productos/boligrafo-ventura-eco-fibra-de-trigo-9947/,true,,0,100,,A_INDEXABLE,
https://www.kronosolopromocionales.com/productos/boligrafo-grayson-stylus-cork-10018/,product,true,200,true,true,true,false,https://www.kronosolopromocionales.com/productos/boligrafo-grayson-stylus-cork-10018/,true,,0,100,,A_INDEXABLE,
https://www.kronosolopromocionales.com/productos/boligrafo-lit-10025/,product,true,200,true,true,true,false,https://www.kronosolopromocionales.com/productos/boligrafo-lit-10025/,true,,0,100,,A_INDEXABLE,
https://www.kronosolopromocionales.com/productos/set-de-boligrafos-cork-10039/,product,true,200,true,true,true,false,https://www.kronosolopromocionales.com/productos/set-de-boligrafos-cork-10039/,true,,0,100,,A_INDEXABLE,
https://www.kronosolopromocionales.com/productos/boligrafo-alden-10441/,product,true,200,true,true,true,false,https://www.kronosolopromocionales.com/productos/boligrafo-alden-10441/,true,,0,100,,A_INDEXABLE,
https://www.kronosolopromocionales.com/productos/boligrafo-ashby-10428/,product,true,200,true,true,true,false,https://www.kronosolopromocionales.com/productos/boligrafo-ashby-10428/,true,,0,100,,A_INDEXABLE,
https://www.kronosolopromocionales.com/productos/boligrafo-foster-10440/,product,true,200,true,true,true,false,https://www.kronosolopromocionales.com/productos/boligrafo-foster-10440/,true,,0,100,,A_INDEXABLE,
https://www.kronosolopromocionales.com/productos/boligrafo-vinnie-coffee-10545/,product,true,200,true,true,true,false,https://www.kronosolopromocionales.com/productos/boligrafo-vinnie-coffee-10545/,true,,0,100,,A_INDEXABLE,
https://www.kronosolopromocionales.com/productos/boligrafo-vinnie-eco-10546/,product,true,200,true,true,true,false,https://www.kronosolopromocionales.com/productos/boligrafo-vinnie-eco-10546/,true,,0,100,,A_INDEXABLE,
https://www.kronosolopromocionales.com/productos/set-alter-boligrafo-y-portaminas-9847/,product,true,200,true,true,true,false,https://www.kronosolopromocionales.com/productos/set-alter-boligrafo-y-portaminas-9847/,true,,0,100,,A_INDEXABLE,
https://www.kronosolopromocionales.com/productos/funda-para-boligrafos-rpet-10443/,product,true,200,true,true,true,false,https://www.kronosolopromocionales.com/productos/funda-para-boligrafos-rpet-10443/,true,,0,100,,A_INDEXABLE,
https://www.kronosolopromocionales.com/productos/boligrafo-merrick-10444/,product,true,200,true,true,true,false,https://www.kronosolopromocionales.com/productos/boligrafo-merrick-10444/,true,,0,100,,A_INDEXABLE,
https://www.kronosolopromocionales.com/productos/set-de-paraguas-luxury-13190/,product,true,200,true,true,true,false,https://www.kronosolopromocionales.com/productos/set-de-paraguas-luxury-13190/,true,,0,100,,A_INDEXABLE,
https://www.kronosolopromocionales.com/productos/bowl-plastico-liso-produccion-nacional-8731/,product,true,200,true,true,true,false,https://www.kronosolopromocionales.com/productos/bowl-plastico-liso-produccion-nacional-8731/,true,,0,100,,A_INDEXABLE,
https://www.kronosolopromocionales.com/productos/bowl-plastico-con-base-produccion-nacional-8730/,product,true,200,true,true,true,false,https://www.kronosolopromocionales.com/productos/bowl-plastico-con-base-produccion-nacional-8730/,true,,0,100,,A_INDEXABLE,
https://www.kronosolopromocionales.com/productos/bolsa-en-cambrel-fest-oferta-8372/,product,true,200,true,true,true,false,https://www.kronosolopromocionales.com/productos/bolsa-en-cambrel-fest-oferta-8372/,true,,0,100,,A_INDEXABLE,
https://www.kronosolopromocionales.com/productos/bolsa-plegable-neon-emma-8535/,product,true,200,true,true,true,false,https://www.kronosolopromocionales.com/productos/bolsa-plegable-neon-emma-8535/,true,,0,100,,A_INDEXABLE,
https://www.kronosolopromocionales.com/productos/globo-terraqueo-antique-oferta-9144/,product,true,200,true,true,true,false,https://www.kronosolopromocionales.com/productos/globo-terraqueo-antique-oferta-9144/,true,,0,100,,A_INDEXABLE,
https://www.kronosolopromocionales.com/productos/colgador-de-botellas-con-carabinero-oferta-9116/,product,true,200,true,true,true,false,https://www.kronosolopromocionales.com/productos/colgador-de-botellas-con-carabinero-oferta-9116/,true,,0,100,,A_INDEXABLE,
https://www.kronosolopromocionales.com/productos/set-de-tablas-cuisine-oferta-9749/,product,true,200,true,true,true,false,https://www.kronosolopromocionales.com/productos/set-de-tablas-cuisine-oferta-9749/,true,,0,100,,A_INDEXABLE,
https://www.kronosolopromocionales.com/productos/funda-portabotella-con-destapador-oferta-10183/,product,true,200,true,true,true,false,https://www.kronosolopromocionales.com/productos/funda-portabotella-con-destapador-oferta-10183/,true,,0,100,,A_INDEXABLE,
https://www.kronosolopromocionales.com/productos/cafetera-en-vidrio-compact-350ml-9560/,product,true,200,true,true,true,false,https://www.kronosolopromocionales.com/productos/cafetera-en-vidrio-compact-350ml-9560/,true,,0,100,,A_INDEXABLE,
https://www.kronosolopromocionales.com/productos/cafetera-en-vidrio-600ml-9866/,product,true,200,true,true,true,false,https://www.kronosolopromocionales.com/productos/cafetera-en-vidrio-600ml-9866/,true,,0,100,,A_INDEXABLE,
https://www.kronosolopromocionales.com/productos/mug-metalico-stabby-380ml-10203/,product,true,200,true,true,true,false,https://www.kronosolopromocionales.com/productos/mug-metalico-stabby-380ml-10203/,true,,0,100,,A_INDEXABLE,
https://www.kronosolopromocionales.com/productos/mug-plastico-coffee-plus-12oz-produccion-nacional-10215/,product,true,200,true,true,true,false,https://www.kronosolopromocionales.com/productos/mug-plastico-coffee-plus-12oz-produccion-nacional-10215/,true,,0,100,,A_INDEXABLE,
https://www.kronosolopromocionales.com/productos/portacomidas-celebrity-10535/,product,true,200,true,true,true,false,https://www.kronosolopromocionales.com/productos/portacomidas-celebrity-10535/,true,,0,100,,A_INDEXABLE,
https://www.kronosolopromocionales.com/productos/portacomidas-spencer-10334/,product,true,200,true,true,true,false,https://www.kronosolopromocionales.com/productos/portacomidas-spencer-10334/,true,,0,100,,A_INDEXABLE,
https://www.kronosolopromocionales.com/productos/set-de-cubiertos-metalicos-rpet-10435/,product,true,200,true,true,true,false,https://www.kronosolopromocionales.com/productos/set-de-cubiertos-metalicos-rpet-10435/,true,,0,100,,A_INDEXABLE,
https://www.kronosolopromocionales.com/productos/mini-pano-microfibra-5390/,product,true,200,true,true,true,false,https://www.kronosolopromocionales.com/productos/mini-pano-microfibra-5390/,true,,0,100,,A_INDEXABLE,
https://www.kronosolopromocionales.com/productos/bolso-mindy-oferta-7575/,product,true,200,true,true,true,false,https://www.kronosolopromocionales.com/productos/bolso-mindy-oferta-7575/,true,,0,100,,A_INDEXABLE,
https://www.kronosolopromocionales.com/productos/florero-inox-produccion-nacional-oferta-8375/,product,true,200,true,true,true,false,https://www.kronosolopromocionales.com/productos/florero-inox-produccion-nacional-oferta-8375/,true,,0,100,,A_INDEXABLE,
https://www.kronosolopromocionales.com/productos/joyero-produccion-nacional-8712/,product,true,200,true,true,true,false,https://www.kronosolopromocionales.com/productos/joyero-produccion-nacional-8712/,true,,0,100,,A_INDEXABLE,
https://www.kronosolopromocionales.com/productos/set-de-viaje-pillow-produccion-nacional-8722/,product,true,200,true,true,true,false,https://www.kronosolopromocionales.com/productos/set-de-viaje-pillow-produccion-nacional-8722/,true,,0,100,,A_INDEXABLE,
https://www.kronosolopromocionales.com/productos/carrito-para-mercado-shopper-8787/,product,true,200,true,true,true,false,https://www.kronosolopromocionales.com/productos/carrito-para-mercado-shopper-8787/,true,,0,100,,A_INDEXABLE,
https://www.kronosolopromocionales.com/productos/cojin-de-viaje-doble-uso-plush-produccion-nacional-8871/,product,true,200,true,true,true,false,https://www.kronosolopromocionales.com/productos/cojin-de-viaje-doble-uso-plush-produccion-nacional-8871/,true,,0,100,,A_INDEXABLE,
https://www.kronosolopromocionales.com/productos/nevera-cooler-bag-pocket-9401/,product,true,200,true,true,true,false,https://www.kronosolopromocionales.com/productos/nevera-cooler-bag-pocket-9401/,true,,0,100,,A_INDEXABLE,
https://www.kronosolopromocionales.com/productos/portacomidas-con-cubiertos-jakarta-produccion-nacional-9403/,product,true,200,true,true,true,false,https://www.kronosolopromocionales.com/productos/portacomidas-con-cubiertos-jakarta-produccion-nacional-9403/,true,,0,100,,A_INDEXABLE,
https://www.kronosolopromocionales.com/productos/protector-en-silicona-para-cepillo-de-dientes-oferta-9529/,product,true,200,true,true,true,false,https://www.kronosolopromocionales.com/productos/protector-en-silicona-para-cepillo-de-dientes-oferta-9529/,true,,0,100,,A_INDEXABLE,
https://www.kronosolopromocionales.com/productos/bolsa-ecologica-laminada-en-rpet-9608/,product,true,200,true,true,true,false,https://www.kronosolopromocionales.com/productos/bolsa-ecologica-laminada-en-rpet-9608/,true,,0,100,,A_INDEXABLE,
https://www.kronosolopromocionales.com/productos/bolsa-ecologica-recycled-rpet-9615/,product,true,200,true,true,true,false,https://www.kronosolopromocionales.com/productos/bolsa-ecologica-recycled-rpet-9615/,true,,0,100,,A_INDEXABLE,
https://www.kronosolopromocionales.com/productos/limpiador-de-pantallas-sticky-roll-9605/,product,true,200,true,true,true,false,https://www.kronosolopromocionales.com/productos/limpiador-de-pantallas-sticky-roll-9605/,true,,0,100,,A_INDEXABLE,
https://www.kronosolopromocionales.com/productos/dispensador-de-bolsas-dog-9606/,product,true,200,true,true,true,false,https://www.kronosolopromocionales.com/productos/dispensador-de-bolsas-dog-9606/,true,,0,100,,A_INDEXABLE,
https://www.kronosolopromocionales.com/productos/dispensador-de-bolsas-bone-material-antibacteriano-9695/,product,true,200,true,true,true,false,https://www.kronosolopromocionales.com/productos/dispensador-de-bolsas-bone-material-antibacteriano-9695/,true,,0,100,,A_INDEXABLE,
https://www.kronosolopromocionales.com/productos/espejo-plegable-2-1-9709/,product,true,200,true,true,true,false,https://www.kronosolopromocionales.com/productos/espejo-plegable-2-1-9709/,true,,0,100,,A_INDEXABLE,
https://www.kronosolopromocionales.com/productos/bolsa-plegable-reflect-9822/,product,true,200,true,true,true,false,https://www.kronosolopromocionales.com/productos/bolsa-plegable-reflect-9822/,true,,0,100,,A_INDEXABLE,
https://www.kronosolopromocionales.com/productos/nevera-cooler-bag-ava-oferta-9833/,product,true,200,true,true,true,false,https://www.kronosolopromocionales.com/productos/nevera-cooler-bag-ava-oferta-9833/,true,,0,100,,A_INDEXABLE,
https://www.kronosolopromocionales.com/productos/limpiador-pantallas-30ml-con-microfibra-produccion-nacional-9729/,product,true,200,true,true,true,false,https://www.kronosolopromocionales.com/productos/limpiador-pantallas-30ml-con-microfibra-produccion-nacional-9729/,true,,0,100,,A_INDEXABLE,
https://www.kronosolopromocionales.com/productos/pesa-digital-feet-9882/,product,true,200,true,true,true,false,https://www.kronosolopromocionales.com/productos/pesa-digital-feet-9882/,true,,0,100,,A_INDEXABLE,
https://www.kronosolopromocionales.com/productos/espejo-comby-2-1-9907/,product,true,200,true,true,true,false,https://www.kronosolopromocionales.com/productos/espejo-comby-2-1-9907/,true,,0,100,,A_INDEXABLE,
https://www.kronosolopromocionales.com/productos/set-de-belleza-halston-9710/,product,true,200,true,true,true,false,https://www.kronosolopromocionales.com/productos/set-de-belleza-halston-9710/,true,,0,100,,A_INDEXABLE,
https://www.kronosolopromocionales.com/productos/bandeja-portatil-para-laptop-ryper-oferta-9935/,product,true,200,true,true,true,false,https://www.kronosolopromocionales.com/productos/bandeja-portatil-para-laptop-ryper-oferta-9935/,true,,0,100,,A_INDEXABLE,
https://www.kronosolopromocionales.com/productos/bolsa-plegable-gibson-10187/,product,true,200,true,true,true,false,https://www.kronosolopromocionales.com/productos/bolsa-plegable-gibson-10187/,true,,0,100,,A_INDEXABLE,
https://www.kronosolopromocionales.com/productos/organizador-multiusos-tech-10192/,product,true,200,true,true,true,false,https://www.kronosolopromocionales.com/productos/organizador-multiusos-tech-10192/,true,,0,100,,A_INDEXABLE,
https://www.kronosolopromocionales.com/productos/protector-solar-para-carro-sunshade-10312/,product,true,200,true,true,true,false,https://www.kronosolopromocionales.com/productos/protector-solar-para-carro-sunshade-10312/,true,,0,100,,A_INDEXABLE,
https://www.kronosolopromocionales.com/productos/adaptador-universal-travel-10459/,product,true,200,true,true,true,false,https://www.kronosolopromocionales.com/productos/adaptador-universal-travel-10459/,true,,0,100,,A_INDEXABLE,
https://www.kronosolopromocionales.com/productos/morral-backpack-bemot-produccion-nacional-8539/,product,true,200,true,true,true,false,https://www.kronosolopromocionales.com/productos/morral-backpack-bemot-produccion-nacional-8539/,true,,0,100,,A_INDEXABLE,
https://www.kronosolopromocionales.com/productos/morral-backpack-randy-9820/,product,true,200,true,true,true,false,https://www.kronosolopromocionales.com/productos/morral-backpack-randy-9820/,true,,0,100,,A_INDEXABLE,
https://www.kronosolopromocionales.com/productos/maletin-deportivo-soccer-oferta-9930/,product,true,200,true,true,true,false,https://www.kronosolopromocionales.com/productos/maletin-deportivo-soccer-oferta-9930/,true,,0,100,,A_INDEXABLE,
https://www.kronosolopromocionales.com/productos/maletin-neo-urban-travel-10550/,product,true,200,true,true,true,false,https://www.kronosolopromocionales.com/productos/maletin-neo-urban-travel-10550/,true,,0,100,,A_INDEXABLE,
https://www.kronosolopromocionales.com/productos/canguro-athos-rpet-10418/,product,true,200,true,true,true,false,https://www.kronosolopromocionales.com/productos/canguro-athos-rpet-10418/,true,,0,100,,A_INDEXABLE,
https://www.kronosolopromocionales.com/productos/canguro-snap-rpet-10419/,product,true,200,true,true,true,false,https://www.kronosolopromocionales.com/productos/canguro-snap-rpet-10419/,true,,0,100,,A_INDEXABLE,
https://www.kronosolopromocionales.com/productos/canguro-sandy-10569/,product,true,200,true,true,true,false,https://www.kronosolopromocionales.com/productos/canguro-sandy-10569/,true,,0,100,,A_INDEXABLE,
https://www.kronosolopromocionales.com/productos/morral-backpack-alpha-10333/,product,true,200,true,true,true,false,https://www.kronosolopromocionales.com/productos/morral-backpack-alpha-10333/,true,,0,100,,A_INDEXABLE,
https://www.kronosolopromocionales.com/productos/morral-backpack-mush-2-10487/,product,true,200,true,true,true,false,https://www.kronosolopromocionales.com/productos/morral-backpack-mush-2-10487/,true,,0,100,,A_INDEXABLE,
https://www.kronosolopromocionales.com/productos/estuche-dry-bag-25l-10517/,product,true,200,true,true,true,false,https://www.kronosolopromocionales.com/productos/estuche-dry-bag-25l-10517/,true,,0,100,,A_INDEXABLE,
https://www.kronosolopromocionales.com/productos/bolso-compacto-con-carabinero-produccion-nacional-3256/,product,true,200,true,true,true,false,https://www.kronosolopromocionales.com/productos/bolso-compacto-con-carabinero-produccion-nacional-3256/,true,,0,100,,A_INDEXABLE,
https://www.kronosolopromocionales.com/productos/llavero-ml-414-10771/,product,true,200,true,true,true,false,https://www.kronosolopromocionales.com/productos/llavero-ml-414-10771/,true,,0,100,,A_INDEXABLE,
https://www.kronosolopromocionales.com/productos/llavero-ml-415-10772/,product,true,200,true,true,true,false,https://www.kronosolopromocionales.com/productos/llavero-ml-415-10772/,true,,0,100,,A_INDEXABLE,
https://www.kronosolopromocionales.com/productos/tapa-pestana-para-botilito-saturno-7686/,product,true,200,true,true,true,false,https://www.kronosolopromocionales.com/productos/tapa-pestana-para-botilito-saturno-7686/,true,,0,100,,A_INDEXABLE,
https://www.kronosolopromocionales.com/productos/botilito-energy-pvc-produccion-nacional-stock-telefonicamente-7793/,product,true,200,true,true,true,false,https://www.kronosolopromocionales.com/productos/botilito-energy-pvc-produccion-nacional-stock-telefonicamente-7793/,true,,0,100,,A_INDEXABLE,
https://www.kronosolopromocionales.com/productos/botilito-en-pet-granada-760ml-produccion-nacional-nuevo-9357/,product,true,200,true,true,true,false,https://www.kronosolopromocionales.com/productos/botilito-en-pet-granada-760ml-produccion-nacional-nuevo-9357/,true,,0,100,,A_INDEXABLE,
https://www.kronosolopromocionales.com/productos/botilito-logomax-750ml-produccion-naltapa-mu-90-9889/,product,true,200,true,true,true,false,https://www.kronosolopromocionales.com/productos/botilito-logomax-750ml-produccion-naltapa-mu-90-9889/,true,,0,100,,A_INDEXABLE,
https://www.kronosolopromocionales.com/productos/botilito-astron-800ml-vaso-produccion-nacional-2380/,product,true,200,true,true,true,false,https://www.kronosolopromocionales.com/productos/botilito-astron-800ml-vaso-produccion-nacional-2380/,true,,0,100,,A_INDEXABLE,
https://www.kronosolopromocionales.com/productos/botilito-maxi-supra-pet-890ml-produccion-nacional-10616/,product,true,200,true,true,true,false,https://www.kronosolopromocionales.com/productos/botilito-maxi-supra-pet-890ml-produccion-nacional-10616/,true,,0,100,,A_INDEXABLE,
https://www.kronosolopromocionales.com/productos/libreta-milky-oferta-10108/,product,true,200,true,true,true,false,https://www.kronosolopromocionales.com/productos/libreta-milky-oferta-10108/,true,,0,100,,A_INDEXABLE,
https://www.kronosolopromocionales.com/productos/libreta-legend-rpet-10096/,product,true,200,true,true,true,false,https://www.kronosolopromocionales.com/productos/libreta-legend-rpet-10096/,true,,0,100,,A_INDEXABLE,
https://www.kronosolopromocionales.com/productos/estuche-con-portacelular-rpet-10433/,product,true,200,true,true,true,false,https://www.kronosolopromocionales.com/productos/estuche-con-portacelular-rpet-10433/,true,,0,100,,A_INDEXABLE,
https://www.kronosolopromocionales.com/productos/cordon-para-portacelular-holder-eco-10511/,product,true,200,true,true,true,false,https://www.kronosolopromocionales.com/productos/cordon-para-portacelular-holder-eco-10511/,true,,0,100,,A_INDEXABLE,
https://www.kronosolopromocionales.com/productos/base-para-escritorio-multiple-produccion-nacional-2008/,product,true,200,true,true,true,false,https://www.kronosolopromocionales.com/productos/base-para-escritorio-multiple-produccion-nacional-2008/,true,,0,100,,A_INDEXABLE,
https://www.kronosolopromocionales.com/productos/libreta-con-boligrafo-kadens-produccion-nacional-8090/,product,true,200,true,true,true,false,https://www.kronosolopromocionales.com/productos/libreta-con-boligrafo-kadens-produccion-nacional-8090/,true,,0,100,,A_INDEXABLE,
https://www.kronosolopromocionales.com/productos/libreta-wave-produccion-nacional-8097/,product,true,200,true,true,true,false,https://www.kronosolopromocionales.com/productos/libreta-wave-produccion-nacional-8097/,true,,0,100,,A_INDEXABLE,
https://www.kronosolopromocionales.com/productos/libreta-arco-produccion-nacional-8098/,product,true,200,true,true,true,false,https://www.kronosolopromocionales.com/productos/libreta-arco-produccion-nacional-8098/,true,,0,100,,A_INDEXABLE,
https://www.kronosolopromocionales.com/productos/libreta-spyro-produccion-nacional-8099/,product,true,200,true,true,true,false,https://www.kronosolopromocionales.com/productos/libreta-spyro-produccion-nacional-8099/,true,,0,100,,A_INDEXABLE,
https://www.kronosolopromocionales.com/productos/libreta-dots-produccion-nacional-8096/,product,true,200,true,true,true,false,https://www.kronosolopromocionales.com/productos/libreta-dots-produccion-nacional-8096/,true,,0,100,,A_INDEXABLE,
https://www.kronosolopromocionales.com/productos/cinta-blanca-especial-para-sublimacion-produccion-nacional-sobre-pedido-5744/,product,true,200,true,true,true,false,https://www.kronosolopromocionales.com/productos/cinta-blanca-especial-para-sublimacion-produccion-nacional-sobre-pedido-5744/,true,,0,100,,A_INDEXABLE,
https://www.kronosolopromocionales.com/productos/mini-libreta-memphis-produccion-nacional-9353/,product,true,200,true,true,true,false,https://www.kronosolopromocionales.com/productos/mini-libreta-memphis-produccion-nacional-9353/,true,,0,100,,A_INDEXABLE,
https://www.kronosolopromocionales.com/productos/libreta-rectangular-produccion-nacional-8363/,product,true,200,true,true,true,false,https://www.kronosolopromocionales.com/productos/libreta-rectangular-produccion-nacional-8363/,true,,0,100,,A_INDEXABLE,
https://www.kronosolopromocionales.com/productos/mini-libreta-like-it-eco-produccion-nacional-10101/,product,true,200,true,true,true,false,https://www.kronosolopromocionales.com/productos/mini-libreta-like-it-eco-produccion-nacional-10101/,true,,0,100,,A_INDEXABLE,
https://www.kronosolopromocionales.com/productos/funda-en-silicona-para-cp-242-colapsible-de-60ml-oferta-9492/,product,true,200,true,true,true,false,https://www.kronosolopromocionales.com/productos/funda-en-silicona-para-cp-242-colapsible-de-60ml-oferta-9492/,true,,0,100,,A_INDEXABLE,
https://www.kronosolopromocionales.com/productos/alcancia-esfera-produccion-nacional-8211/,product,true,200,true,true,true,false,https://www.kronosolopromocionales.com/productos/alcancia-esfera-produccion-nacional-8211/,true,,0,100,,A_INDEXABLE,
https://www.kronosolopromocionales.com/productos/maraca-grande-unidad-produccion-nacional-8370/,product,true,200,true,true,true,false,https://www.kronosolopromocionales.com/productos/maraca-grande-unidad-produccion-nacional-8370/,true,,0,100,,A_INDEXABLE,
https://www.kronosolopromocionales.com/productos/mini-monedero-en-pvc-produccion-nacional-6237/,product,true,200,true,true,true,false,https://www.kronosolopromocionales.com/productos/mini-monedero-en-pvc-produccion-nacional-6237/,true,,0,100,,A_INDEXABLE,
https://www.kronosolopromocionales.com/productos/boligrafo-ballpop-oferta-10014/,product,true,200,true,true,true,false,https://www.kronosolopromocionales.com/productos/boligrafo-ballpop-oferta-10014/,true,,0,100,,A_INDEXABLE,
https://www.kronosolopromocionales.com/productos/portatarjetas-pop-10149/,product,true,200,true,true,true,false,https://www.kronosolopromocionales.com/productos/portatarjetas-pop-10149/,true,,0,100,,A_INDEXABLE,
https://www.kronosolopromocionales.com/productos/mug-metalico-arrow-600-ml-nuevo-13569/,product,true,200,true,true,true,false,https://www.kronosolopromocionales.com/productos/mug-metalico-arrow-600-ml-nuevo-13569/,true,,0,100,,A_INDEXABLE,
https://www.kronosolopromocionales.com/productos/mug-metalico-gillan-500-ml-nuevo-13570/,product,true,200,true,true,true,false,https://www.kronosolopromocionales.com/productos/mug-metalico-gillan-500-ml-nuevo-13570/,true,,0,100,,A_INDEXABLE,
https://www.kronosolopromocionales.com/productos/resaltador-de-cera-seren-nuevo-13539/,product,true,200,true,true,true,false,https://www.kronosolopromocionales.com/productos/resaltador-de-cera-seren-nuevo-13539/,true,,0,100,,A_INDEXABLE,
https://www.kronosolopromocionales.com/productos/lapiz-infinito-gemini-nuevo-13540/,product,true,200,true,true,true,false,https://www.kronosolopromocionales.com/productos/lapiz-infinito-gemini-nuevo-13540/,true,,0,100,,A_INDEXABLE,
https://www.kronosolopromocionales.com/productos/bolsa-en-cambrel-soot-nuevo-13553/,product,true,200,true,true,true,false,https://www.kronosolopromocionales.com/productos/bolsa-en-cambrel-soot-nuevo-13553/,true,,0,100,,A_INDEXABLE,
https://www.kronosolopromocionales.com/productos/bolsa-en-algodon-y-yute-nativ-300-gm-nuevo-13554/,product,true,200,true,true,true,false,https://www.kronosolopromocionales.com/productos/bolsa-en-algodon-y-yute-nativ-300-gm-nuevo-13554/,true,,0,100,,A_INDEXABLE,
https://www.kronosolopromocionales.com/productos/bolsa-en-algodon-basic-300-gm-nuevo-13555/,product,true,200,true,true,true,false,https://www.kronosolopromocionales.com/productos/bolsa-en-algodon-basic-300-gm-nuevo-13555/,true,,0,100,,A_INDEXABLE,
https://www.kronosolopromocionales.com/productos/planeador-semanal-week-nuevo-13556/,product,true,200,true,true,true,false,https://www.kronosolopromocionales.com/productos/planeador-semanal-week-nuevo-13556/,true,,0,100,,A_INDEXABLE,
https://www.kronosolopromocionales.com/productos/mug-lume-350-ml-nuevo-13559/,product,true,200,true,true,true,false,https://www.kronosolopromocionales.com/productos/mug-lume-350-ml-nuevo-13559/,true,,0,100,,A_INDEXABLE,
https://www.kronosolopromocionales.com/productos/paraguas-balan-23-13560/,product,true,200,true,true,true,false,https://www.kronosolopromocionales.com/productos/paraguas-balan-23-13560/,true,,0,100,,A_INDEXABLE,
https://www.kronosolopromocionales.com/productos/medidor-de-presion-para-neumaticos-13297/,product,true,200,true,true,true,false,https://www.kronosolopromocionales.com/productos/medidor-de-presion-para-neumaticos-13297/,true,,0,100,,A_INDEXABLE,
https://www.kronosolopromocionales.com/productos/speaker-bluetooth-novark-13298/,product,true,200,true,true,true,false,https://www.kronosolopromocionales.com/productos/speaker-bluetooth-novark-13298/,true,,0,100,,A_INDEXABLE,
https://www.kronosolopromocionales.com/productos/teclado-bluetooth-orbi-13299/,product,true,200,true,true,true,false,https://www.kronosolopromocionales.com/productos/teclado-bluetooth-orbi-13299/,true,,0,100,,A_INDEXABLE,
https://www.kronosolopromocionales.com/productos/mouse-inalambrico-lumo-13300/,product,true,200,true,true,true,false,https://www.kronosolopromocionales.com/productos/mouse-inalambrico-lumo-13300/,true,,0,100,,A_INDEXABLE,
https://www.kronosolopromocionales.com/productos/soporte-para-celular-pop-it-13320/,product,true,200,true,true,true,false,https://www.kronosolopromocionales.com/productos/soporte-para-celular-pop-it-13320/,true,,0,100,,A_INDEXABLE,
https://www.kronosolopromocionales.com/productos/reloj-de-arena-doble-13333/,product,true,200,true,true,true,false,https://www.kronosolopromocionales.com/productos/reloj-de-arena-doble-13333/,true,,0,100,,A_INDEXABLE,
https://www.kronosolopromocionales.com/productos/pastillero-radion-13332/,product,true,200,true,true,true,false,https://www.kronosolopromocionales.com/productos/pastillero-radion-13332/,true,,0,100,,A_INDEXABLE,
https://www.kronosolopromocionales.com/productos/portadocumentos-de-viajes-y-de-cables-neox-rpet-13362/,product,true,200,true,true,true,false,https://www.kronosolopromocionales.com/productos/portadocumentos-de-viajes-y-de-cables-neox-rpet-13362/,true,,0,100,,A_INDEXABLE,
https://www.kronosolopromocionales.com/productos/cosmetiquera-terra-13500/,product,true,200,true,true,true,false,https://www.kronosolopromocionales.com/productos/cosmetiquera-terra-13500/,true,,0,100,,A_INDEXABLE,
https://www.kronosolopromocionales.com/productos/mini-bolsa-en-algodon-100gms-13253/,product,true,200,true,true,true,false,https://www.kronosolopromocionales.com/productos/mini-bolsa-en-algodon-100gms-13253/,true,,0,100,,A_INDEXABLE,
https://www.kronosolopromocionales.com/productos/resaltadores-jeringa-13262/,product,true,200,true,true,true,false,https://www.kronosolopromocionales.com/productos/resaltadores-jeringa-13262/,true,,0,100,,A_INDEXABLE,
https://www.kronosolopromocionales.com/productos/portadocumentos-vintra-13308/,product,true,200,true,true,true,false,https://www.kronosolopromocionales.com/productos/portadocumentos-vintra-13308/,true,,0,100,,A_INDEXABLE,
https://www.kronosolopromocionales.com/productos/boligrafo-scroll-13294/,product,true,200,true,true,true,false,https://www.kronosolopromocionales.com/productos/boligrafo-scroll-13294/,true,,0,100,,A_INDEXABLE,
https://www.kronosolopromocionales.com/productos/rastreador-airtag-boomtag-13210/,product,true,200,true,true,true,false,https://www.kronosolopromocionales.com/productos/rastreador-airtag-boomtag-13210/,true,,0,100,,A_INDEXABLE,
https://www.kronosolopromocionales.com/productos/rastreador-airtag-boomcard-13211/,product,true,200,true,true,true,false,https://www.kronosolopromocionales.com/productos/rastreador-airtag-boomcard-13211/,true,,0,100,,A_INDEXABLE,
https://www.kronosolopromocionales.com/productos/audifonos-bluetooth-anc-13212/,product,true,200,true,true,true,false,https://www.kronosolopromocionales.com/productos/audifonos-bluetooth-anc-13212/,true,,0,100,,A_INDEXABLE,
https://www.kronosolopromocionales.com/productos/speaker-bluetooth-beach-35-boompods-13213/,product,true,200,true,true,true,false,https://www.kronosolopromocionales.com/productos/speaker-bluetooth-beach-35-boompods-13213/,true,,0,100,,A_INDEXABLE,
https://www.kronosolopromocionales.com/productos/bbq-grill-soccer-cook-13202/,product,true,200,true,true,true,false,https://www.kronosolopromocionales.com/productos/bbq-grill-soccer-cook-13202/,true,,0,100,,A_INDEXABLE,
https://www.kronosolopromocionales.com/productos/masajeador-hyper-eco-13338/,product,true,200,true,true,true,false,https://www.kronosolopromocionales.com/productos/masajeador-hyper-eco-13338/,true,,0,100,,A_INDEXABLE,
https://www.kronosolopromocionales.com/productos/abanico-en-madera-11142/,product,true,200,true,true,true,false,https://www.kronosolopromocionales.com/productos/abanico-en-madera-11142/,true,,0,100,,A_INDEXABLE,
https://www.kronosolopromocionales.com/productos/correa-para-mascota-10815/,product,true,200,true,true,true,false,https://www.kronosolopromocionales.com/productos/correa-para-mascota-10815/,true,,0,100,,A_INDEXABLE,
https://www.kronosolopromocionales.com/productos/ventilador-niklas-10817/,product,true,200,true,true,true,false,https://www.kronosolopromocionales.com/productos/ventilador-niklas-10817/,true,,0,100,,A_INDEXABLE,
https://www.kronosolopromocionales.com/productos/set-de-12-colores-eco-kraft-10996/,product,true,200,true,true,true,false,https://www.kronosolopromocionales.com/productos/set-de-12-colores-eco-kraft-10996/,true,,0,100,,A_INDEXABLE,
https://www.kronosolopromocionales.com/productos/set-de-12-colores-en-bolsa-10997/,product,true,200,true,true,true,false,https://www.kronosolopromocionales.com/productos/set-de-12-colores-en-bolsa-10997/,true,,0,100,,A_INDEXABLE,
https://www.kronosolopromocionales.com/productos/estuche-multiusos-en-silicona-summer-11085/,product,true,200,true,true,true,false,https://www.kronosolopromocionales.com/productos/estuche-multiusos-en-silicona-summer-11085/,true,,0,100,,A_INDEXABLE,
https://www.kronosolopromocionales.com/productos/mini-monedero-en-silicona-city-10906/,product,true,200,true,true,true,false,https://www.kronosolopromocionales.com/productos/mini-monedero-en-silicona-city-10906/,true,,0,100,,A_INDEXABLE,
https://www.kronosolopromocionales.com/productos/identificador-de-maletas-nesus-10930/,product,true,200,true,true,true,false,https://www.kronosolopromocionales.com/productos/identificador-de-maletas-nesus-10930/,true,,0,100,,A_INDEXABLE,
https://www.kronosolopromocionales.com/productos/juego-para-mascotas-10931/,product,true,200,true,true,true,false,https://www.kronosolopromocionales.com/productos/juego-para-mascotas-10931/,true,,0,100,,A_INDEXABLE,
https://www.kronosolopromocionales.com/productos/gafas-bamboo-eco-10933/,product,true,200,true,true,true,false,https://www.kronosolopromocionales.com/productos/gafas-bamboo-eco-10933/,true,,0,100,,A_INDEXABLE,
https://www.kronosolopromocionales.com/productos/poncho-en-bolsa-rpet-10936/,product,true,200,true,true,true,false,https://www.kronosolopromocionales.com/productos/poncho-en-bolsa-rpet-10936/,true,,0,100,,A_INDEXABLE,
https://www.kronosolopromocionales.com/productos/funda-portacelular-marathon-11118/,product,true,200,true,true,true,false,https://www.kronosolopromocionales.com/productos/funda-portacelular-marathon-11118/,true,,0,100,,A_INDEXABLE,
https://www.kronosolopromocionales.com/productos/alcancia-cork-11125/,product,true,200,true,true,true,false,https://www.kronosolopromocionales.com/productos/alcancia-cork-11125/,true,,0,100,,A_INDEXABLE,
https://www.kronosolopromocionales.com/productos/dispensador-de-bolsas-string-11127/,product,true,200,true,true,true,false,https://www.kronosolopromocionales.com/productos/dispensador-de-bolsas-string-11127/,true,,0,100,,A_INDEXABLE,
https://www.kronosolopromocionales.com/productos/bola-antiestres-neon-67cm-10947/,product,true,200,true,true,true,false,https://www.kronosolopromocionales.com/productos/bola-antiestres-neon-67cm-10947/,true,,0,100,,A_INDEXABLE,
https://www.kronosolopromocionales.com/productos/bowl-para-mascota-9813/,product,true,200,true,true,true,false,https://www.kronosolopromocionales.com/productos/bowl-para-mascota-9813/,true,,0,100,,A_INDEXABLE,
https://www.kronosolopromocionales.com/productos/protector-solar-para-carro-1442/,product,true,200,true,true,true,false,https://www.kronosolopromocionales.com/productos/protector-solar-para-carro-1442/,true,,0,100,,A_INDEXABLE,
https://www.kronosolopromocionales.com/productos/banderitas-magic-index-722/,product,true,200,true,true,true,false,https://www.kronosolopromocionales.com/productos/banderitas-magic-index-722/,true,,0,100,,A_INDEXABLE,
https://www.kronosolopromocionales.com/productos/banderitas-magic-index-ii-2576/,product,true,200,true,true,true,false,https://www.kronosolopromocionales.com/productos/banderitas-magic-index-ii-2576/,true,,0,100,,A_INDEXABLE,
https://www.kronosolopromocionales.com/productos/tapa-chupo-para-va-160-mu-53-mu-07-6310/,product,true,200,true,true,true,false,https://www.kronosolopromocionales.com/productos/tapa-chupo-para-va-160-mu-53-mu-07-6310/,true,,0,100,,A_INDEXABLE,
https://www.kronosolopromocionales.com/productos/identificador-de-maletas-flat-7296/,product,true,200,true,true,true,false,https://www.kronosolopromocionales.com/productos/identificador-de-maletas-flat-7296/,true,,0,100,,A_INDEXABLE,
https://www.kronosolopromocionales.com/productos/aspiradora-para-carro-7410/,product,true,200,true,true,true,false,https://www.kronosolopromocionales.com/productos/aspiradora-para-carro-7410/,true,,0,100,,A_INDEXABLE,
https://www.kronosolopromocionales.com/productos/alcancia-house-8154/,product,true,200,true,true,true,false,https://www.kronosolopromocionales.com/productos/alcancia-house-8154/,true,,0,100,,A_INDEXABLE,
https://www.kronosolopromocionales.com/productos/bolsa-plegable-market-8192/,product,true,200,true,true,true,false,https://www.kronosolopromocionales.com/productos/bolsa-plegable-market-8192/,true,,0,100,,A_INDEXABLE,
https://www.kronosolopromocionales.com/productos/bolsa-en-cambrel-multiusos-vita-prod-nacional-9364/,product,true,200,true,true,true,false,https://www.kronosolopromocionales.com/productos/bolsa-en-cambrel-multiusos-vita-prod-nacional-9364/,true,,0,100,,A_INDEXABLE,
https://www.kronosolopromocionales.com/productos/monedero-en-silicona-backpack-9086/,product,true,200,true,true,true,false,https://www.kronosolopromocionales.com/productos/monedero-en-silicona-backpack-9086/,true,,0,100,,A_INDEXABLE,
https://www.kronosolopromocionales.com/productos/cojin-de-viaje-triple-uso-produccion-nacional-9333/,product,true,200,true,true,true,false,https://www.kronosolopromocionales.com/productos/cojin-de-viaje-triple-uso-produccion-nacional-9333/,true,,0,100,,A_INDEXABLE,
https://www.kronosolopromocionales.com/productos/bolsa-en-algodon-corcho-135gr-9103/,product,true,200,true,true,true,false,https://www.kronosolopromocionales.com/productos/bolsa-en-algodon-corcho-135gr-9103/,true,,0,100,,A_INDEXABLE,
https://www.kronosolopromocionales.com/productos/bolsa-plegable-sunday-9216/,product,true,200,true,true,true,false,https://www.kronosolopromocionales.com/productos/bolsa-plegable-sunday-9216/,true,,0,100,,A_INDEXABLE,
https://www.kronosolopromocionales.com/productos/yoga-mat-9609/,product,true,200,true,true,true,false,https://www.kronosolopromocionales.com/productos/yoga-mat-9609/,true,,0,100,,A_INDEXABLE,
https://www.kronosolopromocionales.com/productos/alcancia-piggy-con-portacelular-9661/,product,true,200,true,true,true,false,https://www.kronosolopromocionales.com/productos/alcancia-piggy-con-portacelular-9661/,true,,0,100,,A_INDEXABLE,
https://www.kronosolopromocionales.com/productos/cuerpo-plastico-para-abanico-tela-impresa-prod-nal-9439/,product,true,200,true,true,true,false,https://www.kronosolopromocionales.com/productos/cuerpo-plastico-para-abanico-tela-impresa-prod-nal-9439/,true,,0,100,,A_INDEXABLE,
https://www.kronosolopromocionales.com/productos/carrito-shopping-bag-zipper-9867/,product,true,200,true,true,true,false,https://www.kronosolopromocionales.com/productos/carrito-shopping-bag-zipper-9867/,true,,0,100,,A_INDEXABLE,
https://www.kronosolopromocionales.com/productos/identificador-de-maletas-cork-10357/,product,true,200,true,true,true,false,https://www.kronosolopromocionales.com/productos/identificador-de-maletas-cork-10357/,true,,0,100,,A_INDEXABLE,
https://www.kronosolopromocionales.com/productos/identificador-de-maletas-murdock-10541/,product,true,200,true,true,true,false,https://www.kronosolopromocionales.com/productos/identificador-de-maletas-murdock-10541/,true,,0,100,,A_INDEXABLE,
https://www.kronosolopromocionales.com/productos/portatarjetas-myles-rpet-10445/,product,true,200,true,true,true,false,https://www.kronosolopromocionales.com/productos/portatarjetas-myles-rpet-10445/,true,,0,100,,A_INDEXABLE,
https://www.kronosolopromocionales.com/productos/morral-backpack-limit-10488/,product,true,200,true,true,true,false,https://www.kronosolopromocionales.com/productos/morral-backpack-limit-10488/,true,,0,100,,A_INDEXABLE,
https://www.kronosolopromocionales.com/productos/bolsa-en-algodon-botanik-135gr-7533/,product,true,200,true,true,true,false,https://www.kronosolopromocionales.com/productos/bolsa-en-algodon-botanik-135gr-7533/,true,,0,100,,A_INDEXABLE,
https://www.kronosolopromocionales.com/productos/dispensador-de-bolsas-bone-13179/,product,true,200,true,true,true,false,https://www.kronosolopromocionales.com/productos/dispensador-de-bolsas-bone-13179/,true,,0,100,,A_INDEXABLE,
https://www.kronosolopromocionales.com/productos/soporte-para-moviles-y-tablets-bamboo-13182/,product,true,200,true,true,true,false,https://www.kronosolopromocionales.com/productos/soporte-para-moviles-y-tablets-bamboo-13182/,true,,0,100,,A_INDEXABLE,
https://www.kronosolopromocionales.com/productos/cepillo-con-espejo-ulys-11123/,product,true,200,true,true,true,false,https://www.kronosolopromocionales.com/productos/cepillo-con-espejo-ulys-11123/,true,,0,100,,A_INDEXABLE,
https://www.kronosolopromocionales.com/productos/set-de-portavasos-cork-10969/,product,true,200,true,true,true,false,https://www.kronosolopromocionales.com/productos/set-de-portavasos-cork-10969/,true,,0,100,,A_INDEXABLE,
https://www.kronosolopromocionales.com/productos/portacomidas-attila-10818/,product,true,200,true,true,true,false,https://www.kronosolopromocionales.com/productos/portacomidas-attila-10818/,true,,0,100,,A_INDEXABLE,
https://www.kronosolopromocionales.com/productos/set-de-cubiertos-dimitri-10822/,product,true,200,true,true,true,false,https://www.kronosolopromocionales.com/productos/set-de-cubiertos-dimitri-10822/,true,,0,100,,A_INDEXABLE,
https://www.kronosolopromocionales.com/productos/set-de-fondue-petra-10990/,product,true,200,true,true,true,false,https://www.kronosolopromocionales.com/productos/set-de-fondue-petra-10990/,true,,0,100,,A_INDEXABLE,
https://www.kronosolopromocionales.com/productos/set-de-fondue-queralt-10991/,product,true,200,true,true,true,false,https://www.kronosolopromocionales.com/productos/set-de-fondue-queralt-10991/,true,,0,100,,A_INDEXABLE,
https://www.kronosolopromocionales.com/productos/portacomidas-albus-eco-11030/,product,true,200,true,true,true,false,https://www.kronosolopromocionales.com/productos/portacomidas-albus-eco-11030/,true,,0,100,,A_INDEXABLE,
https://www.kronosolopromocionales.com/productos/set-de-queso-annika-11056/,product,true,200,true,true,true,false,https://www.kronosolopromocionales.com/productos/set-de-queso-annika-11056/,true,,0,100,,A_INDEXABLE,
https://www.kronosolopromocionales.com/productos/reloj-de-arena-skai-eco-11062/,product,true,200,true,true,true,false,https://www.kronosolopromocionales.com/productos/reloj-de-arena-skai-eco-11062/,true,,0,100,,A_INDEXABLE,
https://www.kronosolopromocionales.com/productos/set-de-queso-beret-10896/,product,true,200,true,true,true,false,https://www.kronosolopromocionales.com/productos/set-de-queso-beret-10896/,true,,0,100,,A_INDEXABLE,
https://www.kronosolopromocionales.com/productos/molde-de-hielo-nook-10907/,product,true,200,true,true,true,false,https://www.kronosolopromocionales.com/productos/molde-de-hielo-nook-10907/,true,,0,100,,A_INDEXABLE,
https://www.kronosolopromocionales.com/productos/portaliquido-metalico-chunky-420ml-11093/,product,true,200,true,true,true,false,https://www.kronosolopromocionales.com/productos/portaliquido-metalico-chunky-420ml-11093/,true,,0,100,,A_INDEXABLE,
https://www.kronosolopromocionales.com/productos/set-de-cubiertos-en-acero-11096/,product,true,200,true,true,true,false,https://www.kronosolopromocionales.com/productos/set-de-cubiertos-en-acero-11096/,true,,0,100,,A_INDEXABLE,
https://www.kronosolopromocionales.com/productos/portacomidas-anton-eco-11097/,product,true,200,true,true,true,false,https://www.kronosolopromocionales.com/productos/portacomidas-anton-eco-11097/,true,,0,100,,A_INDEXABLE,
https://www.kronosolopromocionales.com/productos/cobija-spark-10937/,product,true,200,true,true,true,false,https://www.kronosolopromocionales.com/productos/cobija-spark-10937/,true,,0,100,,A_INDEXABLE,
https://www.kronosolopromocionales.com/productos/mezclador-coffee-mixer-10946/,product,true,200,true,true,true,false,https://www.kronosolopromocionales.com/productos/mezclador-coffee-mixer-10946/,true,,0,100,,A_INDEXABLE,
https://www.kronosolopromocionales.com/productos/portacomidas-lagoon-10887/,product,true,200,true,true,true,false,https://www.kronosolopromocionales.com/productos/portacomidas-lagoon-10887/,true,,0,100,,A_INDEXABLE,
https://www.kronosolopromocionales.com/productos/mezclador-en-madera-10912/,product,true,200,true,true,true,false,https://www.kronosolopromocionales.com/productos/mezclador-en-madera-10912/,true,,0,100,,A_INDEXABLE,
https://www.kronosolopromocionales.com/productos/mug-metalico-con-prensa-francesa-450ml-10824/,product,true,200,true,true,true,false,https://www.kronosolopromocionales.com/productos/mug-metalico-con-prensa-francesa-450ml-10824/,true,,0,100,,A_INDEXABLE,
https://www.kronosolopromocionales.com/productos/llavero-destapador-campello-4808/,product,true,200,true,true,true,false,https://www.kronosolopromocionales.com/productos/llavero-destapador-campello-4808/,true,,0,100,,A_INDEXABLE,
https://www.kronosolopromocionales.com/productos/speaker-bluetooth-plant-10555/,product,true,200,true,true,true,false,https://www.kronosolopromocionales.com/productos/speaker-bluetooth-plant-10555/,true,,0,100,,A_INDEXABLE,
https://www.kronosolopromocionales.com/productos/boligrafo-kord-bamboo-10841/,product,true,200,true,true,true,false,https://www.kronosolopromocionales.com/productos/boligrafo-kord-bamboo-10841/,true,,0,100,,A_INDEXABLE,
https://www.kronosolopromocionales.com/productos/lapiz-rojo-check-para-contabilidad-11000/,product,true,200,true,true,true,false,https://www.kronosolopromocionales.com/productos/lapiz-rojo-check-para-contabilidad-11000/,true,,0,100,,A_INDEXABLE,
https://www.kronosolopromocionales.com/productos/set-resaltador-fingers-ii-eco-10720/,product,true,200,true,true,true,false,https://www.kronosolopromocionales.com/productos/set-resaltador-fingers-ii-eco-10720/,true,,0,100,,A_INDEXABLE,
https://www.kronosolopromocionales.com/productos/resaltador-raff-rpet-ii-11048/,product,true,200,true,true,true,false,https://www.kronosolopromocionales.com/productos/resaltador-raff-rpet-ii-11048/,true,,0,100,,A_INDEXABLE,
https://www.kronosolopromocionales.com/productos/set-de-clips-cork-10383/,product,true,200,true,true,true,false,https://www.kronosolopromocionales.com/productos/set-de-clips-cork-10383/,true,,0,100,,A_INDEXABLE,
https://www.kronosolopromocionales.com/productos/planeador-semanal-cartoon-10345/,product,true,200,true,true,true,false,https://www.kronosolopromocionales.com/productos/planeador-semanal-cartoon-10345/,true,,0,100,,A_INDEXABLE,
https://www.kronosolopromocionales.com/productos/cordon-portacelular-chili-10520/,product,true,200,true,true,true,false,https://www.kronosolopromocionales.com/productos/cordon-portacelular-chili-10520/,true,,0,100,,A_INDEXABLE,
https://www.kronosolopromocionales.com/productos/libreta-plastica-klio-60-hojas-10559/,product,true,200,true,true,true,false,https://www.kronosolopromocionales.com/productos/libreta-plastica-klio-60-hojas-10559/,true,,0,100,,A_INDEXABLE,
https://www.kronosolopromocionales.com/productos/libreta-attis-80-hojas-10561/,product,true,200,true,true,true,false,https://www.kronosolopromocionales.com/productos/libreta-attis-80-hojas-10561/,true,,0,100,,A_INDEXABLE,
https://www.kronosolopromocionales.com/productos/libreta-mouse-pad-80-hojas-10375/,product,true,200,true,true,true,false,https://www.kronosolopromocionales.com/productos/libreta-mouse-pad-80-hojas-10375/,true,,0,100,,A_INDEXABLE,
https://www.kronosolopromocionales.com/productos/libreta-narnia-80-hojas-10580/,product,true,200,true,true,true,false,https://www.kronosolopromocionales.com/productos/libreta-narnia-80-hojas-10580/,true,,0,100,,A_INDEXABLE,
https://www.kronosolopromocionales.com/productos/carpeta-folder-flap-10329/,product,true,200,true,true,true,false,https://www.kronosolopromocionales.com/productos/carpeta-folder-flap-10329/,true,,0,100,,A_INDEXABLE,
https://www.kronosolopromocionales.com/productos/libreta-everest-rpet-80-hojas-10331/,product,true,200,true,true,true,false,https://www.kronosolopromocionales.com/productos/libreta-everest-rpet-80-hojas-10331/,true,,0,100,,A_INDEXABLE,
https://www.kronosolopromocionales.com/productos/libreta-multifuncional-rpet-bamboo-urban-business-10792/,product,true,200,true,true,true,false,https://www.kronosolopromocionales.com/productos/libreta-multifuncional-rpet-bamboo-urban-business-10792/,true,,0,100,,A_INDEXABLE,
https://www.kronosolopromocionales.com/productos/carpeta-folder-velvet-rpet-10793/,product,true,200,true,true,true,false,https://www.kronosolopromocionales.com/productos/carpeta-folder-velvet-rpet-10793/,true,,0,100,,A_INDEXABLE,
https://www.kronosolopromocionales.com/productos/libreta-velvet-rpet-10794/,product,true,200,true,true,true,false,https://www.kronosolopromocionales.com/productos/libreta-velvet-rpet-10794/,true,,0,100,,A_INDEXABLE,
https://www.kronosolopromocionales.com/productos/resaltador-relaxy-10838/,product,true,200,true,true,true,false,https://www.kronosolopromocionales.com/productos/resaltador-relaxy-10838/,true,,0,100,,A_INDEXABLE,
https://www.kronosolopromocionales.com/productos/portaboligrafos-konstantin-bamboo-10986/,product,true,200,true,true,true,false,https://www.kronosolopromocionales.com/productos/portaboligrafos-konstantin-bamboo-10986/,true,,0,100,,A_INDEXABLE,
https://www.kronosolopromocionales.com/productos/calendario-perpetuo-loic-bamboo-10987/,product,true,200,true,true,true,false,https://www.kronosolopromocionales.com/productos/calendario-perpetuo-loic-bamboo-10987/,true,,0,100,,A_INDEXABLE,
https://www.kronosolopromocionales.com/productos/set-romain-urban-business-10992/,product,true,200,true,true,true,false,https://www.kronosolopromocionales.com/productos/set-romain-urban-business-10992/,true,,0,100,,A_INDEXABLE,
https://www.kronosolopromocionales.com/productos/libreta-saskia-urban-business-10994/,product,true,200,true,true,true,false,https://www.kronosolopromocionales.com/productos/libreta-saskia-urban-business-10994/,true,,0,100,,A_INDEXABLE,
https://www.kronosolopromocionales.com/productos/borrador-school-10999/,product,true,200,true,true,true,false,https://www.kronosolopromocionales.com/productos/borrador-school-10999/,true,,0,100,,A_INDEXABLE,
https://www.kronosolopromocionales.com/productos/set-cyrus-eco-11006/,product,true,200,true,true,true,false,https://www.kronosolopromocionales.com/productos/set-cyrus-eco-11006/,true,,0,100,,A_INDEXABLE,
https://www.kronosolopromocionales.com/productos/set-de-escritorio-lynx-eco-11011/,product,true,200,true,true,true,false,https://www.kronosolopromocionales.com/productos/set-de-escritorio-lynx-eco-11011/,true,,0,100,,A_INDEXABLE,
https://www.kronosolopromocionales.com/productos/set-de-resaltadores-perseus-11016/,product,true,200,true,true,true,false,https://www.kronosolopromocionales.com/productos/set-de-resaltadores-perseus-11016/,true,,0,100,,A_INDEXABLE,
https://www.kronosolopromocionales.com/productos/set-de-reglas-metalicas-11021/,product,true,200,true,true,true,false,https://www.kronosolopromocionales.com/productos/set-de-reglas-metalicas-11021/,true,,0,100,,A_INDEXABLE,
https://www.kronosolopromocionales.com/productos/resaltador-round-eco-11029/,product,true,200,true,true,true,false,https://www.kronosolopromocionales.com/productos/resaltador-round-eco-11029/,true,,0,100,,A_INDEXABLE,
https://www.kronosolopromocionales.com/productos/libreta-bamboo-eco-cover-11032/,product,true,200,true,true,true,false,https://www.kronosolopromocionales.com/productos/libreta-bamboo-eco-cover-11032/,true,,0,100,,A_INDEXABLE,
https://www.kronosolopromocionales.com/productos/set-aquarius-10783/,product,true,200,true,true,true,false,https://www.kronosolopromocionales.com/productos/set-aquarius-10783/,true,,0,100,,A_INDEXABLE,
https://www.kronosolopromocionales.com/productos/libreta-albus-10784/,product,true,200,true,true,true,false,https://www.kronosolopromocionales.com/productos/libreta-albus-10784/,true,,0,100,,A_INDEXABLE,
https://www.kronosolopromocionales.com/productos/regla-con-aluminio-30cm-11051/,product,true,200,true,true,true,false,https://www.kronosolopromocionales.com/productos/regla-con-aluminio-30cm-11051/,true,,0,100,,A_INDEXABLE,
https://www.kronosolopromocionales.com/productos/libreta-folke-eco-11060/,product,true,200,true,true,true,false,https://www.kronosolopromocionales.com/productos/libreta-folke-eco-11060/,true,,0,100,,A_INDEXABLE,
https://www.kronosolopromocionales.com/productos/set-carlson-eco-11064/,product,true,200,true,true,true,false,https://www.kronosolopromocionales.com/productos/set-carlson-eco-11064/,true,,0,100,,A_INDEXABLE,
https://www.kronosolopromocionales.com/productos/libreta-hakan-eco-11065/,product,true,200,true,true,true,false,https://www.kronosolopromocionales.com/productos/libreta-hakan-eco-11065/,true,,0,100,,A_INDEXABLE,
https://www.kronosolopromocionales.com/productos/set-de-escritorio-rolf-eco-11071/,product,true,200,true,true,true,false,https://www.kronosolopromocionales.com/productos/set-de-escritorio-rolf-eco-11071/,true,,0,100,,A_INDEXABLE,
https://www.kronosolopromocionales.com/productos/set-flok-urban-business-10901/,product,true,200,true,true,true,false,https://www.kronosolopromocionales.com/productos/set-flok-urban-business-10901/,true,,0,100,,A_INDEXABLE,
https://www.kronosolopromocionales.com/productos/set-henrik-urban-business-10902/,product,true,200,true,true,true,false,https://www.kronosolopromocionales.com/productos/set-henrik-urban-business-10902/,true,,0,100,,A_INDEXABLE,
https://www.kronosolopromocionales.com/productos/libreta-klaus-urban-business-10903/,product,true,200,true,true,true,false,https://www.kronosolopromocionales.com/productos/libreta-klaus-urban-business-10903/,true,,0,100,,A_INDEXABLE,
https://www.kronosolopromocionales.com/productos/memo-stickies-house-10881/,product,true,200,true,true,true,false,https://www.kronosolopromocionales.com/productos/memo-stickies-house-10881/,true,,0,100,,A_INDEXABLE,
https://www.kronosolopromocionales.com/productos/libreta-astralis-rpet-11094/,product,true,200,true,true,true,false,https://www.kronosolopromocionales.com/productos/libreta-astralis-rpet-11094/,true,,0,100,,A_INDEXABLE,
https://www.kronosolopromocionales.com/productos/pila-recargable-goliath-5000mah-10639/,product,true,200,true,true,true,false,https://www.kronosolopromocionales.com/productos/pila-recargable-goliath-5000mah-10639/,true,,0,100,,A_INDEXABLE,
https://www.kronosolopromocionales.com/productos/mouse-pad-rpet-urban-business-10790/,product,true,200,true,true,true,false,https://www.kronosolopromocionales.com/productos/mouse-pad-rpet-urban-business-10790/,true,,0,100,,A_INDEXABLE,
https://www.kronosolopromocionales.com/productos/puerto-usb-orion-eco-11014/,product,true,200,true,true,true,false,https://www.kronosolopromocionales.com/productos/puerto-usb-orion-eco-11014/,true,,0,100,,A_INDEXABLE,
https://www.kronosolopromocionales.com/productos/mouse-pad-organizer-eco-11015/,product,true,200,true,true,true,false,https://www.kronosolopromocionales.com/productos/mouse-pad-organizer-eco-11015/,true,,0,100,,A_INDEXABLE,
https://www.kronosolopromocionales.com/productos/set-de-mouse-pad-y-mouse-11018/,product,true,200,true,true,true,false,https://www.kronosolopromocionales.com/productos/set-de-mouse-pad-y-mouse-11018/,true,,0,100,,A_INDEXABLE,
https://www.kronosolopromocionales.com/productos/cargador-inalambrico-sabik-eco-11020/,product,true,200,true,true,true,false,https://www.kronosolopromocionales.com/productos/cargador-inalambrico-sabik-eco-11020/,true,,0,100,,A_INDEXABLE,
https://www.kronosolopromocionales.com/productos/organizador-de-cables-flex-11028/,product,true,200,true,true,true,false,https://www.kronosolopromocionales.com/productos/organizador-de-cables-flex-11028/,true,,0,100,,A_INDEXABLE,
https://www.kronosolopromocionales.com/productos/mouse-pad-cork-10394/,product,true,200,true,true,true,false,https://www.kronosolopromocionales.com/productos/mouse-pad-cork-10394/,true,,0,100,,A_INDEXABLE,
https://www.kronosolopromocionales.com/productos/estacion-de-trabajo-rpet-urban-business-10796/,product,true,200,true,true,true,false,https://www.kronosolopromocionales.com/productos/estacion-de-trabajo-rpet-urban-business-10796/,true,,0,100,,A_INDEXABLE,
https://www.kronosolopromocionales.com/productos/boligrafo-ventura-clean-set-10840/,product,true,200,true,true,true,false,https://www.kronosolopromocionales.com/productos/boligrafo-ventura-clean-set-10840/,true,,0,80,nombre_duplicado_sin_canonical,E_DUPLICADO,"Mismo nombre que otro producto con slug no relacionado por ID (grupo dup-5) — candidato a ""duplicada sin canonical"" de GSC"
https://www.kronosolopromocionales.com/productos/set-harley-10107/,product,true,200,true,true,true,false,https://www.kronosolopromocionales.com/productos/set-harley-10107/,true,,0,100,,A_INDEXABLE,
https://www.kronosolopromocionales.com/productos/resaltador-raff-rpet-10109/,product,true,200,true,true,true,false,https://www.kronosolopromocionales.com/productos/resaltador-raff-rpet-10109/,true,,0,100,,A_INDEXABLE,
https://www.kronosolopromocionales.com/productos/libreta-scorpius-rpet-10271/,product,true,200,true,true,true,false,https://www.kronosolopromocionales.com/productos/libreta-scorpius-rpet-10271/,true,,0,100,,A_INDEXABLE,
https://www.kronosolopromocionales.com/productos/libreta-atlas-rpet-10272/,product,true,200,true,true,true,false,https://www.kronosolopromocionales.com/productos/libreta-atlas-rpet-10272/,true,,0,100,,A_INDEXABLE,
https://www.kronosolopromocionales.com/productos/lacol-cubre-camara-9896/,product,true,200,true,true,true,false,https://www.kronosolopromocionales.com/productos/lacol-cubre-camara-9896/,true,,0,100,,A_INDEXABLE,
https://www.kronosolopromocionales.com/productos/mouse-pad-minet-9900/,product,true,200,true,true,true,false,https://www.kronosolopromocionales.com/productos/mouse-pad-minet-9900/,true,,0,100,,A_INDEXABLE,
https://www.kronosolopromocionales.com/productos/mini-libreta-duo-produccion-nacional-ver-ref-bolian-6051/,product,true,200,true,true,true,false,https://www.kronosolopromocionales.com/productos/mini-libreta-duo-produccion-nacional-ver-ref-bolian-6051/,true,,0,100,,A_INDEXABLE,
https://www.kronosolopromocionales.com/productos/set-de-resaltadores-de-cera-trio-6524/,product,true,200,true,true,true,false,https://www.kronosolopromocionales.com/productos/set-de-resaltadores-de-cera-trio-6524/,true,,0,100,,A_INDEXABLE,
https://www.kronosolopromocionales.com/productos/resaltador-magico-en-cera-mega-5152/,product,true,200,true,true,true,false,https://www.kronosolopromocionales.com/productos/resaltador-magico-en-cera-mega-5152/,true,,0,100,,A_INDEXABLE,
https://www.kronosolopromocionales.com/productos/estuche-para-resaltador-magico-mega-5154/,product,true,200,true,true,true,false,https://www.kronosolopromocionales.com/productos/estuche-para-resaltador-magico-mega-5154/,true,,0,100,,A_INDEXABLE,
https://www.kronosolopromocionales.com/productos/set-mini-resaltador-de-tinta-6594/,product,true,200,true,true,true,false,https://www.kronosolopromocionales.com/productos/set-mini-resaltador-de-tinta-6594/,true,,0,100,,A_INDEXABLE,
https://www.kronosolopromocionales.com/productos/estuche-rectangular-para-of-376-5886/,product,true,200,true,true,true,false,https://www.kronosolopromocionales.com/productos/estuche-rectangular-para-of-376-5886/,true,,0,100,,A_INDEXABLE,
https://www.kronosolopromocionales.com/productos/estuche-jar-para-of-376-y-of-19-5885/,product,true,200,true,true,true,false,https://www.kronosolopromocionales.com/productos/estuche-jar-para-of-376-y-of-19-5885/,true,,0,100,,A_INDEXABLE,
https://www.kronosolopromocionales.com/productos/set-resaltador-fingers-6707/,product,true,200,true,true,true,false,https://www.kronosolopromocionales.com/productos/set-resaltador-fingers-6707/,true,,0,100,,A_INDEXABLE,
https://www.kronosolopromocionales.com/productos/marcador-borrable-3999/,product,true,200,true,true,true,false,https://www.kronosolopromocionales.com/productos/marcador-borrable-3999/,true,,0,100,,A_INDEXABLE,
https://www.kronosolopromocionales.com/productos/estuche-para-4-resaltadores-en-cera-adam-7493/,product,true,200,true,true,true,false,https://www.kronosolopromocionales.com/productos/estuche-para-4-resaltadores-en-cera-adam-7493/,true,,0,100,,A_INDEXABLE,
https://www.kronosolopromocionales.com/productos/libreta-newton-7485/,product,true,200,true,true,true,false,https://www.kronosolopromocionales.com/productos/libreta-newton-7485/,true,,0,100,,A_INDEXABLE,
https://www.kronosolopromocionales.com/productos/mini-libreta-soker-7748/,product,true,200,true,true,true,false,https://www.kronosolopromocionales.com/productos/mini-libreta-soker-7748/,true,,0,100,,A_INDEXABLE,
https://www.kronosolopromocionales.com/productos/libreta-cedric-oferta-8474/,product,true,200,true,true,true,false,https://www.kronosolopromocionales.com/productos/libreta-cedric-oferta-8474/,true,,0,100,,A_INDEXABLE,
https://www.kronosolopromocionales.com/productos/mini-libreta-niccolo-8640/,product,true,200,true,true,true,false,https://www.kronosolopromocionales.com/productos/mini-libreta-niccolo-8640/,true,,0,100,,A_INDEXABLE,
https://www.kronosolopromocionales.com/productos/mini-libreta-neon-ii-8739/,product,true,200,true,true,true,false,https://www.kronosolopromocionales.com/productos/mini-libreta-neon-ii-8739/,true,,0,100,,A_INDEXABLE,
https://www.kronosolopromocionales.com/productos/estuche-metalico-avalon-8400/,product,true,200,true,true,true,false,https://www.kronosolopromocionales.com/productos/estuche-metalico-avalon-8400/,true,,0,100,,A_INDEXABLE,
https://www.kronosolopromocionales.com/productos/libreta-british-9041/,product,true,200,true,true,true,false,https://www.kronosolopromocionales.com/productos/libreta-british-9041/,true,,0,100,,A_INDEXABLE,
https://www.kronosolopromocionales.com/productos/libreta-zipper-oferta-9062/,product,true,200,true,true,true,false,https://www.kronosolopromocionales.com/productos/libreta-zipper-oferta-9062/,true,,0,100,,A_INDEXABLE,
https://www.kronosolopromocionales.com/productos/buckingham-roller-9360/,product,true,200,true,true,true,false,https://www.kronosolopromocionales.com/productos/buckingham-roller-9360/,true,,0,100,,A_INDEXABLE,
https://www.kronosolopromocionales.com/productos/cargador-inalambrico-portadocumentos-8908/,product,true,200,true,true,true,false,https://www.kronosolopromocionales.com/productos/cargador-inalambrico-portadocumentos-8908/,true,,0,100,,A_INDEXABLE,
https://www.kronosolopromocionales.com/productos/mouse-inalambrico-9105/,product,true,200,true,true,true,false,https://www.kronosolopromocionales.com/productos/mouse-inalambrico-9105/,true,,0,100,,A_INDEXABLE,
https://www.kronosolopromocionales.com/productos/calentador-de-mugs-usb-9328/,product,true,200,true,true,true,false,https://www.kronosolopromocionales.com/productos/calentador-de-mugs-usb-9328/,true,,0,100,,A_INDEXABLE,
https://www.kronosolopromocionales.com/productos/maui-9248/,product,true,200,true,true,true,false,https://www.kronosolopromocionales.com/productos/maui-9248/,true,,0,90,nombre_corto,A_INDEXABLE,
https://www.kronosolopromocionales.com/productos/soporte-metalico-para-portatil-aluminium-ii-9868/,product,true,200,true,true,true,false,https://www.kronosolopromocionales.com/productos/soporte-metalico-para-portatil-aluminium-ii-9868/,true,,0,100,,A_INDEXABLE,
https://www.kronosolopromocionales.com/productos/buckingham-boligrafo-9881/,product,true,200,true,true,true,false,https://www.kronosolopromocionales.com/productos/buckingham-boligrafo-9881/,true,,0,100,,A_INDEXABLE,
https://www.kronosolopromocionales.com/productos/cargador-inalambrico-para-moviles-flat-10w-9940/,product,true,200,true,true,true,false,https://www.kronosolopromocionales.com/productos/cargador-inalambrico-para-moviles-flat-10w-9940/,true,,0,100,,A_INDEXABLE,
https://www.kronosolopromocionales.com/productos/libreta-igor-100-hojas-10198/,product,true,200,true,true,true,false,https://www.kronosolopromocionales.com/productos/libreta-igor-100-hojas-10198/,true,,0,100,,A_INDEXABLE,
https://www.kronosolopromocionales.com/productos/mini-libreta-sevilla-100-hojas-10199/,product,true,200,true,true,true,false,https://www.kronosolopromocionales.com/productos/mini-libreta-sevilla-100-hojas-10199/,true,,0,100,,A_INDEXABLE,
https://www.kronosolopromocionales.com/productos/carpeta-folder-con-cargador-inalambrico-grimm-10115/,product,true,200,true,true,true,false,https://www.kronosolopromocionales.com/productos/carpeta-folder-con-cargador-inalambrico-grimm-10115/,true,,0,100,,A_INDEXABLE,
https://www.kronosolopromocionales.com/productos/libreta-multifuncional-cargador-inalambrico-grimm-10117/,product,true,200,true,true,true,false,https://www.kronosolopromocionales.com/productos/libreta-multifuncional-cargador-inalambrico-grimm-10117/,true,,0,100,,A_INDEXABLE,
https://www.kronosolopromocionales.com/productos/cargador-inalambrico-emmett-10128/,product,true,200,true,true,true,false,https://www.kronosolopromocionales.com/productos/cargador-inalambrico-emmett-10128/,true,,0,100,,A_INDEXABLE,
https://www.kronosolopromocionales.com/productos/soporte-metalico-premium-10131/,product,true,200,true,true,true,false,https://www.kronosolopromocionales.com/productos/soporte-metalico-premium-10131/,true,,0,100,,A_INDEXABLE,
https://www.kronosolopromocionales.com/productos/soporte-para-moviles-strike-produccion-nacional-10282/,product,true,200,true,true,true,false,https://www.kronosolopromocionales.com/productos/soporte-para-moviles-strike-produccion-nacional-10282/,true,,0,100,,A_INDEXABLE,
https://www.kronosolopromocionales.com/productos/soporte-para-moviles-handy-7550/,product,true,200,true,true,true,false,https://www.kronosolopromocionales.com/productos/soporte-para-moviles-handy-7550/,true,,0,100,,A_INDEXABLE,
https://www.kronosolopromocionales.com/productos/portatarjetas-en-silicona-con-soporte-9377/,product,true,200,true,true,true,false,https://www.kronosolopromocionales.com/productos/portatarjetas-en-silicona-con-soporte-9377/,true,,0,100,,A_INDEXABLE,
https://www.kronosolopromocionales.com/productos/portatarjetas-en-silicona-magnet-9378/,product,true,200,true,true,true,false,https://www.kronosolopromocionales.com/productos/portatarjetas-en-silicona-magnet-9378/,true,,0,100,,A_INDEXABLE,
https://www.kronosolopromocionales.com/productos/cargador-inalambrico-credit-card-oferta-9572/,product,true,200,true,true,true,false,https://www.kronosolopromocionales.com/productos/cargador-inalambrico-credit-card-oferta-9572/,true,,0,100,,A_INDEXABLE,
https://www.kronosolopromocionales.com/productos/soporte-plastico-para-portatil-ii-10280/,product,true,200,true,true,true,false,https://www.kronosolopromocionales.com/productos/soporte-plastico-para-portatil-ii-10280/,true,,0,100,,A_INDEXABLE,
https://www.kronosolopromocionales.com/productos/cable-multicargador-bamboo-9794/,product,true,200,true,true,true,false,https://www.kronosolopromocionales.com/productos/cable-multicargador-bamboo-9794/,true,,0,100,,A_INDEXABLE,
https://www.kronosolopromocionales.com/productos/mouse-pad-con-cargador-inalambrico-mylo-9806/,product,true,200,true,true,true,false,https://www.kronosolopromocionales.com/productos/mouse-pad-con-cargador-inalambrico-mylo-9806/,true,,0,100,,A_INDEXABLE,
https://www.kronosolopromocionales.com/productos/portatarjetas-becam-9894/,product,true,200,true,true,true,false,https://www.kronosolopromocionales.com/productos/portatarjetas-becam-9894/,true,,0,100,,A_INDEXABLE,
https://www.kronosolopromocionales.com/productos/portatarjetas-en-lycra-9910/,product,true,200,true,true,true,false,https://www.kronosolopromocionales.com/productos/portatarjetas-en-lycra-9910/,true,,0,100,,A_INDEXABLE,
https://www.kronosolopromocionales.com/productos/puerto-usb-gyro-oferta-9977/,product,true,200,true,true,true,false,https://www.kronosolopromocionales.com/productos/puerto-usb-gyro-oferta-9977/,true,,0,100,,A_INDEXABLE,
https://www.kronosolopromocionales.com/productos/cargador-inalambrico-collin-10136/,product,true,200,true,true,true,false,https://www.kronosolopromocionales.com/productos/cargador-inalambrico-collin-10136/,true,,0,100,,A_INDEXABLE,
https://www.kronosolopromocionales.com/productos/soporte-para-moviles-miller-10140/,product,true,200,true,true,true,false,https://www.kronosolopromocionales.com/productos/soporte-para-moviles-miller-10140/,true,,0,100,,A_INDEXABLE,
https://www.kronosolopromocionales.com/productos/portatarjetas-adhesivo-con-boligrafo-oferta-10146/,product,true,200,true,true,true,false,https://www.kronosolopromocionales.com/productos/portatarjetas-adhesivo-con-boligrafo-oferta-10146/,true,,0,100,,A_INDEXABLE,
https://www.kronosolopromocionales.com/productos/audifonos-bluetooth-polka-oferta-10147/,product,true,200,true,true,true,false,https://www.kronosolopromocionales.com/productos/audifonos-bluetooth-polka-oferta-10147/,true,,0,100,,A_INDEXABLE,
https://www.kronosolopromocionales.com/productos/gemini-roller-10304/,product,true,200,true,true,true,false,https://www.kronosolopromocionales.com/productos/gemini-roller-10304/,true,,0,100,,A_INDEXABLE,
https://www.kronosolopromocionales.com/productos/organizador-de-escritorio-3-1-rpet-10493/,product,true,200,true,true,true,false,https://www.kronosolopromocionales.com/productos/organizador-de-escritorio-3-1-rpet-10493/,true,,0,100,,A_INDEXABLE,
https://www.kronosolopromocionales.com/productos/cubre-camara-eco-clip-10486/,product,true,200,true,true,true,false,https://www.kronosolopromocionales.com/productos/cubre-camara-eco-clip-10486/,true,,0,100,,A_INDEXABLE,
https://www.kronosolopromocionales.com/productos/puerto-usb-bamboo-spirit-10311/,product,true,200,true,true,true,false,https://www.kronosolopromocionales.com/productos/puerto-usb-bamboo-spirit-10311/,true,,0,100,,A_INDEXABLE,
https://www.kronosolopromocionales.com/productos/soporte-para-moviles-deluxe-10527/,product,true,200,true,true,true,false,https://www.kronosolopromocionales.com/productos/soporte-para-moviles-deluxe-10527/,true,,0,100,,A_INDEXABLE,
https://www.kronosolopromocionales.com/productos/soporte-para-moviles-gyro-10526/,product,true,200,true,true,true,false,https://www.kronosolopromocionales.com/productos/soporte-para-moviles-gyro-10526/,true,,0,100,,A_INDEXABLE,
https://www.kronosolopromocionales.com/productos/set-de-libreta-y-boligrafo-2-1-rpet-10330/,product,true,200,true,true,true,false,https://www.kronosolopromocionales.com/productos/set-de-libreta-y-boligrafo-2-1-rpet-10330/,true,,0,100,,A_INDEXABLE,
https://www.kronosolopromocionales.com/productos/portaidentificador-de-carnet-con-metro-10624/,product,true,200,true,true,true,false,https://www.kronosolopromocionales.com/productos/portaidentificador-de-carnet-con-metro-10624/,true,,0,100,,A_INDEXABLE,
https://www.kronosolopromocionales.com/productos/audifonos-bluetooth-vibe-boompods-10883/,product,true,200,true,true,true,false,https://www.kronosolopromocionales.com/productos/audifonos-bluetooth-vibe-boompods-10883/,true,,0,100,,A_INDEXABLE,
https://www.kronosolopromocionales.com/productos/audifonos-bluetooth-sportpods-boompods-10884/,product,true,200,true,true,true,false,https://www.kronosolopromocionales.com/productos/audifonos-bluetooth-sportpods-boompods-10884/,true,,0,100,,A_INDEXABLE,
https://www.kronosolopromocionales.com/productos/speaker-bluetooth-beach-boompods-10885/,product,true,200,true,true,true,false,https://www.kronosolopromocionales.com/productos/speaker-bluetooth-beach-boompods-10885/,true,,0,100,,A_INDEXABLE,
https://www.kronosolopromocionales.com/productos/reloj-inteligente-korbin-plus-10353/,product,true,200,true,true,true,false,https://www.kronosolopromocionales.com/productos/reloj-inteligente-korbin-plus-10353/,true,,0,100,,A_INDEXABLE,
https://www.kronosolopromocionales.com/productos/pila-recargable-con-cargador-inalambrico-4000mah-10532/,product,true,200,true,true,true,false,https://www.kronosolopromocionales.com/productos/pila-recargable-con-cargador-inalambrico-4000mah-10532/,true,,0,100,,A_INDEXABLE,
https://www.kronosolopromocionales.com/productos/speaker-bluetooth-waterproof-ii-10645/,product,true,200,true,true,true,false,https://www.kronosolopromocionales.com/productos/speaker-bluetooth-waterproof-ii-10645/,true,,0,100,,A_INDEXABLE,
https://www.kronosolopromocionales.com/productos/pila-recargable-en-bamboo-nipax-5000mah-ii-10648/,product,true,200,true,true,true,false,https://www.kronosolopromocionales.com/productos/pila-recargable-en-bamboo-nipax-5000mah-ii-10648/,true,,0,100,,A_INDEXABLE,
https://www.kronosolopromocionales.com/productos/soporte-para-moviles-alarik-ii-10277/,product,true,200,true,true,true,false,https://www.kronosolopromocionales.com/productos/soporte-para-moviles-alarik-ii-10277/,true,,0,100,,A_INDEXABLE,
https://www.kronosolopromocionales.com/productos/speaker-bluetooth-bentley-10351/,product,true,200,true,true,true,false,https://www.kronosolopromocionales.com/productos/speaker-bluetooth-bentley-10351/,true,,0,100,,A_INDEXABLE,
https://www.kronosolopromocionales.com/productos/speaker-bluetooth-callum-10386/,product,true,200,true,true,true,false,https://www.kronosolopromocionales.com/productos/speaker-bluetooth-callum-10386/,true,,0,100,,A_INDEXABLE,
https://www.kronosolopromocionales.com/productos/speaker-bluetooth-dallas-10385/,product,true,200,true,true,true,false,https://www.kronosolopromocionales.com/productos/speaker-bluetooth-dallas-10385/,true,,0,100,,A_INDEXABLE,
https://www.kronosolopromocionales.com/productos/cargador-inalambrico-magnet-oferta-10482/,product,true,200,true,true,true,false,https://www.kronosolopromocionales.com/productos/cargador-inalambrico-magnet-oferta-10482/,true,,0,100,,A_INDEXABLE,
https://www.kronosolopromocionales.com/productos/soporte-para-moviles-scully-10539/,product,true,200,true,true,true,false,https://www.kronosolopromocionales.com/productos/soporte-para-moviles-scully-10539/,true,,0,100,,A_INDEXABLE,
https://www.kronosolopromocionales.com/productos/speaker-bluetooth-owen-urban-travel-10476/,product,true,200,true,true,true,false,https://www.kronosolopromocionales.com/productos/speaker-bluetooth-owen-urban-travel-10476/,true,,0,100,,A_INDEXABLE,
https://www.kronosolopromocionales.com/productos/cargador-para-carro-dino-10460/,product,true,200,true,true,true,false,https://www.kronosolopromocionales.com/productos/cargador-para-carro-dino-10460/,true,,0,100,,A_INDEXABLE,
https://www.kronosolopromocionales.com/productos/puerto-usb-6-1-10471/,product,true,200,true,true,true,false,https://www.kronosolopromocionales.com/productos/puerto-usb-6-1-10471/,true,,0,100,,A_INDEXABLE,
https://www.kronosolopromocionales.com/productos/soporte-para-moviles-mirror-10649/,product,true,200,true,true,true,false,https://www.kronosolopromocionales.com/productos/soporte-para-moviles-mirror-10649/,true,,0,100,,A_INDEXABLE,
https://www.kronosolopromocionales.com/productos/ventilador-tipo-c-10705/,product,true,200,true,true,true,false,https://www.kronosolopromocionales.com/productos/ventilador-tipo-c-10705/,true,,0,100,,A_INDEXABLE,
https://www.kronosolopromocionales.com/productos/speaker-bluetooth-groovy-urban-travel-10917/,product,true,200,true,true,true,false,https://www.kronosolopromocionales.com/productos/speaker-bluetooth-groovy-urban-travel-10917/,true,,0,100,,A_INDEXABLE,
https://www.kronosolopromocionales.com/productos/speaker-bluetooth-vortex-10918/,product,true,200,true,true,true,false,https://www.kronosolopromocionales.com/productos/speaker-bluetooth-vortex-10918/,true,,0,100,,A_INDEXABLE,
https://www.kronosolopromocionales.com/productos/pila-recargable-flashlight-5000-mah-10826/,product,true,200,true,true,true,false,https://www.kronosolopromocionales.com/productos/pila-recargable-flashlight-5000-mah-10826/,true,,0,100,,A_INDEXABLE,
https://www.kronosolopromocionales.com/productos/soporte-metalico-atlas-eco-10740/,product,true,200,true,true,true,false,https://www.kronosolopromocionales.com/productos/soporte-metalico-atlas-eco-10740/,true,,0,100,,A_INDEXABLE,
https://www.kronosolopromocionales.com/productos/puerto-usb-dante-eco-10741/,product,true,200,true,true,true,false,https://www.kronosolopromocionales.com/productos/puerto-usb-dante-eco-10741/,true,,0,100,,A_INDEXABLE,
https://www.kronosolopromocionales.com/productos/puerto-usb-casiuss-eco-10744/,product,true,200,true,true,true,false,https://www.kronosolopromocionales.com/productos/puerto-usb-casiuss-eco-10744/,true,,0,100,,A_INDEXABLE,
https://www.kronosolopromocionales.com/productos/cargador-inalambrico-con-tablero-eco-10745/,product,true,200,true,true,true,false,https://www.kronosolopromocionales.com/productos/cargador-inalambrico-con-tablero-eco-10745/,true,,0,100,,A_INDEXABLE,
https://www.kronosolopromocionales.com/productos/cargador-inalambrico-magnet-3-1-eco-10746/,product,true,200,false,false,false,false,https://www.kronosolopromocionales.com/productos/cargador-inalambrico-magnet-3-1-eco-10746/,true,,0,55,story_debil;features_insuficientes;sin_useCases,B_NOINDEX_INTENCIONAL,"is_ai_optimized=false — pendiente de enriquecimiento, excluido del sitemap intencionalmente"
https://www.kronosolopromocionales.com/productos/cargador-para-carro-eco-10747/,product,true,200,true,true,true,false,https://www.kronosolopromocionales.com/productos/cargador-para-carro-eco-10747/,true,,0,100,,A_INDEXABLE,
https://www.kronosolopromocionales.com/productos/speaker-bluetooth-twin-karaoke-10976/,product,true,200,true,true,true,false,https://www.kronosolopromocionales.com/productos/speaker-bluetooth-twin-karaoke-10976/,true,,0,100,,A_INDEXABLE,
https://www.kronosolopromocionales.com/productos/cable-multicargador-lorcan-10977/,product,true,200,true,true,true,false,https://www.kronosolopromocionales.com/productos/cable-multicargador-lorcan-10977/,true,,0,100,,A_INDEXABLE,
https://www.kronosolopromocionales.com/productos/cargador-inalambrico-en-aluminio-reciclado-10812/,product,true,200,true,true,true,false,https://www.kronosolopromocionales.com/productos/cargador-inalambrico-en-aluminio-reciclado-10812/,true,,0,100,,A_INDEXABLE,
https://www.kronosolopromocionales.com/productos/cargador-inalambrico-warmer-10875/,product,true,200,true,true,true,false,https://www.kronosolopromocionales.com/productos/cargador-inalambrico-warmer-10875/,true,,0,100,,A_INDEXABLE,
https://www.kronosolopromocionales.com/productos/puerto-usb-hero-10876/,product,true,200,true,true,true,false,https://www.kronosolopromocionales.com/productos/puerto-usb-hero-10876/,true,,0,100,,A_INDEXABLE,
https://www.kronosolopromocionales.com/productos/puerto-usb-julius-10877/,product,true,200,true,true,true,false,https://www.kronosolopromocionales.com/productos/puerto-usb-julius-10877/,true,,0,100,,A_INDEXABLE,
https://www.kronosolopromocionales.com/productos/cable-multicargador-kornell-10878/,product,true,200,true,true,true,false,https://www.kronosolopromocionales.com/productos/cable-multicargador-kornell-10878/,true,,0,100,,A_INDEXABLE,
https://www.kronosolopromocionales.com/productos/cargador-inalambrico-lavinia-10879/,product,true,200,true,true,true,false,https://www.kronosolopromocionales.com/productos/cargador-inalambrico-lavinia-10879/,true,,0,100,,A_INDEXABLE,
https://www.kronosolopromocionales.com/productos/audifonos-bluetooth-osmin-10897/,product,true,200,true,true,true,false,https://www.kronosolopromocionales.com/productos/audifonos-bluetooth-osmin-10897/,true,,0,100,,A_INDEXABLE,
https://www.kronosolopromocionales.com/productos/cable-multicargador-steffen-10898/,product,true,200,true,true,true,false,https://www.kronosolopromocionales.com/productos/cable-multicargador-steffen-10898/,true,,0,100,,A_INDEXABLE,
https://www.kronosolopromocionales.com/productos/pila-recargable-olympus-10000mah-10908/,product,true,200,true,true,true,false,https://www.kronosolopromocionales.com/productos/pila-recargable-olympus-10000mah-10908/,true,,0,100,,A_INDEXABLE,
https://www.kronosolopromocionales.com/productos/pila-recargable-majestic-5000mah-10909/,product,true,200,true,true,true,false,https://www.kronosolopromocionales.com/productos/pila-recargable-majestic-5000mah-10909/,true,,0,100,,A_INDEXABLE,
https://www.kronosolopromocionales.com/productos/set-de-viaje-kinetik-10942/,product,true,200,true,true,true,false,https://www.kronosolopromocionales.com/productos/set-de-viaje-kinetik-10942/,true,,0,100,,A_INDEXABLE,
https://www.kronosolopromocionales.com/productos/reloj-inteligente-timothy-ii-13168/,product,true,200,true,true,true,false,https://www.kronosolopromocionales.com/productos/reloj-inteligente-timothy-ii-13168/,true,,0,100,,A_INDEXABLE,
https://www.kronosolopromocionales.com/productos/speaker-bluetooth-artix-ii-10220/,product,true,200,true,true,true,false,https://www.kronosolopromocionales.com/productos/speaker-bluetooth-artix-ii-10220/,true,,0,100,,A_INDEXABLE,
https://www.kronosolopromocionales.com/productos/set-de-limpieza-tech-10156/,product,true,200,true,true,true,false,https://www.kronosolopromocionales.com/productos/set-de-limpieza-tech-10156/,true,,0,100,,A_INDEXABLE,
https://www.kronosolopromocionales.com/productos/mini-set-de-limpieza-tech-10161/,product,true,200,true,true,true,false,https://www.kronosolopromocionales.com/productos/mini-set-de-limpieza-tech-10161/,true,,0,100,,A_INDEXABLE,
https://www.kronosolopromocionales.com/productos/organizador-multiusos-con-esterilizador-uvc-led-oferta-9494/,product,true,200,true,true,true,false,https://www.kronosolopromocionales.com/productos/organizador-multiusos-con-esterilizador-uvc-led-oferta-9494/,true,,0,100,,A_INDEXABLE,
https://www.kronosolopromocionales.com/productos/cargador-inalambrico-bamboo-square-ii-13191/,product,true,200,true,true,true,false,https://www.kronosolopromocionales.com/productos/cargador-inalambrico-bamboo-square-ii-13191/,true,,0,100,,A_INDEXABLE,
https://www.kronosolopromocionales.com/productos/bolsa-en-algodon-botanik-100gr-10690/,product,true,200,true,true,true,false,https://www.kronosolopromocionales.com/productos/bolsa-en-algodon-botanik-100gr-10690/,true,,0,100,,A_INDEXABLE,
https://www.kronosolopromocionales.com/productos/bolsa-en-algodon-con-fuelle-100gr-10691/,product,true,200,true,true,true,false,https://www.kronosolopromocionales.com/productos/bolsa-en-algodon-con-fuelle-100gr-10691/,true,,0,100,,A_INDEXABLE,
https://www.kronosolopromocionales.com/productos/cartoon-3010/,product,true,200,true,true,true,false,https://www.kronosolopromocionales.com/productos/cartoon-3010/,true,,0,90,nombre_corto,A_INDEXABLE,
https://www.kronosolopromocionales.com/productos/ecologik-8231/,product,true,200,true,true,true,false,https://www.kronosolopromocionales.com/productos/ecologik-8231/,true,,0,100,,A_INDEXABLE,
https://www.kronosolopromocionales.com/productos/reloj-led-bamboo-9721/,product,true,200,true,true,true,false,https://www.kronosolopromocionales.com/productos/reloj-led-bamboo-9721/,true,,0,80,nombre_duplicado_sin_canonical,E_DUPLICADO,"Mismo nombre que otro producto con slug no relacionado por ID (grupo dup-1) — candidato a ""duplicada sin canonical"" de GSC"
https://www.kronosolopromocionales.com/productos/bolsa-en-algodon-con-fuelle-135gr-7568/,product,true,200,true,true,true,false,https://www.kronosolopromocionales.com/productos/bolsa-en-algodon-con-fuelle-135gr-7568/,true,,0,100,,A_INDEXABLE,
https://www.kronosolopromocionales.com/productos/morral-backpack-telesto-rpet-10414/,product,true,200,true,true,true,false,https://www.kronosolopromocionales.com/productos/morral-backpack-telesto-rpet-10414/,true,,0,100,,A_INDEXABLE,
https://www.kronosolopromocionales.com/productos/portadocumentos-de-viaje-y-de-cables-rpet-10420/,product,true,200,true,true,true,false,https://www.kronosolopromocionales.com/productos/portadocumentos-de-viaje-y-de-cables-rpet-10420/,true,,0,100,,A_INDEXABLE,
https://www.kronosolopromocionales.com/productos/organizador-de-viaje-tango-rpet-10421/,product,true,200,true,true,true,false,https://www.kronosolopromocionales.com/productos/organizador-de-viaje-tango-rpet-10421/,true,,0,100,,A_INDEXABLE,
https://www.kronosolopromocionales.com/productos/bolsa-holt-eco-120gr-10422/,product,true,200,true,true,true,false,https://www.kronosolopromocionales.com/productos/bolsa-holt-eco-120gr-10422/,true,,0,100,,A_INDEXABLE,
https://www.kronosolopromocionales.com/productos/morral-backpack-prince-urban-travel-10548/,product,true,200,true,true,true,false,https://www.kronosolopromocionales.com/productos/morral-backpack-prince-urban-travel-10548/,true,,0,100,,A_INDEXABLE,
https://www.kronosolopromocionales.com/productos/morral-backpack-genesis-urban-travel-10549/,product,true,200,true,true,true,false,https://www.kronosolopromocionales.com/productos/morral-backpack-genesis-urban-travel-10549/,true,,0,100,,A_INDEXABLE,
https://www.kronosolopromocionales.com/productos/bolsa-plastica-ruffus-10584/,product,true,200,true,true,true,false,https://www.kronosolopromocionales.com/productos/bolsa-plastica-ruffus-10584/,true,,0,100,,A_INDEXABLE,
https://www.kronosolopromocionales.com/productos/morral-backpack-river-10363/,product,true,200,true,true,true,false,https://www.kronosolopromocionales.com/productos/morral-backpack-river-10363/,true,,0,100,,A_INDEXABLE,
https://www.kronosolopromocionales.com/productos/morral-backpack-chest-10370/,product,true,200,true,true,true,false,https://www.kronosolopromocionales.com/productos/morral-backpack-chest-10370/,true,,0,100,,A_INDEXABLE,
https://www.kronosolopromocionales.com/productos/nevera-cooler-ginko-10371/,product,true,200,true,true,true,false,https://www.kronosolopromocionales.com/productos/nevera-cooler-ginko-10371/,true,,0,100,,A_INDEXABLE,
https://www.kronosolopromocionales.com/productos/bolsa-en-algodon-shopper-290gr-10367/,product,true,200,true,true,true,false,https://www.kronosolopromocionales.com/productos/bolsa-en-algodon-shopper-290gr-10367/,true,,0,100,,A_INDEXABLE,
https://www.kronosolopromocionales.com/productos/estuche-baloo-10372/,product,true,200,true,true,true,false,https://www.kronosolopromocionales.com/productos/estuche-baloo-10372/,true,,0,100,,A_INDEXABLE,
https://www.kronosolopromocionales.com/productos/organizador-de-viaje-artemis-10376/,product,true,200,true,true,true,false,https://www.kronosolopromocionales.com/productos/organizador-de-viaje-artemis-10376/,true,,0,100,,A_INDEXABLE,
https://www.kronosolopromocionales.com/productos/organizador-de-viaje-venus-10574/,product,true,200,true,true,true,false,https://www.kronosolopromocionales.com/productos/organizador-de-viaje-venus-10574/,true,,0,100,,A_INDEXABLE,
https://www.kronosolopromocionales.com/productos/bolsa-compacta-cliff-10576/,product,true,200,true,true,true,false,https://www.kronosolopromocionales.com/productos/bolsa-compacta-cliff-10576/,true,,0,100,,A_INDEXABLE,
https://www.kronosolopromocionales.com/productos/morral-backpack-doom-10332/,product,true,200,true,true,true,false,https://www.kronosolopromocionales.com/productos/morral-backpack-doom-10332/,true,,0,100,,A_INDEXABLE,
https://www.kronosolopromocionales.com/productos/morral-backpack-kallisto-10787/,product,true,200,true,true,true,false,https://www.kronosolopromocionales.com/productos/morral-backpack-kallisto-10787/,true,,0,100,,A_INDEXABLE,
https://www.kronosolopromocionales.com/productos/morral-backpack-antirrobo-sencillo-armor-ii-10564/,product,true,200,true,true,true,false,https://www.kronosolopromocionales.com/productos/morral-backpack-antirrobo-sencillo-armor-ii-10564/,true,,0,100,,A_INDEXABLE,
https://www.kronosolopromocionales.com/productos/morral-backpack-tripp-ii-10565/,product,true,200,true,true,true,false,https://www.kronosolopromocionales.com/productos/morral-backpack-tripp-ii-10565/,true,,0,100,,A_INDEXABLE,
https://www.kronosolopromocionales.com/productos/organizador-de-viaje-nova-urban-travel-9817/,product,true,200,true,true,true,false,https://www.kronosolopromocionales.com/productos/organizador-de-viaje-nova-urban-travel-9817/,true,,0,100,,A_INDEXABLE,
https://www.kronosolopromocionales.com/productos/cosmetiquera-judy-produccion-nacional-9825/,product,true,200,true,true,true,false,https://www.kronosolopromocionales.com/productos/cosmetiquera-judy-produccion-nacional-9825/,true,,0,100,,A_INDEXABLE,
https://www.kronosolopromocionales.com/productos/maletin-avenue-oferta-6161/,product,true,200,true,true,true,false,https://www.kronosolopromocionales.com/productos/maletin-avenue-oferta-6161/,true,,0,100,,A_INDEXABLE,
https://www.kronosolopromocionales.com/productos/bolsa-clear-trenza-con-ribete-produccion-nacional-6463/,product,true,200,true,true,true,false,https://www.kronosolopromocionales.com/productos/bolsa-clear-trenza-con-ribete-produccion-nacional-6463/,true,,0,100,,A_INDEXABLE,
https://www.kronosolopromocionales.com/productos/bolsa-clear-zuzy-con-ribete-produccion-nacional-6460/,product,true,200,true,true,true,false,https://www.kronosolopromocionales.com/productos/bolsa-clear-zuzy-con-ribete-produccion-nacional-6460/,true,,0,100,,A_INDEXABLE,
https://www.kronosolopromocionales.com/productos/morral-backpack-denim-7600/,product,true,200,true,true,true,false,https://www.kronosolopromocionales.com/productos/morral-backpack-denim-7600/,true,,0,100,,A_INDEXABLE,
https://www.kronosolopromocionales.com/productos/morral-backpack-plegable-venecia-9157/,product,true,200,true,true,true,false,https://www.kronosolopromocionales.com/productos/morral-backpack-plegable-venecia-9157/,true,,0,100,,A_INDEXABLE,
https://www.kronosolopromocionales.com/productos/nevera-cooler-bag-neopreno-9311/,product,true,200,true,true,true,false,https://www.kronosolopromocionales.com/productos/nevera-cooler-bag-neopreno-9311/,true,,0,100,,A_INDEXABLE,
https://www.kronosolopromocionales.com/productos/nevera-cooler-joplin-9068/,product,true,200,true,true,true,false,https://www.kronosolopromocionales.com/productos/nevera-cooler-joplin-9068/,true,,0,100,,A_INDEXABLE,
https://www.kronosolopromocionales.com/productos/morral-backpack-antirrobo-security-9601/,product,true,200,true,true,true,false,https://www.kronosolopromocionales.com/productos/morral-backpack-antirrobo-security-9601/,true,,0,100,,A_INDEXABLE,
https://www.kronosolopromocionales.com/productos/organizador-de-viaje-darwin-9826/,product,true,200,true,true,true,false,https://www.kronosolopromocionales.com/productos/organizador-de-viaje-darwin-9826/,true,,0,100,,A_INDEXABLE,
https://www.kronosolopromocionales.com/productos/bolsa-en-cambrel-shopper-9960/,product,true,200,true,true,true,false,https://www.kronosolopromocionales.com/productos/bolsa-en-cambrel-shopper-9960/,true,,0,100,,A_INDEXABLE,
https://www.kronosolopromocionales.com/productos/manos-libres-lakey-urban-travel-10167/,product,true,200,true,true,true,false,https://www.kronosolopromocionales.com/productos/manos-libres-lakey-urban-travel-10167/,true,,0,100,,A_INDEXABLE,
https://www.kronosolopromocionales.com/productos/sporty-bag-evan-10155/,product,true,200,true,true,true,false,https://www.kronosolopromocionales.com/productos/sporty-bag-evan-10155/,true,,0,100,,A_INDEXABLE,
https://www.kronosolopromocionales.com/productos/nevera-cooler-caspian-10175/,product,true,200,true,true,true,false,https://www.kronosolopromocionales.com/productos/nevera-cooler-caspian-10175/,true,,0,100,,A_INDEXABLE,
https://www.kronosolopromocionales.com/productos/nevera-cooler-bishop-10185/,product,true,200,true,true,true,false,https://www.kronosolopromocionales.com/productos/nevera-cooler-bishop-10185/,true,,0,100,,A_INDEXABLE,
https://www.kronosolopromocionales.com/productos/nevera-cooler-strap-10189/,product,true,200,true,true,true,false,https://www.kronosolopromocionales.com/productos/nevera-cooler-strap-10189/,true,,0,100,,A_INDEXABLE,
https://www.kronosolopromocionales.com/productos/nevera-cooler-cody-10193/,product,true,200,true,true,true,false,https://www.kronosolopromocionales.com/productos/nevera-cooler-cody-10193/,true,,0,100,,A_INDEXABLE,
https://www.kronosolopromocionales.com/productos/organizador-de-viaje-merrick-10184/,product,true,200,true,true,true,false,https://www.kronosolopromocionales.com/productos/organizador-de-viaje-merrick-10184/,true,,0,100,,A_INDEXABLE,
https://www.kronosolopromocionales.com/productos/funda-portalaptop-rpet-10173/,product,true,200,true,true,true,false,https://www.kronosolopromocionales.com/productos/funda-portalaptop-rpet-10173/,true,,0,100,,A_INDEXABLE,
https://www.kronosolopromocionales.com/productos/maletin-portadocumentos-king-10171/,product,true,200,true,true,true,false,https://www.kronosolopromocionales.com/productos/maletin-portadocumentos-king-10171/,true,,0,100,,A_INDEXABLE,
https://www.kronosolopromocionales.com/productos/morral-backpack-asher-rpet-10174/,product,true,200,true,true,true,false,https://www.kronosolopromocionales.com/productos/morral-backpack-asher-rpet-10174/,true,,0,100,,A_INDEXABLE,
https://www.kronosolopromocionales.com/productos/morral-backpack-padrax-oferta-10170/,product,true,200,true,true,true,false,https://www.kronosolopromocionales.com/productos/morral-backpack-padrax-oferta-10170/,true,,0,100,,A_INDEXABLE,
https://www.kronosolopromocionales.com/productos/bolsa-graham-ii-13172/,product,true,200,true,true,true,false,https://www.kronosolopromocionales.com/productos/bolsa-graham-ii-13172/,true,,0,100,,A_INDEXABLE,
https://www.kronosolopromocionales.com/productos/sporty-bag-cotton-180gr-ii-11039/,product,true,200,true,true,true,false,https://www.kronosolopromocionales.com/productos/sporty-bag-cotton-180gr-ii-11039/,true,,0,100,,A_INDEXABLE,
https://www.kronosolopromocionales.com/productos/morral-backpack-gripper-11045/,product,true,200,true,true,true,false,https://www.kronosolopromocionales.com/productos/morral-backpack-gripper-11045/,true,,0,100,,A_INDEXABLE,
https://www.kronosolopromocionales.com/productos/botilito-plastico-santino-650ml-oferta-9774/,product,true,200,true,true,true,false,https://www.kronosolopromocionales.com/productos/botilito-plastico-santino-650ml-oferta-9774/,true,,0,100,,A_INDEXABLE,
https://www.kronosolopromocionales.com/productos/botilito-plastico-frontier-petg-610ml-10700/,product,true,200,true,true,true,false,https://www.kronosolopromocionales.com/productos/botilito-plastico-frontier-petg-610ml-10700/,true,,0,100,,A_INDEXABLE,
https://www.kronosolopromocionales.com/productos/botilito-metalico-marcello-800ml-10390/,product,true,200,true,true,true,false,https://www.kronosolopromocionales.com/productos/botilito-metalico-marcello-800ml-10390/,true,,0,100,,A_INDEXABLE,
https://www.kronosolopromocionales.com/productos/mug-metalico-troy-300ml-10341/,product,true,200,true,true,true,false,https://www.kronosolopromocionales.com/productos/mug-metalico-troy-300ml-10341/,true,,0,100,,A_INDEXABLE,
https://www.kronosolopromocionales.com/productos/botilito-metalico-lewis-urban-travel-500ml-10342/,product,true,200,true,true,true,false,https://www.kronosolopromocionales.com/productos/botilito-metalico-lewis-urban-travel-500ml-10342/,true,,0,100,,A_INDEXABLE,
https://www.kronosolopromocionales.com/productos/mug-metalico-magnus-urban-travel-400ml-10506/,product,true,200,true,true,true,false,https://www.kronosolopromocionales.com/productos/mug-metalico-magnus-urban-travel-400ml-10506/,true,,0,100,,A_INDEXABLE,
https://www.kronosolopromocionales.com/productos/botilito-metalico-legacy-530ml-10512/,product,true,200,true,true,true,false,https://www.kronosolopromocionales.com/productos/botilito-metalico-legacy-530ml-10512/,true,,0,100,,A_INDEXABLE,
https://www.kronosolopromocionales.com/productos/botilito-metalico-dash-950ml-10501/,product,true,200,true,true,true,false,https://www.kronosolopromocionales.com/productos/botilito-metalico-dash-950ml-10501/,true,,0,100,,A_INDEXABLE,
https://www.kronosolopromocionales.com/productos/mug-metalico-harlem-350ml-10504/,product,true,200,true,true,true,false,https://www.kronosolopromocionales.com/productos/mug-metalico-harlem-350ml-10504/,true,,0,100,,A_INDEXABLE,
https://www.kronosolopromocionales.com/productos/mug-toffee-300ml-10430/,product,true,200,false,false,false,false,https://www.kronosolopromocionales.com/productos/mug-toffee-300ml-10430/,true,,0,55,story_debil;features_insuficientes;sin_useCases,B_NOINDEX_INTENCIONAL,"is_ai_optimized=false — pendiente de enriquecimiento, excluido del sitemap intencionalmente"
https://www.kronosolopromocionales.com/productos/termo-metalico-calypso-chili-750ml-10518/,product,true,200,true,true,true,false,https://www.kronosolopromocionales.com/productos/termo-metalico-calypso-chili-750ml-10518/,true,,0,100,,A_INDEXABLE,
https://www.kronosolopromocionales.com/productos/mug-metalico-calypso-chili-500ml-10521/,product,true,200,true,true,true,false,https://www.kronosolopromocionales.com/productos/mug-metalico-calypso-chili-500ml-10521/,true,,0,100,,A_INDEXABLE,
https://www.kronosolopromocionales.com/productos/mug-compacto-350ml-10568/,product,true,200,true,true,true,false,https://www.kronosolopromocionales.com/productos/mug-compacto-350ml-10568/,true,,0,100,,A_INDEXABLE,
https://www.kronosolopromocionales.com/productos/mug-metalico-chester-880ml-10455/,product,true,200,true,true,true,false,https://www.kronosolopromocionales.com/productos/mug-metalico-chester-880ml-10455/,true,,0,100,,A_INDEXABLE,
https://www.kronosolopromocionales.com/productos/botilito-plastico-bacchus-pet-1000ml-10562/,product,true,200,true,true,true,false,https://www.kronosolopromocionales.com/productos/botilito-plastico-bacchus-pet-1000ml-10562/,true,,0,100,,A_INDEXABLE,
https://www.kronosolopromocionales.com/productos/mug-plastico-pacific-450ml-oferta-10581/,product,true,200,true,true,true,false,https://www.kronosolopromocionales.com/productos/mug-plastico-pacific-450ml-oferta-10581/,true,,0,100,,A_INDEXABLE,
https://www.kronosolopromocionales.com/productos/botilito-plastico-wonder-700ml-produccion-nacional-10688/,product,true,200,true,true,true,false,https://www.kronosolopromocionales.com/productos/botilito-plastico-wonder-700ml-produccion-nacional-10688/,true,,0,100,,A_INDEXABLE,
https://www.kronosolopromocionales.com/productos/botilito-plastico-shams-rpet-600ml-10785/,product,true,200,true,true,true,false,https://www.kronosolopromocionales.com/productos/botilito-plastico-shams-rpet-600ml-10785/,true,,0,100,,A_INDEXABLE,
https://www.kronosolopromocionales.com/productos/mug-metalico-torval-urban-travel-400ml-11053/,product,true,200,true,true,true,false,https://www.kronosolopromocionales.com/productos/mug-metalico-torval-urban-travel-400ml-11053/,true,,0,100,,A_INDEXABLE,
https://www.kronosolopromocionales.com/productos/tapa-cupula-double-10631/,product,true,200,true,true,true,false,https://www.kronosolopromocionales.com/productos/tapa-cupula-double-10631/,true,,0,100,,A_INDEXABLE,
https://www.kronosolopromocionales.com/productos/tapa-pestana-window-10632/,product,true,200,true,true,true,false,https://www.kronosolopromocionales.com/productos/tapa-pestana-window-10632/,true,,0,100,,A_INDEXABLE,
https://www.kronosolopromocionales.com/productos/tapa-holdy-10615/,product,true,200,true,true,true,false,https://www.kronosolopromocionales.com/productos/tapa-holdy-10615/,true,,0,100,,A_INDEXABLE,
https://www.kronosolopromocionales.com/productos/botilito-metalico-dakota-650ml-10083/,product,true,200,true,true,true,false,https://www.kronosolopromocionales.com/productos/botilito-metalico-dakota-650ml-10083/,true,,0,100,,A_INDEXABLE,
https://www.kronosolopromocionales.com/productos/botilito-plastico-sterling-700ml-10084/,product,true,200,true,true,true,false,https://www.kronosolopromocionales.com/productos/botilito-plastico-sterling-700ml-10084/,true,,0,100,,A_INDEXABLE,
https://www.kronosolopromocionales.com/productos/mug-metalico-con-pitillo-600ml-10092/,product,true,200,true,true,true,false,https://www.kronosolopromocionales.com/productos/mug-metalico-con-pitillo-600ml-10092/,true,,0,100,,A_INDEXABLE,
https://www.kronosolopromocionales.com/productos/botilito-metalico-artemis-800ml-10306/,product,true,200,true,true,true,false,https://www.kronosolopromocionales.com/productos/botilito-metalico-artemis-800ml-10306/,true,,0,100,,A_INDEXABLE,
https://www.kronosolopromocionales.com/productos/botilito-en-pvc-helice-760ml-produccion-nacional-5741/,product,true,200,true,true,true,false,https://www.kronosolopromocionales.com/productos/botilito-en-pvc-helice-760ml-produccion-nacional-5741/,true,,0,100,,A_INDEXABLE,
https://www.kronosolopromocionales.com/productos/botilito-sport-650ml-produccion-nacional-4083/,product,true,200,true,true,true,false,https://www.kronosolopromocionales.com/productos/botilito-sport-650ml-produccion-nacional-4083/,true,,0,100,,A_INDEXABLE,
https://www.kronosolopromocionales.com/productos/tapa-en-silicona-para-mug-orbit-5893/,product,true,200,true,true,true,false,https://www.kronosolopromocionales.com/productos/tapa-en-silicona-para-mug-orbit-5893/,true,,0,100,,A_INDEXABLE,
https://www.kronosolopromocionales.com/productos/tapa-pestana-para-botilito-mu-07-mu-59-4087/,product,true,200,true,true,true,false,https://www.kronosolopromocionales.com/productos/tapa-pestana-para-botilito-mu-07-mu-59-4087/,true,,0,100,,A_INDEXABLE,
https://www.kronosolopromocionales.com/productos/tapa-botilito-igloo-energy-2381/,product,true,200,true,true,true,false,https://www.kronosolopromocionales.com/productos/tapa-botilito-igloo-energy-2381/,true,,0,100,,A_INDEXABLE,
https://www.kronosolopromocionales.com/productos/botilito-supra-en-pet-600ml-produccion-nacional-6706/,product,true,200,true,true,true,false,https://www.kronosolopromocionales.com/productos/botilito-supra-en-pet-600ml-produccion-nacional-6706/,true,,0,100,,A_INDEXABLE,
https://www.kronosolopromocionales.com/productos/botilito-para-mascotas-580ml-8867/,product,true,200,true,true,true,false,https://www.kronosolopromocionales.com/productos/botilito-para-mascotas-580ml-8867/,true,,0,100,,A_INDEXABLE,
https://www.kronosolopromocionales.com/productos/botilito-plastico-cork-650ml-oferta-9012/,product,true,200,true,true,true,false,https://www.kronosolopromocionales.com/productos/botilito-plastico-cork-650ml-oferta-9012/,true,,0,100,,A_INDEXABLE,
https://www.kronosolopromocionales.com/productos/botilito-en-pet-leroy-800ml-produccion-nacional-9355/,product,true,200,true,true,true,false,https://www.kronosolopromocionales.com/productos/botilito-en-pet-leroy-800ml-produccion-nacional-9355/,true,,0,100,,A_INDEXABLE,
https://www.kronosolopromocionales.com/productos/tapa-chupo-lisa-produccion-nacional-9394/,product,true,200,true,true,true,false,https://www.kronosolopromocionales.com/productos/tapa-chupo-lisa-produccion-nacional-9394/,true,,0,100,,A_INDEXABLE,
https://www.kronosolopromocionales.com/productos/tapa-para-botilito-supra-mu-90-y-mu-253-maxi-supra-6988/,product,true,200,true,true,true,false,https://www.kronosolopromocionales.com/productos/tapa-para-botilito-supra-mu-90-y-mu-253-maxi-supra-6988/,true,,0,100,,A_INDEXABLE,
https://www.kronosolopromocionales.com/productos/botilito-plastico-alepy-petg-750ml-oferta-9557/,product,true,200,true,true,true,false,https://www.kronosolopromocionales.com/productos/botilito-plastico-alepy-petg-750ml-oferta-9557/,true,,0,100,,A_INDEXABLE,
https://www.kronosolopromocionales.com/productos/botilito-plastico-nomix-petg-750ml-oferta-9558/,product,true,200,true,true,true,false,https://www.kronosolopromocionales.com/productos/botilito-plastico-nomix-petg-750ml-oferta-9558/,true,,0,100,,A_INDEXABLE,
https://www.kronosolopromocionales.com/productos/mug-metalico-koen-urban-travel-600ml-10500/,product,true,200,true,true,true,false,https://www.kronosolopromocionales.com/productos/mug-metalico-koen-urban-travel-600ml-10500/,true,,0,100,,A_INDEXABLE,
https://www.kronosolopromocionales.com/productos/mug-metalico-wilem-380ml-ii-10621/,product,true,200,true,true,true,false,https://www.kronosolopromocionales.com/productos/mug-metalico-wilem-380ml-ii-10621/,true,,0,100,,A_INDEXABLE,
https://www.kronosolopromocionales.com/productos/boligrafo-aldrich-metalizado-10664/,product,true,200,true,true,true,false,https://www.kronosolopromocionales.com/productos/boligrafo-aldrich-metalizado-10664/,true,,0,100,,A_INDEXABLE,
https://www.kronosolopromocionales.com/productos/boligrafo-aldrich-solido-10663/,product,true,200,true,true,true,false,https://www.kronosolopromocionales.com/productos/boligrafo-aldrich-solido-10663/,true,,0,100,,A_INDEXABLE,
https://www.kronosolopromocionales.com/productos/boligrafo-baniri-bamboo-10658/,product,true,200,true,true,true,false,https://www.kronosolopromocionales.com/productos/boligrafo-baniri-bamboo-10658/,true,,0,100,,A_INDEXABLE,
https://www.kronosolopromocionales.com/productos/boligrafo-jeringa-2441/,product,true,200,true,true,true,false,https://www.kronosolopromocionales.com/productos/boligrafo-jeringa-2441/,true,,0,100,,A_INDEXABLE,
https://www.kronosolopromocionales.com/productos/boligrafo-calvin-10498/,product,true,200,true,true,true,false,https://www.kronosolopromocionales.com/productos/boligrafo-calvin-10498/,true,,0,100,,A_INDEXABLE,
https://www.kronosolopromocionales.com/productos/boligrafo-helmet-10666/,product,true,200,true,true,true,false,https://www.kronosolopromocionales.com/productos/boligrafo-helmet-10666/,true,,0,100,,A_INDEXABLE,
https://www.kronosolopromocionales.com/productos/boligrafo-kent-10657/,product,true,200,true,true,true,false,https://www.kronosolopromocionales.com/productos/boligrafo-kent-10657/,true,,0,100,,A_INDEXABLE,
https://www.kronosolopromocionales.com/productos/boligrafo-landon-10662/,product,true,200,true,true,true,false,https://www.kronosolopromocionales.com/productos/boligrafo-landon-10662/,true,,0,100,,A_INDEXABLE,
https://www.kronosolopromocionales.com/productos/boligrafo-luana-10661/,product,true,200,true,true,true,false,https://www.kronosolopromocionales.com/productos/boligrafo-luana-10661/,true,,0,100,,A_INDEXABLE,
https://www.kronosolopromocionales.com/productos/boligrafo-ziwei-bamboo-10659/,product,true,200,true,true,true,false,https://www.kronosolopromocionales.com/productos/boligrafo-ziwei-bamboo-10659/,true,,0,100,,A_INDEXABLE,
https://www.kronosolopromocionales.com/productos/boligrafo-funk-10016/,product,true,200,true,true,true,false,https://www.kronosolopromocionales.com/productos/boligrafo-funk-10016/,true,,0,100,,A_INDEXABLE,
https://www.kronosolopromocionales.com/productos/boligrafo-jovi-metalizado-10022/,product,true,200,true,true,true,false,https://www.kronosolopromocionales.com/productos/boligrafo-jovi-metalizado-10022/,true,,0,100,,A_INDEXABLE,
https://www.kronosolopromocionales.com/productos/korn-roller-10023/,product,true,200,true,true,true,false,https://www.kronosolopromocionales.com/productos/korn-roller-10023/,true,,0,100,,A_INDEXABLE,
https://www.kronosolopromocionales.com/productos/boligrafo-lizzy-10026/,product,true,200,true,true,true,false,https://www.kronosolopromocionales.com/productos/boligrafo-lizzy-10026/,true,,0,100,,A_INDEXABLE,
https://www.kronosolopromocionales.com/productos/boligrafo-maddax-gel-10028/,product,true,200,true,true,true,false,https://www.kronosolopromocionales.com/productos/boligrafo-maddax-gel-10028/,true,,0,100,,A_INDEXABLE,
https://www.kronosolopromocionales.com/productos/boligrafo-ralph-10032/,product,true,200,true,true,true,false,https://www.kronosolopromocionales.com/productos/boligrafo-ralph-10032/,true,,0,100,,A_INDEXABLE,
https://www.kronosolopromocionales.com/productos/boligrafo-rapid-gel-10033/,product,true,200,true,true,true,false,https://www.kronosolopromocionales.com/productos/boligrafo-rapid-gel-10033/,true,,0,100,,A_INDEXABLE,
https://www.kronosolopromocionales.com/productos/boligrafo-selva-metalizado-10036/,product,true,200,true,true,true,false,https://www.kronosolopromocionales.com/productos/boligrafo-selva-metalizado-10036/,true,,0,100,,A_INDEXABLE,
https://www.kronosolopromocionales.com/productos/boligrafo-selva-pastel-10037/,product,true,200,true,true,true,false,https://www.kronosolopromocionales.com/productos/boligrafo-selva-pastel-10037/,true,,0,100,,A_INDEXABLE,
https://www.kronosolopromocionales.com/productos/nolton-5184/,product,true,200,true,true,true,false,https://www.kronosolopromocionales.com/productos/nolton-5184/,true,,0,90,nombre_corto,A_INDEXABLE,
https://www.kronosolopromocionales.com/productos/aria-5646/,product,true,200,true,true,true,false,https://www.kronosolopromocionales.com/productos/aria-5646/,true,,0,90,nombre_corto,A_INDEXABLE,
https://www.kronosolopromocionales.com/productos/summit-3018/,product,true,200,true,true,true,false,https://www.kronosolopromocionales.com/productos/summit-3018/,true,,0,90,nombre_corto,A_INDEXABLE,
https://www.kronosolopromocionales.com/productos/woody-3690/,product,true,200,true,true,true,false,https://www.kronosolopromocionales.com/productos/woody-3690/,true,,0,90,nombre_corto,A_INDEXABLE,
https://www.kronosolopromocionales.com/productos/dwyn-metalico-6584/,product,true,200,true,true,true,false,https://www.kronosolopromocionales.com/productos/dwyn-metalico-6584/,true,,0,100,,A_INDEXABLE,
https://www.kronosolopromocionales.com/productos/loman-roller-pen-ver-mina-roller-europea-o-china-5186/,product,true,200,true,true,true,false,https://www.kronosolopromocionales.com/productos/loman-roller-pen-ver-mina-roller-europea-o-china-5186/,true,,0,100,,A_INDEXABLE,
https://www.kronosolopromocionales.com/productos/estuche-doble-regal-prod-nacional-6048/,product,true,200,true,true,true,false,https://www.kronosolopromocionales.com/productos/estuche-doble-regal-prod-nacional-6048/,true,,0,100,,A_INDEXABLE,
https://www.kronosolopromocionales.com/productos/estuche-clear-produccion-nacional-6047/,product,true,200,true,true,true,false,https://www.kronosolopromocionales.com/productos/estuche-clear-produccion-nacional-6047/,true,,0,100,,A_INDEXABLE,
https://www.kronosolopromocionales.com/productos/clark-metalizado-7337/,product,true,200,true,true,true,false,https://www.kronosolopromocionales.com/productos/clark-metalizado-7337/,true,,0,100,,A_INDEXABLE,
https://www.kronosolopromocionales.com/productos/clark-solido-7338/,product,true,200,true,true,true,false,https://www.kronosolopromocionales.com/productos/clark-solido-7338/,true,,0,100,,A_INDEXABLE,
https://www.kronosolopromocionales.com/productos/magno-7343/,product,true,200,true,true,true,false,https://www.kronosolopromocionales.com/productos/magno-7343/,true,,0,90,nombre_corto,A_INDEXABLE,
https://www.kronosolopromocionales.com/productos/opera-boligrafo-7348/,product,true,200,true,true,true,false,https://www.kronosolopromocionales.com/productos/opera-boligrafo-7348/,true,,0,100,,A_INDEXABLE,
https://www.kronosolopromocionales.com/productos/opera-roller-7349/,product,true,200,true,true,true,false,https://www.kronosolopromocionales.com/productos/opera-roller-7349/,true,,0,100,,A_INDEXABLE,
https://www.kronosolopromocionales.com/productos/boligrafo-wister-7369/,product,true,200,true,true,true,false,https://www.kronosolopromocionales.com/productos/boligrafo-wister-7369/,true,,0,100,,A_INDEXABLE,
https://www.kronosolopromocionales.com/productos/summit-neon-7722/,product,true,200,true,true,true,false,https://www.kronosolopromocionales.com/productos/summit-neon-7722/,true,,0,100,,A_INDEXABLE,
https://www.kronosolopromocionales.com/productos/dickens-metalico-oferta-7734/,product,true,200,true,true,true,false,https://www.kronosolopromocionales.com/productos/dickens-metalico-oferta-7734/,true,,0,100,,A_INDEXABLE,
https://www.kronosolopromocionales.com/productos/benella-oferta-7809/,product,true,200,true,true,true,false,https://www.kronosolopromocionales.com/productos/benella-oferta-7809/,true,,0,100,,A_INDEXABLE,
https://www.kronosolopromocionales.com/productos/cosmo-borrable-oferta-4067/,product,true,200,true,true,true,false,https://www.kronosolopromocionales.com/productos/cosmo-borrable-oferta-4067/,true,,0,100,,A_INDEXABLE,
https://www.kronosolopromocionales.com/productos/prisma-7752/,product,true,200,true,true,true,false,https://www.kronosolopromocionales.com/productos/prisma-7752/,true,,0,90,nombre_corto,A_INDEXABLE,
https://www.kronosolopromocionales.com/productos/tempo-7855/,product,true,200,true,true,true,false,https://www.kronosolopromocionales.com/productos/tempo-7855/,true,,0,90,nombre_corto,A_INDEXABLE,
https://www.kronosolopromocionales.com/productos/trevon-oferta-7944/,product,true,200,true,true,true,false,https://www.kronosolopromocionales.com/productos/trevon-oferta-7944/,true,,0,100,,A_INDEXABLE,
https://www.kronosolopromocionales.com/productos/petrus-boligrafo-8577/,product,true,200,true,true,true,false,https://www.kronosolopromocionales.com/productos/petrus-boligrafo-8577/,true,,0,100,,A_INDEXABLE,
https://www.kronosolopromocionales.com/productos/petrus-roller-8578/,product,true,200,true,true,true,false,https://www.kronosolopromocionales.com/productos/petrus-roller-8578/,true,,0,100,,A_INDEXABLE,
https://www.kronosolopromocionales.com/productos/clas-oferta-8593/,product,true,200,true,true,true,false,https://www.kronosolopromocionales.com/productos/clas-oferta-8593/,true,,0,100,,A_INDEXABLE,
https://www.kronosolopromocionales.com/productos/corpy-oferta-8594/,product,true,200,true,true,true,false,https://www.kronosolopromocionales.com/productos/corpy-oferta-8594/,true,,0,100,,A_INDEXABLE,
https://www.kronosolopromocionales.com/productos/emory-neon-8557/,product,true,200,true,true,true,false,https://www.kronosolopromocionales.com/productos/emory-neon-8557/,true,,0,100,,A_INDEXABLE,
https://www.kronosolopromocionales.com/productos/tillot-8574/,product,true,200,true,true,true,false,https://www.kronosolopromocionales.com/productos/tillot-8574/,true,,0,90,nombre_corto,A_INDEXABLE,
https://www.kronosolopromocionales.com/productos/ellison-solido-8570/,product,true,200,true,true,true,false,https://www.kronosolopromocionales.com/productos/ellison-solido-8570/,true,,0,100,,A_INDEXABLE,
https://www.kronosolopromocionales.com/productos/aston-mate-8880/,product,true,200,true,true,true,false,https://www.kronosolopromocionales.com/productos/aston-mate-8880/,true,,0,100,,A_INDEXABLE,
https://www.kronosolopromocionales.com/productos/telson-oferta-9258/,product,true,200,true,true,true,false,https://www.kronosolopromocionales.com/productos/telson-oferta-9258/,true,,0,100,,A_INDEXABLE,
https://www.kronosolopromocionales.com/productos/legox-9256/,product,true,200,true,true,true,false,https://www.kronosolopromocionales.com/productos/legox-9256/,true,,0,90,nombre_corto,A_INDEXABLE,
https://www.kronosolopromocionales.com/productos/lipsy-oferta-9241/,product,true,200,true,true,true,false,https://www.kronosolopromocionales.com/productos/lipsy-oferta-9241/,true,,0,100,,A_INDEXABLE,
https://www.kronosolopromocionales.com/productos/tokken-9243/,product,true,200,true,true,true,false,https://www.kronosolopromocionales.com/productos/tokken-9243/,true,,0,90,nombre_corto,A_INDEXABLE,
https://www.kronosolopromocionales.com/productos/boligrafo-deluxe-eco-oferta-9836/,product,true,200,true,true,true,false,https://www.kronosolopromocionales.com/productos/boligrafo-deluxe-eco-oferta-9836/,true,,0,100,,A_INDEXABLE,
https://www.kronosolopromocionales.com/productos/boligrafo-jovi-9843/,product,true,200,true,true,true,false,https://www.kronosolopromocionales.com/productos/boligrafo-jovi-9843/,true,,0,100,,A_INDEXABLE,
https://www.kronosolopromocionales.com/productos/boligrafo-devo-9945/,product,true,200,true,true,true,false,https://www.kronosolopromocionales.com/productos/boligrafo-devo-9945/,true,,0,100,,A_INDEXABLE,
https://www.kronosolopromocionales.com/productos/kaiser-stylus-bamboo-10315/,product,true,200,true,true,true,false,https://www.kronosolopromocionales.com/productos/kaiser-stylus-bamboo-10315/,true,,0,100,,A_INDEXABLE,
https://www.kronosolopromocionales.com/productos/set-de-herramientas-blackburn-ii-10859/,product,true,200,true,true,true,false,https://www.kronosolopromocionales.com/productos/set-de-herramientas-blackburn-ii-10859/,true,,0,100,,A_INDEXABLE,
https://www.kronosolopromocionales.com/productos/metro-paddy-10451/,product,true,200,true,true,true,false,https://www.kronosolopromocionales.com/productos/metro-paddy-10451/,true,,0,100,,A_INDEXABLE,
https://www.kronosolopromocionales.com/productos/set-de-destornilladores-pistol-10537/,product,true,200,true,true,true,false,https://www.kronosolopromocionales.com/productos/set-de-destornilladores-pistol-10537/,true,,0,100,,A_INDEXABLE,
https://www.kronosolopromocionales.com/productos/set-de-destornilladores-home-10538/,product,true,200,true,true,true,false,https://www.kronosolopromocionales.com/productos/set-de-destornilladores-home-10538/,true,,0,100,,A_INDEXABLE,
https://www.kronosolopromocionales.com/productos/set-de-herramientas-big-tire-10963/,product,true,200,false,false,false,false,https://www.kronosolopromocionales.com/productos/set-de-herramientas-big-tire-10963/,true,,0,55,story_debil;features_insuficientes;sin_useCases,B_NOINDEX_INTENCIONAL,"is_ai_optimized=false — pendiente de enriquecimiento, excluido del sitemap intencionalmente"
https://www.kronosolopromocionales.com/productos/set-de-herramientas-robust-10964/,product,true,200,true,true,true,false,https://www.kronosolopromocionales.com/productos/set-de-herramientas-robust-10964/,true,,0,100,,A_INDEXABLE,
https://www.kronosolopromocionales.com/productos/set-de-mini-destornilladores-con-nivelador-10966/,product,true,200,true,true,true,false,https://www.kronosolopromocionales.com/productos/set-de-mini-destornilladores-con-nivelador-10966/,true,,0,100,,A_INDEXABLE,
https://www.kronosolopromocionales.com/productos/mini-set-de-destornilladores-duck-10967/,product,true,200,true,true,true,false,https://www.kronosolopromocionales.com/productos/mini-set-de-destornilladores-duck-10967/,true,,0,100,,A_INDEXABLE,
https://www.kronosolopromocionales.com/productos/set-de-herramientas-cork-10968/,product,true,200,true,true,true,false,https://www.kronosolopromocionales.com/productos/set-de-herramientas-cork-10968/,true,,0,100,,A_INDEXABLE,
https://www.kronosolopromocionales.com/productos/nivelador-con-iman-11017/,product,true,200,true,true,true,false,https://www.kronosolopromocionales.com/productos/nivelador-con-iman-11017/,true,,0,100,,A_INDEXABLE,
https://www.kronosolopromocionales.com/productos/martillo-con-navaja-eco-11050/,product,true,200,true,true,true,false,https://www.kronosolopromocionales.com/productos/martillo-con-navaja-eco-11050/,true,,0,100,,A_INDEXABLE,
https://www.kronosolopromocionales.com/productos/herramientero-denby-11068/,product,true,200,true,true,true,false,https://www.kronosolopromocionales.com/productos/herramientero-denby-11068/,true,,0,100,,A_INDEXABLE,
https://www.kronosolopromocionales.com/productos/llavero-metro-con-nivelador-jazzy-11113/,product,true,200,true,true,true,false,https://www.kronosolopromocionales.com/productos/llavero-metro-con-nivelador-jazzy-11113/,true,,0,100,,A_INDEXABLE,
https://www.kronosolopromocionales.com/productos/llavero-destapador-level-11114/,product,true,200,true,true,true,false,https://www.kronosolopromocionales.com/productos/llavero-destapador-level-11114/,true,,0,100,,A_INDEXABLE,
https://www.kronosolopromocionales.com/productos/metro-arkitect-con-destornilladores-11115/,product,true,200,true,true,true,false,https://www.kronosolopromocionales.com/productos/metro-arkitect-con-destornilladores-11115/,true,,0,100,,A_INDEXABLE,
https://www.kronosolopromocionales.com/productos/mini-set-de-destornilladores-level-11116/,product,true,200,true,true,true,false,https://www.kronosolopromocionales.com/productos/mini-set-de-destornilladores-level-11116/,true,,0,100,,A_INDEXABLE,
https://www.kronosolopromocionales.com/productos/herramientero-orca-11128/,product,true,200,true,true,true,false,https://www.kronosolopromocionales.com/productos/herramientero-orca-11128/,true,,0,100,,A_INDEXABLE,
https://www.kronosolopromocionales.com/productos/metro-retractil-kolors-10052/,product,true,200,true,true,true,false,https://www.kronosolopromocionales.com/productos/metro-retractil-kolors-10052/,true,,0,100,,A_INDEXABLE,
https://www.kronosolopromocionales.com/productos/metro-llavero-bone-9124/,product,true,200,true,true,true,false,https://www.kronosolopromocionales.com/productos/metro-llavero-bone-9124/,true,,0,100,,A_INDEXABLE,
https://www.kronosolopromocionales.com/productos/llavero-destapador-viggo-eco-11054/,product,true,200,true,true,true,false,https://www.kronosolopromocionales.com/productos/llavero-destapador-viggo-eco-11054/,true,,0,100,,A_INDEXABLE,
https://www.kronosolopromocionales.com/productos/set-nebula-11026/,product,true,200,true,true,true,false,https://www.kronosolopromocionales.com/productos/set-nebula-11026/,true,,0,100,,A_INDEXABLE,
https://www.kronosolopromocionales.com/productos/paraguas-dayton-23-9790-3846/,product,true,200,true,true,true,false,https://www.kronosolopromocionales.com/productos/paraguas-dayton-23-9790-3846/,true,,0,100,,A_INDEXABLE,
https://www.kronosolopromocionales.com/productos/paraguas-corbett-27-10586/,product,true,200,true,true,true,false,https://www.kronosolopromocionales.com/productos/paraguas-corbett-27-10586/,true,,0,100,,A_INDEXABLE,
https://www.kronosolopromocionales.com/productos/paraguas-kahlo-urban-travel-23-10894/,product,true,200,true,true,true,false,https://www.kronosolopromocionales.com/productos/paraguas-kahlo-urban-travel-23-10894/,true,,0,100,,A_INDEXABLE,
https://www.kronosolopromocionales.com/productos/paraguas-flex-golf-16-10882/,product,true,200,true,true,true,false,https://www.kronosolopromocionales.com/productos/paraguas-flex-golf-16-10882/,true,,0,100,,A_INDEXABLE,
https://www.kronosolopromocionales.com/productos/mini-paraguas-hansel-21-6868-3854/,product,true,200,true,true,true,false,https://www.kronosolopromocionales.com/productos/mini-paraguas-hansel-21-6868-3854/,true,,0,100,,A_INDEXABLE,
https://www.kronosolopromocionales.com/productos/paraguas-lancelot-27-6865/,product,true,200,true,true,true,false,https://www.kronosolopromocionales.com/productos/paraguas-lancelot-27-6865/,true,,0,100,,A_INDEXABLE,
https://www.kronosolopromocionales.com/productos/mini-paraguas-strap-21-6201-3856/,product,true,200,true,true,true,false,https://www.kronosolopromocionales.com/productos/mini-paraguas-strap-21-6201-3856/,true,,0,100,,A_INDEXABLE,
https://www.kronosolopromocionales.com/productos/paraguas-brook-27-6369-3857/,product,true,200,true,true,true,false,https://www.kronosolopromocionales.com/productos/paraguas-brook-27-6369-3857/,true,,0,100,,A_INDEXABLE,
https://www.kronosolopromocionales.com/productos/paraguas-27-5913-3858/,product,true,200,false,false,false,false,https://www.kronosolopromocionales.com/productos/paraguas-27-5913-3858/,true,,0,80,nombre_duplicado_sin_canonical,B_NOINDEX_INTENCIONAL,"is_ai_optimized=false — pendiente de enriquecimiento, excluido del sitemap intencionalmente"
https://www.kronosolopromocionales.com/productos/paraguas-trendy-poliester-27-5693/,product,true,200,true,true,true,false,https://www.kronosolopromocionales.com/productos/paraguas-trendy-poliester-27-5693/,true,,0,100,,A_INDEXABLE,
https://www.kronosolopromocionales.com/productos/paraguas-golf-cuadrado-30-1085/,product,true,200,true,true,true,false,https://www.kronosolopromocionales.com/productos/paraguas-golf-cuadrado-30-1085/,true,,0,100,,A_INDEXABLE,
https://www.kronosolopromocionales.com/productos/paraguas-profesional-en-fibra-de-vidrio-30-2145-3863/,product,true,200,true,true,true,false,https://www.kronosolopromocionales.com/productos/paraguas-profesional-en-fibra-de-vidrio-30-2145-3863/,true,,0,100,,A_INDEXABLE,
https://www.kronosolopromocionales.com/productos/paraguas-fiori-23-7515-3864/,product,true,200,true,true,true,false,https://www.kronosolopromocionales.com/productos/paraguas-fiori-23-7515-3864/,true,,0,100,,A_INDEXABLE,
https://www.kronosolopromocionales.com/productos/paraguas-brook-ergo-27-7512-3865/,product,true,200,true,true,true,false,https://www.kronosolopromocionales.com/productos/paraguas-brook-ergo-27-7512-3865/,true,,0,80,nombre_duplicado_sin_canonical,E_DUPLICADO,"Mismo nombre que otro producto con slug no relacionado por ID (grupo dup-4) — candidato a ""duplicada sin canonical"" de GSC"
https://www.kronosolopromocionales.com/productos/paraguas-freerain-23-7627-3866/,product,true,200,true,true,true,false,https://www.kronosolopromocionales.com/productos/paraguas-freerain-23-7627-3866/,true,,0,100,,A_INDEXABLE,
https://www.kronosolopromocionales.com/productos/paraguas-trendy-poliester-27-7764/,product,true,200,true,true,true,false,https://www.kronosolopromocionales.com/productos/paraguas-trendy-poliester-27-7764/,true,,0,100,,A_INDEXABLE,
https://www.kronosolopromocionales.com/productos/mini-paraguas-lloyd-21-8658-3868/,product,true,200,true,true,true,false,https://www.kronosolopromocionales.com/productos/mini-paraguas-lloyd-21-8658-3868/,true,,0,100,,A_INDEXABLE,
https://www.kronosolopromocionales.com/productos/paraguas-galtem-27-8652/,product,true,200,true,true,true,false,https://www.kronosolopromocionales.com/productos/paraguas-galtem-27-8652/,true,,0,100,,A_INDEXABLE,
https://www.kronosolopromocionales.com/productos/paraguas-27-9218/,product,true,200,true,true,true,false,https://www.kronosolopromocionales.com/productos/paraguas-27-9218/,true,,0,80,nombre_duplicado_sin_canonical,E_DUPLICADO,"Mismo nombre que otro producto con slug no relacionado por ID (grupo dup-6) — candidato a ""duplicada sin canonical"" de GSC"
https://www.kronosolopromocionales.com/productos/paraguas-23-9217/,product,true,200,true,true,true,false,https://www.kronosolopromocionales.com/productos/paraguas-23-9217/,true,,0,100,,A_INDEXABLE,
https://www.kronosolopromocionales.com/productos/mini-paraguas-biondi-21-8911-3873/,product,true,200,true,true,true,false,https://www.kronosolopromocionales.com/productos/mini-paraguas-biondi-21-8911-3873/,true,,0,100,,A_INDEXABLE,
https://www.kronosolopromocionales.com/productos/paraguas-kenny-215-8909-3874/,product,true,200,true,true,true,false,https://www.kronosolopromocionales.com/productos/paraguas-kenny-215-8909-3874/,true,,0,100,,A_INDEXABLE,
https://www.kronosolopromocionales.com/productos/paraguas-president-30-9381/,product,true,200,true,true,true,false,https://www.kronosolopromocionales.com/productos/paraguas-president-30-9381/,true,,0,100,,A_INDEXABLE,
https://www.kronosolopromocionales.com/productos/mini-paraguas-maverick-21-9426-3878/,product,true,200,true,true,true,false,https://www.kronosolopromocionales.com/productos/mini-paraguas-maverick-21-9426-3878/,true,,0,100,,A_INDEXABLE,
https://www.kronosolopromocionales.com/productos/set-manicure-rpet-10387/,product,true,200,true,true,true,false,https://www.kronosolopromocionales.com/productos/set-manicure-rpet-10387/,true,,0,100,,A_INDEXABLE,
https://www.kronosolopromocionales.com/productos/set-de-brochas-cayden-10384/,product,true,200,true,true,true,false,https://www.kronosolopromocionales.com/productos/set-de-brochas-cayden-10384/,true,,0,100,,A_INDEXABLE,
https://www.kronosolopromocionales.com/productos/bolsa-termica-600ml-10358/,product,true,200,true,true,true,false,https://www.kronosolopromocionales.com/productos/bolsa-termica-600ml-10358/,true,,0,100,,A_INDEXABLE,
https://www.kronosolopromocionales.com/productos/metro-para-medicion-de-altura-10540/,product,true,200,true,true,true,false,https://www.kronosolopromocionales.com/productos/metro-para-medicion-de-altura-10540/,true,,0,100,,A_INDEXABLE,
https://www.kronosolopromocionales.com/productos/set-manicure-evelyn-10316/,product,true,200,true,true,true,false,https://www.kronosolopromocionales.com/productos/set-manicure-evelyn-10316/,true,,0,100,,A_INDEXABLE,
https://www.kronosolopromocionales.com/productos/set-facial-wood-spa-13169/,product,true,200,true,true,true,false,https://www.kronosolopromocionales.com/productos/set-facial-wood-spa-13169/,true,,0,100,,A_INDEXABLE,
https://www.kronosolopromocionales.com/productos/mug-metalico-mini-chester-400-ml-13592/,product,true,200,true,true,true,false,https://www.kronosolopromocionales.com/productos/mug-metalico-mini-chester-400-ml-13592/,true,,0,100,,A_INDEXABLE,
https://www.kronosolopromocionales.com/productos/llavero-linterna-space-nuevo-13595/,product,true,200,true,true,true,false,https://www.kronosolopromocionales.com/productos/llavero-linterna-space-nuevo-13595/,true,,0,100,,A_INDEXABLE,
https://www.kronosolopromocionales.com/productos/balon-de-futbol-no5-delko-9427/,product,true,200,true,true,true,false,https://www.kronosolopromocionales.com/productos/balon-de-futbol-no5-delko-9427/,true,,0,100,,A_INDEXABLE,
https://www.kronosolopromocionales.com/productos/borrador-school-ii-13604/,product,true,200,true,true,true,false,https://www.kronosolopromocionales.com/productos/borrador-school-ii-13604/,true,,0,100,,A_INDEXABLE,
https://www.kronosolopromocionales.com/productos/bolsa-en-algodon-ecotote-13596/,product,true,200,true,true,true,false,https://www.kronosolopromocionales.com/productos/bolsa-en-algodon-ecotote-13596/,true,,0,100,,A_INDEXABLE,
https://www.kronosolopromocionales.com/productos/bolsa-en-algodon-ecopack-13597/,product,true,200,true,true,true,false,https://www.kronosolopromocionales.com/productos/bolsa-en-algodon-ecopack-13597/,true,,0,100,,A_INDEXABLE,
https://www.kronosolopromocionales.com/productos/set-ml-383-ii-13606/,product,true,200,false,false,false,false,https://www.kronosolopromocionales.com/productos/set-ml-383-ii-13606/,true,,0,100,,B_NOINDEX_INTENCIONAL,"is_ai_optimized=false — pendiente de enriquecimiento, excluido del sitemap intencionalmente"
https://www.kronosolopromocionales.com/productos/bolsa-en-algodon-vera-140gr-13614/,product,true,200,false,false,false,false,https://www.kronosolopromocionales.com/productos/bolsa-en-algodon-vera-140gr-13614/,true,,0,100,,B_NOINDEX_INTENCIONAL,"is_ai_optimized=false — pendiente de enriquecimiento, excluido del sitemap intencionalmente"
https://www.kronosolopromocionales.com/productos/bolsa-en-algodon-alva-100gr-13615/,product,true,200,false,false,false,false,https://www.kronosolopromocionales.com/productos/bolsa-en-algodon-alva-100gr-13615/,true,,0,100,,B_NOINDEX_INTENCIONAL,"is_ai_optimized=false — pendiente de enriquecimiento, excluido del sitemap intencionalmente"
https://www.kronosolopromocionales.com/productos/bolsa-en-algodon-nara-13616/,product,true,200,false,false,false,false,https://www.kronosolopromocionales.com/productos/bolsa-en-algodon-nara-13616/,true,,0,100,,B_NOINDEX_INTENCIONAL,"is_ai_optimized=false — pendiente de enriquecimiento, excluido del sitemap intencionalmente"
https://www.kronosolopromocionales.com/productos/sporty-bag-en-algodon-zetta-140gr-13617/,product,true,200,false,false,false,false,https://www.kronosolopromocionales.com/productos/sporty-bag-en-algodon-zetta-140gr-13617/,true,,0,100,,B_NOINDEX_INTENCIONAL,"is_ai_optimized=false — pendiente de enriquecimiento, excluido del sitemap intencionalmente"
https://www.kronosolopromocionales.com/productos/dispensador-bolsas-linterna-led-personalizado-ecuador/,product,true,200,true,true,true,false,https://www.kronosolopromocionales.com/productos/dispensador-bolsas-linterna-led-personalizado-ecuador/,true,,0,75,features_insuficientes;sin_useCases,A_INDEXABLE,
https://www.kronosolopromocionales.com/productos/boligrafo-metalico-personalizado-articulos-promocionales/,product,true,200,true,true,true,false,https://www.kronosolopromocionales.com/productos/boligrafo-metalico-personalizado-articulos-promocionales/,true,,0,75,features_insuficientes;sin_useCases,A_INDEXABLE,
https://www.kronosolopromocionales.com/productos/boligrafo-metalico-personalizado-clas-oferta/,product,true,200,true,true,true,false,https://www.kronosolopromocionales.com/productos/boligrafo-metalico-personalizado-clas-oferta/,true,,0,75,features_insuficientes;sin_useCases,A_INDEXABLE,
https://www.kronosolopromocionales.com/productos/cargador-inalambrico-lampara-flex-personalizado/,product,true,200,true,true,true,false,https://www.kronosolopromocionales.com/productos/cargador-inalambrico-lampara-flex-personalizado/,true,,0,75,features_insuficientes;sin_useCases,A_INDEXABLE,
https://www.kronosolopromocionales.com/productos/llavero-personalizado-touch-free-ml386-ecuador/,product,true,200,true,true,true,false,https://www.kronosolopromocionales.com/productos/llavero-personalizado-touch-free-ml386-ecuador/,true,,0,75,features_insuficientes;sin_useCases,A_INDEXABLE,
https://www.kronosolopromocionales.com/productos/boligrafos-promocionales-lipsy-personalizado/,product,true,200,true,true,true,false,https://www.kronosolopromocionales.com/productos/boligrafos-promocionales-lipsy-personalizado/,true,,0,75,features_insuficientes;sin_useCases,A_INDEXABLE,
https://www.kronosolopromocionales.com/productos/boligrafo-infinity-2-1-promocional/,product,true,200,true,true,true,false,https://www.kronosolopromocionales.com/productos/boligrafo-infinity-2-1-promocional/,true,,0,75,features_insuficientes;sin_useCases,A_INDEXABLE,
https://www.kronosolopromocionales.com/productos/botilito-plastico-reciclado-600ml-personalizado/,product,true,200,true,true,true,false,https://www.kronosolopromocionales.com/productos/botilito-plastico-reciclado-600ml-personalizado/,true,,0,75,features_insuficientes;sin_useCases,A_INDEXABLE,
https://www.kronosolopromocionales.com/productos/boligrafo-ventura-spray-antibacteriano-oferta/,product,true,200,true,true,true,false,https://www.kronosolopromocionales.com/productos/boligrafo-ventura-spray-antibacteriano-oferta/,true,,0,75,features_insuficientes;sin_useCases,A_INDEXABLE,
https://www.kronosolopromocionales.com/productos/reloj-wall-bamboo-personalizado/,product,true,200,true,true,true,false,https://www.kronosolopromocionales.com/productos/reloj-wall-bamboo-personalizado/,true,,0,75,features_insuficientes;sin_useCases,A_INDEXABLE,
https://www.kronosolopromocionales.com/productos/organizador-escritorio-bamboo-cargador-inalambrico/,product,true,200,true,true,true,false,https://www.kronosolopromocionales.com/productos/organizador-escritorio-bamboo-cargador-inalambrico/,true,,0,75,features_insuficientes;sin_useCases,A_INDEXABLE,
https://www.kronosolopromocionales.com/productos/set-herramientas-personalizados-luz-car/,product,true,200,true,true,true,false,https://www.kronosolopromocionales.com/productos/set-herramientas-personalizados-luz-car/,true,,0,75,features_insuficientes;sin_useCases,A_INDEXABLE,
https://www.kronosolopromocionales.com/productos/boligrafos-metalicos-personalizados-articulos-promocionales/,product,true,200,true,true,true,false,https://www.kronosolopromocionales.com/productos/boligrafos-metalicos-personalizados-articulos-promocionales/,true,,0,75,features_insuficientes;sin_useCases,A_INDEXABLE,
https://www.kronosolopromocionales.com/productos/vaso-personalizado-450ml-plastico-doble-pared/,product,true,200,true,true,true,false,https://www.kronosolopromocionales.com/productos/vaso-personalizado-450ml-plastico-doble-pared/,true,,0,75,features_insuficientes;sin_useCases,A_INDEXABLE,
https://www.kronosolopromocionales.com/productos/botilito-plastico-personalizado-650ml/,product,true,200,true,true,true,false,https://www.kronosolopromocionales.com/productos/botilito-plastico-personalizado-650ml/,true,,0,75,features_insuficientes;sin_useCases,A_INDEXABLE,
https://www.kronosolopromocionales.com/productos/portatarjetas-personalizado-ml-275/,product,true,200,true,true,true,false,https://www.kronosolopromocionales.com/productos/portatarjetas-personalizado-ml-275/,true,,0,75,features_insuficientes;sin_useCases,A_INDEXABLE,
https://www.kronosolopromocionales.com/productos/portapapel-personalizado-master-line/,product,true,200,true,true,true,false,https://www.kronosolopromocionales.com/productos/portapapel-personalizado-master-line/,true,,0,75,features_insuficientes;sin_useCases,A_INDEXABLE,
https://www.kronosolopromocionales.com/productos/bolsa-plegable-paraguas-hansel-ecuador/,product,true,200,true,true,true,false,https://www.kronosolopromocionales.com/productos/bolsa-plegable-paraguas-hansel-ecuador/,true,,0,75,features_insuficientes;sin_useCases,A_INDEXABLE,
https://www.kronosolopromocionales.com/productos/botilito-tritan-600ml-personalizado-oferta/,product,true,200,true,true,true,false,https://www.kronosolopromocionales.com/productos/botilito-tritan-600ml-personalizado-oferta/,true,,0,75,features_insuficientes;sin_useCases,A_INDEXABLE,
https://www.kronosolopromocionales.com/productos/botilito-plastico-petg-700ml-personalizado/,product,true,200,true,true,true,false,https://www.kronosolopromocionales.com/productos/botilito-plastico-petg-700ml-personalizado/,true,,0,75,features_insuficientes;sin_useCases,A_INDEXABLE,
https://www.kronosolopromocionales.com/productos/morral-backpack-personalizado-ecuador/,product,true,200,true,true,true,false,https://www.kronosolopromocionales.com/productos/morral-backpack-personalizado-ecuador/,true,,0,75,features_insuficientes;sin_useCases,A_INDEXABLE,
https://www.kronosolopromocionales.com/productos/maletin-avenue-personalizado/,product,true,200,true,true,true,false,https://www.kronosolopromocionales.com/productos/maletin-avenue-personalizado/,true,,0,75,features_insuficientes;sin_useCases,A_INDEXABLE,
https://www.kronosolopromocionales.com/productos/botilito-plastico-nomix-petg-750ml-personalizado/,product,true,200,true,true,true,false,https://www.kronosolopromocionales.com/productos/botilito-plastico-nomix-petg-750ml-personalizado/,true,,0,75,features_insuficientes;sin_useCases,A_INDEXABLE,
https://www.kronosolopromocionales.com/productos/vaso-personalizado-petg-750ml-ecuador/,product,true,200,true,true,true,false,https://www.kronosolopromocionales.com/productos/vaso-personalizado-petg-750ml-ecuador/,true,,0,75,features_insuficientes;sin_useCases,A_INDEXABLE,
https://www.kronosolopromocionales.com/productos/maletin-trolley-bag-norris-personalizado/,product,true,200,true,true,true,false,https://www.kronosolopromocionales.com/productos/maletin-trolley-bag-norris-personalizado/,true,,0,75,features_insuficientes;sin_useCases,A_INDEXABLE,
https://www.kronosolopromocionales.com/productos/cargador-inalambrico-heston-personalizado/,product,true,200,true,true,true,false,https://www.kronosolopromocionales.com/productos/cargador-inalambrico-heston-personalizado/,true,,0,75,features_insuficientes;sin_useCases,A_INDEXABLE,
https://www.kronosolopromocionales.com/productos/bolsa-metalizada-hologram-personalizada-ecuador/,product,true,200,true,true,true,false,https://www.kronosolopromocionales.com/productos/bolsa-metalizada-hologram-personalizada-ecuador/,true,,0,75,features_insuficientes;sin_useCases,A_INDEXABLE,
https://www.kronosolopromocionales.com/productos/llavero-pop-personalizado-silicona/,product,true,200,true,true,true,false,https://www.kronosolopromocionales.com/productos/llavero-pop-personalizado-silicona/,true,,0,75,features_insuficientes;sin_useCases,A_INDEXABLE,
https://www.kronosolopromocionales.com/productos/boligrafo-antiestres-personalizado/,product,true,200,true,true,true,false,https://www.kronosolopromocionales.com/productos/boligrafo-antiestres-personalizado/,true,,0,75,features_insuficientes;sin_useCases,A_INDEXABLE,
https://www.kronosolopromocionales.com/productos/portatarjetas-antiestres-personalizado/,product,true,200,true,true,true,false,https://www.kronosolopromocionales.com/productos/portatarjetas-antiestres-personalizado/,true,,0,75,features_insuficientes;sin_useCases,A_INDEXABLE,
https://www.kronosolopromocionales.com/productos/llaveros-personalizados-antiestres-ball/,product,true,200,true,true,true,false,https://www.kronosolopromocionales.com/productos/llaveros-personalizados-antiestres-ball/,true,,0,75,features_insuficientes;sin_useCases,A_INDEXABLE,
https://www.kronosolopromocionales.com/productos/pelota-antiestres-personalizada-6-3cm/,product,true,200,true,true,true,false,https://www.kronosolopromocionales.com/productos/pelota-antiestres-personalizada-6-3cm/,true,,0,75,features_insuficientes;sin_useCases,A_INDEXABLE,
https://www.kronosolopromocionales.com/productos/pelota-antiestres-personalizada-67cm/,product,true,200,true,true,true,false,https://www.kronosolopromocionales.com/productos/pelota-antiestres-personalizada-67cm/,true,,0,75,features_insuficientes;sin_useCases,A_INDEXABLE,
https://www.kronosolopromocionales.com/productos/pelota-antiestres-personalizada-ecuador/,product,true,200,true,true,true,false,https://www.kronosolopromocionales.com/productos/pelota-antiestres-personalizada-ecuador/,true,,0,75,features_insuficientes;sin_useCases,A_INDEXABLE,
https://www.kronosolopromocionales.com/productos/pelota-antiestres-personalizada-ecuador-va-631/,product,true,200,true,true,true,false,https://www.kronosolopromocionales.com/productos/pelota-antiestres-personalizada-ecuador-va-631/,true,,0,75,features_insuficientes;sin_useCases,A_INDEXABLE,
https://www.kronosolopromocionales.com/productos/pelota-antiestres-personalizada-silicona/,product,true,200,true,true,true,false,https://www.kronosolopromocionales.com/productos/pelota-antiestres-personalizada-silicona/,true,,0,75,features_insuficientes;sin_useCases,A_INDEXABLE,
https://www.kronosolopromocionales.com/productos/pelota-antiestres-personalizada-soporte-celular/,product,true,200,true,true,true,false,https://www.kronosolopromocionales.com/productos/pelota-antiestres-personalizada-soporte-celular/,true,,0,75,features_insuficientes;sin_useCases,A_INDEXABLE,
https://www.kronosolopromocionales.com/productos/pelota-antiestres-personalizada-rubber/,product,true,200,true,true,true,false,https://www.kronosolopromocionales.com/productos/pelota-antiestres-personalizada-rubber/,true,,0,75,features_insuficientes;sin_useCases,A_INDEXABLE,
https://www.kronosolopromocionales.com/productos/pelota-antistres-personalizada-grip-gyro/,product,true,200,true,true,true,false,https://www.kronosolopromocionales.com/productos/pelota-antistres-personalizada-grip-gyro/,true,,0,75,features_insuficientes;sin_useCases,A_INDEXABLE,
https://www.kronosolopromocionales.com/productos/soporte-moviles-antistres-personalizado/,product,true,200,true,true,true,false,https://www.kronosolopromocionales.com/productos/soporte-moviles-antistres-personalizado/,true,,0,75,features_insuficientes;sin_useCases,A_INDEXABLE,
https://www.kronosolopromocionales.com/productos/pelota-antiestres-personalizada/,product,true,200,true,true,true,false,https://www.kronosolopromocionales.com/productos/pelota-antiestres-personalizada/,true,,0,75,features_insuficientes;sin_useCases,A_INDEXABLE,
https://www.kronosolopromocionales.com/productos/camion-antiestres-personalizado/,product,true,200,true,true,true,false,https://www.kronosolopromocionales.com/productos/camion-antiestres-personalizado/,true,,0,75,features_insuficientes;sin_useCases,A_INDEXABLE,
https://www.kronosolopromocionales.com/productos/muneco-antiestres-personalizado-clips/,product,true,200,true,true,true,false,https://www.kronosolopromocionales.com/productos/muneco-antiestres-personalizado-clips/,true,,0,75,features_insuficientes;sin_useCases,A_INDEXABLE,
https://www.kronosolopromocionales.com/productos/pelota-antiestres-personalizada-va-305/,product,true,200,true,true,true,false,https://www.kronosolopromocionales.com/productos/pelota-antiestres-personalizada-va-305/,true,,0,75,features_insuficientes;sin_useCases,A_INDEXABLE,
https://www.kronosolopromocionales.com/productos/llavero-corcho-personalizado-ecuador/,product,true,200,true,true,true,false,https://www.kronosolopromocionales.com/productos/llavero-corcho-personalizado-ecuador/,true,,0,75,features_insuficientes;sin_useCases,A_INDEXABLE,
https://www.kronosolopromocionales.com/productos/colgador-botellas-carabinero-personalizado-ecuador/,product,true,200,true,true,true,false,https://www.kronosolopromocionales.com/productos/colgador-botellas-carabinero-personalizado-ecuador/,true,,0,75,features_insuficientes;sin_useCases,A_INDEXABLE,
https://www.kronosolopromocionales.com/productos/soporte-moviles-ml-382-personalizado/,product,true,200,true,true,true,false,https://www.kronosolopromocionales.com/productos/soporte-moviles-ml-382-personalizado/,true,,0,75,features_insuficientes;sin_useCases,A_INDEXABLE,
https://www.kronosolopromocionales.com/productos/usb-soccer-memoria-personalizado-ecuador/,product,true,200,true,true,true,false,https://www.kronosolopromocionales.com/productos/usb-soccer-memoria-personalizado-ecuador/,true,,0,75,features_insuficientes;sin_useCases,A_INDEXABLE,
https://www.kronosolopromocionales.com/productos/dispensador-bolsas-antibacteriano-personalizado/,product,true,200,true,true,true,false,https://www.kronosolopromocionales.com/productos/dispensador-bolsas-antibacteriano-personalizado/,true,,0,75,features_insuficientes;sin_useCases,A_INDEXABLE,
https://www.kronosolopromocionales.com/productos/set-swiss-peak-deluxe-articulos-promocionales/,product,true,200,true,true,true,false,https://www.kronosolopromocionales.com/productos/set-swiss-peak-deluxe-articulos-promocionales/,true,,0,75,features_insuficientes;sin_useCases,A_INDEXABLE,
https://www.kronosolopromocionales.com/productos/set-ml-383-ii-personalizado-articulos-promocionales/,product,true,200,true,true,true,false,https://www.kronosolopromocionales.com/productos/set-ml-383-ii-personalizado-articulos-promocionales/,true,,0,75,features_insuficientes;sin_useCases,A_INDEXABLE,
https://www.kronosolopromocionales.com/productos/boligrafo-antibacteriano-personalizado-ecuador/,product,true,200,true,true,true,false,https://www.kronosolopromocionales.com/productos/boligrafo-antibacteriano-personalizado-ecuador/,true,,0,75,features_insuficientes;sin_useCases,A_INDEXABLE,
https://www.kronosolopromocionales.com/productos/boligrafo-big-bang-personalizado-ecuador/,product,true,200,true,true,true,false,https://www.kronosolopromocionales.com/productos/boligrafo-big-bang-personalizado-ecuador/,true,,0,75,features_insuficientes;sin_useCases,A_INDEXABLE,
https://www.kronosolopromocionales.com/productos/boligrafo-blink-personalizado-articulos-promocionales/,product,true,200,true,true,true,false,https://www.kronosolopromocionales.com/productos/boligrafo-blink-personalizado-articulos-promocionales/,true,,0,75,features_insuficientes;sin_useCases,A_INDEXABLE,
https://www.kronosolopromocionales.com/productos/set-boligrafos-vector-promocionales-ecuador/,product,true,200,true,true,true,false,https://www.kronosolopromocionales.com/productos/set-boligrafos-vector-promocionales-ecuador/,true,,0,75,features_insuficientes;sin_useCases,A_INDEXABLE,
https://www.kronosolopromocionales.com/productos/memoria-usb-boligrafo-king-personalizado/,product,true,200,true,true,true,false,https://www.kronosolopromocionales.com/productos/memoria-usb-boligrafo-king-personalizado/,true,,0,75,features_insuficientes;sin_useCases,A_INDEXABLE,
https://www.kronosolopromocionales.com/productos/opera-roller-personalizado-ecuador/,product,true,200,true,true,true,false,https://www.kronosolopromocionales.com/productos/opera-roller-personalizado-ecuador/,true,,0,75,features_insuficientes;sin_useCases,A_INDEXABLE,
https://www.kronosolopromocionales.com/productos/boligrafo-scroll-personalizado-ecuador/,product,true,200,true,true,true,false,https://www.kronosolopromocionales.com/productos/boligrafo-scroll-personalizado-ecuador/,true,,0,75,features_insuficientes;sin_useCases,A_INDEXABLE,
https://www.kronosolopromocionales.com/productos/set-resaltadores-cera-articulos-promocionales-ecuador/,product,true,200,true,true,true,false,https://www.kronosolopromocionales.com/productos/set-resaltadores-cera-articulos-promocionales-ecuador/,true,,0,75,features_insuficientes;sin_useCases,A_INDEXABLE,
https://www.kronosolopromocionales.com/productos/boligrafo-ventura-clean-set-articulos-promocionales/,product,true,200,true,true,true,false,https://www.kronosolopromocionales.com/productos/boligrafo-ventura-clean-set-articulos-promocionales/,true,,0,55,features_insuficientes;sin_useCases;nombre_duplicado_sin_canonical,E_DUPLICADO,"Mismo nombre que otro producto con slug no relacionado por ID (grupo dup-5) — candidato a ""duplicada sin canonical"" de GSC"
https://www.kronosolopromocionales.com/productos/boligrafo-vector-roller-personalizado/,product,true,200,true,true,true,false,https://www.kronosolopromocionales.com/productos/boligrafo-vector-roller-personalizado/,true,,0,75,features_insuficientes;sin_useCases,A_INDEXABLE,
https://www.kronosolopromocionales.com/productos/set-resaltador-fingers-ii-eco-personalizado/,product,true,200,true,true,true,false,https://www.kronosolopromocionales.com/productos/set-resaltador-fingers-ii-eco-personalizado/,true,,0,75,features_insuficientes;sin_useCases,A_INDEXABLE,
https://www.kronosolopromocionales.com/productos/milla-roller-stylus-articulos-promocionales/,product,true,200,true,true,true,false,https://www.kronosolopromocionales.com/productos/milla-roller-stylus-articulos-promocionales/,true,,0,75,features_insuficientes;sin_useCases,A_INDEXABLE,
https://www.kronosolopromocionales.com/productos/set-mini-resaltador-tinta-personalizado-ecuador/,product,true,200,true,true,true,false,https://www.kronosolopromocionales.com/productos/set-mini-resaltador-tinta-personalizado-ecuador/,true,,0,75,features_insuficientes;sin_useCases,A_INDEXABLE,
https://www.kronosolopromocionales.com/productos/estuche-aluminio-personalizado-ecuador/,product,true,200,true,true,true,false,https://www.kronosolopromocionales.com/productos/estuche-aluminio-personalizado-ecuador/,true,,0,75,features_insuficientes;sin_useCases,A_INDEXABLE,
https://www.kronosolopromocionales.com/productos/mop-bicolor-personalizado-articulos-promocionales/,product,true,200,true,true,true,false,https://www.kronosolopromocionales.com/productos/mop-bicolor-personalizado-articulos-promocionales/,true,,0,75,features_insuficientes;sin_useCases,A_INDEXABLE,
https://www.kronosolopromocionales.com/productos/set-boligrafo-portaminas-bamboo-personalizado/,product,true,200,true,true,true,false,https://www.kronosolopromocionales.com/productos/set-boligrafo-portaminas-bamboo-personalizado/,true,,0,75,features_insuficientes;sin_useCases,A_INDEXABLE,
https://www.kronosolopromocionales.com/productos/resaltador-triangulo-eco-articulos-promocionales/,product,true,200,true,true,true,false,https://www.kronosolopromocionales.com/productos/resaltador-triangulo-eco-articulos-promocionales/,true,,0,75,features_insuficientes;sin_useCases,A_INDEXABLE,
https://www.kronosolopromocionales.com/productos/focus-ii-resaltador-cera-articulos-promocionales/,product,true,200,true,true,true,false,https://www.kronosolopromocionales.com/productos/focus-ii-resaltador-cera-articulos-promocionales/,true,,0,75,features_insuficientes;sin_useCases,A_INDEXABLE,
https://www.kronosolopromocionales.com/productos/boligrafo-sookie-personalizado-articulos-promocionales/,product,true,200,true,true,true,false,https://www.kronosolopromocionales.com/productos/boligrafo-sookie-personalizado-articulos-promocionales/,true,,0,75,features_insuficientes;sin_useCases,A_INDEXABLE,
https://www.kronosolopromocionales.com/productos/boligrafo-stylus-personalizado-articulos-promocionales-ecuador/,product,true,200,true,true,true,false,https://www.kronosolopromocionales.com/productos/boligrafo-stylus-personalizado-articulos-promocionales-ecuador/,true,,0,75,features_insuficientes;sin_useCases,A_INDEXABLE,
https://www.kronosolopromocionales.com/productos/resaltador-relaxy-personalizado-ecuador/,product,true,200,true,true,true,false,https://www.kronosolopromocionales.com/productos/resaltador-relaxy-personalizado-ecuador/,true,,0,75,features_insuficientes;sin_useCases,A_INDEXABLE,
https://www.kronosolopromocionales.com/productos/kaiser-stylus-bamboo-articulos-promocionales/,product,true,200,true,true,true,false,https://www.kronosolopromocionales.com/productos/kaiser-stylus-bamboo-articulos-promocionales/,true,,0,75,features_insuficientes;sin_useCases,A_INDEXABLE,
https://www.kronosolopromocionales.com/productos/boligrafo-bamboo-articulos-promocionales-ecuador/,product,true,200,true,true,true,false,https://www.kronosolopromocionales.com/productos/boligrafo-bamboo-articulos-promocionales-ecuador/,true,,0,75,features_insuficientes;sin_useCases,A_INDEXABLE,
https://www.kronosolopromocionales.com/productos/resaltador-fiona-articulos-promocionales-ecuador/,product,true,200,true,true,true,false,https://www.kronosolopromocionales.com/productos/resaltador-fiona-articulos-promocionales-ecuador/,true,,0,75,features_insuficientes;sin_useCases,A_INDEXABLE,
https://www.kronosolopromocionales.com/productos/boligrafo-tempo-personalizado/,product,true,200,true,true,true,false,https://www.kronosolopromocionales.com/productos/boligrafo-tempo-personalizado/,true,,0,75,features_insuficientes;sin_useCases,A_INDEXABLE,
https://www.kronosolopromocionales.com/productos/aston-stylus-metalico-articulos-promocionales/,product,true,200,true,true,true,false,https://www.kronosolopromocionales.com/productos/aston-stylus-metalico-articulos-promocionales/,true,,0,75,features_insuficientes;sin_useCases,A_INDEXABLE,
https://www.kronosolopromocionales.com/productos/advant-2-1-resaltador-tinta-articulos-promocionales/,product,true,200,true,true,true,false,https://www.kronosolopromocionales.com/productos/advant-2-1-resaltador-tinta-articulos-promocionales/,true,,0,75,features_insuficientes;sin_useCases,A_INDEXABLE,
https://www.kronosolopromocionales.com/productos/estuche-carton-personalizado-ecuador/,product,true,200,true,true,true,false,https://www.kronosolopromocionales.com/productos/estuche-carton-personalizado-ecuador/,true,,0,75,features_insuficientes;sin_useCases,A_INDEXABLE,
https://www.kronosolopromocionales.com/productos/boligrafo-pebble-personalizado-ecuador/,product,true,200,true,true,true,false,https://www.kronosolopromocionales.com/productos/boligrafo-pebble-personalizado-ecuador/,true,,0,75,features_insuficientes;sin_useCases,A_INDEXABLE,
https://www.kronosolopromocionales.com/productos/marcador-borrable-personalizado-ecuador/,product,true,200,true,true,true,false,https://www.kronosolopromocionales.com/productos/marcador-borrable-personalizado-ecuador/,true,,0,75,features_insuficientes;sin_useCases,A_INDEXABLE,
https://www.kronosolopromocionales.com/productos/boligrafo-skip-personalizado-articulos-promocionales/,product,true,200,true,true,true,false,https://www.kronosolopromocionales.com/productos/boligrafo-skip-personalizado-articulos-promocionales/,true,,0,75,features_insuficientes;sin_useCases,A_INDEXABLE,
https://www.kronosolopromocionales.com/productos/boligrafo-jovi-eco-personalizado/,product,true,200,true,true,true,false,https://www.kronosolopromocionales.com/productos/boligrafo-jovi-eco-personalizado/,true,,0,75,features_insuficientes;sin_useCases,A_INDEXABLE,
https://www.kronosolopromocionales.com/productos/boligrafos-eco-pet-personalizados-articulos-promocionales/,product,true,200,true,true,true,false,https://www.kronosolopromocionales.com/productos/boligrafos-eco-pet-personalizados-articulos-promocionales/,true,,0,65,nombre_corto;features_insuficientes;sin_useCases,A_INDEXABLE,
https://www.kronosolopromocionales.com/productos/boligrafo-jovi-metalizado-personalizado-articulos-promocionales/,product,true,200,true,true,true,false,https://www.kronosolopromocionales.com/productos/boligrafo-jovi-metalizado-personalizado-articulos-promocionales/,true,,0,75,features_insuficientes;sin_useCases,A_INDEXABLE,
https://www.kronosolopromocionales.com/productos/boligrafo-lepper-personalizado/,product,true,200,true,true,true,false,https://www.kronosolopromocionales.com/productos/boligrafo-lepper-personalizado/,true,,0,75,features_insuficientes;sin_useCases,A_INDEXABLE,
https://www.kronosolopromocionales.com/productos/ventura-eco-stylus-articulos-promocionales-ecuador/,product,true,200,true,true,true,false,https://www.kronosolopromocionales.com/productos/ventura-eco-stylus-articulos-promocionales-ecuador/,true,,0,75,features_insuficientes;sin_useCases,A_INDEXABLE,
https://www.kronosolopromocionales.com/productos/boligrafo-summit-eco-bamboo-personalizado/,product,true,200,true,true,true,false,https://www.kronosolopromocionales.com/productos/boligrafo-summit-eco-bamboo-personalizado/,true,,0,75,features_insuficientes;sin_useCases,A_INDEXABLE,
https://www.kronosolopromocionales.com/productos/lapiz-infinito-gemini-personalizado/,product,true,200,true,true,true,false,https://www.kronosolopromocionales.com/productos/lapiz-infinito-gemini-personalizado/,true,,0,75,features_insuficientes;sin_useCases,A_INDEXABLE,
https://www.kronosolopromocionales.com/productos-promocionales-colombia/,redirect,false,301,false,false,n/a,n/a,,false,/productos-promocionales-ecuador/,0,,,C_REDIRECT_LEGACY,
https://www.kronosolopromocionales.com/productos-promocionales-colombia/bogota/,redirect,false,301,false,false,n/a,n/a,,false,/productos-promocionales-ecuador/,0,,,C_REDIRECT_LEGACY,
https://www.kronosolopromocionales.com/productos-promocionales-colombia/medellin/,redirect,false,301,false,false,n/a,n/a,,false,/productos-promocionales-ecuador/,0,,,C_REDIRECT_LEGACY,
https://www.kronosolopromocionales.com/productos-promocionales-colombia/cali/,redirect,false,301,false,false,n/a,n/a,,false,/productos-promocionales-ecuador/,0,,,C_REDIRECT_LEGACY,
https://www.kronosolopromocionales.com/productos-promocionales-colombia/barranquilla/,redirect,false,301,false,false,n/a,n/a,,false,/productos-promocionales-ecuador/,0,,,C_REDIRECT_LEGACY,
https://www.kronosolopromocionales.com/productos-promocionales-colombia/cartagena/,redirect,false,301,false,false,n/a,n/a,,false,/productos-promocionales-ecuador/,0,,,C_REDIRECT_LEGACY,
https://www.kronosolopromocionales.com/productos/portacomida-produccion-nacional/,redirect,false,301,false,false,n/a,n/a,,false,/productos/portacomida-produccion-nacional-4857/,0,,,C_REDIRECT_LEGACY,
https://www.kronosolopromocionales.com/productos/canguro-dior/,redirect,false,301,false,false,n/a,n/a,,false,/productos/canguro-dior-9823/,0,,,C_REDIRECT_LEGACY,
https://www.kronosolopromocionales.com/productos/bola-para-mascotas/,redirect,false,301,false,false,n/a,n/a,,false,/productos/bola-para-mascotas-10979/,0,,,C_REDIRECT_LEGACY,
https://www.kronosolopromocionales.com/productos/copa-para-vino-7oz-produccion-nacional/,redirect,false,301,false,false,n/a,n/a,,false,/productos/copa-para-vino-7oz-produccion-nacional-2007/,0,,,C_REDIRECT_LEGACY,
https://www.kronosolopromocionales.com/productos/speaker-bluetooth-con-lampara-oferta/,redirect,false,301,false,false,n/a,n/a,,false,/productos/speaker-bluetooth-con-lampara-oferta-9579/,0,,,C_REDIRECT_LEGACY,
https://www.kronosolopromocionales.com/productos/pano-en-microfibra/,redirect,false,301,false,false,n/a,n/a,,false,/productos/pano-en-microfibra-3192/,0,,,C_REDIRECT_LEGACY,
https://www.kronosolopromocionales.com/productos/vaso-tapa-plastico-14-oz-produccion-nacional/,redirect,false,301,false,false,n/a,n/a,,false,/productos/vaso-tapa-plastico-14-oz-produccion-nacional-2871/,0,,,C_REDIRECT_LEGACY,
https://www.kronosolopromocionales.com/productos/paraguas-colombia-27-5913/,redirect,false,301,false,false,n/a,n/a,,false,/productos/paraguas-27-5913/,0,,,C_REDIRECT_LEGACY,
https://www.kronosolopromocionales.com/productos/maracas-colombia-produccion-nacional-5683/,redirect,false,301,false,false,n/a,n/a,,false,/productos/maracas-produccion-nacional-5683/,0,,,C_REDIRECT_LEGACY,
https://www.kronosolopromocionales.com/productos/vuvuzela-colombia-produccion-nacional-5682/,redirect,false,301,false,false,n/a,n/a,,false,/productos/vuvuzela-produccion-nacional-5682/,0,,,C_REDIRECT_LEGACY,
https://www.kronosolopromocionales.com/productos/boligrafo-flaggy-colombia-13287/,redirect,false,301,false,false,n/a,n/a,,false,/productos/boligrafo-flaggy-13287/,0,,,C_REDIRECT_LEGACY,
https://www.kronosolopromocionales.com/productos/boligrafo-ventura-colombia-13349/,redirect,false,301,false,false,n/a,n/a,,false,/productos/boligrafo-ventura-13349/,0,,,C_REDIRECT_LEGACY,
https://www.kronosolopromocionales.com/productos/paraguas-colombia-27-5913-3858/,redirect,false,301,false,false,n/a,n/a,,false,/productos/paraguas-27-5913-3858/,0,,,C_REDIRECT_LEGACY,
https://www.kronosolopromocionales.com/blog/promocionales-antimicrobianos-la-defensa-invisible-que-impulsa-tu-marca-en-mexico/,redirect,false,301,false,false,n/a,n/a,,false,/blog/promocionales-antimicrobianos-la-defensa-invisible-que-impulsa-tu-marca-en-ecuador/,0,,,C_REDIRECT_LEGACY,
https://www.kronosolopromocionales.com/blog/promocionales-antimicrobianos-la-defensa-invisible-que-impulsa-tu-marca-en-ecuador-y-colombia/,redirect,false,301,false,false,n/a,n/a,,false,/blog/promocionales-antimicrobianos-la-defensa-invisible-que-impulsa-tu-marca-en-ecuador/,0,,,C_REDIRECT_LEGACY,
https://www.kronosolopromocionales.com/product-category/salud-y-belleza/,redirect,false,301,false,false,n/a,n/a,,false,/categorias/cuidado-personal/,0,,,C_REDIRECT_LEGACY,
https://www.kronosolopromocionales.com/product-category/tecnologia/,redirect,false,301,false,false,n/a,n/a,,false,/categorias/tecnologia-promocional/,0,,,C_REDIRECT_LEGACY,
https://www.kronosolopromocionales.com/product/auriculares-inalambricos-auriculares-bluetooth/,redirect,false,301,false,false,n/a,n/a,,false,/categorias/tecnologia-promocional/,0,,,C_REDIRECT_LEGACY,
https://www.kronosolopromocionales.com/productos/aplausometro-redondo-produccion-nacional/,redirect,false,301,false,false,n/a,n/a,,false,/productos/aplausometro-redondo-produccion-nacional-5685/,0,,,C_REDIRECT_LEGACY,
https://www.kronosolopromocionales.com/productos/speaker-bluetooth-barack/,redirect,false,301,false,false,n/a,n/a,,false,/productos/speaker-bluetooth-barack-8135/,0,,,C_REDIRECT_LEGACY,
https://www.kronosolopromocionales.com/productos/set-destornillador-pistol/,redirect,false,301,false,false,n/a,n/a,,false,/categorias/herramientas/,0,,,C_REDIRECT_LEGACY,
https://www.kronosolopromocionales.com/productos/llavero-destapador-campello/,redirect,false,301,false,false,n/a,n/a,,false,/productos/llavero-destapador-campello-4808/,0,,,C_REDIRECT_LEGACY,
https://www.kronosolopromocionales.com/productos/organizador-multiusos-con-esterilizador-uvc-led-oferta/,redirect,false,301,false,false,n/a,n/a,,false,/productos/organizador-multiusos-con-esterilizador-uvc-led-oferta-9494/,0,,,C_REDIRECT_LEGACY,
https://www.kronosolopromocionales.com/productos/llavero-ml-356/,redirect,false,301,false,false,n/a,n/a,,false,/productos/llavero-ml-356-8039/,0,,,C_REDIRECT_LEGACY,
https://www.kronosolopromocionales.com/productos/floyd-stylus/,redirect,false,301,false,false,n/a,n/a,,false,/productos/floyd-stylus-5837/,0,,,C_REDIRECT_LEGACY,
https://www.kronosolopromocionales.com/productos/mouse-pad-vaniat/,redirect,false,301,false,false,n/a,n/a,,false,/productos/mouse-pad-vaniat-9862/,0,,,C_REDIRECT_LEGACY,
https://www.kronosolopromocionales.com/productos/medidor-de-presion-para-neumaticos-nuevo/,redirect,false,301,false,false,n/a,n/a,,false,/productos/medidor-de-presion-para-neumaticos-nuevo-13297/,0,,,C_REDIRECT_LEGACY,
https://www.kronosolopromocionales.com/productos/linterna-cob-power/,redirect,false,301,false,false,n/a,n/a,,false,/productos/linterna-cob-power-9544/,0,,,C_REDIRECT_LEGACY,
https://www.kronosolopromocionales.com/productos/sticky-set-leader-eco/,redirect,false,301,false,false,n/a,n/a,,false,/productos/sticky-set-leader-eco-3382/,0,,,C_REDIRECT_LEGACY,
https://www.kronosolopromocionales.com/productos/audifonos-boom-precio-bomba/,redirect,false,301,false,false,n/a,n/a,,false,/productos/audifonos-boom-precio-bomba-5657/,0,,,C_REDIRECT_LEGACY,
https://www.kronosolopromocionales.com/productos/resaltador-magico-en-cera/,redirect,false,301,false,false,n/a,n/a,,false,/productos/resaltador-magico-en-cera-4672/,0,,,C_REDIRECT_LEGACY,
https://www.kronosolopromocionales.com/productos/rastreador-airtag-boomtag-nuevo/,redirect,false,301,false,false,n/a,n/a,,false,/productos/rastreador-airtag-boomtag-nuevo-13210/,0,,,C_REDIRECT_LEGACY,
https://www.kronosolopromocionales.com/productos/bolsa-en-cambrel-con-fuelle-para-sublimacion-nuevo-13587-2022/,redirect,false,301,false,false,n/a,n/a,,false,/productos/bolsa-en-cambrel-con-fuelle-para-sublimacion-nuevo-13587/,0,,,C_REDIRECT_LEGACY,
https://www.kronosolopromocionales.com/productos/bolsa-en-cambrel-arcadia-para-sublimacion-nuevo-13591-2023/,redirect,false,301,false,false,n/a,n/a,,false,/productos/bolsa-en-cambrel-arcadia-para-sublimacion-nuevo-13591/,0,,,C_REDIRECT_LEGACY,
https://www.kronosolopromocionales.com/productos/portarretrato-kids-nuevo-13563-2039/,redirect,false,301,false,false,n/a,n/a,,false,/productos/portarretrato-kids-nuevo-13563/,0,,,C_REDIRECT_LEGACY,
https://www.kronosolopromocionales.com/productos/rastreador-chili-card-nuevo-13533-2062/,redirect,false,301,false,false,n/a,n/a,,false,/productos/rastreador-chili-card-nuevo-13533/,0,,,C_REDIRECT_LEGACY,
https://www.kronosolopromocionales.com/productos/speaker-bluetooth-auralux-13471-2172/,redirect,false,301,false,false,n/a,n/a,,false,/productos/speaker-bluetooth-auralux-13471/,0,,,C_REDIRECT_LEGACY,
https://www.kronosolopromocionales.com/productos/rastreador-airtag-vibe-13204-2362/,redirect,false,301,false,false,n/a,n/a,,false,/productos/rastreador-airtag-vibe-13204/,0,,,C_REDIRECT_LEGACY,
https://www.kronosolopromocionales.com/productos/alcancia-piggy-max-13495-2364/,redirect,false,301,false,false,n/a,n/a,,false,/productos/alcancia-piggy-max-13495/,0,,,C_REDIRECT_LEGACY,
https://www.kronosolopromocionales.com/productos/tajalapiz-plastico-school-10998-2395/,redirect,false,301,false,false,n/a,n/a,,false,/productos/tajalapiz-plastico-school-10998/,0,,,C_REDIRECT_LEGACY,
https://www.kronosolopromocionales.com/productos/reloj-de-agua-power-10828-2396/,redirect,false,301,false,false,n/a,n/a,,false,/productos/reloj-de-agua-power-10828/,0,,,C_REDIRECT_LEGACY,
https://www.kronosolopromocionales.com/productos/ventilador-spray-10923-2401/,redirect,false,301,false,false,n/a,n/a,,false,/productos/ventilador-spray-10923/,0,,,C_REDIRECT_LEGACY,
https://www.kronosolopromocionales.com/productos/cinta-portacarnet-puzzle-10833-2402/,redirect,false,301,false,false,n/a,n/a,,false,/productos/cinta-portacarnet-puzzle-10833/,0,,,C_REDIRECT_LEGACY,
https://www.kronosolopromocionales.com/productos/cubo-pop-it-10973-2403/,redirect,false,301,false,false,n/a,n/a,,false,/productos/cubo-pop-it-10973/,0,,,C_REDIRECT_LEGACY,
https://www.kronosolopromocionales.com/productos/bola-para-mascotas-10979-2404/,redirect,false,301,false,false,n/a,n/a,,false,/productos/bola-para-mascotas-10979/,0,,,C_REDIRECT_LEGACY,
https://www.kronosolopromocionales.com/productos/set-limpiador-7-en-1-10980-2405/,redirect,false,301,false,false,n/a,n/a,,false,/productos/set-limpiador-7-en-1-10980/,0,,,C_REDIRECT_LEGACY,
https://www.kronosolopromocionales.com/productos/mini-monedero-en-silicona-6241-2436/,redirect,false,301,false,false,n/a,n/a,,false,/productos/mini-monedero-en-silicona-6241/,0,,,C_REDIRECT_LEGACY,
https://www.kronosolopromocionales.com/productos/abanico-2697-2459/,redirect,false,301,false,false,n/a,n/a,,false,/productos/abanico-2697/,0,,,C_REDIRECT_LEGACY,
https://www.kronosolopromocionales.com/productos/pesa-de-viaje-digital-6262-2461/,redirect,false,301,false,false,n/a,n/a,,false,/productos/pesa-de-viaje-digital-6262/,0,,,C_REDIRECT_LEGACY,
https://www.kronosolopromocionales.com/productos/estuche-multiusos-boxx-produccion-nacional-6702-2490/,redirect,false,301,false,false,n/a,n/a,,false,/productos/estuche-multiusos-boxx-produccion-nacional-6702/,0,,,C_REDIRECT_LEGACY,
https://www.kronosolopromocionales.com/productos/set-de-colores-kidz-6558-2494/,redirect,false,301,false,false,n/a,n/a,,false,/productos/set-de-colores-kidz-6558/,0,,,C_REDIRECT_LEGACY,
https://www.kronosolopromocionales.com/productos/alcancia-elefante-2-1-6410-2495/,redirect,false,301,false,false,n/a,n/a,,false,/productos/alcancia-elefante-2-1-6410/,0,,,C_REDIRECT_LEGACY,
https://www.kronosolopromocionales.com/productos/alcancia-cow-oferta-7595-2499/,redirect,false,301,false,false,n/a,n/a,,false,/productos/alcancia-cow-oferta-7595/,0,,,C_REDIRECT_LEGACY,
https://www.kronosolopromocionales.com/productos/portarretrato-cork-10530-2637/,redirect,false,301,false,false,n/a,n/a,,false,/productos/portarretrato-cork-10530/,0,,,C_REDIRECT_LEGACY,
https://www.kronosolopromocionales.com/productos/ventilador-hook-10472-2639/,redirect,false,301,false,false,n/a,n/a,,false,/productos/ventilador-hook-10472/,0,,,C_REDIRECT_LEGACY,
https://www.kronosolopromocionales.com/productos/set-bbq-con-delantal-9711-2649/,redirect,false,301,false,false,n/a,n/a,,false,/productos/set-bbq-con-delantal-9711/,0,,,C_REDIRECT_LEGACY,
https://www.kronosolopromocionales.com/productos/set-de-tablas-cuisine-oferta-9749-2655/,redirect,false,301,false,false,n/a,n/a,,false,/productos/set-de-tablas-cuisine-oferta-9749/,0,,,C_REDIRECT_LEGACY,
https://www.kronosolopromocionales.com/productos/portacomidas-spencer-10334-2660/,redirect,false,301,false,false,n/a,n/a,,false,/productos/portacomidas-spencer-10334/,0,,,C_REDIRECT_LEGACY,
https://www.kronosolopromocionales.com/productos/set-de-cubiertos-metalicos-rpet-10435-2665/,redirect,false,301,false,false,n/a,n/a,,false,/productos/set-de-cubiertos-metalicos-rpet-10435/,0,,,C_REDIRECT_LEGACY,
https://www.kronosolopromocionales.com/productos/portacomidas-celebrity-10535-2666/,redirect,false,301,false,false,n/a,n/a,,false,/productos/portacomidas-celebrity-10535/,0,,,C_REDIRECT_LEGACY,
https://www.kronosolopromocionales.com/productos/akker-bbq-electrico-10369-2668/,redirect,false,301,false,false,n/a,n/a,,false,/productos/akker-bbq-electrico-10369/,0,,,C_REDIRECT_LEGACY,
https://www.kronosolopromocionales.com/productos/set-de-queso-italy-10057-2695/,redirect,false,301,false,false,n/a,n/a,,false,/productos/set-de-queso-italy-10057/,0,,,C_REDIRECT_LEGACY,
https://www.kronosolopromocionales.com/productos/set-de-bbq-en-aluminio-6-piezas-1866-2707/,redirect,false,301,false,false,n/a,n/a,,false,/productos/set-de-bbq-en-aluminio-6-piezas-1866/,0,,,C_REDIRECT_LEGACY,
https://www.kronosolopromocionales.com/productos/set-de-bbq-6-piezas-3773-2708/,redirect,false,301,false,false,n/a,n/a,,false,/productos/set-de-bbq-6-piezas-3773/,0,,,C_REDIRECT_LEGACY,
https://www.kronosolopromocionales.com/productos/mini-pano-microfibra-5390-2718/,redirect,false,301,false,false,n/a,n/a,,false,/productos/mini-pano-microfibra-5390/,0,,,C_REDIRECT_LEGACY,
https://www.kronosolopromocionales.com/productos/portacomidas-electrico-6599-2721/,redirect,false,301,false,false,n/a,n/a,,false,/productos/portacomidas-electrico-6599/,0,,,C_REDIRECT_LEGACY,
https://www.kronosolopromocionales.com/productos/set-de-queso-edam-8486-2739/,redirect,false,301,false,false,n/a,n/a,,false,/productos/set-de-queso-edam-8486/,0,,,C_REDIRECT_LEGACY,
https://www.kronosolopromocionales.com/productos/set-de-queso-cajun-9139-2752/,redirect,false,301,false,false,n/a,n/a,,false,/productos/set-de-queso-cajun-9139/,0,,,C_REDIRECT_LEGACY,
https://www.kronosolopromocionales.com/productos/set-bbq-stanton-9172-2753/,redirect,false,301,false,false,n/a,n/a,,false,/productos/set-bbq-stanton-9172/,0,,,C_REDIRECT_LEGACY,
https://www.kronosolopromocionales.com/productos/set-de-2-utensilios-para-queso-book-oferta-9540-2765/,redirect,false,301,false,false,n/a,n/a,,false,/productos/set-de-2-utensilios-para-queso-book-oferta-9540/,0,,,C_REDIRECT_LEGACY,
https://www.kronosolopromocionales.com/productos/bbq-grill-cook-9623-2773/,redirect,false,301,false,false,n/a,n/a,,false,/productos/bbq-grill-cook-9623/,0,,,C_REDIRECT_LEGACY,
https://www.kronosolopromocionales.com/productos/boligrafo-dormin-bamboo-10839-2882/,redirect,false,301,false,false,n/a,n/a,,false,/productos/boligrafo-dormin-bamboo-10839/,0,,,C_REDIRECT_LEGACY,
https://www.kronosolopromocionales.com/productos/cordon-para-portacelular-holder-eco-10511-2893/,redirect,false,301,false,false,n/a,n/a,,false,/productos/cordon-para-portacelular-holder-eco-10511/,0,,,C_REDIRECT_LEGACY,
https://www.kronosolopromocionales.com/productos/estuche-con-portacelular-rpet-10433-2894/,redirect,false,301,false,false,n/a,n/a,,false,/productos/estuche-con-portacelular-rpet-10433/,0,,,C_REDIRECT_LEGACY,
https://www.kronosolopromocionales.com/productos/portacelular-2-1-eco-10436-2895/,redirect,false,301,false,false,n/a,n/a,,false,/productos/portacelular-2-1-eco-10436/,0,,,C_REDIRECT_LEGACY,
https://www.kronosolopromocionales.com/productos/portaboligrafos-lumi-rpet-10811-2912/,redirect,false,301,false,false,n/a,n/a,,false,/productos/portaboligrafos-lumi-rpet-10811/,0,,,C_REDIRECT_LEGACY,
https://www.kronosolopromocionales.com/productos/libreta-pollux-eco-11019-2919/,redirect,false,301,false,false,n/a,n/a,,false,/productos/libreta-pollux-eco-11019/,0,,,C_REDIRECT_LEGACY,
https://www.kronosolopromocionales.com/productos/libreta-arista-11024-2921/,redirect,false,301,false,false,n/a,n/a,,false,/productos/libreta-arista-11024/,0,,,C_REDIRECT_LEGACY,
https://www.kronosolopromocionales.com/productos/mouse-pad-cork-con-apoya-munecas-10557-2949/,redirect,false,301,false,false,n/a,n/a,,false,/productos/mouse-pad-cork-con-apoya-munecas-10557/,0,,,C_REDIRECT_LEGACY,
https://www.kronosolopromocionales.com/productos/libreta-legend-rpet-10096-2961/,redirect,false,301,false,false,n/a,n/a,,false,/productos/libreta-legend-rpet-10096/,0,,,C_REDIRECT_LEGACY,
https://www.kronosolopromocionales.com/productos/libreta-igor-bamboo-10309-2975/,redirect,false,301,false,false,n/a,n/a,,false,/productos/libreta-igor-bamboo-10309/,0,,,C_REDIRECT_LEGACY,
https://www.kronosolopromocionales.com/productos/set-de-escritorio-en-pu-stickies-y-resaltadores-magicos-5503-2985/,redirect,false,301,false,false,n/a,n/a,,false,/productos/set-de-escritorio-en-pu-stickies-y-resaltadores-magicos-5503/,0,,,C_REDIRECT_LEGACY,
https://www.kronosolopromocionales.com/productos/carpeta-folder-a4-crown-5507-3021/,redirect,false,301,false,false,n/a,n/a,,false,/productos/carpeta-folder-a4-crown-5507/,0,,,C_REDIRECT_LEGACY,
https://www.kronosolopromocionales.com/productos/carpeta-folder-sencillo-en-pvc-1888-3022/,redirect,false,301,false,false,n/a,n/a,,false,/productos/carpeta-folder-sencillo-en-pvc-1888/,0,,,C_REDIRECT_LEGACY,
https://www.kronosolopromocionales.com/productos/carpeta-folder-london-6844-3025/,redirect,false,301,false,false,n/a,n/a,,false,/productos/carpeta-folder-london-6844/,0,,,C_REDIRECT_LEGACY,
https://www.kronosolopromocionales.com/productos/libreta-igor-80-hojas-6843-3027/,redirect,false,301,false,false,n/a,n/a,,false,/productos/libreta-igor-80-hojas-6843/,0,,,C_REDIRECT_LEGACY,
https://www.kronosolopromocionales.com/productos/set-de-escritorio-magnum-6829-3029/,redirect,false,301,false,false,n/a,n/a,,false,/productos/set-de-escritorio-magnum-6829/,0,,,C_REDIRECT_LEGACY,
https://www.kronosolopromocionales.com/productos/set-de-escritorio-octagon-8072-3048/,redirect,false,301,false,false,n/a,n/a,,false,/productos/set-de-escritorio-octagon-8072/,0,,,C_REDIRECT_LEGACY,
https://www.kronosolopromocionales.com/productos/carpeta-folder-swiss-peak-a5-8936-3076/,redirect,false,301,false,false,n/a,n/a,,false,/productos/carpeta-folder-swiss-peak-a5-8936/,0,,,C_REDIRECT_LEGACY,
https://www.kronosolopromocionales.com/productos/libreta-cork-9111-3084/,redirect,false,301,false,false,n/a,n/a,,false,/productos/libreta-cork-9111/,0,,,C_REDIRECT_LEGACY,
https://www.kronosolopromocionales.com/productos/audifonos-bowie-con-manos-libres-tipo-c-10702-3215/,redirect,false,301,false,false,n/a,n/a,,false,/productos/audifonos-bowie-con-manos-libres-tipo-c-10702/,0,,,C_REDIRECT_LEGACY,
https://www.kronosolopromocionales.com/productos/speaker-bluetooth-soundbar-9796-3221/,redirect,false,301,false,false,n/a,n/a,,false,/productos/speaker-bluetooth-soundbar-9796/,0,,,C_REDIRECT_LEGACY,
https://www.kronosolopromocionales.com/productos/soporte-para-moviles-nixon-bamboo-10339-3225/,redirect,false,301,false,false,n/a,n/a,,false,/productos/soporte-para-moviles-nixon-bamboo-10339/,0,,,C_REDIRECT_LEGACY,
https://www.kronosolopromocionales.com/productos/soporte-para-moviles-jet-10706-3244/,redirect,false,301,false,false,n/a,n/a,,false,/productos/soporte-para-moviles-jet-10706/,0,,,C_REDIRECT_LEGACY,
https://www.kronosolopromocionales.com/productos/audifonos-bluetooth-jumper-10769-3257/,redirect,false,301,false,false,n/a,n/a,,false,/productos/audifonos-bluetooth-jumper-10769/,0,,,C_REDIRECT_LEGACY,
https://www.kronosolopromocionales.com/productos/speaker-bluetooth-clock-eco-10835-3260/,redirect,false,301,false,false,n/a,n/a,,false,/productos/speaker-bluetooth-clock-eco-10835/,0,,,C_REDIRECT_LEGACY,
https://www.kronosolopromocionales.com/productos/puerto-usb-massimo-bamboo-10813-3262/,redirect,false,301,false,false,n/a,n/a,,false,/productos/puerto-usb-massimo-bamboo-10813/,0,,,C_REDIRECT_LEGACY,
https://www.kronosolopromocionales.com/productos/puerto-usb-ruler-bamboo-10814-3263/,redirect,false,301,false,false,n/a,n/a,,false,/productos/puerto-usb-ruler-bamboo-10814/,0,,,C_REDIRECT_LEGACY,
https://www.kronosolopromocionales.com/productos/pila-recargable-power-bank-con-boton-2200mah-7517-3283/,redirect,false,301,false,false,n/a,n/a,,false,/productos/pila-recargable-power-bank-con-boton-2200mah-7517/,0,,,C_REDIRECT_LEGACY,
https://www.kronosolopromocionales.com/productos/portatarjetas-con-organizador-de-cables-8109-3286/,redirect,false,301,false,false,n/a,n/a,,false,/productos/portatarjetas-con-organizador-de-cables-8109/,0,,,C_REDIRECT_LEGACY,
https://www.kronosolopromocionales.com/productos/speaker-bluetooth-barack-8135-3288/,redirect,false,301,false,false,n/a,n/a,,false,/productos/speaker-bluetooth-barack-8135/,0,,,C_REDIRECT_LEGACY,
https://www.kronosolopromocionales.com/productos/soporte-para-moviles-pump-8230-3289/,redirect,false,301,false,false,n/a,n/a,,false,/productos/soporte-para-moviles-pump-8230/,0,,,C_REDIRECT_LEGACY,
https://www.kronosolopromocionales.com/productos/speaker-bluetooth-rainbow-8656-3290/,redirect,false,301,false,false,n/a,n/a,,false,/productos/speaker-bluetooth-rainbow-8656/,0,,,C_REDIRECT_LEGACY,
https://www.kronosolopromocionales.com/productos/speaker-bluetooth-rocco-8637-3291/,redirect,false,301,false,false,n/a,n/a,,false,/productos/speaker-bluetooth-rocco-8637/,0,,,C_REDIRECT_LEGACY,
https://www.kronosolopromocionales.com/productos/pila-recargable-en-aluminio-4000mah-8727-3292/,redirect,false,301,false,false,n/a,n/a,,false,/productos/pila-recargable-en-aluminio-4000mah-8727/,0,,,C_REDIRECT_LEGACY,
https://www.kronosolopromocionales.com/productos/speaker-bluetooth-bass-swiss-peak-8933-3296/,redirect,false,301,false,false,n/a,n/a,,false,/productos/speaker-bluetooth-bass-swiss-peak-8933/,0,,,C_REDIRECT_LEGACY,
https://www.kronosolopromocionales.com/productos/speaker-bluetooth-zero-boompods-10591-3317/,redirect,false,301,false,false,n/a,n/a,,false,/productos/speaker-bluetooth-zero-boompods-10591/,0,,,C_REDIRECT_LEGACY,
https://www.kronosolopromocionales.com/productos/canguro-athos-rpet-10418-3350/,redirect,false,301,false,false,n/a,n/a,,false,/productos/canguro-athos-rpet-10418/,0,,,C_REDIRECT_LEGACY,
https://www.kronosolopromocionales.com/productos/canguro-snap-rpet-10419-3351/,redirect,false,301,false,false,n/a,n/a,,false,/productos/canguro-snap-rpet-10419/,0,,,C_REDIRECT_LEGACY,
https://www.kronosolopromocionales.com/productos/maletin-neo-urban-travel-10550-3357/,redirect,false,301,false,false,n/a,n/a,,false,/productos/maletin-neo-urban-travel-10550/,0,,,C_REDIRECT_LEGACY,
https://www.kronosolopromocionales.com/productos/canguro-sandy-10569-3367/,redirect,false,301,false,false,n/a,n/a,,false,/productos/canguro-sandy-10569/,0,,,C_REDIRECT_LEGACY,
https://www.kronosolopromocionales.com/productos/portadocumentos-de-viaje-paris-10608-3371/,redirect,false,301,false,false,n/a,n/a,,false,/productos/portadocumentos-de-viaje-paris-10608/,0,,,C_REDIRECT_LEGACY,
https://www.kronosolopromocionales.com/productos/set-de-viaje-swiss-peak-travel-10611-3372/,redirect,false,301,false,false,n/a,n/a,,false,/productos/set-de-viaje-swiss-peak-travel-10611/,0,,,C_REDIRECT_LEGACY,
https://www.kronosolopromocionales.com/productos/funda-portalaptop-swiss-peak-10612-3373/,redirect,false,301,false,false,n/a,n/a,,false,/productos/funda-portalaptop-swiss-peak-10612/,0,,,C_REDIRECT_LEGACY,
https://www.kronosolopromocionales.com/productos/morral-backpack-alpha-10333-3375/,redirect,false,301,false,false,n/a,n/a,,false,/productos/morral-backpack-alpha-10333/,0,,,C_REDIRECT_LEGACY,
https://www.kronosolopromocionales.com/productos/morral-backpack-master-ocean-10668-3376/,redirect,false,301,false,false,n/a,n/a,,false,/productos/morral-backpack-master-ocean-10668/,0,,,C_REDIRECT_LEGACY,
https://www.kronosolopromocionales.com/productos/maletin-master-ocean-10669-3377/,redirect,false,301,false,false,n/a,n/a,,false,/productos/maletin-master-ocean-10669/,0,,,C_REDIRECT_LEGACY,
https://www.kronosolopromocionales.com/productos/organizador-multiusos-lyra-10675-3379/,redirect,false,301,false,false,n/a,n/a,,false,/productos/organizador-multiusos-lyra-10675/,0,,,C_REDIRECT_LEGACY,
https://www.kronosolopromocionales.com/productos/morral-backpack-bobby-edge-10762-3383/,redirect,false,301,false,false,n/a,n/a,,false,/productos/morral-backpack-bobby-edge-10762/,0,,,C_REDIRECT_LEGACY,
https://www.kronosolopromocionales.com/productos/morral-backpack-bizz-20-10763-3384/,redirect,false,301,false,false,n/a,n/a,,false,/productos/morral-backpack-bizz-20-10763/,0,,,C_REDIRECT_LEGACY,
https://www.kronosolopromocionales.com/productos/morral-backpack-soft-pack-10764-3385/,redirect,false,301,false,false,n/a,n/a,,false,/productos/morral-backpack-soft-pack-10764/,0,,,C_REDIRECT_LEGACY,
https://www.kronosolopromocionales.com/productos/morral-backpack-mush-2-10487-3386/,redirect,false,301,false,false,n/a,n/a,,false,/productos/morral-backpack-mush-2-10487/,0,,,C_REDIRECT_LEGACY,
https://www.kronosolopromocionales.com/productos/organizador-de-viaje-cork-9815-3390/,redirect,false,301,false,false,n/a,n/a,,false,/productos/organizador-de-viaje-cork-9815/,0,,,C_REDIRECT_LEGACY,
https://www.kronosolopromocionales.com/productos/morral-backpack-legacy-urban-travel-9818-3392/,redirect,false,301,false,false,n/a,n/a,,false,/productos/morral-backpack-legacy-urban-travel-9818/,0,,,C_REDIRECT_LEGACY,
https://www.kronosolopromocionales.com/productos/morral-backpack-crosby-urban-travel-9819-3393/,redirect,false,301,false,false,n/a,n/a,,false,/productos/morral-backpack-crosby-urban-travel-9819/,0,,,C_REDIRECT_LEGACY,
https://www.kronosolopromocionales.com/productos/morral-backpack-randy-9820-3394/,redirect,false,301,false,false,n/a,n/a,,false,/productos/morral-backpack-randy-9820/,0,,,C_REDIRECT_LEGACY,
https://www.kronosolopromocionales.com/productos/morral-backpack-antirrobo-bobby-soft-9831-3399/,redirect,false,301,false,false,n/a,n/a,,false,/productos/morral-backpack-antirrobo-bobby-soft-9831/,0,,,C_REDIRECT_LEGACY,
https://www.kronosolopromocionales.com/productos/morral-backpack-antirrobo-chili-9834-3401/,redirect,false,301,false,false,n/a,n/a,,false,/productos/morral-backpack-antirrobo-chili-9834/,0,,,C_REDIRECT_LEGACY,
https://www.kronosolopromocionales.com/productos/bolsa-en-cambrel-queen-6293-3402/,redirect,false,301,false,false,n/a,n/a,,false,/productos/bolsa-en-cambrel-queen-6293/,0,,,C_REDIRECT_LEGACY,
https://www.kronosolopromocionales.com/productos/bolso-venecia-nacional-6221-3403/,redirect,false,301,false,false,n/a,n/a,,false,/productos/bolso-venecia-nacional-6221/,0,,,C_REDIRECT_LEGACY,
https://www.kronosolopromocionales.com/productos/morral-backpack-nordic-oferta-7060-3405/,redirect,false,301,false,false,n/a,n/a,,false,/productos/morral-backpack-nordic-oferta-7060/,0,,,C_REDIRECT_LEGACY,
https://www.kronosolopromocionales.com/productos/organizador-de-viaje-florida-6265-3410/,redirect,false,301,false,false,n/a,n/a,,false,/productos/organizador-de-viaje-florida-6265/,0,,,C_REDIRECT_LEGACY,
https://www.kronosolopromocionales.com/productos/organizador-de-viaje-zipper-4269-3411/,redirect,false,301,false,false,n/a,n/a,,false,/productos/organizador-de-viaje-zipper-4269/,0,,,C_REDIRECT_LEGACY,
https://www.kronosolopromocionales.com/productos/portadocumentos-de-viaje-swiss-peak-6267-3412/,redirect,false,301,false,false,n/a,n/a,,false,/productos/portadocumentos-de-viaje-swiss-peak-6267/,0,,,C_REDIRECT_LEGACY,
https://www.kronosolopromocionales.com/productos/organizador-de-viaje-city-6944-3415/,redirect,false,301,false,false,n/a,n/a,,false,/productos/organizador-de-viaje-city-6944/,0,,,C_REDIRECT_LEGACY,
https://www.kronosolopromocionales.com/productos/morral-city-backpack-6266-3417/,redirect,false,301,false,false,n/a,n/a,,false,/productos/morral-city-backpack-6266/,0,,,C_REDIRECT_LEGACY,
https://www.kronosolopromocionales.com/productos/bolsa-metalizada-6933-3418/,redirect,false,301,false,false,n/a,n/a,,false,/productos/bolsa-metalizada-6933/,0,,,C_REDIRECT_LEGACY,
https://www.kronosolopromocionales.com/productos/maletin-trolley-florida-weekend-oferta-4888-3421/,redirect,false,301,false,false,n/a,n/a,,false,/productos/maletin-trolley-florida-weekend-oferta-4888/,0,,,C_REDIRECT_LEGACY,
https://www.kronosolopromocionales.com/productos/cosmetiquera-venecia-6904-3422/,redirect,false,301,false,false,n/a,n/a,,false,/productos/cosmetiquera-venecia-6904/,0,,,C_REDIRECT_LEGACY,
https://www.kronosolopromocionales.com/productos/morral-city-backpack-trolley-6268-3423/,redirect,false,301,false,false,n/a,n/a,,false,/productos/morral-city-backpack-trolley-6268/,0,,,C_REDIRECT_LEGACY,
https://www.kronosolopromocionales.com/productos/maletin-trolley-city-4886-3424/,redirect,false,301,false,false,n/a,n/a,,false,/productos/maletin-trolley-city-4886/,0,,,C_REDIRECT_LEGACY,
https://www.kronosolopromocionales.com/productos/nevera-cooler-bag-trolley-1073-3425/,redirect,false,301,false,false,n/a,n/a,,false,/productos/nevera-cooler-bag-trolley-1073/,0,,,C_REDIRECT_LEGACY,
https://www.kronosolopromocionales.com/productos/portadocumentos-security-7598-3432/,redirect,false,301,false,false,n/a,n/a,,false,/productos/portadocumentos-security-7598/,0,,,C_REDIRECT_LEGACY,
https://www.kronosolopromocionales.com/productos/portapasaporte-security-7599-3433/,redirect,false,301,false,false,n/a,n/a,,false,/productos/portapasaporte-security-7599/,0,,,C_REDIRECT_LEGACY,
https://www.kronosolopromocionales.com/productos/maletin-portadocumentos-urban-travel-7606-3436/,redirect,false,301,false,false,n/a,n/a,,false,/productos/maletin-portadocumentos-urban-travel-7606/,0,,,C_REDIRECT_LEGACY,
https://www.kronosolopromocionales.com/productos/maletin-urban-travel-7608-3437/,redirect,false,301,false,false,n/a,n/a,,false,/productos/maletin-urban-travel-7608/,0,,,C_REDIRECT_LEGACY,
https://www.kronosolopromocionales.com/productos/trolley-morral-backpack-urban-travel-7609-3438/,redirect,false,301,false,false,n/a,n/a,,false,/productos/trolley-morral-backpack-urban-travel-7609/,0,,,C_REDIRECT_LEGACY,
https://www.kronosolopromocionales.com/productos/morral-backpack-derex-8541-3444/,redirect,false,301,false,false,n/a,n/a,,false,/productos/morral-backpack-derex-8541/,0,,,C_REDIRECT_LEGACY,
https://www.kronosolopromocionales.com/productos/morral-backpack-mangini-urban-travel-9220-3446/,redirect,false,301,false,false,n/a,n/a,,false,/productos/morral-backpack-mangini-urban-travel-9220/,0,,,C_REDIRECT_LEGACY,
https://www.kronosolopromocionales.com/productos/morral-backpack-antirrobo-royal-9213-3447/,redirect,false,301,false,false,n/a,n/a,,false,/productos/morral-backpack-antirrobo-royal-9213/,0,,,C_REDIRECT_LEGACY,
https://www.kronosolopromocionales.com/productos/morral-backpack-catoy-9211-3448/,redirect,false,301,false,false,n/a,n/a,,false,/productos/morral-backpack-catoy-9211/,0,,,C_REDIRECT_LEGACY,
https://www.kronosolopromocionales.com/productos/sporty-bag-metallic-oferta-9166-3451/,redirect,false,301,false,false,n/a,n/a,,false,/productos/sporty-bag-metallic-oferta-9166/,0,,,C_REDIRECT_LEGACY,
https://www.kronosolopromocionales.com/productos/morral-backpack-strings-9598-3457/,redirect,false,301,false,false,n/a,n/a,,false,/productos/morral-backpack-strings-9598/,0,,,C_REDIRECT_LEGACY,
https://www.kronosolopromocionales.com/productos/morral-backpack-king-urban-travel-9599-3458/,redirect,false,301,false,false,n/a,n/a,,false,/productos/morral-backpack-king-urban-travel-9599/,0,,,C_REDIRECT_LEGACY,
https://www.kronosolopromocionales.com/productos/organizador-de-viaje-swiss-peak-kool-9610-3460/,redirect,false,301,false,false,n/a,n/a,,false,/productos/organizador-de-viaje-swiss-peak-kool-9610/,0,,,C_REDIRECT_LEGACY,
https://www.kronosolopromocionales.com/productos/maletin-deportivo-soccer-oferta-9930-3463/,redirect,false,301,false,false,n/a,n/a,,false,/productos/maletin-deportivo-soccer-oferta-9930/,0,,,C_REDIRECT_LEGACY,
https://www.kronosolopromocionales.com/productos/canguro-strike-urban-travel-10166-3466/,redirect,false,301,false,false,n/a,n/a,,false,/productos/canguro-strike-urban-travel-10166/,0,,,C_REDIRECT_LEGACY,
https://www.kronosolopromocionales.com/productos/morral-backpack-kepler-urban-travel-10164-3468/,redirect,false,301,false,false,n/a,n/a,,false,/productos/morral-backpack-kepler-urban-travel-10164/,0,,,C_REDIRECT_LEGACY,
https://www.kronosolopromocionales.com/productos/morral-backpack-jinx-urban-travel-10163-3469/,redirect,false,301,false,false,n/a,n/a,,false,/productos/morral-backpack-jinx-urban-travel-10163/,0,,,C_REDIRECT_LEGACY,
https://www.kronosolopromocionales.com/productos/trolley-morral-backpack-senior-urban-travel-10168-3470/,redirect,false,301,false,false,n/a,n/a,,false,/productos/trolley-morral-backpack-senior-urban-travel-10168/,0,,,C_REDIRECT_LEGACY,
https://www.kronosolopromocionales.com/productos/organizador-de-viaje-swiss-peak-rpet-10181-3472/,redirect,false,301,false,false,n/a,n/a,,false,/productos/organizador-de-viaje-swiss-peak-rpet-10181/,0,,,C_REDIRECT_LEGACY,
https://www.kronosolopromocionales.com/productos/morral-backpack-flex-gym-10176-3474/,redirect,false,301,false,false,n/a,n/a,,false,/productos/morral-backpack-flex-gym-10176/,0,,,C_REDIRECT_LEGACY,
https://www.kronosolopromocionales.com/productos/botilito-metalico-murphy-750ml-10503-3503/,redirect,false,301,false,false,n/a,n/a,,false,/productos/botilito-metalico-murphy-750ml-10503/,0,,,C_REDIRECT_LEGACY,
https://www.kronosolopromocionales.com/productos/botilito-metalico-para-sublimacion-wolfgang-500ml-9967-3522/,redirect,false,301,false,false,n/a,n/a,,false,/productos/botilito-metalico-para-sublimacion-wolfgang-500ml-9967/,0,,,C_REDIRECT_LEGACY,
https://www.kronosolopromocionales.com/productos/botilito-en-aluminio-para-sublimacion-parsons-750ml-9968-3523/,redirect,false,301,false,false,n/a,n/a,,false,/productos/botilito-en-aluminio-para-sublimacion-parsons-750ml-9968/,0,,,C_REDIRECT_LEGACY,
https://www.kronosolopromocionales.com/productos/botilito-metalico-atomic-500ml-9970-3524/,redirect,false,301,false,false,n/a,n/a,,false,/productos/botilito-metalico-atomic-500ml-9970/,0,,,C_REDIRECT_LEGACY,
https://www.kronosolopromocionales.com/productos/termo-bullet-350ml-912-3551/,redirect,false,301,false,false,n/a,n/a,,false,/productos/termo-bullet-350ml-912/,0,,,C_REDIRECT_LEGACY,
https://www.kronosolopromocionales.com/productos/mug-doble-pared-en-acero-ii-16oz-1342-3552/,redirect,false,301,false,false,n/a,n/a,,false,/productos/mug-doble-pared-en-acero-ii-16oz-1342/,0,,,C_REDIRECT_LEGACY,
https://www.kronosolopromocionales.com/productos/minimug-en-acero-con-tapa-180ml-3481-3553/,redirect,false,301,false,false,n/a,n/a,,false,/productos/minimug-en-acero-con-tapa-180ml-3481/,0,,,C_REDIRECT_LEGACY,
https://www.kronosolopromocionales.com/productos/aro-de-silicona-para-mug-orbit-5890-3554/,redirect,false,301,false,false,n/a,n/a,,false,/productos/aro-de-silicona-para-mug-orbit-5890/,0,,,C_REDIRECT_LEGACY,
https://www.kronosolopromocionales.com/productos/mezclador-en-acero-inoxidable-6701-3565/,redirect,false,301,false,false,n/a,n/a,,false,/productos/mezclador-en-acero-inoxidable-6701/,0,,,C_REDIRECT_LEGACY,
https://www.kronosolopromocionales.com/productos/botilito-metalico-jupiter-500-ml-8514-3572/,redirect,false,301,false,false,n/a,n/a,,false,/productos/botilito-metalico-jupiter-500-ml-8514/,0,,,C_REDIRECT_LEGACY,
https://www.kronosolopromocionales.com/productos/botilito-metalico-wolfgang-500-ml-8531-3573/,redirect,false,301,false,false,n/a,n/a,,false,/productos/botilito-metalico-wolfgang-500-ml-8531/,0,,,C_REDIRECT_LEGACY,
https://www.kronosolopromocionales.com/productos/botilito-metalico-hans-600ml-9437-3589/,redirect,false,301,false,false,n/a,n/a,,false,/productos/botilito-metalico-hans-600ml-9437/,0,,,C_REDIRECT_LEGACY,
https://www.kronosolopromocionales.com/productos/tapa-pestana-para-botilito-saturno-7686-3599/,redirect,false,301,false,false,n/a,n/a,,false,/productos/tapa-pestana-para-botilito-saturno-7686/,0,,,C_REDIRECT_LEGACY,
https://www.kronosolopromocionales.com/productos/agarradera-en-polietileno-nuevo-13405-3603/,redirect,false,301,false,false,n/a,n/a,,false,/productos/agarradera-en-polietileno-nuevo-13405/,0,,,C_REDIRECT_LEGACY,
https://www.kronosolopromocionales.com/productos/boligrafo-alden-10441-3604/,redirect,false,301,false,false,n/a,n/a,,false,/productos/boligrafo-alden-10441/,0,,,C_REDIRECT_LEGACY,
https://www.kronosolopromocionales.com/productos/boligrafo-ashby-10428-3607/,redirect,false,301,false,false,n/a,n/a,,false,/productos/boligrafo-ashby-10428/,0,,,C_REDIRECT_LEGACY,
https://www.kronosolopromocionales.com/productos/boligrafo-aston-cartoon-10534-3608/,redirect,false,301,false,false,n/a,n/a,,false,/productos/boligrafo-aston-cartoon-10534/,0,,,C_REDIRECT_LEGACY,
https://www.kronosolopromocionales.com/productos/funda-para-boligrafos-rpet-10443-3614/,redirect,false,301,false,false,n/a,n/a,,false,/productos/funda-para-boligrafos-rpet-10443/,0,,,C_REDIRECT_LEGACY,
https://www.kronosolopromocionales.com/productos/boligrafo-foster-10440-3615/,redirect,false,301,false,false,n/a,n/a,,false,/productos/boligrafo-foster-10440/,0,,,C_REDIRECT_LEGACY,
https://www.kronosolopromocionales.com/productos/boligrafo-merrick-10444-3620/,redirect,false,301,false,false,n/a,n/a,,false,/productos/boligrafo-merrick-10444/,0,,,C_REDIRECT_LEGACY,
https://www.kronosolopromocionales.com/productos/boligrafo-sawyer-10515-3621/,redirect,false,301,false,false,n/a,n/a,,false,/productos/boligrafo-sawyer-10515/,0,,,C_REDIRECT_LEGACY,
https://www.kronosolopromocionales.com/productos/boligrafo-vinnie-coffee-10545-3622/,redirect,false,301,false,false,n/a,n/a,,false,/productos/boligrafo-vinnie-coffee-10545/,0,,,C_REDIRECT_LEGACY,
https://www.kronosolopromocionales.com/productos/boligrafo-vinnie-eco-10546-3623/,redirect,false,301,false,false,n/a,n/a,,false,/productos/boligrafo-vinnie-eco-10546/,0,,,C_REDIRECT_LEGACY,
https://www.kronosolopromocionales.com/productos/resaltador-winston-10496-3624/,redirect,false,301,false,false,n/a,n/a,,false,/productos/resaltador-winston-10496/,0,,,C_REDIRECT_LEGACY,
https://www.kronosolopromocionales.com/productos/boligrafo-cartoon-mini-10015-3628/,redirect,false,301,false,false,n/a,n/a,,false,/productos/boligrafo-cartoon-mini-10015/,0,,,C_REDIRECT_LEGACY,
https://www.kronosolopromocionales.com/productos/boligrafo-grayson-stylus-cork-10018-3631/,redirect,false,301,false,false,n/a,n/a,,false,/productos/boligrafo-grayson-stylus-cork-10018/,0,,,C_REDIRECT_LEGACY,
https://www.kronosolopromocionales.com/productos/boligrafo-infinity-2-1-oferta-9962-3633/,redirect,false,301,false,false,n/a,n/a,,false,/productos/boligrafo-infinity-2-1-oferta-9962/,0,,,C_REDIRECT_LEGACY,
https://www.kronosolopromocionales.com/productos/boligrafo-lit-10025-3640/,redirect,false,301,false,false,n/a,n/a,,false,/productos/boligrafo-lit-10025/,0,,,C_REDIRECT_LEGACY,
https://www.kronosolopromocionales.com/productos/boligrafo-lolly-bamboo-eco-9913-3642/,redirect,false,301,false,false,n/a,n/a,,false,/productos/boligrafo-lolly-bamboo-eco-9913/,0,,,C_REDIRECT_LEGACY,
https://www.kronosolopromocionales.com/productos/boligrafo-mop-like-stylus-10030-3644/,redirect,false,301,false,false,n/a,n/a,,false,/productos/boligrafo-mop-like-stylus-10030/,0,,,C_REDIRECT_LEGACY,
https://www.kronosolopromocionales.com/productos/set-de-boligrafos-cork-10039-3650/,redirect,false,301,false,false,n/a,n/a,,false,/productos/set-de-boligrafos-cork-10039/,0,,,C_REDIRECT_LEGACY,
https://www.kronosolopromocionales.com/productos/set-de-boligrafos-flock-oferta-10040-3651/,redirect,false,301,false,false,n/a,n/a,,false,/productos/set-de-boligrafos-flock-oferta-10040/,0,,,C_REDIRECT_LEGACY,
https://www.kronosolopromocionales.com/productos/boligrafo-tankist-stylus-10043-3652/,redirect,false,301,false,false,n/a,n/a,,false,/productos/boligrafo-tankist-stylus-10043/,0,,,C_REDIRECT_LEGACY,
https://www.kronosolopromocionales.com/productos/boligrafo-vardis-bamboo-10044-3653/,redirect,false,301,false,false,n/a,n/a,,false,/productos/boligrafo-vardis-bamboo-10044/,0,,,C_REDIRECT_LEGACY,
https://www.kronosolopromocionales.com/productos/ventura-bamboo-infinity-9918-3654/,redirect,false,301,false,false,n/a,n/a,,false,/productos/ventura-bamboo-infinity-9918/,0,,,C_REDIRECT_LEGACY,
https://www.kronosolopromocionales.com/productos/ventura-stylus-4-1-10234-3655/,redirect,false,301,false,false,n/a,n/a,,false,/productos/ventura-stylus-4-1-10234/,0,,,C_REDIRECT_LEGACY,
https://www.kronosolopromocionales.com/productos/talbot-2-1-oferta-7016-3658/,redirect,false,301,false,false,n/a,n/a,,false,/productos/talbot-2-1-oferta-7016/,0,,,C_REDIRECT_LEGACY,
https://www.kronosolopromocionales.com/productos/lamont-6998-3661/,redirect,false,301,false,false,n/a,n/a,,false,/productos/lamont-6998/,0,,,C_REDIRECT_LEGACY,
https://www.kronosolopromocionales.com/productos/grayson-stylus-6992-3662/,redirect,false,301,false,false,n/a,n/a,,false,/productos/grayson-stylus-6992/,0,,,C_REDIRECT_LEGACY,
https://www.kronosolopromocionales.com/productos/marvel-stylus-6366-3663/,redirect,false,301,false,false,n/a,n/a,,false,/productos/marvel-stylus-6366/,0,,,C_REDIRECT_LEGACY,
https://www.kronosolopromocionales.com/productos/summit-stylus-5747-3664/,redirect,false,301,false,false,n/a,n/a,,false,/productos/summit-stylus-5747/,0,,,C_REDIRECT_LEGACY,
https://www.kronosolopromocionales.com/productos/ventura-stylus-5058-3666/,redirect,false,301,false,false,n/a,n/a,,false,/productos/ventura-stylus-5058/,0,,,C_REDIRECT_LEGACY,
https://www.kronosolopromocionales.com/productos/ventura-frost-4500-3667/,redirect,false,301,false,false,n/a,n/a,,false,/productos/ventura-frost-4500/,0,,,C_REDIRECT_LEGACY,
https://www.kronosolopromocionales.com/productos/boligrafo-ventura-barril-plata-1658-3668/,redirect,false,301,false,false,n/a,n/a,,false,/productos/boligrafo-ventura-barril-plata-1658/,0,,,C_REDIRECT_LEGACY,
https://www.kronosolopromocionales.com/productos/advant-2-1-resaltador-de-tinta-2551-3672/,redirect,false,301,false,false,n/a,n/a,,false,/productos/advant-2-1-resaltador-de-tinta-2551/,0,,,C_REDIRECT_LEGACY,
https://www.kronosolopromocionales.com/productos/advant-2-1-resaltador-cera-6609-3673/,redirect,false,301,false,false,n/a,n/a,,false,/productos/advant-2-1-resaltador-cera-6609/,0,,,C_REDIRECT_LEGACY,
https://www.kronosolopromocionales.com/productos/focus-ii-resaltador-de-cera-6368-3674/,redirect,false,301,false,false,n/a,n/a,,false,/productos/focus-ii-resaltador-de-cera-6368/,0,,,C_REDIRECT_LEGACY,
https://www.kronosolopromocionales.com/productos/ventura-resaltador-cera-5709-3675/,redirect,false,301,false,false,n/a,n/a,,false,/productos/ventura-resaltador-cera-5709/,0,,,C_REDIRECT_LEGACY,
https://www.kronosolopromocionales.com/productos/milla-roller-stylus-5848-3677/,redirect,false,301,false,false,n/a,n/a,,false,/productos/milla-roller-stylus-5848/,0,,,C_REDIRECT_LEGACY,
https://www.kronosolopromocionales.com/productos/palmer-stylus-5851-3678/,redirect,false,301,false,false,n/a,n/a,,false,/productos/palmer-stylus-5851/,0,,,C_REDIRECT_LEGACY,
https://www.kronosolopromocionales.com/productos/floyd-stylus-5837-3679/,redirect,false,301,false,false,n/a,n/a,,false,/productos/floyd-stylus-5837/,0,,,C_REDIRECT_LEGACY,
https://www.kronosolopromocionales.com/productos/estuche-aluminio-1061-3682/,redirect,false,301,false,false,n/a,n/a,,false,/productos/estuche-aluminio-1061/,0,,,C_REDIRECT_LEGACY,
https://www.kronosolopromocionales.com/productos/boligrafo-metalico-shell-oferta-7326-3685/,redirect,false,301,false,false,n/a,n/a,,false,/productos/boligrafo-metalico-shell-oferta-7326/,0,,,C_REDIRECT_LEGACY,
https://www.kronosolopromocionales.com/productos/set-dickens-boligrafo-y-portaminas-oferta-5857-3686/,redirect,false,301,false,false,n/a,n/a,,false,/productos/set-dickens-boligrafo-y-portaminas-oferta-5857/,0,,,C_REDIRECT_LEGACY,
https://www.kronosolopromocionales.com/productos/kaiser-stylus-7342-3690/,redirect,false,301,false,false,n/a,n/a,,false,/productos/kaiser-stylus-7342/,0,,,C_REDIRECT_LEGACY,
https://www.kronosolopromocionales.com/productos/mop-stylus-7345-3693/,redirect,false,301,false,false,n/a,n/a,,false,/productos/mop-stylus-7345/,0,,,C_REDIRECT_LEGACY,
https://www.kronosolopromocionales.com/productos/portos-oferta-7352-3696/,redirect,false,301,false,false,n/a,n/a,,false,/productos/portos-oferta-7352/,0,,,C_REDIRECT_LEGACY,
https://www.kronosolopromocionales.com/productos/set-elegance-boligrafo-y-portaminas-7356-3697/,redirect,false,301,false,false,n/a,n/a,,false,/productos/set-elegance-boligrafo-y-portaminas-7356/,0,,,C_REDIRECT_LEGACY,
https://www.kronosolopromocionales.com/productos/aston-stylus-metalico-7852-3701/,redirect,false,301,false,false,n/a,n/a,,false,/productos/aston-stylus-metalico-7852/,0,,,C_REDIRECT_LEGACY,
https://www.kronosolopromocionales.com/productos/parrot-7856-3704/,redirect,false,301,false,false,n/a,n/a,,false,/productos/parrot-7856/,0,,,C_REDIRECT_LEGACY,
https://www.kronosolopromocionales.com/productos/set-montgomery-boligrafo-y-roller-oferta-7938-3706/,redirect,false,301,false,false,n/a,n/a,,false,/productos/set-montgomery-boligrafo-y-roller-oferta-7938/,0,,,C_REDIRECT_LEGACY,
https://www.kronosolopromocionales.com/productos/ventura-stylus-neon-7947-3709/,redirect,false,301,false,false,n/a,n/a,,false,/productos/ventura-stylus-neon-7947/,0,,,C_REDIRECT_LEGACY,
https://www.kronosolopromocionales.com/productos/hamond-stylus-8555-3712/,redirect,false,301,false,false,n/a,n/a,,false,/productos/hamond-stylus-8555/,0,,,C_REDIRECT_LEGACY,
https://www.kronosolopromocionales.com/productos/skil-oferta-8592-3713/,redirect,false,301,false,false,n/a,n/a,,false,/productos/skil-oferta-8592/,0,,,C_REDIRECT_LEGACY,
https://www.kronosolopromocionales.com/productos/royce-neon-3-1-oferta-8575-3716/,redirect,false,301,false,false,n/a,n/a,,false,/productos/royce-neon-3-1-oferta-8575/,0,,,C_REDIRECT_LEGACY,
https://www.kronosolopromocionales.com/productos/lapiz-metallic-oferta-8507-3720/,redirect,false,301,false,false,n/a,n/a,,false,/productos/lapiz-metallic-oferta-8507/,0,,,C_REDIRECT_LEGACY,
https://www.kronosolopromocionales.com/productos/boligrafo-bamboo-9317-3722/,redirect,false,301,false,false,n/a,n/a,,false,/productos/boligrafo-bamboo-9317/,0,,,C_REDIRECT_LEGACY,
https://www.kronosolopromocionales.com/productos/set-de-boligrafos-swiss-peak-luzern-8942-3723/,redirect,false,301,false,false,n/a,n/a,,false,/productos/set-de-boligrafos-swiss-peak-luzern-8942/,0,,,C_REDIRECT_LEGACY,
https://www.kronosolopromocionales.com/productos/estuche-ariston-9242-3730/,redirect,false,301,false,false,n/a,n/a,,false,/productos/estuche-ariston-9242/,0,,,C_REDIRECT_LEGACY,
https://www.kronosolopromocionales.com/productos/eco-pet-9391-3731/,redirect,false,301,false,false,n/a,n/a,,false,/productos/eco-pet-9391/,0,,,C_REDIRECT_LEGACY,
https://www.kronosolopromocionales.com/productos/boligrafo-geometric-eco-9676-3733/,redirect,false,301,false,false,n/a,n/a,,false,/productos/boligrafo-geometric-eco-9676/,0,,,C_REDIRECT_LEGACY,
https://www.kronosolopromocionales.com/productos/boligrafo-coffee-eco-9677-3734/,redirect,false,301,false,false,n/a,n/a,,false,/productos/boligrafo-coffee-eco-9677/,0,,,C_REDIRECT_LEGACY,
https://www.kronosolopromocionales.com/productos/boligrafo-brink-stylus-9835-3736/,redirect,false,301,false,false,n/a,n/a,,false,/productos/boligrafo-brink-stylus-9835/,0,,,C_REDIRECT_LEGACY,
https://www.kronosolopromocionales.com/productos/boligrafo-forest-bamboo-9837-3738/,redirect,false,301,false,false,n/a,n/a,,false,/productos/boligrafo-forest-bamboo-9837/,0,,,C_REDIRECT_LEGACY,
https://www.kronosolopromocionales.com/productos/boligrafo-hollow-cartoon-9839-3739/,redirect,false,301,false,false,n/a,n/a,,false,/productos/boligrafo-hollow-cartoon-9839/,0,,,C_REDIRECT_LEGACY,
https://www.kronosolopromocionales.com/productos/boligrafo-hollow-eco-oferta-9840-3740/,redirect,false,301,false,false,n/a,n/a,,false,/productos/boligrafo-hollow-eco-oferta-9840/,0,,,C_REDIRECT_LEGACY,
https://www.kronosolopromocionales.com/productos/lapiz-infinity-eco-9841-3741/,redirect,false,301,false,false,n/a,n/a,,false,/productos/lapiz-infinity-eco-9841/,0,,,C_REDIRECT_LEGACY,
https://www.kronosolopromocionales.com/productos/boligrafo-jovi-eco-9844-3743/,redirect,false,301,false,false,n/a,n/a,,false,/productos/boligrafo-jovi-eco-9844/,0,,,C_REDIRECT_LEGACY,
https://www.kronosolopromocionales.com/productos/set-alter-boligrafo-y-portaminas-9847-3744/,redirect,false,301,false,false,n/a,n/a,,false,/productos/set-alter-boligrafo-y-portaminas-9847/,0,,,C_REDIRECT_LEGACY,
https://www.kronosolopromocionales.com/productos/boligrafo-ventura-eco-bamboo-9849-3745/,redirect,false,301,false,false,n/a,n/a,,false,/productos/boligrafo-ventura-eco-bamboo-9849/,0,,,C_REDIRECT_LEGACY,
https://www.kronosolopromocionales.com/productos/boligrafo-ventura-bamboo-natural-9905-3748/,redirect,false,301,false,false,n/a,n/a,,false,/productos/boligrafo-ventura-bamboo-natural-9905/,0,,,C_REDIRECT_LEGACY,
https://www.kronosolopromocionales.com/productos/boligrafo-ventura-eco-fibra-de-trigo-9947-3749/,redirect,false,301,false,false,n/a,n/a,,false,/productos/boligrafo-ventura-eco-fibra-de-trigo-9947/,0,,,C_REDIRECT_LEGACY,
https://www.kronosolopromocionales.com/productos/set-de-herramientas-scout-10287-3780/,redirect,false,301,false,false,n/a,n/a,,false,/productos/set-de-herramientas-scout-10287/,0,,,C_REDIRECT_LEGACY,
https://www.kronosolopromocionales.com/productos/set-de-herramientas-apache-10288-3781/,redirect,false,301,false,false,n/a,n/a,,false,/productos/set-de-herramientas-apache-10288/,0,,,C_REDIRECT_LEGACY,
https://www.kronosolopromocionales.com/productos/set-de-herramientas-neumatic-5373-3782/,redirect,false,301,false,false,n/a,n/a,,false,/productos/set-de-herramientas-neumatic-5373/,0,,,C_REDIRECT_LEGACY,
https://www.kronosolopromocionales.com/productos/metro-neumatic-5374-3785/,redirect,false,301,false,false,n/a,n/a,,false,/productos/metro-neumatic-5374/,0,,,C_REDIRECT_LEGACY,
https://www.kronosolopromocionales.com/productos/metro-carabinero-stanley-5371-3786/,redirect,false,301,false,false,n/a,n/a,,false,/productos/metro-carabinero-stanley-5371/,0,,,C_REDIRECT_LEGACY,
https://www.kronosolopromocionales.com/productos/metro-llavero-house-5368-3787/,redirect,false,301,false,false,n/a,n/a,,false,/productos/metro-llavero-house-5368/,0,,,C_REDIRECT_LEGACY,
https://www.kronosolopromocionales.com/productos/metro-arkitect-809-3788/,redirect,false,301,false,false,n/a,n/a,,false,/productos/metro-arkitect-809/,0,,,C_REDIRECT_LEGACY,
https://www.kronosolopromocionales.com/productos/metro-oliver-7993-3794/,redirect,false,301,false,false,n/a,n/a,,false,/productos/metro-oliver-7993/,0,,,C_REDIRECT_LEGACY,
https://www.kronosolopromocionales.com/productos/metro-llavero-truck-8441-3798/,redirect,false,301,false,false,n/a,n/a,,false,/productos/metro-llavero-truck-8441/,0,,,C_REDIRECT_LEGACY,
https://www.kronosolopromocionales.com/productos/mini-llavero-pito-3156-3814/,redirect,false,301,false,false,n/a,n/a,,false,/productos/mini-llavero-pito-3156/,0,,,C_REDIRECT_LEGACY,
https://www.kronosolopromocionales.com/productos/carabinero-3100-3815/,redirect,false,301,false,false,n/a,n/a,,false,/productos/carabinero-3100/,0,,,C_REDIRECT_LEGACY,
https://www.kronosolopromocionales.com/productos/llavero-silicone-silicona-2226-3816/,redirect,false,301,false,false,n/a,n/a,,false,/productos/llavero-silicone-silicona-2226/,0,,,C_REDIRECT_LEGACY,
https://www.kronosolopromocionales.com/productos/llavero-casco-8753-3826/,redirect,false,301,false,false,n/a,n/a,,false,/productos/llavero-casco-8753/,0,,,C_REDIRECT_LEGACY,
https://www.kronosolopromocionales.com/productos/llavero-corcho-oferta-8884-3831/,redirect,false,301,false,false,n/a,n/a,,false,/productos/llavero-corcho-oferta-8884/,0,,,C_REDIRECT_LEGACY,
https://www.kronosolopromocionales.com/productos/paraguas-scorpius-urban-travel-21-10588-3848/,redirect,false,301,false,false,n/a,n/a,,false,/productos/paraguas-scorpius-urban-travel-21-10588/,0,,,C_REDIRECT_LEGACY,
https://www.kronosolopromocionales.com/productos/paraguas-osmond-21-10672-3849/,redirect,false,301,false,false,n/a,n/a,,false,/productos/paraguas-osmond-21-10672/,0,,,C_REDIRECT_LEGACY,
https://www.kronosolopromocionales.com/productos/mini-paraguas-brenna-19-10673-3850/,redirect,false,301,false,false,n/a,n/a,,false,/productos/mini-paraguas-brenna-19-10673/,0,,,C_REDIRECT_LEGACY,
https://www.kronosolopromocionales.com/productos/cepillo-eco-bamboo-10437-3884/,redirect,false,301,false,false,n/a,n/a,,false,/productos/cepillo-eco-bamboo-10437/,0,,,C_REDIRECT_LEGACY,
https://www.kronosolopromocionales.com/productos/espejo-bamboo-max-10323-3886/,redirect,false,301,false,false,n/a,n/a,,false,/productos/espejo-bamboo-max-10323/,0,,,C_REDIRECT_LEGACY,
https://www.kronosolopromocionales.com/productos/funda-en-silicona-para-cp-242-colapsible-de-60ml-oferta-9492-3890/,redirect,false,301,false,false,n/a,n/a,,false,/productos/funda-en-silicona-para-cp-242-colapsible-de-60ml-oferta-9492/,0,,,C_REDIRECT_LEGACY,
https://www.kronosolopromocionales.com/productos/vaso-yumbo-32oz-produccion-nacional-11149-3892/,redirect,false,301,false,false,n/a,n/a,,false,/productos/vaso-yumbo-32oz-produccion-nacional-11149/,0,,,C_REDIRECT_LEGACY,
https://www.kronosolopromocionales.com/productos/mug-plastico-morning-320ml-produccion-nacional-11150-3893/,redirect,false,301,false,false,n/a,n/a,,false,/productos/mug-plastico-morning-320ml-produccion-nacional-11150/,0,,,C_REDIRECT_LEGACY,
https://www.kronosolopromocionales.com/productos/torre-de-madera-skill-2-11151-3912/,redirect,false,301,false,false,n/a,n/a,,false,/productos/torre-de-madera-skill-2-11151/,0,,,C_REDIRECT_LEGACY,
https://www.kronosolopromocionales.com/productos/juego-de-raquetas-wood-beach-10380-3913/,redirect,false,301,false,false,n/a,n/a,,false,/productos/juego-de-raquetas-wood-beach-10380/,0,,,C_REDIRECT_LEGACY,
https://www.kronosolopromocionales.com/productos/set-de-cartas-eco-10379-3914/,redirect,false,301,false,false,n/a,n/a,,false,/productos/set-de-cartas-eco-10379/,0,,,C_REDIRECT_LEGACY,
https://www.kronosolopromocionales.com/productos/golf-tees-7cm-10988-3916/,redirect,false,301,false,false,n/a,n/a,,false,/productos/golf-tees-7cm-10988/,0,,,C_REDIRECT_LEGACY,
https://www.kronosolopromocionales.com/productos/golf-tees-7cm-bamboo-10989-3917/,redirect,false,301,false,false,n/a,n/a,,false,/productos/golf-tees-7cm-bamboo-10989/,0,,,C_REDIRECT_LEGACY,
https://www.kronosolopromocionales.com/productos/lapiz-golf-pencil-11005-3918/,redirect,false,301,false,false,n/a,n/a,,false,/productos/lapiz-golf-pencil-11005/,0,,,C_REDIRECT_LEGACY,
https://www.kronosolopromocionales.com/productos/juego-cartas-y-domino-eco-11013-3919/,redirect,false,301,false,false,n/a,n/a,,false,/productos/juego-cartas-y-domino-eco-11013/,0,,,C_REDIRECT_LEGACY,
https://www.kronosolopromocionales.com/productos/juego-triqui-box-eco-11031-3920/,redirect,false,301,false,false,n/a,n/a,,false,/productos/juego-triqui-box-eco-11031/,0,,,C_REDIRECT_LEGACY,
https://www.kronosolopromocionales.com/productos/set-de-juego-chessman-11067-3921/,redirect,false,301,false,false,n/a,n/a,,false,/productos/set-de-juego-chessman-11067/,0,,,C_REDIRECT_LEGACY,
https://www.kronosolopromocionales.com/productos/visera-trucker-10895-3931/,redirect,false,301,false,false,n/a,n/a,,false,/productos/visera-trucker-10895/,0,,,C_REDIRECT_LEGACY,
https://www.kronosolopromocionales.com/productos/gorra-beisbol-469-3932/,redirect,false,301,false,false,n/a,n/a,,false,/productos/gorra-beisbol-469/,0,,,C_REDIRECT_LEGACY,
https://www.kronosolopromocionales.com/productos/linterna-doctor-10699-3933/,redirect,false,301,false,false,n/a,n/a,,false,/productos/linterna-doctor-10699/,0,,,C_REDIRECT_LEGACY,
https://www.kronosolopromocionales.com/productos/linterna-recargable-morven-10816-3934/,redirect,false,301,false,false,n/a,n/a,,false,/productos/linterna-recargable-morven-10816/,0,,,C_REDIRECT_LEGACY,
https://www.kronosolopromocionales.com/productos/linterna-de-9-leds-flynt-5753-3935/,redirect,false,301,false,false,n/a,n/a,,false,/productos/linterna-de-9-leds-flynt-5753/,0,,,C_REDIRECT_LEGACY,
https://www.kronosolopromocionales.com/productos/linterna-tom-10374-3937/,redirect,false,301,false,false,n/a,n/a,,false,/productos/linterna-tom-10374/,0,,,C_REDIRECT_LEGACY,
https://www.kronosolopromocionales.com/productos/reloj-digital-bowen-oferta-9789-3938/,redirect,false,301,false,false,n/a,n/a,,false,/productos/reloj-digital-bowen-oferta-9789/,0,,,C_REDIRECT_LEGACY,
https://www.kronosolopromocionales.com/productos/reloj-wall-bamboo-10578-3939/,redirect,false,301,false,false,n/a,n/a,,false,/productos/reloj-wall-bamboo-10578/,0,,,C_REDIRECT_LEGACY,
https://www.kronosolopromocionales.com/productos/reloj-de-pared-wall-metal-clock-2693-3940/,redirect,false,301,false,false,n/a,n/a,,false,/productos/reloj-de-pared-wall-metal-clock-2693/,0,,,C_REDIRECT_LEGACY,
https://www.kronosolopromocionales.com/productos/mecanismo-para-reloj-analogo-con-manecillas-5056-3941/,redirect,false,301,false,false,n/a,n/a,,false,/productos/mecanismo-para-reloj-analogo-con-manecillas-5056/,0,,,C_REDIRECT_LEGACY,
https://www.kronosolopromocionales.com/productos/portatarjetas-ml-275-oferta-4816-3942/,redirect,false,301,false,false,n/a,n/a,,false,/productos/portatarjetas-ml-275-oferta-4816/,0,,,C_REDIRECT_LEGACY,
https://www.kronosolopromocionales.com/productos/llavero-ml-401-10514-3945/,redirect,false,301,false,false,n/a,n/a,,false,/productos/llavero-ml-401-10514/,0,,,C_REDIRECT_LEGACY,
https://www.kronosolopromocionales.com/productos/llavero-ml-402-10407-3946/,redirect,false,301,false,false,n/a,n/a,,false,/productos/llavero-ml-402-10407/,0,,,C_REDIRECT_LEGACY,
https://www.kronosolopromocionales.com/categorias/escritura/,redirect,false,301,false,false,n/a,n/a,,false,/categorias/boligrafos-publicitarios/,0,,,C_REDIRECT_LEGACY,
https://www.kronosolopromocionales.com/categorias/mugs/,redirect,false,301,false,false,n/a,n/a,,false,/categorias/mugs-y-termos-personalizados/,0,,,C_REDIRECT_LEGACY,
https://www.kronosolopromocionales.com/categorias/tecnologia/,redirect,false,301,false,false,n/a,n/a,,false,/categorias/tecnologia-promocional/,0,,,C_REDIRECT_LEGACY,
https://www.kronosolopromocionales.com/categorias/gorras/,redirect,false,301,false,false,n/a,n/a,,false,/categorias/gorras-personalizadas/,0,,,C_REDIRECT_LEGACY,
https://www.kronosolopromocionales.com/categorias/oficina/,redirect,false,301,false,false,n/a,n/a,,false,/categorias/articulos-de-oficina-personalizados/,0,,,C_REDIRECT_LEGACY,
https://www.kronosolopromocionales.com/categorias/llaveros/,redirect,false,301,false,false,n/a,n/a,,false,/categorias/llaveros-personalizados/,0,,,C_REDIRECT_LEGACY,
https://www.kronosolopromocionales.com/categorias/memorias-usb/,redirect,false,301,false,false,n/a,n/a,,false,/categorias/memorias-usb-personalizadas/,0,,,C_REDIRECT_LEGACY,
https://www.kronosolopromocionales.com/categorias/maletines/,redirect,false,301,false,false,n/a,n/a,,false,/categorias/mochilas-y-maletines-personalizados/,0,,,C_REDIRECT_LEGACY,
https://www.kronosolopromocionales.com/categorias/confeccion/,redirect,false,301,false,false,n/a,n/a,,false,/categorias/camisetas-y-confeccion-corporativa/,0,,,C_REDIRECT_LEGACY,
