slug,name,category,title,title_length,title_status,duplicate_title_count,title_formula_count,description,description_length,description_status,duplicate_description_count,description_formula_count,name_match_ratio,possible_wrong_product,keywords
organizador-multiusos-link-nuevo-13536,Organizador Multiusos Link Nuevo,Tecnología,Organizador Multiusos Link Nuevo Personalizado | Ecuador,56,OK,1,614,Personaliza el Organizador Multiusos Link Nuevo para tu marca en Ecuador. Potencia tu imagen corporativa. ¡Cotiza ahora y optimiza tu espacio!,142,OK,1,1,1.00,false,"organizador multiusos link nuevo, organizador multiusos link nuevo personalizado, organizador multiusos link nuevo promocional, organizador multiusos link nuevo con logo, organizador multiusos link nuevo ecuador, organizador multiusos link nuevo corporativo, novedades, regalo corporativo ecuador, merchandising quito, productos promocionales guayaquil, ks promocionales, artículos publicitarios"
candado-de-clave-tsa-nuevo-13537,Candado de Clave Tsa Nuevo,Novedades,Candado de Clave TSA Nuevo Personalizado | Ecuador,50,OK,1,614,Personaliza tu Candado de Clave TSA Nuevo con logo para promocionar tu marca en Ecuador. ¡Cotiza tu pedido ahora!,113,OK,1,1,1.00,false,
banda-elastica-gym-nuevo-13538,Banda Elástica Gym Nuevo,Deportes,Banda Elástica Gym Personalizada | Regalo Promocional Ecuador,61,OK,1,1,Impulsa tu marca con bandas elásticas personalizadas. Perfectas para fitness y bienestar. Solicita tu cotización en Ecuador hoy.,128,OK,1,1,0.67,false,"banda elástica gym nuevo, banda elástica gym nuevo personalizado, banda elástica gym nuevo promocional, banda elástica gym nuevo con logo, banda elástica gym nuevo ecuador, banda elástica gym nuevo corporativo, novedades, regalo corporativo ecuador, merchandising quito, productos promocionales guayaquil, ks promocionales, artículos publicitarios"
paraguas-kahlo-23-nuevo-13532,Paraguas Kahlo 23'' Nuevo,Paraguas,Paraguas Kahlo 23'' Nuevo Personalizado | Ecuador,49,OK,1,614,"Descubre el Paraguas Kahlo 23'' Nuevo, ideal para branding en Ecuador. Personaliza tu paraguas y cotiza precios ahora para tu estrategia.",137,OK,1,1,1.00,false,"paraguas kahlo 23'' nuevo, paraguas kahlo 23'' nuevo personalizado, paraguas kahlo 23'' nuevo promocional, paraguas kahlo 23'' nuevo con logo, paraguas kahlo 23'' nuevo ecuador, paraguas kahlo 23'' nuevo corporativo, novedades, regalo corporativo ecuador, merchandising quito, productos promocionales guayaquil, ks promocionales, artículos publicitarios"
rastreador-chili-card-nuevo-13533,Rastreador Chili Card Nuevo,Novedades,Rastreador Chili Card Nuevo Promocional | KS,44,OK,1,29,Compra Rastreador Chili Card Nuevo promocional. Resistente y funcional. Envíos en Ecuador. ¡Cotiza ahora!,105,OK,1,1,1.00,false,
mug-plastico-stash-500-ml-nuevo-13534,Mug Plástico Stash 500 ml Nuevo,Mugs y Termos,Mug Plástico Stash 500 ml Personalizado | Ecuador,49,OK,1,1,Personaliza tu Mug Plástico Stash de 500 ml para promocionar tu marca en Ecuador. Un detalle único y práctico. ¡Cotiza ahora!,125,OK,1,1,0.67,false,"mug plástico stash 500 ml nuevo, mug plástico stash 500 ml nuevo personalizado, mug plástico stash 500 ml nuevo promocional, mug plástico stash 500 ml nuevo con logo, mug plástico stash 500 ml nuevo ecuador, mug plástico stash 500 ml nuevo corporativo, novedades, regalo corporativo ecuador, merchandising quito, productos promocionales guayaquil, ks promocionales, artículos publicitarios"
sticky-set-truck-nuevo-13280,Sticky Set Truck Nuevo,Oficina,Sticky Set Truck Nuevo Personalizado | Promocionales Ecuador,60,OK,1,49,Impulsa tu marca con el Sticky Set Truck Nuevo personalizado. Herramienta funcional para oficina. Cotiza en Ecuador y destaca.,126,OK,1,1,1.00,false,"sticky set truck nuevo, sticky set truck nuevo personalizado, sticky set truck nuevo promocional, sticky set truck nuevo con logo, sticky set truck nuevo ecuador, sticky set truck nuevo corporativo, novedades, regalo corporativo ecuador, merchandising quito, productos promocionales guayaquil, ks promocionales, artículos publicitarios"
audifonos-bluetooth-earshots-boompods-oferta-10589,Audífonos Bluetooth Earshots Boompods Oferta,Deportes,Audífonos Bluetooth Earshots Boompods | Ecuador,47,OK,1,1,Audífonos Bluetooth Earshots Boompods personalizados para tu marca. Entrega en Ecuador. Cotiza ahora y sorprende a tu equipo.,125,OK,1,1,0.80,false,"audífonos bluetooth earshots boompods oferta, audífonos bluetooth earshots boompods oferta personalizado, audífonos bluetooth earshots boompods oferta promocional, audífonos bluetooth earshots boompods oferta con logo, audífonos bluetooth earshots boompods oferta ecuador, audífonos bluetooth earshots boompods oferta corporativo, tecnologia, regalo corporativo ecuador, merchandising quito, productos promocionales guayaquil, ks promocionales, artículos publicitarios"
audifonos-bluetooth-bassline-go-boompods-10590,Audífonos Bluetooth Bassline go Boompods,Deportes,Audífonos Bluetooth Bassline go Boompods Personalizados | Ecuador,65,OK,1,9,Personaliza Audífonos Bassline go Boompods en Ecuador. Fortalece lazos con clientes y colaboradores. ¡Cotiza ahora!,115,OK,1,1,1.00,false,"audífonos bluetooth bassline go boompods, audífonos bluetooth bassline go boompods personalizado, audífonos bluetooth bassline go boompods promocional, audífonos bluetooth bassline go boompods con logo, audífonos bluetooth bassline go boompods ecuador, audífonos bluetooth bassline go boompods corporativo, tecnologia, regalo corporativo ecuador, merchandising quito, productos promocionales guayaquil, ks promocionales, artículos publicitarios"
speaker-bluetooth-zero-boompods-10591,Speaker Bluetooth Zero Boompods,Tecnología,Speaker Bluetooth Zero Boompods Ecuador | KS,44,OK,1,31,Speaker Bluetooth Zero Boompods con tu logo. Genera recordación en tus clientes. ¡Pide cotización por WhatsApp!,111,OK,1,5,1.00,false,
termo-metalico-calypso-chili-500ml-9781,Termo Metalico Calypso Chili 500ml,Termos Personalizados,Termo Metalico Personalizado Calypso Chili 500ml Ecuador,56,OK,1,1,Termo metalico personalizado 500ml con doble aislamiento. Ideal para branding corporativo y obsequios promocionales en Ecuador con tu logo.,139,OK,1,1,1.00,false,
botilito-en-vidrio-calypso-chili-750ml-10653,Botilito en Vidrio Calypso Chili 750ml,Tomatodos y Botilitos Personalizados,Botilito Vidrio 750ml Personalizado Logo | KS Ecuador,53,OK,1,1,Botilito de vidrio Calypso Chili 750ml con personalizacion de logo. Producto promocional corporativo para empresas en Ecuador.,126,OK,1,1,0.60,false,"botilito en vidrio calypso chili 750ml, botilito en vidrio calypso chili 750ml personalizado, botilito en vidrio calypso chili 750ml promocional, botilito en vidrio calypso chili 750ml con logo, botilito en vidrio calypso chili 750ml ecuador, botilito en vidrio calypso chili 750ml corporativo, mugs, regalo corporativo ecuador, merchandising quito, productos promocionales guayaquil, ks promocionales, artículos publicitarios"
morral-backpack-master-ocean-10668,Morral Backpack Master Ocean,Maletines,Morral Backpack Master Ocean Personalizado | KS Ecuador,55,OK,1,20,Morral Backpack Master Ocean personalizado Ecuador. Durabilidad garantizada. Envíos rápidos. ¡Cotiza!,101,OK,1,6,1.00,false,
maletin-master-ocean-10669,Maletín Master Ocean,Maletines,Maletín Master Ocean Personalizado | Ecuador,44,OK,1,614,Maletines Master Ocean personalizados para su marca en Ecuador. Fortalezca su imagen profesional. ¡Cotiza ahora y destaca!,122,OK,1,1,1.00,false,
canguro-master-ocean-10670,Canguro Master Ocean,Deportes,Canguro Master Ocean Personalizado | Ecuador,44,OK,1,614,Canguro Master Ocean personalizado para tu marca. Ideal para eventos corporativos y activaciones. Cotiza ahora en Ecuador con KS Promocionales.,143,OK,1,1,1.00,false,"canguro master ocean, canguro master ocean personalizado, canguro master ocean promocional, canguro master ocean con logo, canguro master ocean ecuador, canguro master ocean corporativo, maletines, regalo corporativo ecuador, merchandising quito, productos promocionales guayaquil, ks promocionales, artículos publicitarios"
organizador-de-viaje-master-ocean-10959,Organizador de Viaje Master Ocean,Oficina,Organizador de Viaje Master Ocean Ecuador | KS Promocionales,60,OK,1,28,Organizador de Viaje Master Ocean con tu logo. Fortalece tu imagen corporativa. ¡Pide cotización por WhatsApp!,110,OK,1,8,1.00,false,
morral-backpack-compacto-master-ocean-10961,Morral Backpack Compacto Master Ocean,Maletines,Morral Backpack Compacto Master Ocean | KS Ecuador,50,OK,1,18,Morral Backpack Compacto Master Ocean con tu logo. Fortalece tu imagen corporativa. ¡Pide cotización por WhatsApp!,114,OK,1,8,1.00,false,
canguro-compacto-master-ocean-10962,Canguro Compacto Master Ocean,Maletines,Canguro Compacto Master Ocean Personalizado | Ecuador,53,OK,1,614,Impulsa tu marca en Ecuador con el Canguro Compacto Master Ocean. Personalización premium para tus campañas promocionales. ¡Cotiza ahora!,137,OK,1,1,1.00,false,
morral-backpack-antirrobo-chili-9834,Morral Backpack Antirrobo Chili,Maletines,Morral Backpack Antirrobo Chili con Logo | KS Ecuador,53,OK,1,26,Morral Backpack Antirrobo Chili con tu logo. Mejora tu presencia de marca. ¡Pide cotización por WhatsApp!,105,OK,1,1,1.00,false,
boligrafo-metalico-shell-oferta-7326,Bolígrafo Metálico Shell Oferta,Artículos de Escritura,Bolígrafo Metálico Shell Oferta Ecuador | KS,44,OK,1,31,Bolígrafo Metálico Shell Oferta personalizado Ecuador. Resistente y funcional. Envíos rápidos. ¡Cotiza!,103,OK,1,3,1.00,false,
skil-oferta-8592,Skil Oferta,Variedades,Skil Oferta Personalizado | Herramientas para Empresas Ecuador,62,OK,1,1,Fortalece relaciones con el set Skil Oferta personalizado. Impulsa tu marca en Ecuador. Cotiza hoy tus regalos corporativos.,124,OK,1,1,1.00,false,
espejo-cork-ii-10689,Espejo Cork ii,Cuidado Personal,Espejo Cork II Personalizado | Ecuador,38,OK,1,614,Espejo Cork II personalizado con tu marca. Accesorio de calidad en corcho natural. Cotiza tu pedido en Ecuador ahora.,117,OK,1,1,1.00,false,"espejo cork ii, espejo cork ii personalizado, espejo cork ii promocional, espejo cork ii con logo, espejo cork ii ecuador, espejo cork ii corporativo, ecologia, regalo corporativo ecuador, merchandising quito, productos promocionales guayaquil, ks promocionales, artículos publicitarios"
portaboligrafos-lumi-rpet-10811,Portabolígrafos Lumi Rpet,Ecología,Portabolígrafos Lumi Rpet Ecuador | KS,38,OK,1,31,Portabolígrafos Lumi Rpet con tu logo. Aumenta el reconocimiento de tu marca. ¡Pide cotización por WhatsApp!,108,OK,1,10,1.00,false,
speaker-bluetooth-clock-eco-10835,Speaker Bluetooth Clock Eco,Ecología,Speaker Bluetooth Clock Eco con Logo | KS Ecuador,49,OK,1,26,Speaker Bluetooth Clock Eco con tu logo. Destaca en eventos. ¡Pide cotización por WhatsApp!,91,OK,1,5,1.00,false,
puerto-usb-massimo-bamboo-10813,Puerto Usb Massimo Bamboo,Ecología,Puerto Usb Massimo Bamboo Ecuador | KS,38,OK,1,31,Compra Puerto Usb Massimo Bamboo promocional. Diseño moderno. Envíos en Ecuador. ¡Cotiza ahora!,95,OK,1,6,1.00,false,
set-de-colores-figgy-10697,Set de Colores Figgy,Infantil,Set de Colores Figgy Personalizado | Regalos Corporativos Ecuador,65,OK,1,30,Personaliza el Set de Colores Figgy para tus eventos o clientes. Impacta a familias en Ecuador con tu marca. ¡Solicita tu cotización hoy!,137,OK,1,1,1.00,false,
mini-set-de-colores-baby-10698,Mini Set de Colores Baby,Infantil,Mini Set de Colores Baby Personalizado | Ecuador,48,OK,1,614,Fortalece tu marca con personalización. Cotiza el Mini Set de Colores Baby para campañas promocionales en Ecuador. ¡Impacta a tu audiencia!,139,OK,1,1,1.00,false,"mini set de colores baby, mini set de colores baby personalizado, mini set de colores baby promocional, mini set de colores baby con logo, mini set de colores baby ecuador, mini set de colores baby corporativo, variedades, regalo corporativo ecuador, merchandising quito, productos promocionales guayaquil, ks promocionales, artículos publicitarios"
bolsa-en-cambrel-baxter-5260,Bolsa en Cambrel Baxter,Maletines,Bolsa en Cambrel Baxter Personalizada | Ecuador,47,OK,1,82,Personaliza tu Bolsa en Cambrel Baxter para eventos y promociones. ¡Cotiza ahora en Ecuador para tu empresa!,108,OK,1,1,1.00,false,
bolsa-en-yute-wine-oferta-5437,Bolsa en Yute Wine Oferta,Bar y Vino,Bolsa Yute Wine Personalizada | Ecuador,39,OK,1,1,Bolsa en yute para vino personalizada con tu logo. Ideal para branding corporativo. Cotiza ahora en Ecuador. Envíos a Quito.,124,OK,1,1,0.75,false,"bolsa en yute wine oferta, bolsa en yute wine oferta personalizado, bolsa en yute wine oferta promocional, bolsa en yute wine oferta con logo, bolsa en yute wine oferta ecuador, bolsa en yute wine oferta corporativo, ecologia, regalo corporativo ecuador, merchandising quito, productos promocionales guayaquil, ks promocionales, artículos publicitarios"
boligrafo-mop-like-stylus-10030,Bolígrafo Mop Like Stylus,Artículos de Escritura,Bolígrafo Mop Like Stylus Personalizado | Ecuador,49,OK,1,614,Personaliza tu Bolígrafo Mop Like Stylus. Ideal para marketing y RRHH en Ecuador. Cotiza hoy tus productos promocionales.,121,OK,1,1,1.00,false,
mop-medic-stylus-7344,Mop Medic Stylus,Médicos,Mop Medic Stylus Personalizado | Ecuador,40,OK,1,614,Limpiador de pantallas con stylus capacitivo personalizado. Ideal para el sector salud. Cotiza tu Mop Medic Stylus en Ecuador hoy.,130,OK,1,1,1.00,false,"mop medic stylus, mop medic stylus personalizado, mop medic stylus promocional, mop medic stylus con logo, mop medic stylus ecuador, mop medic stylus corporativo, escritura, regalo corporativo ecuador, merchandising quito, productos promocionales guayaquil, ks promocionales, artículos publicitarios"
mop-stylus-7345,Mop Stylus,Artículos de Escritura,Mop Stylus Personalizado | KS Ecuador,37,OK,1,20,Mop Stylus personalizado Ecuador. Materiales de primera. Envíos rápidos. ¡Cotiza!,81,OK,1,7,1.00,false,
mop-bicolor-8947,Mop Bicolor,Variedades,Mop Bicolor Personalizado | Ecuador,35,OK,1,614,Mops Bicolor personalizados para tu marca. Ofrece un regalo útil y distintivo en Ecuador. Cotiza hoy tus artículos promocionales y destaca.,139,OK,1,1,1.00,false,
mini-paraguas-brenna-19-10673,Mini Paraguas Brenna 19'',Paraguas,Mini Paraguas Brenna 19'' Ecuador | KS Promocionales,52,OK,1,28,Mini Paraguas Brenna 19'' con tu logo. Aumenta el reconocimiento de tu marca. ¡Pide cotización por WhatsApp!,108,OK,1,10,1.00,false,
mini-paraguas-strap-21-6201,"Mini Paraguas Strap 21""",Paraguas,"Mini Paraguas Strap 21"" Ecuador | KS",36,OK,1,31,"Mini Paraguas Strap 21"" personalizado con logo en Ecuador. Materiales de primera. ¡Cotiza por WhatsApp!",103,OK,1,7,1.00,false,
paraguas-brook-27-6369,"Paraguas Brook 27""",Paraguas,"Paraguas Brook 27"" Ecuador | KS",31,OK,1,31,"Paraguas Brook 27"" personalizado Ecuador. Calidad premium. Envíos rápidos. ¡Cotiza!",83,OK,1,10,1.00,false,
paraguas-golf-ii-30-1083,"Paraguas Golf ii 30""",Paraguas,"Paraguas Golf II 30"" Personalizado | Ecuador",44,OK,1,614,"Paraguas Golf II 30"" personalizables para tu marca. Proyecta tu empresa en Ecuador con un impacto duradero. ¡Cotiza ahora!",122,OK,1,1,1.00,false,
paraguas-golf-redondo-27-1889,Paraguas Golf Redondo 27,Golf,Paraguas Golf Redondo 27 Personalizado | Ecuador,48,OK,1,614,Paraguas Golf Redondo 27 personalizado para tu marca. Protección y visibilidad en Ecuador. Cotiza tu regalo corporativo hoy.,124,OK,1,1,1.00,false,"paraguas golf redondo 27, paraguas golf redondo 27 personalizado, paraguas golf redondo 27 promocional, paraguas golf redondo 27 con logo, paraguas golf redondo 27 ecuador, paraguas golf redondo 27 corporativo, paraguas, regalo corporativo ecuador, merchandising quito, productos promocionales guayaquil, ks promocionales, artículos publicitarios"
paraguas-profesional-en-fibra-de-vidrio-30-2145,"Paraguas Profesional en Fibra de Vidrio 30""",Paraguas,"Paraguas Profesional en Fibra de Vidrio 30"" | KS Ecuador",56,OK,1,18,"Compra Paraguas Profesional en Fibra de Vidrio 30"" promocional. Materiales de primera. Envíos en Ecuador. ¡Cotiza ahora!",120,OK,1,6,1.00,false,
mini-paraguas-hansel-21-6868,"Mini Paraguas Hansel 21""",Paraguas,"Mini Paraguas Hansel 21"" Ecuador | KS Promocionales",51,OK,1,28,"Compra Mini Paraguas Hansel 21"" promocional. Alta calidad. Envíos en Ecuador. ¡Cotiza ahora!",92,OK,1,9,1.00,false,
paraguas-freerain-23-7627,"Paraguas Freerain 23""",Paraguas,"Paraguas Freerain 23"" Personalizado | Ecuador",45,OK,1,614,"Paraguas Freerain 23"" personalizables para tu marca en Ecuador. Un aliado esencial contra el clima. ¡Cotiza el tuyo hoy mismo!",126,OK,1,1,1.00,false,
paraguas-fiori-23-7515,"Paraguas Fiori 23""",Paraguas,"Paraguas Fiori 23"" Personalizado | Ecuador",42,OK,1,614,"Personaliza tu Paraguas Fiori 23"" para tu marca en Ecuador. Un embajador silencioso de tu negocio. ¡Cotiza hoy!",111,OK,1,1,1.00,false,
vaso-cervecero-300ml-oferta-4813,Vaso Cervecero 300ml Oferta,Vasos Personalizados,Vaso Cervecero 300ml Personalizado con Logo | Ecuador,53,OK,1,1,Vaso cervecero 300ml personalizado con tu marca. Publicidad funcional para tu negocio en Ecuador. Cotiza tu pedido hoy.,119,OK,1,1,0.75,false,
set-de-viaje-swiss-peak-travel-10611,Set de Viaje Swiss Peak Travel,Variedades,Set de Viaje Swiss Peak Travel Promocional | KS,47,OK,1,29,Set de Viaje Swiss Peak Travel personalizado con logo en Ecuador. Materiales de primera. ¡Cotiza por WhatsApp!,110,OK,1,7,1.00,false,
funda-portalaptop-swiss-peak-10612,Funda Portalaptop Swiss Peak,Variedades,Funda Portalaptop Swiss Peak Personalizado | KS Ecuador,55,OK,1,20,Funda Portalaptop Swiss Peak con tu logo. Genera recordación en tus clientes. ¡Pide cotización por WhatsApp!,108,OK,1,5,1.00,false,
portadocumentos-heritage-swiss-peak-11110,Portadocumentos Heritage Swiss Peak,Variedades,Portadocumentos Heritage Swiss Peak | KS Ecuador,48,OK,1,18,Portadocumentos Heritage Swiss Peak personalizado Ecuador. Alta calidad. Envíos rápidos. ¡Cotiza!,97,OK,1,5,1.00,false,
organizador-swiss-peak-office-oferta-10177,Organizador Swiss Peak Office Oferta,Oficina,Organizador Swiss Peak Office Oferta Ecuador | KS,49,OK,1,31,Compra Organizador Swiss Peak Office Oferta promocional. Calidad premium. Envíos en Ecuador. ¡Cotiza ahora!,107,OK,1,5,1.00,false,
organizador-de-viaje-swiss-peak-rpet-10181,Organizador de Viaje Swiss Peak Rpet,Oficina,Organizador Viaje Swiss Peak Rpet Personalizado | Ecuador,57,OK,1,1,Maximiza la eficiencia en tus viajes de negocio con organizadores personalizados en Ecuador. ¡Cotiza para tu equipo!,116,OK,1,1,1.00,false,
portadocumentos-de-viaje-swiss-peak-6267,Portadocumentos de Viaje Swiss Peak,Variedades,Portadocumentos de Viaje Swiss Peak Promocional | KS,52,OK,1,29,Portadocumentos de Viaje Swiss Peak con tu logo. Fortalece tu imagen corporativa. ¡Pide cotización por WhatsApp!,112,OK,1,8,1.00,false,
set-de-portatarjetas-y-boligrafos-swiss-peak-8584,Set de Portatarjetas y Bolígrafos Swiss Peak,Master Line,Set Portatarjetas y Bolígrafos Swiss Peak | Ecuador,51,OK,1,1,Personaliza este elegante set Swiss Peak. Proyecta tu marca con regalos corporativos premium en Ecuador. ¡Cotiza tu pedido hoy!,127,OK,1,1,1.00,false,"set de portatarjetas y bolígrafos swiss peak, set de portatarjetas y bolígrafos swiss peak personalizado, set de portatarjetas y bolígrafos swiss peak promocional, set de portatarjetas y bolígrafos swiss peak con logo, set de portatarjetas y bolígrafos swiss peak ecuador, set de portatarjetas y bolígrafos swiss peak corporativo, variedades, regalo corporativo ecuador, merchandising quito, productos promocionales guayaquil, ks promocionales, artículos publicitarios"
speaker-bluetooth-bass-swiss-peak-8933,Speaker Bluetooth Bass Swiss Peak,Tecnología,Speaker Bluetooth Bass Swiss Peak con Logo | KS Ecuador,55,OK,1,26,Compra Speaker Bluetooth Bass Swiss Peak promocional. Materiales de primera. Envíos en Ecuador. ¡Cotiza ahora!,110,OK,1,6,1.00,false,
set-de-boligrafos-swiss-peak-luzern-8942,Set de Boligrafos Swiss Peak Luzern,Artículos de Escritura,Set de Boligrafos Swiss Peak Luzern | KS Ecuador,48,OK,1,18,Set de Boligrafos Swiss Peak Luzern personalizado con logo en Ecuador. Resistente y funcional. ¡Cotiza por WhatsApp!,116,OK,1,3,1.00,false,
set-de-boligrafo-y-libreta-swiss-peak-lux-9568,Set de Boligrafo y Libreta Swiss Peak Lux,Artículos de Escritura,Set Bolígrafo y Libreta Swiss Peak Lux Personalizado | Ecuador,62,OK,1,1,Personaliza tu Set Swiss Peak Lux para tu marca en Ecuador. Un detalle elegante para tus clientes. ¡Cotiza hoy!,111,OK,1,1,1.00,false,"set de boligrafo y libreta swiss peak lux, set de boligrafo y libreta swiss peak lux personalizado, set de boligrafo y libreta swiss peak lux promocional, set de boligrafo y libreta swiss peak lux con logo, set de boligrafo y libreta swiss peak lux ecuador, set de boligrafo y libreta swiss peak lux corporativo, oficina, regalo corporativo ecuador, merchandising quito, productos promocionales guayaquil, ks promocionales, artículos publicitarios"
maletin-portadocumentos-urban-travel-7606,Maletín Portadocumentos Urban Travel,Maletines,Maletín Portadocumentos Urban Travel | KS Ecuador,49,OK,1,18,Maletín Portadocumentos Urban Travel personalizado Ecuador. Diseño moderno. Envíos rápidos. ¡Cotiza!,100,OK,1,2,1.00,false,
trolley-morral-backpack-urban-travel-7609,Trolley Morral Backpack Urban Travel,Maletines,Trolley Morral Backpack Urban Travel con Logo | KS Ecuador,58,OK,1,26,Trolley Morral Backpack Urban Travel diseño exclusivo. Ideal para empresas. Envíos en Ecuador. ¡Cotiza ya!,106,OK,1,3,1.00,false,
chaqueta-urban-travel-wear-8155,Chaqueta Urban Travel Wear,Bicicleta,Chaqueta Urban Travel Wear | Regalo Corporativo Ecuador,55,OK,1,2,Personaliza la Chaqueta Urban Travel Wear para tus clientes o equipo en Ecuador. Un regalo premium que fortalece conexiones. ¡Cotiza ahora!,139,OK,1,1,1.00,false,"chaqueta urban travel wear, chaqueta urban travel wear personalizado, chaqueta urban travel wear promocional, chaqueta urban travel wear con logo, chaqueta urban travel wear ecuador, chaqueta urban travel wear corporativo, variedades, regalo corporativo ecuador, merchandising quito, productos promocionales guayaquil, ks promocionales, artículos publicitarios"
portapasaporte-vester-urban-travel-8174,Portapasaporte Vester Urban Travel,Variedades,Portapasaporte Vester Urban Travel Promocional | KS,51,OK,1,29,Portapasaporte Vester Urban Travel con tu logo. Destaca en eventos. ¡Pide cotización por WhatsApp!,98,OK,1,5,1.00,false,
morral-backpack-mangini-urban-travel-9220,Morral Backpack Mangini Urban Travel,Maletines,Morral Backpack Mangini Urban Travel | KS Ecuador,49,OK,1,18,Compra Morral Backpack Mangini Urban Travel promocional. Alta calidad. Envíos en Ecuador. ¡Cotiza ahora!,104,OK,1,9,1.00,false,
morral-backpack-king-urban-travel-9599,Morral Backpack King Urban Travel,Maletines,Morral Backpack King Urban Travel Ecuador | KS Promocionales,60,OK,1,28,Morral Backpack King Urban Travel personalizable a tu medida. Ideal para empresas. Envíos en Ecuador. ¡Cotiza ya!,113,OK,1,4,1.00,false,
gorra-sport-en-microfibra-urban-travel-10600,Gorra Sport en Microfibra Urban Travel,Gorras,Gorra Sport Microfibra Urban Travel | Ecuador,45,OK,1,1,Gorra Sport en Microfibra personalizada para tu marca. Ideal para eventos y promociones en Ecuador. Cotiza ahora tu pedido.,123,OK,1,1,1.00,false,"gorra sport en microfibra urban travel, gorra sport en microfibra urban travel personalizado, gorra sport en microfibra urban travel promocional, gorra sport en microfibra urban travel con logo, gorra sport en microfibra urban travel ecuador, gorra sport en microfibra urban travel corporativo, deportes, regalo corporativo ecuador, merchandising quito, productos promocionales guayaquil, ks promocionales, artículos publicitarios"
gorra-brixton-urban-travel-10601,Gorra Brixton Urban Travel,Gorras,Gorra Brixton Urban Travel Personalizada | Ecuador,50,OK,1,82,Gorra Brixton Urban Travel personalizada para regalos corporativos en Ecuador. Cotiza tu pedido hoy y destaca tu marca.,119,OK,1,1,1.00,false,"gorra brixton urban travel, gorra brixton urban travel personalizado, gorra brixton urban travel promocional, gorra brixton urban travel con logo, gorra brixton urban travel ecuador, gorra brixton urban travel corporativo, deportes, regalo corporativo ecuador, merchandising quito, productos promocionales guayaquil, ks promocionales, artículos publicitarios"
gorra-mesh-urban-travel-10602,Gorra Mesh Urban Travel,Gorras,Gorra Mesh Urban Travel Personalizada | Ecuador,47,OK,1,82,Personaliza tu Gorra Mesh Urban Travel con tu marca. Ideal para promoción en Ecuador. Cotiza hoy mismo tu pedido al por mayor y destaca.,136,OK,1,1,1.00,false,
bajalenguas-plastico-produccion-nacional-7955,Bajalenguas Plástico- Producción Nacional,EcoNature,Bajalenguas Plástico Personalizado Ecuador,42,OK,1,1,Bajalenguas plásticos personalizados para clínicas y farmacias. Producción nacional de alta calidad. Cotiza tu pedido en Ecuador.,129,OK,1,1,0.25,true,"bajalenguas plástico- producción nacional, bajalenguas plástico- producción nacional personalizado, bajalenguas plástico- producción nacional promocional, bajalenguas plástico- producción nacional con logo, bajalenguas plástico- producción nacional ecuador, bajalenguas plástico- producción nacional corporativo, hogar, regalo corporativo ecuador, merchandising quito, productos promocionales guayaquil, ks promocionales, artículos publicitarios"
set-de-cubiertos-lunch-produccion-nacional-9617,Set de Cubiertos Lunch-produccion Nacional,EcoNature,Set Cubiertos Lunch Econature Personalizado | Ecuador,53,OK,1,1,Promociona tu marca con sets de cubiertos lunch personalizados en Ecuador. Conecta con tu audiencia de forma sostenible. ¡Cotiza hoy!,133,OK,1,1,0.33,true,"set de cubiertos lunch-produccion nacional, set de cubiertos lunch-produccion nacional personalizado, set de cubiertos lunch-produccion nacional promocional, set de cubiertos lunch-produccion nacional con logo, set de cubiertos lunch-produccion nacional ecuador, set de cubiertos lunch-produccion nacional corporativo, hogar, regalo corporativo ecuador, merchandising quito, productos promocionales guayaquil, ks promocionales, artículos publicitarios"
mug-plastico-osiris-360ml-produccion-nacional-8051,Mug Plástico Osiris 360ml - Produccion Nacional,EcoNature,Mug Plástico Osiris 360ml Personalizado Ecuador,47,OK,1,1,Mug Plástico Osiris 360ml personalizado para tu marca. Ideal para oficinas en Ecuador. Cotiza ahora y lleva exposición diaria a tus clientes.,141,OK,1,1,0.60,false,"mug plástico osiris 360ml - produccion nacional, mug plástico osiris 360ml - produccion nacional personalizado, mug plástico osiris 360ml - produccion nacional promocional, mug plástico osiris 360ml - produccion nacional con logo, mug plástico osiris 360ml - produccion nacional ecuador, mug plástico osiris 360ml - produccion nacional corporativo, mugs, regalo corporativo ecuador, merchandising quito, productos promocionales guayaquil, ks promocionales, artículos publicitarios"
mug-plastico-newport-480ml-produccion-nacional-9030,Mug Plastico Newport 480ml - Produccion Nacional,EcoNature,Mug Plástico Newport 480ml - Personalizado | Ecuador,52,OK,1,1,Personaliza tu Mug Newport 480ml econature para branding en Ecuador. ¡Cotiza tu promoción con producción nacional hoy mismo!,124,OK,1,1,0.60,false,"mug plastico newport 480ml - produccion nacional, mug plastico newport 480ml - produccion nacional personalizado, mug plastico newport 480ml - produccion nacional promocional, mug plastico newport 480ml - produccion nacional con logo, mug plastico newport 480ml - produccion nacional ecuador, mug plastico newport 480ml - produccion nacional corporativo, hogar, regalo corporativo ecuador, merchandising quito, productos promocionales guayaquil, ks promocionales, artículos publicitarios"
vaso-doble-pared-de-seguridad-450ml-prod-nacional-9618,Vaso Doble Pared de Seguridad 450ml -prod Nacional,Vasos Personalizados,Vasos Doble Pared Personalizados 450ml para Empresas Ecuador,60,OK,1,1,Vasos personalizados con tu logo de 450ml doble pared. Promocional profesional para empresas ecuatorianas. Entrega rapida. Consulta precios.,140,OK,1,1,0.57,false,"vaso doble pared de seguridad 450ml -prod nacional, vaso doble pared de seguridad 450ml -prod nacional personalizado, vaso doble pared de seguridad 450ml -prod nacional promocional, vaso doble pared de seguridad 450ml -prod nacional con logo, vaso doble pared de seguridad 450ml -prod nacional ecuador, vaso doble pared de seguridad 450ml -prod nacional corporativo, hogar, regalo corporativo ecuador, merchandising quito, productos promocionales guayaquil, ks promocionales, artículos publicitarios"
mug-plastico-morgan-300ml-produccion-nacional-10202,Mug Plástico Morgan 300ml - Produccion Nacional,Producción Nacional,Mug Plástico Morgan 300ml - Produccion Nacional | Ecuador,57,OK,1,52,Personaliza tu Mug Plástico Morgan 300ml en Ecuador para impulsar tu marca. Un artículo promocional efectivo para RRHH y marketing. ¡Cotiza ahora!,146,OK,1,1,1.00,false,"mug plástico morgan 300ml - produccion nacional, mug plástico morgan 300ml - produccion nacional personalizado, mug plástico morgan 300ml - produccion nacional promocional, mug plástico morgan 300ml - produccion nacional con logo, mug plástico morgan 300ml - produccion nacional ecuador, mug plástico morgan 300ml - produccion nacional corporativo, hogar, regalo corporativo ecuador, merchandising quito, productos promocionales guayaquil, ks promocionales, artículos publicitarios"
mug-plastico-orbit-12oz-produccion-nacional-5889,Mug Plastico Orbit 12oz - Producción Nacional,EcoNature,Mug Plástico Orbit 12oz Personalizado Ecuador,45,OK,1,1,Mug Plástico Orbit 12oz personalizado con tu logo. Producción nacional en Ecuador. Cotiza ahora tu pedido de mugs promocionales.,128,OK,1,1,0.60,false,"mug plastico orbit 12oz - producción nacional, mug plastico orbit 12oz - producción nacional personalizado, mug plastico orbit 12oz - producción nacional promocional, mug plastico orbit 12oz - producción nacional con logo, mug plastico orbit 12oz - producción nacional ecuador, mug plastico orbit 12oz - producción nacional corporativo, hogar, regalo corporativo ecuador, merchandising quito, productos promocionales guayaquil, ks promocionales, artículos publicitarios"
mug-plastico-shaker-14-oz-produccion-nacional-6809,Mug Plastico Shaker 14 oz - Producción Nacional,EcoNature,Mug Plastico Shaker 14 oz - Personalizado | Ecuador,51,OK,1,1,"Mugs Shaker de 14 oz personalizados en Ecuador. Ideales para su marca, con producción nacional. Cotiza tus regalos promocionales hoy.",133,OK,1,1,0.50,false,"mug plastico shaker 14 oz - producción nacional, mug plastico shaker 14 oz - producción nacional personalizado, mug plastico shaker 14 oz - producción nacional promocional, mug plastico shaker 14 oz - producción nacional con logo, mug plastico shaker 14 oz - producción nacional ecuador, mug plastico shaker 14 oz - producción nacional corporativo, hogar, regalo corporativo ecuador, merchandising quito, productos promocionales guayaquil, ks promocionales, artículos publicitarios"
vaso-glitter-produccion-nacional-3277,Vaso Glitter - Producción Nacional,Vasos Personalizados,Vasos Glitter Personalizados con Logo - Produccion Ecuador,58,OK,1,1,"Vasos personalizados glitter con tu logo. Fabricacion nacional ecuatoriana para eventos, promociones y campanas corporativas con impacto visual.",144,OK,1,1,0.75,false,"vaso glitter - producción nacional, vaso glitter - producción nacional personalizado, vaso glitter - producción nacional promocional, vaso glitter - producción nacional con logo, vaso glitter - producción nacional ecuador, vaso glitter - producción nacional corporativo, hogar, regalo corporativo ecuador, merchandising quito, productos promocionales guayaquil, ks promocionales, artículos publicitarios"
vaso-arrow-produccion-nacional-3267,Vaso Arrow - Producción Nacional,Vasos Personalizados,Vaso Arrow Personalizado con Logo - Promocionales Ecuador,57,OK,1,1,"Vaso Arrow personalizado para empresas en Ecuador. Produccion nacional, logo a color, ideal para merchandising corporativo y eventos comerciales.",145,OK,1,1,0.50,false,"vaso arrow - producción nacional, vaso arrow - producción nacional personalizado, vaso arrow - producción nacional promocional, vaso arrow - producción nacional con logo, vaso arrow - producción nacional ecuador, vaso arrow - producción nacional corporativo, hogar, regalo corporativo ecuador, merchandising quito, productos promocionales guayaquil, ks promocionales, artículos publicitarios"
portacomida-sencillo-con-cubiertos-produccion-nacional-5389,Portacomida Sencillo Con Cubiertos - Produccion Nacional,Hogar,Portacomida Sencillo Con Cubiertos - Produccion Na... | KS,58,OK,1,1,Compra Portacomida Sencillo Con Cubiertos - Produccion Nacional promocional. Calidad premium. Envíos en Ecuador. ¡Cotiza ahora!,127,OK,1,5,0.80,false,
estuche-multiusos-space-produccion-nacional-9620,Estuche Multiusos Space - Produccion Nacional,EcoNature,Estuche Multiusos Space Personalizado - Ecuador,47,OK,1,1,Fortalece tu marca con el Estuche Multiusos Space personalizado. Ideal para regalos corporativos en Ecuador. ¡Cotiza tu pedido hoy!,131,OK,1,1,0.60,false,"estuche multiusos space - produccion nacional, estuche multiusos space - produccion nacional personalizado, estuche multiusos space - produccion nacional promocional, estuche multiusos space - produccion nacional con logo, estuche multiusos space - produccion nacional ecuador, estuche multiusos space - produccion nacional corporativo, variedades, regalo corporativo ecuador, merchandising quito, productos promocionales guayaquil, ks promocionales, artículos publicitarios"
set-de-vino-bonard-9752,Set de Vino Bonard,Bar y Vino,Set de Vino Bonard Personalizado | Regalos Corporativos Ecuador,63,OK,1,30,Impulsa tu marca con el Set de Vino Bonard personalizado. El regalo ideal para clientes y colaboradores en Ecuador. ¡Cotiza ahora!,130,OK,1,1,1.00,false,
morral-backpack-bobby-edge-10762,Morral Backpack Bobby Edge,Maletines,Morral Backpack Bobby Edge Ecuador | KS,39,OK,1,31,Compra Morral Backpack Bobby Edge promocional. Calidad premium. Envíos en Ecuador. ¡Cotiza ahora!,97,OK,1,5,1.00,false,
morral-backpack-bizz-20-10763,Morral Backpack Bizz 2.0,Maletines,Morral Backpack Bizz 2.0 Personalizado | KS Ecuador,51,OK,1,20,Morral Backpack Bizz 2.0 con tu logo. Genera recordación en tus clientes. ¡Pide cotización por WhatsApp!,104,OK,1,5,1.00,false,
morral-backpack-soft-pack-10764,Morral Backpack Soft Pack,Maletines,Morral Backpack Soft Pack Ecuador | KS Promocionales,52,OK,1,28,Morral Backpack Soft Pack personalizado Ecuador. Calidad premium. Envíos rápidos. ¡Cotiza!,90,OK,1,10,1.00,false,
morral-backpack-antirrobo-bobby-soft-9831,Morral Backpack Antirrobo Bobby Soft,Maletines,Morral Backpack Antirrobo Bobby Soft con Logo | KS Ecuador,58,OK,1,26,Morral Backpack Antirrobo Bobby Soft con tu marca. Ideal para empresas. Envíos en Ecuador. ¡Cotiza ya!,102,OK,1,4,1.00,false,
funda-portalaptop-impact-rpet-10004,Funda Portalaptop Impact Rpet,Maletines,Funda Portalaptop Impact Rpet Personalizada | Ecuador,53,OK,1,82,Protege laptops con estilo. Personaliza la Funda Impact RPET para tu empresa en Ecuador. ¡Cotiza ahora y destaca tu marca!,122,OK,1,1,1.00,false,"funda portalaptop impact rpet, funda portalaptop impact rpet personalizado, funda portalaptop impact rpet promocional, funda portalaptop impact rpet con logo, funda portalaptop impact rpet ecuador, funda portalaptop impact rpet corporativo, oficina, regalo corporativo ecuador, merchandising quito, productos promocionales guayaquil, ks promocionales, artículos publicitarios"
organizador-para-bicicleta-reflect-10178,Organizador Para Bicicleta Reflect,Precio Bomba,Organizador Para Bicicleta Reflect | Ecuador,44,OK,1,52,Organizador para bicicleta personalizado en Ecuador. Accesorio reflectante ideal para regalar. Cotiza tu pedido con nosotros hoy mismo.,135,OK,1,1,1.00,false,"organizador para bicicleta reflect, organizador para bicicleta reflect personalizado, organizador para bicicleta reflect promocional, organizador para bicicleta reflect con logo, organizador para bicicleta reflect ecuador, organizador para bicicleta reflect corporativo, maletines, regalo corporativo ecuador, merchandising quito, productos promocionales guayaquil, ks promocionales, artículos publicitarios"
morral-backpack-reflect-10179,Morral Backpack Reflect,Precio Bomba,Morral Backpack Reflect Personalizado | Ecuador,47,OK,1,614,Morral Backpack Reflect personalizado con tu marca. Ideal para negocios en Ecuador. Cotiza ahora y lleva tu logo a todas partes.,128,OK,1,1,1.00,false,"morral backpack reflect, morral backpack reflect personalizado, morral backpack reflect promocional, morral backpack reflect con logo, morral backpack reflect ecuador, morral backpack reflect corporativo, maletines, regalo corporativo ecuador, merchandising quito, productos promocionales guayaquil, ks promocionales, artículos publicitarios"
morral-backpack-flex-gym-10176,Morral Backpack Flex Gym,Maletines,Morral Backpack Flex Gym Ecuador | KS,37,OK,1,31,Compra Morral Backpack Flex Gym promocional. Diseño moderno. Envíos en Ecuador. ¡Cotiza ahora!,94,OK,1,6,1.00,false,
organizador-de-viaje-florida-6265,Organizador de Viaje Florida,Oficina,Organizador de Viaje Florida Ecuador | KS Promocionales,55,OK,1,28,Organizador de Viaje Florida personalizado Ecuador. Alta calidad. Envíos rápidos. ¡Cotiza!,90,OK,1,5,1.00,false,
set-de-lapices-black-10995,Set de Lápices Black,Variedades,Set de Lápices Black Personalizado | Ecuador,44,OK,1,614,Personaliza tu Set de Lápices Black. Refuerza tu marca con elegancia en Ecuador. ¡Cotiza tu pedido hoy mismo!,109,OK,1,1,1.00,false,
reloj-de-agua-power-10828,Reloj de Agua Power,Variedades,Reloj de Agua Power Personalizado | Ecuador,43,OK,1,614,Sorprende con el Reloj de Agua Power personalizado para tu marca. Un regalo sostenible y único para empresas en Ecuador. ¡Cotiza ahora!,135,OK,1,1,1.00,false,
reloj-digital-utopus-11124,Reloj Digital Utopus,Precio Bomba,Reloj Digital Utopus Personalizado | Ecuador,44,OK,1,614,Impacta con relojes Utopus personalizados para tu marca. Cotiza ahora este producto promocional de calidad en Ecuador.,118,OK,1,1,1.00,false,"reloj digital utopus, reloj digital utopus personalizado, reloj digital utopus promocional, reloj digital utopus con logo, reloj digital utopus ecuador, reloj digital utopus corporativo, variedades, regalo corporativo ecuador, merchandising quito, productos promocionales guayaquil, ks promocionales, artículos publicitarios"
set-de-crayolas-infant-10695,Set de Crayolas Infant,Oficina,Set de Crayolas Infant Personalizado | Ecuador,46,OK,1,614,Diferénciate con Set de Crayolas Infant personalizadas en Ecuador. Herramienta estratégica para tu marca. ¡Cotiza ahora!,120,OK,1,1,1.00,false,"set de crayolas infant, set de crayolas infant personalizado, set de crayolas infant promocional, set de crayolas infant con logo, set de crayolas infant ecuador, set de crayolas infant corporativo, variedades, regalo corporativo ecuador, merchandising quito, productos promocionales guayaquil, ks promocionales, artículos publicitarios"
ventilador-spray-10923,Ventilador Spray,Variedades,Ventilador Spray Personalizado | Ecuador,40,OK,1,614,Refresca tu marca con ventiladores spray personalizados. Ideal para eventos en Ecuador. ¡Cotiza tu diseño exclusivo hoy!,120,OK,1,1,1.00,false,
bola-para-mascotas-10979,Bola Para Mascotas,Variedades,Bola Promocional para Mascotas Personalizada con Logo | KS Promocionales,72,TOO_LONG_TRUNCATION_RISK,1,1,"Bola para mascotas personalizada con logo de tu empresa. Artículo promocional original y diferente, ideal para veterinarias, petshops y empresas pet-friendly en Ecuador. Cotiza desde 50 unidades.",195,TOO_LONG_TRUNCATION_RISK,1,1,1.00,false,
set-limpiador-7-en-1-10980,Set Limpiador 7 en 1,Variedades,Set Limpiador 7 en 1 Personalizado | Ecuador,44,OK,1,614,Regala el Set Limpiador 7 en 1 personalizado para profesionales. Ideal para empresas en Ecuador. ¡Cotiza ahora y destaca tu marca!,130,OK,1,1,1.00,false,
advant-2-1-resaltador-de-tinta-2551,Advant 2-1 Resaltador de Tinta,Artículos de Escritura,Advant 2-1 Resaltador de Tinta Personalizado | Ecuador,54,OK,1,614,Resaltadores Advant 2-1 personalizados para empresas en Ecuador. Potencia tu marca con herramientas eficientes. ¡Cotiza ahora!,126,OK,1,1,1.00,false,
advant-2-1-resaltador-cera-6609,Advant 2-1 Resaltador Cera,Artículos de Escritura,Advant 2-1 Resaltador Cera Promocional | KS,43,OK,1,29,Advant 2-1 Resaltador Cera personalizado Ecuador. Calidad premium. Envíos rápidos. ¡Cotiza!,91,OK,1,10,1.00,false,
focus-ii-resaltador-de-cera-6368,Focus ii Resaltador de Cera,Artículos de Escritura,Focus ii Resaltador de Cera Ecuador | KS,40,OK,1,31,Focus ii Resaltador de Cera personalizado con logo en Ecuador. Materiales de primera. ¡Cotiza por WhatsApp!,107,OK,1,7,1.00,false,
ventura-resaltador-cera-5709,Ventura Resaltador Cera,Artículos de Escritura,Ventura Resaltador Cera Ecuador | KS Promocionales,50,OK,1,28,Ventura Resaltador Cera con tu logo. Genera recordación en tus clientes. ¡Pide cotización por WhatsApp!,103,OK,1,5,1.00,false,
pascal-stylus-neon-4-1-7929,Pascal Stylus Neon 4-1,Artículos de Escritura,Pascal Stylus Neon 4-1 Personalizado | Ecuador,46,OK,1,614,Pascal Stylus Neon 4-1 personalizado para ejecutivos. Bolígrafo y marcador 4-1 en Ecuador. Cotiza tu pedido ahora con descuentos especiales.,140,OK,1,1,1.00,false,"pascal stylus neon 4-1, pascal stylus neon 4-1 personalizado, pascal stylus neon 4-1 promocional, pascal stylus neon 4-1 con logo, pascal stylus neon 4-1 ecuador, pascal stylus neon 4-1 corporativo, oficina, regalo corporativo ecuador, merchandising quito, productos promocionales guayaquil, ks promocionales, artículos publicitarios"
royce-neon-3-1-oferta-8575,Royce Neon 3-1 -oferta,Artículos de Escritura,Royce Neon 3-1 -oferta Promocional | KS,39,OK,1,29,Royce Neon 3-1 -oferta personalizado con tu logo. Ideal para empresas. Envíos en Ecuador. ¡Cotiza ya!,101,OK,1,3,1.00,false,
boligrafo-carson-3-1-10497,Bolígrafo Carson 3-1,Precio Bomba,Bolígrafo Carson 3-1 Personalizado | Ecuador,44,OK,1,614,Bolígrafo Carson 3-1 personalizado para empresas. Herramienta profesional ideal para clientes y colaboradores. Cotiza ahora en Ecuador.,135,OK,1,1,1.00,false,"bolígrafo carson 3-1, bolígrafo carson 3-1 personalizado, bolígrafo carson 3-1 promocional, bolígrafo carson 3-1 con logo, bolígrafo carson 3-1 ecuador, bolígrafo carson 3-1 corporativo, escritura, regalo corporativo ecuador, merchandising quito, productos promocionales guayaquil, ks promocionales, artículos publicitarios"
resaltador-winston-10496,Resaltador Winston,Artículos de Escritura,Resaltador Winston Personalizado | Promocional Ecuador,54,OK,1,3,Personaliza el Resaltador Winston para tu marca en Ecuador. Un detalle promocional funcional y efectivo. ¡Cotiza ahora y destaca!,129,OK,1,1,1.00,false,
sticky-set-floppy-6184,Sticky Set Floppy,Ecología,Sticky Set Floppy Personalizado | Ecológico Ecuador,51,OK,1,1,Personaliza tu Sticky Set Floppy ecológico en Ecuador. La herramienta ideal para tu marca. ¡Solicita tu cotización ahora!,121,OK,1,1,1.00,false,
sticky-set-eco-3377,Sticky Set Eco,Ecología,Sticky Set Eco Personalizado | Ecuador,38,OK,1,614,"Personaliza tu Sticky Set Eco para empresas en Ecuador. Ideal para marketing, RRHH y organización. ¡Cotiza ahora y optimiza tu comunicación!",140,OK,1,1,1.00,false,
sticky-set-leader-eco-3382,Sticky Set Leader Eco,Ecología,Sticky Set Leader Eco | Libretas Personalizadas en Ecuador,58,OK,1,1,Optimiza tu marca con el Sticky Set Leader Eco personalizado. Soluciones sostenibles para tu negocio en Ecuador. ¡Pide tu cotización hoy!,137,OK,1,1,1.00,false,
libreta-con-boligrafo-recycle-eco-3384,Libreta Con Bolígrafo Recycle Eco,Artículos de Escritura,Libreta Con Bolígrafo Recycle Eco Personalizado Ecuador,55,OK,1,59,Libreta ecológica con bolígrafo personalizado para empresas en Ecuador. Cotiza tu merchandising sostenible hoy mismo.,117,OK,1,1,1.00,false,"libreta con bolígrafo recycle eco, libreta con bolígrafo recycle eco personalizado, libreta con bolígrafo recycle eco promocional, libreta con bolígrafo recycle eco con logo, libreta con bolígrafo recycle eco ecuador, libreta con bolígrafo recycle eco corporativo, oficina, regalo corporativo ecuador, merchandising quito, productos promocionales guayaquil, ks promocionales, artículos publicitarios"
libreta-con-boligrafo-gulliver-eco-4036,Libreta Con Bolígrafo Gulliver Eco,Médicos,Libreta Con Bolígrafo Gulliver Eco Personalizada | Ecuador,58,OK,1,82,Personaliza la Libreta Con Bolígrafo Gulliver Eco para tu marca. Ideal para empresas en Ecuador. ¡Cotiza tu pedido hoy mismo!,125,OK,1,1,1.00,false,"libreta con bolígrafo gulliver eco, libreta con bolígrafo gulliver eco personalizado, libreta con bolígrafo gulliver eco promocional, libreta con bolígrafo gulliver eco con logo, libreta con bolígrafo gulliver eco ecuador, libreta con bolígrafo gulliver eco corporativo, oficina, regalo corporativo ecuador, merchandising quito, productos promocionales guayaquil, ks promocionales, artículos publicitarios"
libreta-woody-ecologica-produccion-nacional-5493,Libreta Woody Ecológica - Producción Nacional,Oficina,Libreta Woody Ecológica - Producción Nacional | KS Ecuador,58,OK,1,18,Libreta Woody Ecológica - Producción Nacional impresión de alta calidad. Ideal para empresas. Envíos en Ecuador. ¡Cotiza ya!,124,OK,1,6,1.00,false,
mini-libreta-con-boligrafo-tavish-8668,Mini Libreta Con Bolígrafo Tavish,Artículos de Escritura,Mini Libreta Con Bolígrafo Tavish | Ecuador,43,OK,1,52,"Mini libreta personalizada con bolígrafo Tavish para eventos y reuniones. Cotiza tu promocional en Ecuador, Quito y Guayaquil hoy mismo.",136,OK,1,1,1.00,false,"mini libreta con bolígrafo tavish, mini libreta con bolígrafo tavish personalizado, mini libreta con bolígrafo tavish promocional, mini libreta con bolígrafo tavish con logo, mini libreta con bolígrafo tavish ecuador, mini libreta con bolígrafo tavish corporativo, oficina, regalo corporativo ecuador, merchandising quito, productos promocionales guayaquil, ks promocionales, artículos publicitarios"
memo-sticky-set-ring-8820,Memo Sticky Set Ring,Ecología,Memo Sticky Set Ring Ecológico | Ecuador,40,OK,1,5,Memo Sticky Set Ring personalizado y sostenible para tu oficina. Cotiza este producto ecológico en Ecuador. ¡Solicita tu presupuesto hoy!,137,OK,1,1,1.00,false,"memo sticky set ring, memo sticky set ring personalizado, memo sticky set ring promocional, memo sticky set ring con logo, memo sticky set ring ecuador, memo sticky set ring corporativo, oficina, regalo corporativo ecuador, merchandising quito, productos promocionales guayaquil, ks promocionales, artículos publicitarios"
mini-libreta-cork-9110,Mini Libreta Cork,Ecología,Mini Libreta Cork Personalizada | Promocionales Ecuador,55,OK,1,21,Diferencie su marca con libretas Cork personalizadas. Ideales para eventos y ferias en Ecuador. ¡Cotice ahora y destaque!,121,OK,1,1,1.00,false,
libreta-cork-9111,Libreta Cork,Ecología,Libreta Cork Personalizado | KS Ecuador,39,OK,1,20,Libreta Cork personalizado con logo en Ecuador. Calidad premium. ¡Cotiza por WhatsApp!,86,OK,1,2,1.00,false,
set-de-escritorio-cotton-10652,Set de Escritorio Cotton,Infantil,Set de Escritorio Cotton Personalizado | Ecuador,48,OK,1,614,Set de Escritorio Cotton personalizado para empresas. Ideal para marketing infantil en Ecuador. Cotiza tu pedido ahora con nosotros.,132,OK,1,1,1.00,false,"set de escritorio cotton, set de escritorio cotton personalizado, set de escritorio cotton promocional, set de escritorio cotton con logo, set de escritorio cotton ecuador, set de escritorio cotton corporativo, oficina, regalo corporativo ecuador, merchandising quito, productos promocionales guayaquil, ks promocionales, artículos publicitarios"
estuche-carton-produccion-nacional-6045,Estuche Carton - Produccion Nacional,Producción Nacional,Estuche Cartón Producción Nacional | Ecuador,44,OK,1,1,Estuche de cartón personalizado de producción nacional. Ideal para regalos corporativos. Cotiza ahora en Ecuador con KS Promocionales.,134,OK,1,1,1.00,false,"estuche carton - produccion nacional, estuche carton - produccion nacional personalizado, estuche carton - produccion nacional promocional, estuche carton - produccion nacional con logo, estuche carton - produccion nacional ecuador, estuche carton - produccion nacional corporativo, ecologia, regalo corporativo ecuador, merchandising quito, productos promocionales guayaquil, ks promocionales, artículos publicitarios"
estuche-aluminio-1061,Estuche Aluminio,Artículos de Escritura,Estuche Aluminio con Logo | KS Ecuador,38,OK,1,26,Estuche Aluminio con tu logo. Fortalece tu imagen corporativa. ¡Pide cotización por WhatsApp!,93,OK,1,8,1.00,false,
set-elegance-boligrafo-y-portaminas-7356,Set Elegance Boligrafo y Portaminas,Artículos de Escritura,Set Elegance Boligrafo y Portaminas Ecuador | KS,48,OK,1,31,Set Elegance Boligrafo y Portaminas personalizado Ecuador. Alta calidad. Envíos rápidos. ¡Cotiza!,97,OK,1,5,1.00,false,
set-escolar-college-produccion-nacional-9392,Set Escolar College - Produccion Nacional,Infantil,Set Escolar College Personalizado | Ecuador,43,OK,1,1,Set Escolar College personalizado para empresas. Ideal para merchandising escolar en Ecuador. Cotiza tu pedido hoy con producción nacional.,139,OK,1,1,0.50,false,"set escolar college - produccion nacional, set escolar college - produccion nacional personalizado, set escolar college - produccion nacional promocional, set escolar college - produccion nacional con logo, set escolar college - produccion nacional ecuador, set escolar college - produccion nacional corporativo, oficina, regalo corporativo ecuador, merchandising quito, productos promocionales guayaquil, ks promocionales, artículos publicitarios"
estuche-ariston-9242,Estuche Ariston,Artículos de Escritura,Estuche Ariston Ecuador | KS Promocionales,42,OK,1,28,Compra Estuche Ariston promocional. Acabado profesional. Envíos en Ecuador. ¡Cotiza ahora!,90,OK,1,4,1.00,false,
set-de-trigo-eco-9679,Set de Trigo Eco,EcoNature,Set de Trigo Eco Personalizado | Regalos Corporativos Ecuador,61,OK,1,30,Fortalece tu marca con nuestro Set de Trigo Eco personalizado. Ideal para empresas en Ecuador. ¡Cotiza y destaca tu compromiso sostenible!,138,OK,1,1,1.00,false,"set de trigo eco, set de trigo eco personalizado, set de trigo eco promocional, set de trigo eco con logo, set de trigo eco ecuador, set de trigo eco corporativo, oficina, regalo corporativo ecuador, merchandising quito, productos promocionales guayaquil, ks promocionales, artículos publicitarios"
lapiz-eco-3684,Lapiz Eco,Artículos de Escritura,Lápiz Eco Personalizado | Ecuador,33,OK,1,1,Lápiz eco personalizado con materiales reciclados. Perfecta herramienta promocional para empresas. Cotiza ahora en Ecuador.,123,OK,1,1,1.00,false,"lapiz eco, lapiz eco personalizado, lapiz eco promocional, lapiz eco con logo, lapiz eco ecuador, lapiz eco corporativo, ecologia, regalo corporativo ecuador, merchandising quito, productos promocionales guayaquil, ks promocionales, artículos publicitarios"
lapiz-neon-153,Lápiz Neón,Artículos de Escritura,Lápiz Neón Personalizado para Empresas en Ecuador,49,OK,1,6,Personaliza lápices neón vibrantes para tu marca en Ecuador. ¡Cotiza hoy mismo tus productos promocionales y destaca!,117,OK,1,1,1.00,false,
lapiz-metallic-oferta-8507,Lápiz Metallic Oferta,Artículos de Escritura,Lápiz Metallic Oferta Promocional | KS,38,OK,1,29,Compra Lápiz Metallic Oferta promocional. Materiales de primera. Envíos en Ecuador. ¡Cotiza ahora!,98,OK,1,6,1.00,false,
lapiz-infinity-eco-9841,Lápiz Infinity Eco,Artículos de Escritura,Lápiz Infinity Eco Promocional | KS,35,OK,1,29,Compra Lápiz Infinity Eco promocional. Calidad premium. Envíos en Ecuador. ¡Cotiza ahora!,89,OK,1,5,1.00,false,
ventura-bamboo-infinity-9918,Ventura Bamboo Infinity,Variedades,Ventura Bamboo Infinity Personalizado | Ecuador,47,OK,1,614,Fortalece tu marca en Ecuador con el Ventura Bamboo Infinity. Personaliza este lápiz ecológico y cotiza ya tus promocionales sostenibles.,137,OK,1,1,1.00,false,
set-de-boligrafos-flock-oferta-10040,Set de Bolígrafos Flock Oferta,Artículos de Escritura,Set Bolígrafos Flock Oferta | Personalizados en Ecuador,55,OK,1,1,Personaliza tu Set de Bolígrafos Flock Oferta con tu logo. Ideal para marketing en Ecuador. ¡Cotiza tu pedido hoy y destaca tu marca!,133,OK,1,1,1.00,false,
lapiz-infinity-con-borrador-10254,Lápiz Infinity Con Borrador,Artículos de Escritura,Lápiz Infinity Con Borrador Personalizado Ecuador,49,OK,1,59,Lápiz Infinity con Borrador personalizado para tu marca. Disponible en Ecuador. Cotiza ahora y destaca en cada reunión de tu equipo.,132,OK,1,1,1.00,false,"lápiz infinity con borrador, lápiz infinity con borrador personalizado, lápiz infinity con borrador promocional, lápiz infinity con borrador con logo, lápiz infinity con borrador ecuador, lápiz infinity con borrador corporativo, oficina, regalo corporativo ecuador, merchandising quito, productos promocionales guayaquil, ks promocionales, artículos publicitarios"
portanotas-yakari-oferta-9890,Portanotas Yakari Oferta,Artículos de Escritura,Portanotas Yakari Oferta Personalizado | Ecuador,48,OK,1,614,Portanotas Yakari personalizado para ejecutivos en Ecuador. Ideal para empresas. Cotiza tu pedido con descuentos especiales ahora.,130,OK,1,1,1.00,false,"portanotas yakari oferta, portanotas yakari oferta personalizado, portanotas yakari oferta promocional, portanotas yakari oferta con logo, portanotas yakari oferta ecuador, portanotas yakari oferta corporativo, hogar, regalo corporativo ecuador, merchandising quito, productos promocionales guayaquil, ks promocionales, artículos publicitarios"
lapiz-eco-natural-13205,Lapiz Eco Natural,Deportes,Lápiz Eco Natural Personalizado | Promocionales Ecuador,55,OK,1,1,Personaliza tu Lápiz Eco Natural para branding. Impacta con marketing ecológico en Ecuador. ¡Cotiza ahora y destaca tu marca!,125,OK,1,1,1.00,false,"lapiz eco natural, lapiz eco natural personalizado, lapiz eco natural promocional, lapiz eco natural con logo, lapiz eco natural ecuador, lapiz eco natural corporativo, novedades, regalo corporativo ecuador, merchandising quito, productos promocionales guayaquil, ks promocionales, artículos publicitarios"
llavero-linterna-carabinero-7425,Llavero Linterna Carabinero,Iluminación,Llavero Linterna Carabinero Personalizado | Ecuador,51,OK,1,614,Llavero linterna carabinero personalizado para empresas en Ecuador. Cotiza tu pedido hoy y lleva seguridad e iluminación en cada bolsillo.,138,OK,1,1,1.00,false,"llavero linterna carabinero, llavero linterna carabinero personalizado, llavero linterna carabinero promocional, llavero linterna carabinero con logo, llavero linterna carabinero ecuador, llavero linterna carabinero corporativo, llaveros, regalo corporativo ecuador, merchandising quito, productos promocionales guayaquil, ks promocionales, artículos publicitarios"
llavero-destapador-nash-7432,Llavero Destapador Nash,Bar y Vino,Llavero Destapador Nash Personalizado | Ecuador,47,OK,1,614,Personaliza tu Llavero Destapador Nash para tu marca en Ecuador. Un artículo promocional útil y memorable. ¡Cotiza ahora y destaca!,131,OK,1,1,1.00,false,"llavero destapador nash, llavero destapador nash personalizado, llavero destapador nash promocional, llavero destapador nash con logo, llavero destapador nash ecuador, llavero destapador nash corporativo, hogar, regalo corporativo ecuador, merchandising quito, productos promocionales guayaquil, ks promocionales, artículos publicitarios"
llavero-ml-345-7451,Llavero Ml-345,Master Line,Llavero ML-345 Personalizado | Ecuador,38,OK,1,614,Llavero ML-345 personalizado con tu logo. Ideal para promocionar tu marca en Ecuador. Cotiza ahora y destaca con merchandising de calidad.,138,OK,1,1,1.00,false,"llavero ml-345, llavero ml-345 personalizado, llavero ml-345 promocional, llavero ml-345 con logo, llavero ml-345 ecuador, llavero ml-345 corporativo, llaveros, regalo corporativo ecuador, merchandising quito, productos promocionales guayaquil, ks promocionales, artículos publicitarios"
llavero-bici-7781,Llavero Bici,Master Line,Llavero Bici Personalizado Ecuador | Promocionales KS,53,OK,1,1,Diseña llaveros Bici personalizados para tu marca en Ecuador. Ideal para marketing y branding. ¡Cotiza ahora y destaca!,119,OK,1,1,1.00,false,
llavero-ml-347-7782,Llavero Ml-347,Master Line,Llavero ML-347 Personalizado | Ecuador,38,OK,1,614,Llavero ML-347 personalizado para tu marca. Ideal para empresas en Ecuador. Cotiza ahora y lleva tu logo en cada llave.,119,OK,1,1,1.00,false,"llavero ml-347, llavero ml-347 personalizado, llavero ml-347 promocional, llavero ml-347 con logo, llavero ml-347 ecuador, llavero ml-347 corporativo, llaveros, regalo corporativo ecuador, merchandising quito, productos promocionales guayaquil, ks promocionales, artículos publicitarios"
llavero-pito-maxi-7877,Llavero Pito Maxi,Bicicleta,Llavero Pito Maxi Personalizado | Ecuador,41,OK,1,614,Llavero Pito Maxi personalizado para empresas. Accesorio funcional para ciclismo. Cotiza ahora en Ecuador con KS Promocionales.,127,OK,1,1,1.00,false,"llavero pito maxi, llavero pito maxi personalizado, llavero pito maxi promocional, llavero pito maxi con logo, llavero pito maxi ecuador, llavero pito maxi corporativo, llaveros, regalo corporativo ecuador, merchandising quito, productos promocionales guayaquil, ks promocionales, artículos publicitarios"
llavero-ml-356-8039,Llavero Ml-356,Master Line,Llavero ML-356 Personalizado para Empresas en Ecuador,53,OK,1,6,Impulsa tu marca con el llavero ML-356. Personalización exclusiva para empresas en Ecuador. Cotiza hoy tu branding estratégico.,127,OK,1,1,1.00,false,
llavero-ml-367-8532,Llavero Ml-367,Master Line,Llavero ML-367 Personalizado | Promocionales Ecuador,52,OK,1,49,Realza tu marca con el llavero ML-367 personalizado para tu empresa en Ecuador. ¡Cotiza ahora y deja una impresión duradera!,124,OK,1,1,1.00,false,
set-de-portatarjetas-y-llavero-jack-oferta-8497,Set de Portatarjetas y Llavero Jack Oferta,Master Line,Set Portatarjetas y Llavero Jack | Ecuador,42,OK,1,1,Set Portatarjetas y Llavero Jack personalizado para regalos corporativos. Cotiza en Ecuador. Solución elegante para profesionales.,130,OK,1,1,0.75,false,"set de portatarjetas y llavero jack oferta, set de portatarjetas y llavero jack oferta personalizado, set de portatarjetas y llavero jack oferta promocional, set de portatarjetas y llavero jack oferta con logo, set de portatarjetas y llavero jack oferta ecuador, set de portatarjetas y llavero jack oferta corporativo, llaveros, regalo corporativo ecuador, merchandising quito, productos promocionales guayaquil, ks promocionales, artículos publicitarios"
llavero-ml-368-8533,Llavero Ml-368,Master Line,Llavero ML-368 Personalizado | Ecuador,38,OK,1,614,Llavero ML-368 personalizado para tu marca. Visibilidad constante en bolsos y mochilas. Cotiza ahora en Ecuador con KS Promocionales.,133,OK,1,1,1.00,false,"llavero ml-368, llavero ml-368 personalizado, llavero ml-368 promocional, llavero ml-368 con logo, llavero ml-368 ecuador, llavero ml-368 corporativo, llaveros, regalo corporativo ecuador, merchandising quito, productos promocionales guayaquil, ks promocionales, artículos publicitarios"
llavero-destapador-car-9131,Llavero Destapador Car,Llaveros,Llavero Destapador Car Personalizado | Ecuador,46,OK,1,614,Impacta con llaveros destapador Car personalizados para tu marca. Ofrecemos envíos rápidos en Ecuador. ¡Cotiza ya tu obsequio promocional!,138,OK,1,1,1.00,false,"llavero destapador car, llavero destapador car personalizado, llavero destapador car promocional, llavero destapador car con logo, llavero destapador car ecuador, llavero destapador car corporativo, hogar, regalo corporativo ecuador, merchandising quito, productos promocionales guayaquil, ks promocionales, artículos publicitarios"
milla-roller-stylus-5848,Milla Roller Stylus,Artículos de Escritura,Milla Roller Stylus Ecuador | KS Promocionales,46,OK,1,28,Milla Roller Stylus con tu marca. Ideal para empresas. Envíos en Ecuador. ¡Cotiza ya!,85,OK,1,4,1.00,false,
floyd-stylus-5837,Floyd Stylus,Artículos de Escritura,Floyd Stylus Personalizado | KS Ecuador,39,OK,1,20,Floyd Stylus serigrafía de calidad. Ideal para empresas. Envíos en Ecuador. ¡Cotiza ya!,87,OK,1,5,1.00,false,
aston-stylus-metalico-7852,Aston Stylus Metalico,Artículos de Escritura,Aston Stylus Metalico con Logo | KS Ecuador,43,OK,1,26,Compra Aston Stylus Metalico promocional. Alta calidad. Envíos en Ecuador. ¡Cotiza ahora!,89,OK,1,9,1.00,false,
memoria-usb-boligrafo-king-precio-neto-5723,Memoria Usb Boligrafo King Precio Neto,Memorias USB,Memoria USB Bolígrafo King | Ecuador,36,OK,1,1,Memoria USB Bolígrafo King personalizado. Combina almacenamiento y escritura en un solo objeto. Cotiza tu pedido en Ecuador.,124,OK,1,1,0.60,false,"memoria usb boligrafo king precio neto, memoria usb boligrafo king precio neto personalizado, memoria usb boligrafo king precio neto promocional, memoria usb boligrafo king precio neto con logo, memoria usb boligrafo king precio neto ecuador, memoria usb boligrafo king precio neto corporativo, oficina, regalo corporativo ecuador, merchandising quito, productos promocionales guayaquil, ks promocionales, artículos publicitarios"
hamond-stylus-8555,Hamond Stylus,Artículos de Escritura,Hamond Stylus Personalizado | Regalos Corporativos Ecuador,58,OK,1,30,"Descubre el Hamond Stylus, el regalo corporativo ideal para tus clientes y colaboradores en Ecuador. Personaliza, marca la diferencia y cotiza hoy.",147,OK,1,1,1.00,false,
boligrafo-brink-stylus-9835,Bolígrafo Brink Stylus,Artículos de Escritura,Bolígrafo Brink Stylus Promocional | KS,39,OK,1,29,Bolígrafo Brink Stylus personalizado con tu logo. Ideal para empresas. Envíos en Ecuador. ¡Cotiza ya!,101,OK,1,3,1.00,false,
boligrafo-tankist-stylus-10043,Bolígrafo Tankist Stylus,Artículos de Escritura,Bolígrafo Tankist Stylus Ecuador | KS,37,OK,1,31,Compra Bolígrafo Tankist Stylus promocional. Alta calidad. Envíos en Ecuador. ¡Cotiza ahora!,92,OK,1,9,1.00,false,
llavero-linterna-flat-6972,Llavero Linterna Flat,Iluminación,Llavero Linterna Flat Personalizado | Ecuador,45,OK,1,614,Llavero linterna flat personalizado con tu logo. Ideal para regalos corporativos en Ecuador. Cotiza ahora y lleva iluminación a tus clientes.,141,OK,1,1,1.00,false,"llavero linterna flat, llavero linterna flat personalizado, llavero linterna flat promocional, llavero linterna flat con logo, llavero linterna flat ecuador, llavero linterna flat corporativo, llaveros, regalo corporativo ecuador, merchandising quito, productos promocionales guayaquil, ks promocionales, artículos publicitarios"
metro-llavero-car-7275,Metro Llavero Car,Llaveros,Metro Llavero Car Personalizado | Ecuador,41,OK,1,614,Llavero Metro Car personalizado con tu logo. Ideal para promocionar tu marca en Ecuador. Cotiza ahora y sorprende a tus clientes.,129,OK,1,1,1.00,false,"metro llavero car, metro llavero car personalizado, metro llavero car promocional, metro llavero car con logo, metro llavero car ecuador, metro llavero car corporativo, herramientas, regalo corporativo ecuador, merchandising quito, productos promocionales guayaquil, ks promocionales, artículos publicitarios"
llavero-linterna-like-it-con-stylus-7417,Llavero Linterna Like it Con Stylus,Iluminación,Llavero Linterna Like it Con Stylus | Ecuador,45,OK,1,52,Llavero linterna con stylus personalizado para equipos. Funcionalidad práctica y compacta. Cotiza ahora en Ecuador.,115,OK,1,1,1.00,false,"llavero linterna like it con stylus, llavero linterna like it con stylus personalizado, llavero linterna like it con stylus promocional, llavero linterna like it con stylus con logo, llavero linterna like it con stylus ecuador, llavero linterna like it con stylus corporativo, llaveros, regalo corporativo ecuador, merchandising quito, productos promocionales guayaquil, ks promocionales, artículos publicitarios"
llavero-destapador-truman-7430,Llavero Destapador Truman,Bar y Vino,Llavero Destapador Truman | Promocionales Ecuador,49,OK,1,5,Personaliza llaveros destapador Truman para tu marca en Ecuador. Un detalle práctico y memorable para clientes y colaboradores. ¡Cotiza ahora!,142,OK,1,1,1.00,false,"llavero destapador truman, llavero destapador truman personalizado, llavero destapador truman promocional, llavero destapador truman con logo, llavero destapador truman ecuador, llavero destapador truman corporativo, hogar, regalo corporativo ecuador, merchandising quito, productos promocionales guayaquil, ks promocionales, artículos publicitarios"
llavero-metro-con-destapador-mimic-7429,Llavero Metro Con Destapador Mimic,Iluminación,Llavero Metro Destapador Mimic Personalizado | Ecuador,54,OK,1,1,Personaliza llaveros metro destapador Mimic para tu marca en Ecuador. ¡Cotiza ahora y destaca con regalos promocionales únicos!,127,OK,1,1,1.00,false,"llavero metro con destapador mimic, llavero metro con destapador mimic personalizado, llavero metro con destapador mimic promocional, llavero metro con destapador mimic con logo, llavero metro con destapador mimic ecuador, llavero metro con destapador mimic corporativo, hogar, regalo corporativo ecuador, merchandising quito, productos promocionales guayaquil, ks promocionales, artículos publicitarios"
llavero-metro-con-nivelador-7992,Llavero Metro Con Nivelador,Llaveros,Llavero Metro Con Nivelador Personalizado | Ecuador,51,OK,1,614,Llavero metro con nivelador personalizado para tu empresa. Herramienta práctica y útil. Cotiza ahora en Ecuador.,112,OK,1,1,1.00,false,"llavero metro con nivelador, llavero metro con nivelador personalizado, llavero metro con nivelador promocional, llavero metro con nivelador con logo, llavero metro con nivelador ecuador, llavero metro con nivelador corporativo, herramientas, regalo corporativo ecuador, merchandising quito, productos promocionales guayaquil, ks promocionales, artículos publicitarios"
mini-set-de-destornilladores-koda-7996,Mini Set de Destornilladores Koda,Herramientas,Mini Set de Destornilladores Koda Ecuador | KS,46,OK,1,31,Mini Set de Destornilladores Koda con tu logo. Fortalece tu imagen corporativa. ¡Pide cotización por WhatsApp!,110,OK,1,8,1.00,false,
llavero-destapador-like-it-8029,Llavero Destapador Like it,Llaveros,Llavero Destapador Like it Personalizado Ecuador,48,OK,1,59,Llavero destapador personalizado con tu logo. Ideal para branding. Disponible en Ecuador. ¡Cotiza ahora tu pedido!,114,OK,1,1,1.00,false,"llavero destapador like it, llavero destapador like it personalizado, llavero destapador like it promocional, llavero destapador like it con logo, llavero destapador like it ecuador, llavero destapador like it corporativo, hogar, regalo corporativo ecuador, merchandising quito, productos promocionales guayaquil, ks promocionales, artículos publicitarios"
llavero-casco-8753,Llavero Casco,Llaveros,Llavero Casco Ecuador | KS,26,OK,1,31,Llavero Casco personalizado Ecuador. Calidad premium. Envíos rápidos. ¡Cotiza!,78,OK,1,10,1.00,false,
llavero-plastico-multiusos-anticontacto-produccion-nacional-9475,Llavero Plástico Multiusos Anticontacto - Produccion Nacional,Llaveros,Llavero Plástico Multiusos Anticontacto - Producci... | KS,58,OK,1,1,Llavero Plástico Multiusos Anticontacto - Produccion Nacional impresión de alta calidad. Ideal para empresas. Envíos en Ecuador. ¡Cotiza ya!,140,OK,1,6,0.67,false,
metro-llavero-kurtis-9760,Metro Llavero Kurtis,Llaveros,Metro Llavero Kurtis Personalizado | Promocionales Ecuador,58,OK,1,49,Personaliza tu Metro Llavero Kurtis para promocionar tu marca en Ecuador. Un detalle práctico y memorable para tus clientes. ¡Cotiza hoy!,137,OK,1,1,1.00,false,"metro llavero kurtis, metro llavero kurtis personalizado, metro llavero kurtis promocional, metro llavero kurtis con logo, metro llavero kurtis ecuador, metro llavero kurtis corporativo, hogar, regalo corporativo ecuador, merchandising quito, productos promocionales guayaquil, ks promocionales, artículos publicitarios"
llavero-relajante-10219,Llavero Relajante,Llaveros,Llavero Relajante con Logo | KS Ecuador,39,OK,1,26,Llavero Relajante personalizado con tu logo. Ideal para empresas. Envíos en Ecuador. ¡Cotiza ya!,96,OK,1,3,1.00,false,
grayson-stylus-6992,Grayson Stylus,Artículos de Escritura,Grayson Stylus Personalizado | Ecuador,38,OK,1,614,Descubre el Grayson Stylus. Personaliza este bolígrafo stylus para tu marca en Ecuador. Un aliado estratégico para profesionales. ¡Cotiza ahora!,144,OK,1,1,1.00,false,
summit-stylus-5747,Summit Stylus,Artículos de Escritura,Summit Stylus Ecuador | KS,26,OK,1,31,Summit Stylus con tu logo. Destaca en eventos. ¡Pide cotización por WhatsApp!,77,OK,1,5,1.00,false,
nolton-stylus-5756,Nolton Stylus,Precio Bomba,Nolton Stylus Personalizado | Ecuador,37,OK,1,614,Stylus personalizado para profesionales en movimiento. Cotiza tu Nolton Stylus en Ecuador. Herramienta versátil para tablets y dispositivos táctiles.,149,OK,1,1,1.00,false,"nolton stylus, nolton stylus personalizado, nolton stylus promocional, nolton stylus con logo, nolton stylus ecuador, nolton stylus corporativo, escritura, regalo corporativo ecuador, merchandising quito, productos promocionales guayaquil, ks promocionales, artículos publicitarios"
kaiser-stylus-7342,Kaiser Stylus,Artículos de Escritura,Kaiser Stylus con Logo | KS Ecuador,35,OK,1,26,Kaiser Stylus personalización profesional. Ideal para empresas. Envíos en Ecuador. ¡Cotiza ya!,94,OK,1,3,1.00,false,
ventura-stylus-neon-7947,Ventura Stylus Neon,Artículos de Escritura,Ventura Stylus Neon con Logo | KS Ecuador,41,OK,1,26,Ventura Stylus Neon con tu logo. Aumenta el reconocimiento de tu marca. ¡Pide cotización por WhatsApp!,102,OK,1,10,1.00,false,
smith-7031,Smith,Herramientas,Smith Personalizado | Ecuador,29,OK,1,614,Smith personalizado con tu logo: herramienta promocional ideal para empresas. Cotiza ahora en Ecuador. Envíos a Quito.,118,OK,1,1,1.00,false,"smith, smith personalizado, smith promocional, smith con logo, smith ecuador, smith corporativo, escritura, regalo corporativo ecuador, merchandising quito, productos promocionales guayaquil, ks promocionales, artículos publicitarios"
billy-7010,Billy,Precio Bomba,Billy Personalizado | Ecuador,29,OK,1,614,Billy personalizada para tu marca. Botella con logo en Ecuador. Cotiza ahora botellas promocionales de calidad premium.,119,OK,1,1,1.00,false,"billy, billy personalizado, billy promocional, billy con logo, billy ecuador, billy corporativo, escritura, regalo corporativo ecuador, merchandising quito, productos promocionales guayaquil, ks promocionales, artículos publicitarios"
barcelona-solido-7007,Barcelona Solido,Precio Bomba,Barcelona Sólido Personalizado | Ecuador,40,OK,1,1,Bolígrafo Barcelona Sólido personalizado con tu logo. Ideal para promocionar tu marca en Ecuador. ¡Cotiza ahora con nosotros!,125,OK,1,1,1.00,false,"barcelona solido, barcelona solido personalizado, barcelona solido promocional, barcelona solido con logo, barcelona solido ecuador, barcelona solido corporativo, escritura, regalo corporativo ecuador, merchandising quito, productos promocionales guayaquil, ks promocionales, artículos publicitarios"
lamont-6998,Lamont,Artículos de Escritura,Bolígrafo Lamont Personalizado | Ecuador,40,OK,1,5,Realza tu marca con bolígrafos Lamont personalizados. Solicita hoy tu cotización para regalos corporativos premium en Ecuador.,126,OK,1,1,1.00,false,
ventura-frost-4500,Ventura Frost,Artículos de Escritura,Ventura Frost Promocional | KS,30,OK,1,29,Ventura Frost personalizado Ecuador. Acabado profesional. Envíos rápidos. ¡Cotiza!,82,OK,1,2,1.00,false,
boligrafo-ventura-barril-plata-1658,Bolígrafo Ventura Barril Plata,Artículos de Escritura,Bolígrafo Ventura Barril Plata Ecuador | KS Promocionales,57,OK,1,28,Bolígrafo Ventura Barril Plata personalización profesional. Ideal para empresas. Envíos en Ecuador. ¡Cotiza ya!,111,OK,1,3,1.00,false,
balmax-stylus-7330,Balmax Stylus,Precio Bomba,Balmax Stylus Personalizado | Ecuador,37,OK,1,614,Balmax Stylus personalizado para empresas. Herramienta promocional de calidad en Ecuador. Cotiza tu pedido hoy mismo.,117,OK,1,1,1.00,false,"balmax stylus, balmax stylus personalizado, balmax stylus promocional, balmax stylus con logo, balmax stylus ecuador, balmax stylus corporativo, escritura, regalo corporativo ecuador, merchandising quito, productos promocionales guayaquil, ks promocionales, artículos publicitarios"
parrot-7856,Parrot,Artículos de Escritura,Parrot con Logo | KS Ecuador,28,OK,1,26,Parrot personalizado Ecuador. Diseño moderno. Envíos rápidos. ¡Cotiza!,70,OK,1,2,1.00,false,
set-de-cafe-eco-9680,Set de Café Eco,Precio Bomba,Set de Café Eco Personalizado | Regalos Ecuador,47,OK,1,16,Conecta con tus clientes en Ecuador con el Set de Café Eco personalizado. Un obsequio memorable que fortalece tu marca. ¡Cotiza ahora!,134,OK,1,1,1.00,false,"set de café eco, set de café eco personalizado, set de café eco promocional, set de café eco con logo, set de café eco ecuador, set de café eco corporativo, oficina, regalo corporativo ecuador, merchandising quito, productos promocionales guayaquil, ks promocionales, artículos publicitarios"
set-jersey-antibacteriano-9681,Set Jersey Antibacteriano,Precio Bomba,Set Jersey Antibacteriano Personalizado | Ecuador,49,OK,1,614,Personaliza tu Set Jersey Antibacteriano para equipos en Ecuador. Refuerza la conexión con tus clientes y colaboradores. ¡Cotiza hoy!,133,OK,1,1,1.00,false,"set jersey antibacteriano, set jersey antibacteriano personalizado, set jersey antibacteriano promocional, set jersey antibacteriano con logo, set jersey antibacteriano ecuador, set jersey antibacteriano corporativo, oficina, regalo corporativo ecuador, merchandising quito, productos promocionales guayaquil, ks promocionales, artículos publicitarios"
set-boligrafo-y-portaminas-bamboo-9682,Set Bolígrafo y Portaminas Bamboo,Artículos de Escritura,Set Bolígrafo y Portaminas Bamboo Personalizado | Ecuador,57,OK,1,614,Personaliza tu Set de Bolígrafo y Portaminas Bamboo. Ideal para regalos corporativos en Ecuador. ¡Cotiza ahora y destaca tu marca!,130,OK,1,1,1.00,false,"set bolígrafo y portaminas bamboo, set bolígrafo y portaminas bamboo personalizado, set bolígrafo y portaminas bamboo promocional, set bolígrafo y portaminas bamboo con logo, set bolígrafo y portaminas bamboo ecuador, set bolígrafo y portaminas bamboo corporativo, oficina, regalo corporativo ecuador, merchandising quito, productos promocionales guayaquil, ks promocionales, artículos publicitarios"
portaminas-jester-coffee-10021,Portaminas Jester Coffee,Precio Bomba,Portaminas Jester Coffee Personalizado Ecuador,46,OK,1,59,Portaminas Jester Coffee personalizado con tu logo. Promocional de precio-bomba para empresas. Cotiza ahora en Ecuador.,119,OK,1,1,1.00,false,"portaminas jester coffee, portaminas jester coffee personalizado, portaminas jester coffee promocional, portaminas jester coffee con logo, portaminas jester coffee ecuador, portaminas jester coffee corporativo, escritura, regalo corporativo ecuador, merchandising quito, productos promocionales guayaquil, ks promocionales, artículos publicitarios"
talbot-2-1-oferta-7016,Talbot 2-1 Oferta,Artículos de Escritura,Talbot 2-1 Oferta Ecuador | KS Promocionales,44,OK,1,28,Talbot 2-1 Oferta personalizado con logo en Ecuador. Resistente y funcional. ¡Cotiza por WhatsApp!,98,OK,1,3,1.00,false,
estuche-para-resaltador-de-cera-fiona-6694,Estuche Para Resaltador de Cera Fiona,Artículos de Escritura,Estuche Resaltador de Cera Fiona Personalizado | Ecuador,56,OK,1,1,Realza tu marca con estuches para resaltadores personalizados. Ideal para regalos corporativos en Ecuador. ¡Cotiza ahora!,121,OK,1,1,0.80,false,"estuche para resaltador de cera fiona, estuche para resaltador de cera fiona personalizado, estuche para resaltador de cera fiona promocional, estuche para resaltador de cera fiona con logo, estuche para resaltador de cera fiona ecuador, estuche para resaltador de cera fiona corporativo, oficina, regalo corporativo ecuador, merchandising quito, productos promocionales guayaquil, ks promocionales, artículos publicitarios"
set-de-resaltadores-magicos-en-cera-flipper-5496,Set de Resaltadores Magicos en Cera Flipper,Artículos de Escritura,Set Resaltadores Magicos Flipper Personalizado Ecuador,54,OK,1,1,Resaltadores Magicos en Cera Flipper personalizados para tu empresa. Cotiza ahora en Ecuador. Herramienta dual práctica y profesional.,134,OK,1,1,0.75,false,"set de resaltadores magicos en cera flipper, set de resaltadores magicos en cera flipper personalizado, set de resaltadores magicos en cera flipper promocional, set de resaltadores magicos en cera flipper con logo, set de resaltadores magicos en cera flipper ecuador, set de resaltadores magicos en cera flipper corporativo, oficina, regalo corporativo ecuador, merchandising quito, productos promocionales guayaquil, ks promocionales, artículos publicitarios"
resaltador-de-cera-fiona-5749,Resaltador de Cera Fiona,Artículos de Escritura,Resaltador de Cera Fiona Personalizado | Ecuador,48,OK,1,614,Personaliza tu Resaltador de Cera Fiona para branding en Ecuador. Fortalece tu marca con este detalle único. ¡Cotiza ahora!,123,OK,1,1,1.00,false,
resaltador-magico-en-cera-flower-5-colores-5499,Resaltador Magico en Cera Flower - 5 Colores,Artículos de Escritura,Resaltador Magico Cera Flower 5 Colores | Ecuador,49,OK,1,1,Personaliza este Resaltador Mágico Flower de 5 colores para tu marca. Ideal para promoción en Ecuador. Cotiza hoy mismo y potencia tu visibilidad.,146,OK,1,1,1.00,false,"resaltador magico en cera flower - 5 colores, resaltador magico en cera flower - 5 colores personalizado, resaltador magico en cera flower - 5 colores promocional, resaltador magico en cera flower - 5 colores con logo, resaltador magico en cera flower - 5 colores ecuador, resaltador magico en cera flower - 5 colores corporativo, oficina, regalo corporativo ecuador, merchandising quito, productos promocionales guayaquil, ks promocionales, artículos publicitarios"
resaltador-magico-de-cera-triangulo-5497,Resaltador Magico de Cera Triangulo,Artículos de Escritura,Resaltador Magico de Cera Triangulo Personalizado Ecuador,57,OK,1,59,Resaltador Magico de Cera Triangulo personalizado con tu logo. Ideal para oficinas en Ecuador. Cotiza ahora y promociona tu marca.,130,OK,1,2,1.00,false,"resaltador magico de cera triangulo, resaltador magico de cera triangulo personalizado, resaltador magico de cera triangulo promocional, resaltador magico de cera triangulo con logo, resaltador magico de cera triangulo ecuador, resaltador magico de cera triangulo corporativo, oficina, regalo corporativo ecuador, merchandising quito, productos promocionales guayaquil, ks promocionales, artículos publicitarios"
resaltador-magico-en-cera-4672,Resaltador Mágico en Cera,Médicos,Resaltador Mágico en Cera Personalizado | Ecuador,49,OK,1,614,Resaltador Mágico en Cera personalizado para médicos y clínicas en Ecuador. Promociona tu marca en el sector salud. ¡Cotiza ahora!,130,OK,1,1,1.00,false,"resaltador mágico en cera, resaltador mágico en cera personalizado, resaltador mágico en cera promocional, resaltador mágico en cera con logo, resaltador mágico en cera ecuador, resaltador mágico en cera corporativo, oficina, regalo corporativo ecuador, merchandising quito, productos promocionales guayaquil, ks promocionales, artículos publicitarios"
estuche-para-resaltador-magico-produccion-nacional-4673,Estuche Para Resaltador Mágico - Producción Nacional,Artículos de Escritura,Estuche Para Resaltador Mágico - Producción Nacion... | KS,58,OK,1,1,Estuche Para Resaltador Mágico - Producción Nacional personalizado con logo en Ecuador. Resistente y funcional. ¡Cotiza por WhatsApp!,133,OK,1,3,0.83,false,
comprimidos-produccion-nacional-5605,Comprimidos - Produccion Nacional,Bicicleta,Comprimidos Bicicleta Personalizados Ecuador - Producción Nacional,66,TOO_LONG_TRUNCATION_RISK,1,1,Kits de reparación 'comprimidos' para bicicletas personalizables en Ecuador. Promociona tu marca con herramientas multifunción. ¡Cotiza hoy!,140,OK,1,1,1.00,false,"comprimidos - produccion nacional, comprimidos - produccion nacional personalizado, comprimidos - produccion nacional promocional, comprimidos - produccion nacional con logo, comprimidos - produccion nacional ecuador, comprimidos - produccion nacional corporativo, variedades, regalo corporativo ecuador, merchandising quito, productos promocionales guayaquil, ks promocionales, artículos publicitarios"
identificador-de-maletas-pop-10583,Identificador de Maletas Pop,Maletines,Identificador Maletas Pop Personalizado | Ecuador,49,OK,1,1,Realza tu marca con identificadores de maletas Pop personalizados. ¡Destaca en Ecuador! Cotiza para tus clientes y colaboradores.,129,OK,1,1,1.00,false,"identificador de maletas pop, identificador de maletas pop personalizado, identificador de maletas pop promocional, identificador de maletas pop con logo, identificador de maletas pop ecuador, identificador de maletas pop corporativo, variedades, regalo corporativo ecuador, merchandising quito, productos promocionales guayaquil, ks promocionales, artículos publicitarios"
clip-de-golf-para-gorra-5882,Clip de Golf Para Gorra,Golf,Clip de Golf Para Gorra Personalizado | Ecuador,47,OK,1,614,Clip de golf personalizado para gorra con logo. Ideal para torneos corporativos. Solicita tu cotización en Ecuador. ¡Asegura tu estilo!,135,OK,1,1,1.00,false,"clip de golf para gorra, clip de golf para gorra personalizado, clip de golf para gorra promocional, clip de golf para gorra con logo, clip de golf para gorra ecuador, clip de golf para gorra corporativo, juegos, regalo corporativo ecuador, merchandising quito, productos promocionales guayaquil, ks promocionales, artículos publicitarios"
gorra-golf-471,Gorra Golf,Golf,Gorra Golf Personalizada | Ecuador,34,OK,1,82,Gorra golf personalizada con tu logo para networking empresarial. Disponible en Ecuador. Cotiza tu pedido hoy mismo.,116,OK,1,1,1.00,false,"gorra golf, gorra golf personalizado, gorra golf promocional, gorra golf con logo, gorra golf ecuador, gorra golf corporativo, confeccion, regalo corporativo ecuador, merchandising quito, productos promocionales guayaquil, ks promocionales, artículos publicitarios"
gorra-eco-6-cascos-1082,Gorra Eco - 6 Cascos,Golf,Gorra Eco - 6 Cascos Personalizado | Ecuador,44,OK,1,614,Gorra Eco personalizada para empresas en Ecuador. Ideal para branding corporativo. Cotiza tu pedido de 6 cascos hoy mismo.,122,OK,1,1,1.00,false,"gorra eco - 6 cascos, gorra eco - 6 cascos personalizado, gorra eco - 6 cascos promocional, gorra eco - 6 cascos con logo, gorra eco - 6 cascos ecuador, gorra eco - 6 cascos corporativo, confeccion, regalo corporativo ecuador, merchandising quito, productos promocionales guayaquil, ks promocionales, artículos publicitarios"
gorra-emergency-5887,Gorra Emergency,Gorras,Gorra Emergency Personalizada | Ecuador,39,OK,1,82,Fortalece tu marca con la Gorra Emergency. Personaliza con tu logo y cotiza en Ecuador para potenciar la visibilidad de tu empresa.,131,OK,1,1,1.00,false,
gorra-trucker-3502,Gorra Trucker,Gorras,Gorra Trucker Personalizada | Promocionales Ecuador,51,OK,1,21,Personaliza gorras trucker con tu logo en Ecuador. Ideal para marketing y eventos. ¡Cotiza hoy mismo tus promocionales y destaca tu marca!,138,OK,1,1,1.00,false,
gorra-mesh-7374,Gorra Mesh,Golf,Gorra Mesh Personalizada | Ecuador,34,OK,1,82,Gorra mesh personalizada con bordado de logo. Regalo corporativo ideal para clima tropical. Cotiza tu pedido en Ecuador.,120,OK,1,1,1.00,false,"gorra mesh, gorra mesh personalizado, gorra mesh promocional, gorra mesh con logo, gorra mesh ecuador, gorra mesh corporativo, confeccion, regalo corporativo ecuador, merchandising quito, productos promocionales guayaquil, ks promocionales, artículos publicitarios"
gorra-modena-7375,Gorra Modena,Golf,Gorra Modena Personalizada | Ecuador,36,OK,1,82,Gorra Modena personalizada para tu marca. Ideal para empresas en Ecuador. Cotiza ahora gorras de golf con logo y diseño único.,126,OK,1,1,1.00,false,"gorra modena, gorra modena personalizado, gorra modena promocional, gorra modena con logo, gorra modena ecuador, gorra modena corporativo, confeccion, regalo corporativo ecuador, merchandising quito, productos promocionales guayaquil, ks promocionales, artículos publicitarios"
pano-en-microfibra-3192,Paño en Microfibra,Confección,Paño Microfibra Personalizado | Ecuador,39,OK,1,1,Impulsa tu marca en Ecuador con paños de microfibra personalizados. Artículos promocionales útiles y duraderos. ¡Cotiza tu pedido hoy!,134,OK,1,1,1.00,false,
toalla-cool-sport-7968,Toalla Cool Sport,Bicicleta,Toalla Cool Sport Personalizada | KS Promocionales,50,OK,1,3,Personaliza la Toalla Cool Sport para tu marca en Ecuador. Un detalle funcional para ciclistas activos. ¡Cotiza ahora y destaca!,128,OK,1,1,1.00,false,"toalla cool sport, toalla cool sport personalizado, toalla cool sport promocional, toalla cool sport con logo, toalla cool sport ecuador, toalla cool sport corporativo, variedades, regalo corporativo ecuador, merchandising quito, productos promocionales guayaquil, ks promocionales, artículos publicitarios"
toalla-en-microfibra-multiusos-8688,Toalla en Microfibra Multiusos,Bicicleta,Toalla Microfibra Multiusos Personalizada Ciclismo | Ecuador,60,OK,1,1,Personaliza toallas de microfibra multiusos para tu marca en Ecuador. ¡Cotiza ahora y destaca en tus eventos!,109,OK,1,1,1.00,false,"toalla en microfibra multiusos, toalla en microfibra multiusos personalizado, toalla en microfibra multiusos promocional, toalla en microfibra multiusos con logo, toalla en microfibra multiusos ecuador, toalla en microfibra multiusos corporativo, variedades, regalo corporativo ecuador, merchandising quito, productos promocionales guayaquil, ks promocionales, artículos publicitarios"
toalla-golf-toalla-de-mano-tundida-acabado-fino-7379,Toalla Golf - Toalla de Mano Tundida Acabado Fino,Golf,Toalla Golf Personalizada | KS Promocionales Ecuador,52,OK,1,1,Toallas de golf personalizadas con acabado fino para empresas en Ecuador. Proyecta sofisticación y construye relaciones. ¡Cotiza ahora!,135,OK,1,1,0.43,true,"toalla golf - toalla de mano tundida acabado fino, toalla golf - toalla de mano tundida acabado fino personalizado, toalla golf - toalla de mano tundida acabado fino promocional, toalla golf - toalla de mano tundida acabado fino con logo, toalla golf - toalla de mano tundida acabado fino ecuador, toalla golf - toalla de mano tundida acabado fino corporativo, hogar, regalo corporativo ecuador, merchandising quito, productos promocionales guayaquil, ks promocionales, artículos publicitarios"
toalla-cool-sport-con-estuche-7956,Toalla Cool Sport Con Estuche,Médicos,Toalla Cool Sport Con Estuche Personalizada | KS Promocionales,62,OK,1,3,Impulsa tu marca con toallas Cool Sport personalizadas. Ideales para promociones en Ecuador. ¡Cotiza tu diseño y destaca ahora!,127,OK,1,1,1.00,false,"toalla cool sport con estuche, toalla cool sport con estuche personalizado, toalla cool sport con estuche promocional, toalla cool sport con estuche con logo, toalla cool sport con estuche ecuador, toalla cool sport con estuche corporativo, variedades, regalo corporativo ecuador, merchandising quito, productos promocionales guayaquil, ks promocionales, artículos publicitarios"
set-de-toallitas-multiusos-3641,Set de Toallitas Multiusos,Médicos,Set Toallitas Multiusos Personalizadas | Ecuador,48,OK,1,1,Personaliza sets de toallitas multiusos para tu marca. Ofrecemos calidad superior en Ecuador. ¡Cotiza tu pedido hoy mismo!,122,OK,1,1,1.00,false,"set de toallitas multiusos, set de toallitas multiusos personalizado, set de toallitas multiusos promocional, set de toallitas multiusos con logo, set de toallitas multiusos ecuador, set de toallitas multiusos corporativo, variedades, regalo corporativo ecuador, merchandising quito, productos promocionales guayaquil, ks promocionales, artículos publicitarios"
toallas-100-algodon-produccion-nacional-7689,Toallas 100% Algodón - Producción Nacional,Deportes,Toallas Algodón Promocionales | Personalizadas Ecuador,54,OK,1,1,Toallas 100% algodón personalizadas para tu marca en Ecuador. Calidad nacional que tus clientes amarán. ¡Cotiza ahora tus toallas promocionales!,144,OK,1,1,0.40,true,"toallas 100% algodón - producción nacional, toallas 100% algodón - producción nacional personalizado, toallas 100% algodón - producción nacional promocional, toallas 100% algodón - producción nacional con logo, toallas 100% algodón - producción nacional ecuador, toallas 100% algodón - producción nacional corporativo, hogar, regalo corporativo ecuador, merchandising quito, productos promocionales guayaquil, ks promocionales, artículos publicitarios"
toalla-cool-sport-box-9524,Toalla Cool Sport Box,Bicicleta,Toalla Cool Sport Box Personalizado | Ecuador,45,OK,1,614,Personaliza tu Toalla Cool Sport Box para promociones en Ecuador. Fortalece tu marca y bienestar. ¡Cotiza ya tu pedido personalizado!,133,OK,1,1,1.00,false,"toalla cool sport box, toalla cool sport box personalizado, toalla cool sport box promocional, toalla cool sport box con logo, toalla cool sport box ecuador, toalla cool sport box corporativo, variedades, regalo corporativo ecuador, merchandising quito, productos promocionales guayaquil, ks promocionales, artículos publicitarios"
lapiz-plastic-clip-de-golf-5879,Lapiz Plastic Clip de Golf,Golf,Lápiz Plastic Clip de Golf Personalizado | Ecuador,50,OK,1,1,Lápiz Plastic Clip de Golf personalizado para empresas en Ecuador. Cotiza tu promocional corporativo hoy mismo y lleva tu marca a todas partes.,143,OK,1,1,1.00,false,"lapiz plastic clip de golf, lapiz plastic clip de golf personalizado, lapiz plastic clip de golf promocional, lapiz plastic clip de golf con logo, lapiz plastic clip de golf ecuador, lapiz plastic clip de golf corporativo, juegos, regalo corporativo ecuador, merchandising quito, productos promocionales guayaquil, ks promocionales, artículos publicitarios"
paraguas-30-halley-urban-travel-10674,Paraguas 30'' Halley Urban Travel,Golf,Paraguas 30'' Halley Urban Travel | Ecuador,43,OK,1,52,Paraguas personalizado Halley Urban Travel 30'' para ejecutivos. Ideal para viajes de negocios. Cotiza ahora en Ecuador.,120,OK,1,1,1.00,false,"paraguas 30'' halley urban travel, paraguas 30'' halley urban travel personalizado, paraguas 30'' halley urban travel promocional, paraguas 30'' halley urban travel con logo, paraguas 30'' halley urban travel ecuador, paraguas 30'' halley urban travel corporativo, paraguas, regalo corporativo ecuador, merchandising quito, productos promocionales guayaquil, ks promocionales, artículos publicitarios"
set-de-herramientas-neumatic-5373,Set de Herramientas Neumatic,Herramientas,Set de Herramientas Neumatic con Logo | KS Ecuador,50,OK,1,26,Set de Herramientas Neumatic personalizado con logo en Ecuador. Diseño moderno. ¡Cotiza por WhatsApp!,101,OK,1,5,1.00,false,
set-de-herramientas-motobike-6530,Set de Herramientas Motobike,Herramientas,Set de Herramientas Motobike Promocional | KS,45,OK,1,29,Set de Herramientas Motobike con tu logo. Aumenta el reconocimiento de tu marca. ¡Pide cotización por WhatsApp!,111,OK,1,10,1.00,false,
set-de-herramientas-saxon-6536,Set de Herramientas Saxon,Automóvil,Set de Herramientas Saxon Personalizado Ecuador,47,OK,1,59,Set de Herramientas Saxon personalizable para regalos corporativos. Disponible en Ecuador. Cotiza tu pedido hoy con KS Promocionales.,133,OK,1,1,1.00,false,"set de herramientas saxon, set de herramientas saxon personalizado, set de herramientas saxon promocional, set de herramientas saxon con logo, set de herramientas saxon ecuador, set de herramientas saxon corporativo, herramientas, regalo corporativo ecuador, merchandising quito, productos promocionales guayaquil, ks promocionales, artículos publicitarios"
set-de-herramientas-speed-7999,Set de Herramientas Speed,Herramientas,Set de Herramientas Speed Personalizado | Ecuador,49,OK,1,614,Personaliza tu Set de Herramientas Speed. Ideal para regalos corporativos en Ecuador. ¡Cotiza el tuyo hoy y fortalece tus relaciones!,133,OK,1,1,1.00,false,
set-de-herramientas-mustang-8439,Set de Herramientas Mustang,Reflectivos,Set de Herramientas Mustang Reflectivo | Ecuador,48,OK,1,1,Set de Herramientas Mustang personalizado con elementos reflectivos. Ideal para construcción y logística. Cotiza tu pedido en Ecuador.,134,OK,1,1,1.00,false,"set de herramientas mustang, set de herramientas mustang personalizado, set de herramientas mustang promocional, set de herramientas mustang con logo, set de herramientas mustang ecuador, set de herramientas mustang corporativo, herramientas, regalo corporativo ecuador, merchandising quito, productos promocionales guayaquil, ks promocionales, artículos publicitarios"
set-de-herramientas-truck-9136,Set de Herramientas Truck,Herramientas,Set Herramientas Truck Personalizado | Regalos Corporativos Ecuador,67,TOO_LONG_TRUNCATION_RISK,1,1,Fortalece tu marca con nuestro Set de Herramientas Truck personalizable. Ideal para clientes y empleados en Ecuador. ¡Cotiza ahora y destaca!,141,OK,1,1,1.00,false,
set-de-herramientas-lantern-9179,Set de Herramientas Lantern,Herramientas,Set de Herramientas Lantern Ecuador | KS Promocionales,54,OK,1,28,Set de Herramientas Lantern con tu logo. Aumenta el reconocimiento de tu marca. ¡Pide cotización por WhatsApp!,110,OK,1,10,1.00,false,
linterna-dinamo-con-radio-9078,Linterna Dinamo Con Radio,Herramientas,Linterna Dinamo con Radio Personalizada | Ecuador,49,OK,1,82,Ofrece un regalo promocional útil: Linterna Dinamo con Radio. Personalízala para tu marca en Ecuador. Cotiza hoy mismo tu pedido.,129,OK,1,1,1.00,false,
set-de-herramientas-handle-9533,Set de Herramientas Handle,Iluminación,Set de Herramientas Handle Personalizado | Ecuador,50,OK,1,614,Set de herramientas personalizado para empresas en Ecuador. Ideal para construcción e inmobiliarias. Cotiza tu pedido ahora.,124,OK,1,1,1.00,false,"set de herramientas handle, set de herramientas handle personalizado, set de herramientas handle promocional, set de herramientas handle con logo, set de herramientas handle ecuador, set de herramientas handle corporativo, herramientas, regalo corporativo ecuador, merchandising quito, productos promocionales guayaquil, ks promocionales, artículos publicitarios"
set-de-herramientas-apache-10288,Set de Herramientas Apache,Automóvil,Set de Herramientas Apache Ecuador | KS Promocionales,53,OK,1,28,Set de Herramientas Apache personalizado con logo en Ecuador. Alta calidad. ¡Cotiza por WhatsApp!,97,OK,1,4,1.00,false,
candado-de-clave-metalico-6765,Candado de Clave Metalico,Herramientas,Candado de Clave Metalico Personalizado | Ecuador,49,OK,1,614,Candados de clave metálicos personalizados para tu marca. Ofrece seguridad y promoción en Ecuador. ¡Cotiza ya tus candados grabados!,132,OK,1,1,1.00,false,"candado de clave metalico, candado de clave metalico personalizado, candado de clave metalico promocional, candado de clave metalico con logo, candado de clave metalico ecuador, candado de clave metalico corporativo, variedades, regalo corporativo ecuador, merchandising quito, productos promocionales guayaquil, ks promocionales, artículos publicitarios"
set-de-herramientas-alutool-3123,Set de Herramientas Alutool,Iluminación,Set Herramientas Alutool Personalizado | Ecuador,48,OK,1,1,"Descubre el Set Alutool, ideal para tu marca en Ecuador. Personalízalo y transmite eficiencia. ¡Solicita tu cotización ahora!",125,OK,1,1,1.00,false,
mini-set-de-herramientas-avante-8844,Mini Set de Herramientas Avante,Herramientas,Mini Set de Herramientas Avante Ecuador | KS,44,OK,1,31,Mini Set de Herramientas Avante personalizado Ecuador. Materiales de primera. Envíos rápidos. ¡Cotiza!,102,OK,1,7,1.00,false,
set-de-destornilladores-con-luz-car-oferta-9137,Set de Destornilladores Con Luz Car Oferta,Iluminación,Set Destornilladores Con Luz Car | Ecuador,42,OK,1,1,Set de destornilladores con luz LED personalizado para empresas. Ideal como detalle corporativo en Ecuador. ¡Cotiza ahora!,122,OK,1,1,0.50,false,"set de destornilladores con luz car oferta, set de destornilladores con luz car oferta personalizado, set de destornilladores con luz car oferta promocional, set de destornilladores con luz car oferta con logo, set de destornilladores con luz car oferta ecuador, set de destornilladores con luz car oferta corporativo, herramientas, regalo corporativo ecuador, merchandising quito, productos promocionales guayaquil, ks promocionales, artículos publicitarios"
set-de-destornilladores-pen-con-linterna-led-10251,Set de Destornilladores Pen Con Linterna Led,Iluminación,Set Destornilladores Pen Con Linterna Led | Ecuador,51,OK,1,1,Set de destornilladores pen con linterna LED personalizado para empresas. Ideal para regalos corporativos en Ecuador. ¡Cotiza ahora!,132,OK,1,1,1.00,false,"set de destornilladores pen con linterna led, set de destornilladores pen con linterna led personalizado, set de destornilladores pen con linterna led promocional, set de destornilladores pen con linterna led con logo, set de destornilladores pen con linterna led ecuador, set de destornilladores pen con linterna led corporativo, herramientas, regalo corporativo ecuador, merchandising quito, productos promocionales guayaquil, ks promocionales, artículos publicitarios"
metro-retractil-button-294,Metro Retráctil Button,EcoNature,Metro Retráctil Button Personalizado | Ecuador,46,OK,1,614,Metro Retráctil Button personalizado con logo empresarial. Ideal para profesionales. Cotiza ahora en Ecuador. Entrega rápida garantizada.,137,OK,1,1,1.00,false,"metro retráctil button, metro retráctil button personalizado, metro retráctil button promocional, metro retráctil button con logo, metro retráctil button ecuador, metro retráctil button corporativo, herramientas, regalo corporativo ecuador, merchandising quito, productos promocionales guayaquil, ks promocionales, artículos publicitarios"
metro-neumatic-5374,Metro Neumatic,Herramientas,Metro Neumatic Personalizado | KS Ecuador,41,OK,1,20,Metro Neumatic personalizado con logo en Ecuador. Materiales de primera. ¡Cotiza por WhatsApp!,94,OK,1,7,1.00,false,
metro-carabinero-stanley-5371,Metro Carabinero Stanley,Herramientas,Metro Carabinero Stanley Promocional | KS,41,OK,1,29,Metro Carabinero Stanley personalizado Ecuador. Alta calidad. Envíos rápidos. ¡Cotiza!,86,OK,1,5,1.00,false,
metro-llavero-house-5368,Metro Llavero House,Herramientas,Metro Llavero House con Logo | KS Ecuador,41,OK,1,26,Metro Llavero House con tu logo. Aumenta el reconocimiento de tu marca. ¡Pide cotización por WhatsApp!,102,OK,1,10,1.00,false,
metro-arkitect-809,Metro Arkitect,Herramientas,Metro Arkitect Personalizado | Herramientas Promocionales Ecuador,65,OK,1,1,Metro Arkitect: el flexómetro personalizado que fortalece tu marca. Descubre herramientas promocionales en Ecuador. ¡Cotiza tu diseño hoy!,138,OK,1,1,1.00,false,
metro-oliver-7993,Metro Oliver,Herramientas,Metro Oliver con Logo | KS Ecuador,34,OK,1,26,Metro Oliver personalización profesional. Ideal para empresas. Envíos en Ecuador. ¡Cotiza ya!,93,OK,1,3,1.00,false,
metro-llavero-saloon-9123,Metro Llavero Saloon,Herramientas,Metro Llavero Saloon Promocional | KS,37,OK,1,29,Metro Llavero Saloon personalizado con logo en Ecuador. Materiales de primera. ¡Cotiza por WhatsApp!,100,OK,1,7,1.00,false,
set-de-herramientas-en-madera-9534,Set de Herramientas en Madera,Automóvil,Set de Herramientas en Madera Personalizado Ecuador,51,OK,1,59,Set de herramientas en madera personalizado con tu logo. Regalo corporativo durabilidad para Ecuador. ¡Cotiza ahora!,116,OK,1,1,1.00,false,"set de herramientas en madera, set de herramientas en madera personalizado, set de herramientas en madera promocional, set de herramientas en madera con logo, set de herramientas en madera ecuador, set de herramientas en madera corporativo, herramientas, regalo corporativo ecuador, merchandising quito, productos promocionales guayaquil, ks promocionales, artículos publicitarios"
herramientero-bamboo-box-10002,Herramientero Bamboo Box,Herramientas,Herramientero Bamboo Box Personalizado | Regalos Corporativos Ecuador,69,TOO_LONG_TRUNCATION_RISK,1,30,Personaliza tu Herramientero Bamboo Box con logo. Un regalo funcional y sostenible para empresas en Ecuador. ¡Cotiza ahora!,123,OK,1,1,1.00,false,
set-de-destornilladores-everest-7991,Set de Destornilladores Everest,Precio Bomba,Set de Destornilladores Everest | Ecuador,41,OK,1,52,Set de Destornilladores Everest personalizado para empresas. Cotiza tu pedido en Ecuador. Herramientas corporativas de calidad premium.,135,OK,1,1,1.00,false,"set de destornilladores everest, set de destornilladores everest personalizado, set de destornilladores everest promocional, set de destornilladores everest con logo, set de destornilladores everest ecuador, set de destornilladores everest corporativo, herramientas, regalo corporativo ecuador, merchandising quito, productos promocionales guayaquil, ks promocionales, artículos publicitarios"
set-de-destornilladores-diplo-9953,Set de Destornilladores Diplo,Automóvil,Set Destornilladores Diplo Personalizados | Ecuador,51,OK,1,1,Impulsa tu marca con el Set de Destornilladores Diplo personalizados para tu negocio en Ecuador. ¡Cotiza ahora y destaca!,121,OK,1,1,1.00,false,"set de destornilladores diplo, set de destornilladores diplo personalizado, set de destornilladores diplo promocional, set de destornilladores diplo con logo, set de destornilladores diplo ecuador, set de destornilladores diplo corporativo, novedades, regalo corporativo ecuador, merchandising quito, productos promocionales guayaquil, ks promocionales, artículos publicitarios"
lonchera-journey-produccion-nacional-7067,Lonchera Journey - Produccion Nacional,Hogar,Lonchera Journey - Produccion Nacional Promocional | KS,55,OK,1,29,Lonchera Journey - Produccion Nacional personalizado con logo en Ecuador. Alta calidad. ¡Cotiza por WhatsApp!,109,OK,1,4,1.00,false,
portacomidas-electrico-6599,Portacomidas Eléctrico,Hogar,Portacomidas Eléctrico Promocional | Ecuador,44,OK,1,9,"Portacomidas eléctrico personalizado, el regalo corporativo ideal en Ecuador. Realza tu marca y cotiza hoy para tus colaboradores.",130,OK,1,1,1.00,false,
portavianda-produccion-nacional-6270,Portavianda - Producción Nacional,Hogar,Portavianda Personalizado - Producción Nacional | Ecuador,57,OK,1,1,Eleva tu marca con portaviandas personalizados de producción nacional. Ofrece bienestar a tus clientes en Ecuador. ¡Cotiza ahora y destaca!,139,OK,1,1,1.00,false,
set-de-bbq-6-piezas-3773,Set de Bbq - 6 Piezas,Hogar,Set de Bbq - 6 Piezas Personalizado | KS Ecuador,48,OK,1,20,Set de Bbq - 6 Piezas serigrafía de calidad. Ideal para empresas. Envíos en Ecuador. ¡Cotiza ya!,96,OK,1,5,1.00,false,
jarra-plastica-ovalada-1000ml-produccion-nacional-5399,Jarra Plastica Ovalada 1000ml - Producción Nacional,Hogar,Jarra Plastica Ovalada 1000ml - Producción Naciona... | KS,58,OK,1,1,Jarra Plastica Ovalada 1000ml - Producción Nacional con tu logo. Fortalece tu imagen corporativa. ¡Pide cotización por WhatsApp!,128,OK,1,8,0.83,false,
hielera-plastica-produccion-nacional-4056,Hielera Plástica - Producción Nacional,Hogar,Hielera Plástica - Producción Nacional | KS Ecuador,51,OK,1,18,Hielera Plástica - Producción Nacional con tu logo. Fideliza a tus clientes. ¡Pide cotización por WhatsApp!,107,OK,1,5,1.00,false,
set-de-contenedores-x-3-unidades-produccion-nacional-6269,Set de Contenedores x 3 Unidades - Produccion Nacional,Hogar,Set de Contenedores x 3 Unidades - Produccion Naci... | KS,58,OK,1,1,Set de Contenedores x 3 Unidades - Produccion Nacional con tu logo. Fortalece tu imagen corporativa. ¡Pide cotización por WhatsApp!,131,OK,1,8,0.75,false,
portacomida-produccion-nacional-4857,Portacomida - Produccion Nacional,Hogar,Portacomida - Produccion Nacional con Logo | KS Ecuador,55,OK,1,26,Compra Portacomida - Produccion Nacional promocional. Materiales de primera. Envíos en Ecuador. ¡Cotiza ahora!,110,OK,1,6,1.00,false,
destapador-clip-produccion-nacional-4054,Destapador Clip - Producción Nacional,Bar y Vino,Destapador Clip Personalizado - Producción Nacional | Ecuador,61,OK,1,1,Destacado destapador clip de producción nacional. Personaliza tu marca en Ecuador. ¡Cotiza ahora y fortalece tu presencia!,122,OK,1,1,1.00,false,"destapador clip - producción nacional, destapador clip - producción nacional personalizado, destapador clip - producción nacional promocional, destapador clip - producción nacional con logo, destapador clip - producción nacional ecuador, destapador clip - producción nacional corporativo, hogar, regalo corporativo ecuador, merchandising quito, productos promocionales guayaquil, ks promocionales, artículos publicitarios"
portavasos-plastico-set-x-4-y-base-produccion-nacional-3348,Portavasos Plástico Set x 4 y Base - Produccion Nacional,Bar y Vino,Portavasos Plástico Set x 4 - Ecuador,37,OK,1,1,Portavasos plástico personalizados set x 4 con base. Ideal para bares y eventos. Cotiza tu pedido en Ecuador ahora mismo.,121,OK,1,1,0.40,true,"portavasos plástico set x 4 y base - produccion nacional, portavasos plástico set x 4 y base - produccion nacional personalizado, portavasos plástico set x 4 y base - produccion nacional promocional, portavasos plástico set x 4 y base - produccion nacional con logo, portavasos plástico set x 4 y base - produccion nacional ecuador, portavasos plástico set x 4 y base - produccion nacional corporativo, hogar, regalo corporativo ecuador, merchandising quito, productos promocionales guayaquil, ks promocionales, artículos publicitarios"
quita-motas-adhesivo-10680,Quita Motas Adhesivo,Hogar,Quita Motas Adhesivo Promocional | Ecuador,42,OK,1,9,Personaliza quita motas adhesivos para tu marca en Ecuador. Un detalle funcional que tus clientes amarán. ¡Cotiza hoy mismo!,124,OK,1,1,1.00,false,
quita-motas-adhesivo-repuesto-10681,Quita Motas Adhesivo - Repuesto,Cuidado Personal,Quita Motas Adhesivo - Repuesto Personalizado | Ecuador,55,OK,1,614,Mantén tu imagen impecable en Ecuador con nuestro Quita Motas Adhesivo personalizado. Asegura una presentación profesional siempre. ¡Cotiza ahora!,146,OK,1,1,1.00,false,"quita motas adhesivo - repuesto, quita motas adhesivo - repuesto personalizado, quita motas adhesivo - repuesto promocional, quita motas adhesivo - repuesto con logo, quita motas adhesivo - repuesto ecuador, quita motas adhesivo - repuesto corporativo, hogar, regalo corporativo ecuador, merchandising quito, productos promocionales guayaquil, ks promocionales, artículos publicitarios"
set-de-vino-bottle-4049,Set de Vino Bottle,Bar y Vino,Set de Vino Bottle Personalizado | Regalos Empresariales Ecuador,64,OK,1,4,Personaliza tu Set de Vino Bottle y sorprende a tus clientes o equipo en Ecuador. El regalo perfecto para cualquier ocasión. ¡Solicita tu cotización hoy!,153,OK,1,1,1.00,false,
destapador-electrico-para-vino-3778,Destapador Eléctrico Para Vino,Bar y Vino,Destapador Eléctrico Para Vino Personalizado | Ecuador,54,OK,1,614,Diferencia tu marca en Ecuador con el destapador eléctrico de vino. Personaliza tu obsequio corporativo y destaca en cada brindis. ¡Cotiza hoy!,143,OK,1,1,1.00,false,"destapador eléctrico para vino, destapador eléctrico para vino personalizado, destapador eléctrico para vino promocional, destapador eléctrico para vino con logo, destapador eléctrico para vino ecuador, destapador eléctrico para vino corporativo, hogar, regalo corporativo ecuador, merchandising quito, productos promocionales guayaquil, ks promocionales, artículos publicitarios"
nevera-wine-cooler-bag-produccion-nacional-3785,Nevera Wine Cooler Bag - Producción Nacional,Bar y Vino,Nevera Wine Cooler Bag | Producción Nacional Ecuador,52,OK,1,1,Personaliza tu Nevera Wine Cooler Bag en Ecuador. Un detalle único y elegante para tu marca. ¡Cotiza ahora y destaca!,117,OK,1,1,1.00,false,"nevera wine cooler bag - producción nacional, nevera wine cooler bag - producción nacional personalizado, nevera wine cooler bag - producción nacional promocional, nevera wine cooler bag - producción nacional con logo, nevera wine cooler bag - producción nacional ecuador, nevera wine cooler bag - producción nacional corporativo, hogar, regalo corporativo ecuador, merchandising quito, productos promocionales guayaquil, ks promocionales, artículos publicitarios"
descorchador-de-dos-tiempos-kiblack-3958,Descorchador de Dos Tiempos Kiblack,Bar y Vino,Descorchador Kiblack Personalizado | Ecuador,44,OK,1,1,Fortalece tu marca con el Descorchador Kiblack personalizado. Ideal para empresas en Ecuador. ¡Cotiza ahora tus regalos corporativos!,133,OK,1,1,0.67,false,"descorchador de dos tiempos kiblack, descorchador de dos tiempos kiblack personalizado, descorchador de dos tiempos kiblack promocional, descorchador de dos tiempos kiblack con logo, descorchador de dos tiempos kiblack ecuador, descorchador de dos tiempos kiblack corporativo, hogar, regalo corporativo ecuador, merchandising quito, productos promocionales guayaquil, ks promocionales, artículos publicitarios"
destapador-eco-wine-9541,Destapador Eco Wine,Bar y Vino,Destapador Eco Wine Personalizado | Ecuador,43,OK,1,614,"Destacado destapador Eco Wine, ideal para personalización. Impulsa tu marca en Ecuador. ¡Cotiza y deja una impresión duradera!",126,OK,1,1,1.00,false,"destapador eco wine, destapador eco wine personalizado, destapador eco wine promocional, destapador eco wine con logo, destapador eco wine ecuador, destapador eco wine corporativo, hogar, regalo corporativo ecuador, merchandising quito, productos promocionales guayaquil, ks promocionales, artículos publicitarios"
set-de-bar-y-portavino-ii-9718,Set de Bar y Portavino ii,Bar y Vino,Set de Bar y Portavino ii Personalizado | Ecuador,49,OK,1,614,Ofrece un regalo promocional excepcional con el Set de Bar y Portavino ii. Personaliza con tu logo y eleva tu marca en Ecuador. ¡Cotiza hoy!,140,OK,1,1,1.00,false,"set de bar y portavino ii, set de bar y portavino ii personalizado, set de bar y portavino ii promocional, set de bar y portavino ii con logo, set de bar y portavino ii ecuador, set de bar y portavino ii corporativo, hogar, regalo corporativo ecuador, merchandising quito, productos promocionales guayaquil, ks promocionales, artículos publicitarios"
set-de-vino-remy-ii-9717,Set de Vino Remy ii,Bar y Vino,Set de Vino Remy II Personalizado | Ecuador,43,OK,1,614,Set de Vino Remy II personalizado con logo empresarial. Ideal para clientes y socios. Cotiza ahora en Ecuador.,110,OK,1,1,1.00,false,"set de vino remy ii, set de vino remy ii personalizado, set de vino remy ii promocional, set de vino remy ii con logo, set de vino remy ii ecuador, set de vino remy ii corporativo, hogar, regalo corporativo ecuador, merchandising quito, productos promocionales guayaquil, ks promocionales, artículos publicitarios"
set-de-vino-en-corcho-ii-9720,Set de Vino en Corcho ii,Bar y Vino,Set de Vino en Corcho ii Personalizado | Ecuador,48,OK,1,614,Sorprende con un Set de Vino en Corcho ii personalizado. Ideal para regalos corporativos en Ecuador. Solicita tu cotización hoy mismo.,134,OK,1,1,1.00,false,"set de vino en corcho ii, set de vino en corcho ii personalizado, set de vino en corcho ii promocional, set de vino en corcho ii con logo, set de vino en corcho ii ecuador, set de vino en corcho ii corporativo, hogar, regalo corporativo ecuador, merchandising quito, productos promocionales guayaquil, ks promocionales, artículos publicitarios"
set-de-bar-y-portavino-cork-9750,Set de Bar y Portavino Cork,Bar y Vino,Set Bar y Portavino Cork Personalizado | Regalo VIP Ecuador,59,OK,1,1,Fortalece relaciones con clientes en Ecuador. Personaliza tu set de bar y portavino Cork para regalos empresariales únicos. ¡Cotiza hoy!,136,OK,1,1,1.00,false,"set de bar y portavino cork, set de bar y portavino cork personalizado, set de bar y portavino cork promocional, set de bar y portavino cork con logo, set de bar y portavino cork ecuador, set de bar y portavino cork corporativo, hogar, regalo corporativo ecuador, merchandising quito, productos promocionales guayaquil, ks promocionales, artículos publicitarios"
set-enfriador-de-vino-chill-9753,Set Enfriador de Vino Chill,Precio Bomba,Set Enfriador de Vino Chill Personalizado | Ecuador,51,OK,1,614,Set Enfriador de Vino Chill personalizado para empresas. Mantén tu vino a temperatura perfecta. Cotiza ahora en Ecuador.,120,OK,1,1,1.00,false,"set enfriador de vino chill, set enfriador de vino chill personalizado, set enfriador de vino chill promocional, set enfriador de vino chill con logo, set enfriador de vino chill ecuador, set enfriador de vino chill corporativo, hogar, regalo corporativo ecuador, merchandising quito, productos promocionales guayaquil, ks promocionales, artículos publicitarios"
destapador-electrico-cork-9964,Destapador Electrico Cork,Bar y Vino,Destapador Eléctrico Cork Personalizado | Ecuador,49,OK,1,1,Destapador eléctrico Cork personalizado para ejecutivos. Ideal para eventos corporativos en Ecuador. Cotiza tu pedido hoy mismo.,128,OK,1,1,1.00,false,"destapador electrico cork, destapador electrico cork personalizado, destapador electrico cork promocional, destapador electrico cork con logo, destapador electrico cork ecuador, destapador electrico cork corporativo, hogar, regalo corporativo ecuador, merchandising quito, productos promocionales guayaquil, ks promocionales, artículos publicitarios"
juego-portavasos-en-acero-inoxidable-produccion-nacional-7406,Juego Portavasos en Acero Inoxidable - Produccion Nacional,Precio Bomba,Portavasos Acero Inoxidable Personalizado | Ecuador,51,OK,1,1,Portavasos acero inoxidable personalizados para tu marca. Ideal para eventos corporativos. Cotiza ahora en Ecuador con KS Promocionales.,136,OK,1,1,0.50,false,"juego portavasos en acero inoxidable - produccion nacional, juego portavasos en acero inoxidable - produccion nacional personalizado, juego portavasos en acero inoxidable - produccion nacional promocional, juego portavasos en acero inoxidable - produccion nacional con logo, juego portavasos en acero inoxidable - produccion nacional ecuador, juego portavasos en acero inoxidable - produccion nacional corporativo, hogar, regalo corporativo ecuador, merchandising quito, productos promocionales guayaquil, ks promocionales, artículos publicitarios"
destapador-rectangular-produccion-nacional-8755,Destapador Rectangular - Produccion Nacional,Bar y Vino,Destapador Rectangular Personalizado | Ecuador,46,OK,1,1,Fortalece tu marca en Ecuador con destapadores rectangulares personalizados. Un regalo práctico y memorable para tus clientes. ¡Cotiza hoy!,139,OK,1,1,0.50,false,"destapador rectangular - produccion nacional, destapador rectangular - produccion nacional personalizado, destapador rectangular - produccion nacional promocional, destapador rectangular - produccion nacional con logo, destapador rectangular - produccion nacional ecuador, destapador rectangular - produccion nacional corporativo, variedades, regalo corporativo ecuador, merchandising quito, productos promocionales guayaquil, ks promocionales, artículos publicitarios"
cobija-en-fleece-1861,Cobija en Fleece,Producción Nacional,Cobija en Fleece Personalizada | Regalo Corporativo Ecuador,59,OK,1,1,Ofrece calidez y conexión con nuestras cobijas en fleece personalizadas. Ideales para empresas en Ecuador. Cotiza tu regalo corporativo hoy.,140,OK,1,1,1.00,false,"cobija en fleece, cobija en fleece personalizado, cobija en fleece promocional, cobija en fleece con logo, cobija en fleece ecuador, cobija en fleece corporativo, hogar, regalo corporativo ecuador, merchandising quito, productos promocionales guayaquil, ks promocionales, artículos publicitarios"
nevera-cooler-hexagon-7570,Nevera Cooler Hexagon,Maletines,Nevera Cooler Hexagon Personalizado | Ecuador,45,OK,1,614,Personaliza tu Nevera Cooler Hexagon para tu marca. Ideal para promociones en Ecuador. Cotiza hoy tu estrategia promocional.,124,OK,1,1,1.00,false,"nevera cooler hexagon, nevera cooler hexagon personalizado, nevera cooler hexagon promocional, nevera cooler hexagon con logo, nevera cooler hexagon ecuador, nevera cooler hexagon corporativo, hogar, regalo corporativo ecuador, merchandising quito, productos promocionales guayaquil, ks promocionales, artículos publicitarios"
sanduchera-plastica-produccion-nacional-8018,Sanduchera Plástica - Producción Nacional,Producción Nacional,Sanduchera Plástica Personalizada | Ecuador,43,OK,1,1,Sanduchera plástica de producción nacional personalizable. Ideal como regalo corporativo. Cotiza tu pedido en Ecuador con KS Promocionales.,139,OK,1,1,0.50,false,"sanduchera plástica - producción nacional, sanduchera plástica - producción nacional personalizado, sanduchera plástica - producción nacional promocional, sanduchera plástica - producción nacional con logo, sanduchera plástica - producción nacional ecuador, sanduchera plástica - producción nacional corporativo, hogar, regalo corporativo ecuador, merchandising quito, productos promocionales guayaquil, ks promocionales, artículos publicitarios"
bowl-plastico-produccion-nacional-7611,Bowl Plástico - Producción Nacional,Hogar,Bowl Plástico - Producción Nacional | KS Ecuador,48,OK,1,18,Bowl Plástico - Producción Nacional personalizado Ecuador. Calidad premium. Envíos rápidos. ¡Cotiza!,100,OK,1,10,1.00,false,
nevera-cooler-bag-picnic-7015,Nevera Cooler Bag Picnic,Maletines,Nevera Cooler Bag Picnic Personalizado | Ecuador,48,OK,1,614,Conecta tu marca con momentos de disfrute. Personaliza tu Nevera Cooler Bag Picnic en Ecuador y potencia tu recordación. ¡Cotiza ahora!,135,OK,1,1,1.00,false,
llavero-destapador-orbis-6115,Llavero Destapador Orbis,Bar y Vino,Llavero Destapador Orbis Personalizado | Ecuador,48,OK,1,614,Llavero destapador Orbis personalizado para tu marca. Herramienta útil y práctica. Cotiza ahora en Ecuador con KS Promocionales.,128,OK,1,1,1.00,false,"llavero destapador orbis, llavero destapador orbis personalizado, llavero destapador orbis promocional, llavero destapador orbis con logo, llavero destapador orbis ecuador, llavero destapador orbis corporativo, hogar, regalo corporativo ecuador, merchandising quito, productos promocionales guayaquil, ks promocionales, artículos publicitarios"
destapador-bamboo-9741,Destapador Bamboo,Bar y Vino,Destapador Bamboo Personalizado | Regalos Ecuador,49,OK,1,16,Fortalece tu marca con destapadores de bamboo personalizados. Un regalo ecológico y funcional para clientes en Ecuador. ¡Cotiza hoy!,132,OK,1,1,1.00,false,"destapador bamboo, destapador bamboo personalizado, destapador bamboo promocional, destapador bamboo con logo, destapador bamboo ecuador, destapador bamboo corporativo, hogar, regalo corporativo ecuador, merchandising quito, productos promocionales guayaquil, ks promocionales, artículos publicitarios"
destapador-nacul-9885,Destapador Nacul,Bar y Vino,Destapador Nacul Promocional | Ecuador,38,OK,1,9,Personaliza tu Destapador Nacul para tu marca en Ecuador. Un detalle único que genera recuerdo. ¡Cotiza ahora y destaca!,120,OK,1,1,1.00,false,
llavero-destapador-stiked-9903,Llavero Destapador Stiked,Bar y Vino,Llavero Destapador Stiked Personalizado | Ecuador,49,OK,1,614,Llavero destapador Stiked personalizado con tu logo. Publicidad práctica para tus clientes. Cotiza ahora en Ecuador.,116,OK,1,1,1.00,false,"llavero destapador stiked, llavero destapador stiked personalizado, llavero destapador stiked promocional, llavero destapador stiked con logo, llavero destapador stiked ecuador, llavero destapador stiked corporativo, hogar, regalo corporativo ecuador, merchandising quito, productos promocionales guayaquil, ks promocionales, artículos publicitarios"
destapador-botella-con-iman-produccion-nacional-8756,Destapador Botella Con Iman - Produccion Nacional,Bar y Vino,Destapador Botella Con Iman Personalizado | Ecuador,51,OK,1,1,Fortalece tu marca con destapadores de botella magnéticos personalizados. Impulsa tu negocio en Ecuador. ¡Cotiza ahora!,119,OK,1,1,0.60,false,"destapador botella con iman - produccion nacional, destapador botella con iman - produccion nacional personalizado, destapador botella con iman - produccion nacional promocional, destapador botella con iman - produccion nacional con logo, destapador botella con iman - produccion nacional ecuador, destapador botella con iman - produccion nacional corporativo, variedades, regalo corporativo ecuador, merchandising quito, productos promocionales guayaquil, ks promocionales, artículos publicitarios"
set-de-bbq-en-aluminio-6-piezas-1866,Set de Bbq en Aluminio 6 Piezas,Hogar,Set de Bbq en Aluminio 6 Piezas Promocional | KS,48,OK,1,29,Compra Set de Bbq en Aluminio 6 Piezas promocional. Diseño moderno. Envíos en Ecuador. ¡Cotiza ahora!,101,OK,1,6,1.00,false,
nevera-lonchera-con-set-bbq-8900,Nevera Lonchera Con Set Bbq,Maletines,Nevera Lonchera Con Set BBQ Personalizado Ecuador,49,OK,1,59,Nevera lonchera con set BBQ personalizado para tus eventos. Cotiza ahora en Ecuador. Regalo corporativo ideal para reuniones.,125,OK,1,1,1.00,false,"nevera lonchera con set bbq, nevera lonchera con set bbq personalizado, nevera lonchera con set bbq promocional, nevera lonchera con set bbq con logo, nevera lonchera con set bbq ecuador, nevera lonchera con set bbq corporativo, hogar, regalo corporativo ecuador, merchandising quito, productos promocionales guayaquil, ks promocionales, artículos publicitarios"
bbq-grill-cook-9623,Bbq Grill Cook,Hogar,Bbq Grill Cook Promocional | KS,31,OK,1,29,Compra Bbq Grill Cook promocional. Acabado profesional. Envíos en Ecuador. ¡Cotiza ahora!,89,OK,1,4,1.00,false,
set-bbq-con-delantal-9711,Set Bbq Con Delantal,Hogar,Set BBQ con Delantal Personalizado | Regalos Corporativos Ecuador,65,OK,1,30,Personaliza tu Set BBQ con delantal para regalos corporativos. Impulsa tu marca en Ecuador con este obsequio original. ¡Cotiza ahora!,133,OK,1,1,1.00,false,
bbq-grill-con-nevera-lonchera-9978,Bbq Grill Con Nevera Lonchera,Maletines,BBQ Grill Con Nevera Lonchera Personalizado Ecuador,51,OK,1,59,BBQ Grill con Nevera Lonchera personalizado para empresas. Ideal para regalos corporativos en Ecuador. Cotiza tu maletín ahora.,127,OK,1,1,1.00,false,"bbq grill con nevera lonchera, bbq grill con nevera lonchera personalizado, bbq grill con nevera lonchera promocional, bbq grill con nevera lonchera con logo, bbq grill con nevera lonchera ecuador, bbq grill con nevera lonchera corporativo, hogar, regalo corporativo ecuador, merchandising quito, productos promocionales guayaquil, ks promocionales, artículos publicitarios"
set-bbq-bamboo-10062,Set Bbq Bamboo,Ecología,Set Bbq Bamboo Personalizado | Ecuador,38,OK,1,614,Set BBQ Bamboo personalizado para regalos corporativos en Ecuador. Cotiza tu set ecológico ahora y sorprende a clientes y proveedores.,134,OK,1,1,1.00,false,"set bbq bamboo, set bbq bamboo personalizado, set bbq bamboo promocional, set bbq bamboo con logo, set bbq bamboo ecuador, set bbq bamboo corporativo, hogar, regalo corporativo ecuador, merchandising quito, productos promocionales guayaquil, ks promocionales, artículos publicitarios"
set-bbq-novak-10065,Set Bbq Novak,Precio Bomba,Set BBQ Novak Personalizado | Ecuador,37,OK,1,614,Set BBQ Novak personalizado para tu marca. Ideal para regalos corporativos. Cotiza ahora en Ecuador con descuentos especiales.,126,OK,1,1,1.00,false,"set bbq novak, set bbq novak personalizado, set bbq novak promocional, set bbq novak con logo, set bbq novak ecuador, set bbq novak corporativo, hogar, regalo corporativo ecuador, merchandising quito, productos promocionales guayaquil, ks promocionales, artículos publicitarios"
akker-bbq-electrico-10369,Akker Bbq Eléctrico,Hogar,Akker Bbq Eléctrico Ecuador | KS Promocionales,46,OK,1,28,Akker Bbq Eléctrico personalizado con logo en Ecuador. Durabilidad garantizada. ¡Cotiza por WhatsApp!,101,OK,1,2,1.00,false,
set-de-queso-edam-8486,Set de Queso Edam,Hogar,Set de Queso Edam Ecuador | KS,30,OK,1,31,Set de Queso Edam con tu marca. Ideal para empresas. Envíos en Ecuador. ¡Cotiza ya!,83,OK,1,4,1.00,false,
set-de-queso-cajun-9139,Set de Queso Cajun,Hogar,Set de Queso Cajun Personalizado | KS Ecuador,45,OK,1,20,Set de Queso Cajun serigrafía de calidad. Ideal para empresas. Envíos en Ecuador. ¡Cotiza ya!,93,OK,1,5,1.00,false,
set-de-sushi-9744,Set de Sushi,Precio Bomba,Set de Sushi Personalizado | Regalo Corporativo Ecuador,55,OK,1,8,Eleva tu marca con un Set de Sushi personalizado para clientes y colaboradores en Ecuador. Asocia tu empresa con momentos memorables. ¡Cotiza ahora!,148,OK,1,1,1.00,false,"set de sushi, set de sushi personalizado, set de sushi promocional, set de sushi con logo, set de sushi ecuador, set de sushi corporativo, hogar, regalo corporativo ecuador, merchandising quito, productos promocionales guayaquil, ks promocionales, artículos publicitarios"
set-de-queso-italy-10057,Set de Queso Italy,Hogar,Set de Queso Italy con Logo | KS Ecuador,40,OK,1,26,Set de Queso Italy personalizado con logo en Ecuador. Acabado profesional. ¡Cotiza por WhatsApp!,96,OK,1,1,1.00,false,
organizador-de-escritorio-harmony-produccion-nacional-7056,Organizador de Escritorio Harmony - Produccion Nacional,Oficina,Organizador de Escritorio Harmony - Produccion Nac... | KS,58,OK,1,1,Organizador de Escritorio Harmony - Produccion Nacional diseño exclusivo. Ideal para empresas. Envíos en Ecuador. ¡Cotiza ya!,125,OK,1,3,0.80,false,
nevera-cooler-spring-produccion-nacional-6983,Nevera Cooler Spring - Produccion Nacional,Variedades,Nevera Cooler Spring - Produccion Nacional Ecuador | KS,55,OK,1,31,Nevera Cooler Spring - Produccion Nacional con tu logo. Fideliza a tus clientes. ¡Pide cotización por WhatsApp!,111,OK,1,5,1.00,false,
nevera-cooler-trendy-produccion-nacional-6982,Nevera Cooler Trendy - Produccion Nacional,Variedades,Nevera Cooler Trendy - Produccion Nacional Promocional | KS,59,OK,1,29,Nevera Cooler Trendy - Produccion Nacional serigrafía de calidad. Ideal para empresas. Envíos en Ecuador. ¡Cotiza ya!,117,OK,1,5,1.00,false,
nevera-cooler-max-produccion-nacional-6981,Nevera Cooler Max - Produccion Nacional,Variedades,Nevera Cooler Max - Produccion Nacional | KS Ecuador,52,OK,1,18,Compra Nevera Cooler Max - Produccion Nacional promocional. Materiales de primera. Envíos en Ecuador. ¡Cotiza ahora!,116,OK,1,6,1.00,false,
estuche-multiusos-boxx-produccion-nacional-6702,Estuche Multiusos Boxx - Producción Nacional,Variedades,Estuche Multiusos Boxx - Producción Nacional Ecuador | KS,57,OK,1,31,Estuche Multiusos Boxx - Producción Nacional personalizado con logo en Ecuador. Materiales de primera. ¡Cotiza por WhatsApp!,124,OK,1,7,1.00,false,
silla-nevera-cooler-con-espaldar-produccion-nacional-3270,Silla Nevera Cooler Con Espaldar - Producción Nacional,Producción Nacional,Silla Nevera Cooler Con Espaldar Personalizado | Ecuador,56,OK,1,1,Silla Nevera Cooler con Espaldar personalizado para tu marca. Ideal para eventos y promociones. Cotiza ahora en Ecuador.,120,OK,1,1,0.67,false,"silla nevera cooler con espaldar - producción nacional, silla nevera cooler con espaldar - producción nacional personalizado, silla nevera cooler con espaldar - producción nacional promocional, silla nevera cooler con espaldar - producción nacional con logo, silla nevera cooler con espaldar - producción nacional ecuador, silla nevera cooler con espaldar - producción nacional corporativo, variedades, regalo corporativo ecuador, merchandising quito, productos promocionales guayaquil, ks promocionales, artículos publicitarios"
set-escolar-produccion-nacional-6294,Set Escolar - Producción Nacional,Variedades,Set Escolar - Producción Nacional Promocional | KS,50,OK,1,29,Set Escolar - Producción Nacional personalizado con logo en Ecuador. Diseño moderno. ¡Cotiza por WhatsApp!,106,OK,1,5,1.00,false,
alcancia-cerdito-produccion-nacional-5412,Alcancia Cerdito - Produccion Nacional,Infantil,Alcancía Cerdito Personalizada | Regalos Corporativos Ecuador,61,OK,1,1,Descubre la Alcancía Cerdito personalizada para tu marca. Un regalo corporativo que conecta emociones. ¡Cotiza tu pedido en Ecuador hoy!,136,OK,1,1,0.50,false,"alcancia cerdito - produccion nacional, alcancia cerdito - produccion nacional personalizado, alcancia cerdito - produccion nacional promocional, alcancia cerdito - produccion nacional con logo, alcancia cerdito - produccion nacional ecuador, alcancia cerdito - produccion nacional corporativo, variedades, regalo corporativo ecuador, merchandising quito, productos promocionales guayaquil, ks promocionales, artículos publicitarios"
alcancia-estrella-135cm-produccion-nacional-2390,Alcancía Estrella 13.5cm- Producción Nacional,Variedades,Alcancía Estrella 13.5cm- Producción Nacional | KS Ecuador,58,OK,1,18,Alcancía Estrella 13.5cm- Producción Nacional con tu marca. Ideal para empresas. Envíos en Ecuador. ¡Cotiza ya!,111,OK,1,4,1.00,false,
alcancia-balon-produccion-nacional-5687,Alcancia Balón - Produccion Nacional,Infantil,Alcancía Balón Personalizada | Promocionales Ecuador,52,OK,1,1,Impulsa tu marca con la Alcancía Balón personalizada para clientes y colaboradores en Ecuador. ¡Cotiza tu diseño único ahora!,125,OK,1,1,0.50,false,"alcancia balón - produccion nacional, alcancia balón - produccion nacional personalizado, alcancia balón - produccion nacional promocional, alcancia balón - produccion nacional con logo, alcancia balón - produccion nacional ecuador, alcancia balón - produccion nacional corporativo, variedades, regalo corporativo ecuador, merchandising quito, productos promocionales guayaquil, ks promocionales, artículos publicitarios"
mouse-pad-sencillo-5547,Mouse Pad Sencillo,Tecnología,Mouse Pad Sencillo Personalizado | KS Ecuador,45,OK,1,20,Mouse Pad Sencillo con tu logo. Fideliza a tus clientes. ¡Pide cotización por WhatsApp!,87,OK,1,5,1.00,false,
llavero-linterna-puck-6572,Llavero Linterna Puck,Iluminación,Llavero Linterna Puck Personalizado | Ecuador,45,OK,1,614,Personaliza tu llavero linterna Puck y fortalece tu marca en Ecuador. Cotiza hoy mismo este práctico promocional para tus clientes.,131,OK,1,1,1.00,false,
linterna-loop-9133,Linterna Loop,Iluminación,Linterna Loop Personalizada: Iluminación Promocional Ecuador,60,OK,1,1,Linterna Loop personalizable para tu marca en Ecuador. Un regalo que ilumina tu mensaje. Cotiza tu promoción ahora y destaca.,125,OK,1,1,1.00,false,
llavero-linterna-lamp-9984,Llavero Linterna Lamp,Iluminación,Llavero Linterna Lamp Personalizado | Ecuador,45,OK,1,614,Llavero Linterna Lamp personalizado con tu logo. Ideal para recordación corporativa. Cotiza ahora en Ecuador con KS Promocionales.,130,OK,1,1,1.00,false,"llavero linterna lamp, llavero linterna lamp personalizado, llavero linterna lamp promocional, llavero linterna lamp con logo, llavero linterna lamp ecuador, llavero linterna lamp corporativo, llaveros, regalo corporativo ecuador, merchandising quito, productos promocionales guayaquil, ks promocionales, artículos publicitarios"
linterna-carabinero-bamboo-10650,Linterna Carabinero Bamboo,Iluminación,Linterna Carabinero Bamboo Personalizado | Ecuador,50,OK,1,614,Linterna Carabinero Bamboo personalizada para empresas en Ecuador. Cotiza tu regalo corporativo con diseño eco-friendly hoy mismo.,130,OK,1,1,1.00,false,"linterna carabinero bamboo, linterna carabinero bamboo personalizado, linterna carabinero bamboo promocional, linterna carabinero bamboo con logo, linterna carabinero bamboo ecuador, linterna carabinero bamboo corporativo, ecologia, regalo corporativo ecuador, merchandising quito, productos promocionales guayaquil, ks promocionales, artículos publicitarios"
mini-linterna-ozen-13296,Mini Linterna Ozen,Iluminación,Mini Linterna Ozen Personalizada | Ecuador,42,OK,1,82,Descubre la Mini Linterna Ozen. Un regalo útil y personalizable para tus clientes en Ecuador. ¡Cotiza hoy mismo!,112,OK,1,1,1.00,false,"mini linterna ozen, mini linterna ozen personalizado, mini linterna ozen promocional, mini linterna ozen con logo, mini linterna ozen ecuador, mini linterna ozen corporativo, novedades, regalo corporativo ecuador, merchandising quito, productos promocionales guayaquil, ks promocionales, artículos publicitarios"
llavero-metro-light-13352,Llavero Metro Light,Iluminación,Llavero Metro Light Personalizado | Promocionales Ecuador,57,OK,1,49,Personaliza Llaveros Metro Light para tu marca en Ecuador. Un regalo práctico que ilumina tu mensaje. ¡Cotiza y destaca!,120,OK,1,1,1.00,false,"llavero metro light, llavero metro light personalizado, llavero metro light promocional, llavero metro light con logo, llavero metro light ecuador, llavero metro light corporativo, novedades, regalo corporativo ecuador, merchandising quito, productos promocionales guayaquil, ks promocionales, artículos publicitarios"
memoria-usb-mini-crystal-precio-neto-5883,Memoria Usb Mini Crystal Precio Neto,Tecnología,Memoria Usb Mini Crystal Precio Neto con Logo | KS Ecuador,58,OK,1,26,Memoria Usb Mini Crystal Precio Neto personalizado Ecuador. Resistente y funcional. Envíos rápidos. ¡Cotiza!,108,OK,1,3,1.00,false,
memoria-usb-hook-precio-neto-oferta-8927,Memoria Usb Hook Precio Neto - Oferta,Memorias USB,Memoria USB Hook Personalizada | Ecuador,40,OK,1,1,"Memoria USB Hook con gancho integrado, personalizable con tu logo. Ideal para ferias y eventos. Cotiza ahora en Ecuador.",120,OK,1,1,0.40,true,"memoria usb hook precio neto - oferta, memoria usb hook precio neto - oferta personalizado, memoria usb hook precio neto - oferta promocional, memoria usb hook precio neto - oferta con logo, memoria usb hook precio neto - oferta ecuador, memoria usb hook precio neto - oferta corporativo, oficina, regalo corporativo ecuador, merchandising quito, productos promocionales guayaquil, ks promocionales, artículos publicitarios"
estuche-metalico-para-memoria-usb-oferta-2542,Estuche Metálico Para Memoria Usb Oferta,Tecnología,Estuche Metálico Para Memoria USB Personalizado | Ecuador,57,OK,1,1,Realza tu marca con estuches metálicos para USB personalizados en Ecuador. Presenta tus datos con estilo y calidad superior. ¡Cotiza ahora!,139,OK,1,1,0.80,false,
memoria-usb-swivel-precio-neto-3932,Memoria Usb Swivel Precio Neto,Memorias USB,Memoria USB Swivel Personalizada | Ecuador,42,OK,1,1,Memoria USB Swivel personalizada con tu logo. Ideal para empresas en Ecuador. Cotiza ahora y obtén precios especiales para volumen.,131,OK,1,1,0.50,false,"memoria usb swivel precio neto, memoria usb swivel precio neto personalizado, memoria usb swivel precio neto promocional, memoria usb swivel precio neto con logo, memoria usb swivel precio neto ecuador, memoria usb swivel precio neto corporativo, oficina, regalo corporativo ecuador, merchandising quito, productos promocionales guayaquil, ks promocionales, artículos publicitarios"
chip-para-memoria-usb-precio-neto-4482,Chip Para Memoria Usb Precio Neto,Tecnología,Chip Para Memoria USB Precio Neto | Ecuador,43,OK,1,52,Personaliza tu chip USB para memoria. Calidad garantizada para tu marca en Ecuador. ¡Cotiza tu pedido hoy mismo y potencia tu imagen!,133,OK,1,1,1.00,false,
memoria-usb-llave-precio-neto-4078,Memoria Usb Llave Precio Neto,Memorias USB,Memoria USB Llave Personalizada Precio Neto | Ecuador,53,OK,1,1,Impulsa tu marca con la Memoria USB Llave. Personalízala para tu empresa en Ecuador. ¡Cotiza tu pedido hoy!,107,OK,1,1,1.00,false,
memoria-usb-portacelular-30-precio-neto-8926,Memoria Usb Portacelular 3.0 Precio Neto,Memorias USB,Memoria USB Portacelular 3.0 Personalizada | Ecuador,52,OK,1,1,Memorias USB Portacelular 3.0 personalizables para empresas en Ecuador. Un artículo promocional práctico y eficiente. ¡Solicita tu cotización ahora!,148,OK,1,1,0.50,false,"memoria usb portacelular 3.0 precio neto, memoria usb portacelular 3.0 precio neto personalizado, memoria usb portacelular 3.0 precio neto promocional, memoria usb portacelular 3.0 precio neto con logo, memoria usb portacelular 3.0 precio neto ecuador, memoria usb portacelular 3.0 precio neto corporativo, oficina, regalo corporativo ecuador, merchandising quito, productos promocionales guayaquil, ks promocionales, artículos publicitarios"
lampara-usb-swan-precio-bomba-7423,Lampara Usb Swan - Precio Bomba,Tecnología,Lampara Usb Swan - Precio Bomba Ecuador | KS,44,OK,1,31,Compra Lampara Usb Swan - Precio Bomba promocional. Alta calidad. Envíos en Ecuador. ¡Cotiza ahora!,99,OK,1,9,1.00,false,
lampara-usb-snake-8117,Lampara Usb Snake,Iluminación,Lámpara USB Snake Personalizable | Iluminación Ecuador,54,OK,1,1,Mejora tu espacio con la Lámpara USB Snake personalizable. Perfecta para regalos corporativos en Ecuador. Cotiza hoy mismo y eleva tu marca.,140,OK,1,1,1.00,false,
linterna-cob-power-9544,Linterna Cob Power,Automóvil,Linterna COB Power Personalizada | Ecuador,42,OK,1,82,Linterna COB Power personalizable para tu marca. Ideal para regalos corporativos en Ecuador. ¡Cotiza ahora y sorprende a tus clientes!,134,OK,1,1,1.00,false,"linterna cob power, linterna cob power personalizado, linterna cob power promocional, linterna cob power con logo, linterna cob power ecuador, linterna cob power corporativo, iluminacion, regalo corporativo ecuador, merchandising quito, productos promocionales guayaquil, ks promocionales, artículos publicitarios"
speaker-bluetooth-con-lampara-oferta-9579,Speaker Bluetooth Con Lampara Oferta,Iluminación,Speaker Bluetooth Con Lámpara Personalizado | Ecuador,53,OK,1,1,Realza tu marca con este Speaker Bluetooth con Lámpara. Personaliza el tuyo para Ecuador y cotiza ahora tu regalo promocional distintivo.,137,OK,1,1,0.75,false,"speaker bluetooth con lampara oferta, speaker bluetooth con lampara oferta personalizado, speaker bluetooth con lampara oferta promocional, speaker bluetooth con lampara oferta con logo, speaker bluetooth con lampara oferta ecuador, speaker bluetooth con lampara oferta corporativo, oficina, regalo corporativo ecuador, merchandising quito, productos promocionales guayaquil, ks promocionales, artículos publicitarios"
carpeta-folder-congress-produccion-nacional-7090,Carpeta Folder Congress - Produccion Nacional,Producción Nacional,Carpeta Folder Congress Personalizada | Ecuador,47,OK,1,1,Carpeta Folder Congress personalizable para empresas en Ecuador. Proyecta profesionalismo y organiza tus documentos con estilo. ¡Cotiza ya!,139,OK,1,1,0.60,false,"carpeta folder congress - produccion nacional, carpeta folder congress - produccion nacional personalizado, carpeta folder congress - produccion nacional promocional, carpeta folder congress - produccion nacional con logo, carpeta folder congress - produccion nacional ecuador, carpeta folder congress - produccion nacional corporativo, oficina, regalo corporativo ecuador, merchandising quito, productos promocionales guayaquil, ks promocionales, artículos publicitarios"
libreta-like-it-produccion-nacional-7089,Libreta Like it - Producción Nacional,Oficina,Libreta Like it - Producción Nacional Promocional | KS,54,OK,1,29,Libreta Like it - Producción Nacional personalizado con logo en Ecuador. Diseño moderno. ¡Cotiza por WhatsApp!,110,OK,1,5,1.00,false,
libreta-con-boligrafo-hard-top-100-hojas-produccion-nacional-1064,Libreta Con Bolígrafo Hard Top 100 Hojas - Producción Nacional,Producción Nacional,Libreta Con Bolígrafo Hard Top 100 Hojas Ecuador,48,OK,1,1,Libreta personalizada con bolígrafo Hard Top 100 hojas. Producción nacional en Ecuador. Cotiza tu pedido hoy mismo.,115,OK,1,1,0.67,false,"libreta con bolígrafo hard top 100 hojas - producción nacional, libreta con bolígrafo hard top 100 hojas - producción nacional personalizado, libreta con bolígrafo hard top 100 hojas - producción nacional promocional, libreta con bolígrafo hard top 100 hojas - producción nacional con logo, libreta con bolígrafo hard top 100 hojas - producción nacional ecuador, libreta con bolígrafo hard top 100 hojas - producción nacional corporativo, oficina, regalo corporativo ecuador, merchandising quito, productos promocionales guayaquil, ks promocionales, artículos publicitarios"
portarretrato-almanaque-produccion-nacional-4720,Portarretrato - Almanaque - Produccion Nacional,Producción Nacional,Portarretrato - Almanaque Personalizado | Ecuador,49,OK,1,1,Fortalece tu marca con portarretratos-almanaques personalizados. Ideales para empresas en Ecuador. ¡Cotiza y destaca tu presencia corporativa!,142,OK,1,1,0.50,false,"portarretrato - almanaque - produccion nacional, portarretrato - almanaque - produccion nacional personalizado, portarretrato - almanaque - produccion nacional promocional, portarretrato - almanaque - produccion nacional con logo, portarretrato - almanaque - produccion nacional ecuador, portarretrato - almanaque - produccion nacional corporativo, variedades, regalo corporativo ecuador, merchandising quito, productos promocionales guayaquil, ks promocionales, artículos publicitarios"
portaboligrafos-frost-produccion-nacional-2388,Portabolígrafos Frost - Producción Nacional,Médicos,Portabolígrafos Frost Personalizado | Ecuador,45,OK,1,1,"Optimiza tu espacio de trabajo con el Portabolígrafos Frost, personalizable para tu marca en Ecuador. ¡Cotiza ahora y organiza tu oficina!",138,OK,1,1,0.50,false,"portabolígrafos frost - producción nacional, portabolígrafos frost - producción nacional personalizado, portabolígrafos frost - producción nacional promocional, portabolígrafos frost - producción nacional con logo, portabolígrafos frost - producción nacional ecuador, portabolígrafos frost - producción nacional corporativo, oficina, regalo corporativo ecuador, merchandising quito, productos promocionales guayaquil, ks promocionales, artículos publicitarios"
portaboligrafos-3-en-1-produccion-nacional-2389,Portabolígrafos 3 en 1 - Producción Nacional,Médicos,Portabolígrafos 3 en 1 - Producción Nacional Personalizado | Ecuador,68,TOO_LONG_TRUNCATION_RISK,1,614,Personaliza tu Portabolígrafos 3 en 1 de producción nacional. Potencia tu marca en Ecuador con este práctico artículo. ¡Cotiza ahora!,133,OK,1,1,1.00,false,"portabolígrafos 3 en 1 - producción nacional, portabolígrafos 3 en 1 - producción nacional personalizado, portabolígrafos 3 en 1 - producción nacional promocional, portabolígrafos 3 en 1 - producción nacional con logo, portabolígrafos 3 en 1 - producción nacional ecuador, portabolígrafos 3 en 1 - producción nacional corporativo, variedades, regalo corporativo ecuador, merchandising quito, productos promocionales guayaquil, ks promocionales, artículos publicitarios"
portalapices-cilindrico-nacional-3472,Portalápices Cilíndrico Nacional,Médicos,Portalápices Cilíndrico Nacional Personalizado Ecuador,54,OK,1,59,Portalápices cilíndrico personalizado para clínicas y hospitales. Promocional médico en Ecuador. Cotiza tu pedido ahora.,120,OK,1,1,1.00,false,"portalápices cilíndrico nacional, portalápices cilíndrico nacional personalizado, portalápices cilíndrico nacional promocional, portalápices cilíndrico nacional con logo, portalápices cilíndrico nacional ecuador, portalápices cilíndrico nacional corporativo, oficina, regalo corporativo ecuador, merchandising quito, productos promocionales guayaquil, ks promocionales, artículos publicitarios"
portatarjetas-arc-produccion-nacional-2385,Portatarjetas Arc - Produccion Nacional,Producción Nacional,Portatarjetas Arc Personalizado | Ecuador,41,OK,1,1,Portatarjetas Arc de producción nacional personalizado. Ideal para promociones en Ecuador. Cotiza tu pedido hoy mismo.,118,OK,1,1,0.33,true,"portatarjetas arc - produccion nacional, portatarjetas arc - produccion nacional personalizado, portatarjetas arc - produccion nacional promocional, portatarjetas arc - produccion nacional con logo, portatarjetas arc - produccion nacional ecuador, portatarjetas arc - produccion nacional corporativo, oficina, regalo corporativo ecuador, merchandising quito, productos promocionales guayaquil, ks promocionales, artículos publicitarios"
portaidentificador-de-carnet-con-destapador-10378,Portaidentificador de Carnet Con Destapador,Precio Bomba,Portaidentificador Con Destapador | Ecuador,43,OK,1,1,Portaidentificador con destapador personalizado para empresas. Protege carnets y promociona tu marca. Cotiza ahora en Ecuador.,126,OK,1,1,0.67,false,"portaidentificador de carnet con destapador, portaidentificador de carnet con destapador personalizado, portaidentificador de carnet con destapador promocional, portaidentificador de carnet con destapador con logo, portaidentificador de carnet con destapador ecuador, portaidentificador de carnet con destapador corporativo, llaveros, regalo corporativo ecuador, merchandising quito, productos promocionales guayaquil, ks promocionales, artículos publicitarios"
llavero-destapador-house-10408,Llavero Destapador House,Bar y Vino,Llavero Destapador House Personalizado | Ecuador,48,OK,1,614,Llavero Destapador House personalizado para tu marca. Ideal para hostelería y gastronomía. Cotiza ahora en Ecuador con KS Promocionales.,136,OK,1,1,1.00,false,"llavero destapador house, llavero destapador house personalizado, llavero destapador house promocional, llavero destapador house con logo, llavero destapador house ecuador, llavero destapador house corporativo, llaveros, regalo corporativo ecuador, merchandising quito, productos promocionales guayaquil, ks promocionales, artículos publicitarios"
mini-herramientero-blazor-13334,Mini Herramientero Blazor,Iluminación,Mini Herramientero Blazor Personalizado | Regalos Ecuador,57,OK,1,16,Personaliza tu Mini Herramientero Blazor para destacar en Ecuador. Un regalo corporativo práctico y funcional. ¡Cotiza hoy mismo!,129,OK,1,1,1.00,false,"mini herramientero blazor, mini herramientero blazor personalizado, mini herramientero blazor promocional, mini herramientero blazor con logo, mini herramientero blazor ecuador, mini herramientero blazor corporativo, novedades, regalo corporativo ecuador, merchandising quito, productos promocionales guayaquil, ks promocionales, artículos publicitarios"
carabinero-3100,Carabinero,Variedades,Carabineros Personalizados para Empresas en Ecuador,51,OK,1,1,Descubre carabineros personalizados para tu marca. Ofrece un regalo promocional útil y duradero en Ecuador. ¡Cotiza tu pedido hoy!,130,OK,1,1,1.00,false,
llavero-silicone-silicona-2226,Llavero Silicone - Silicona,Llaveros,Llavero Silicone - Silicona con Logo | KS Ecuador,49,OK,1,26,Llavero Silicone - Silicona personalizado Ecuador. Materiales de primera. Envíos rápidos. ¡Cotiza!,98,OK,1,7,1.00,false,
llavero-corcho-oferta-8884,Llavero Corcho - Oferta,Llaveros,Llavero Corcho - Oferta con Logo | KS Ecuador,45,OK,1,26,Llavero Corcho - Oferta con tu logo. Aumenta el reconocimiento de tu marca. ¡Pide cotización por WhatsApp!,106,OK,1,10,1.00,false,
llavero-pop-10076,Llavero Pop,Antiestrés,Llavero Pop Antiestrés Personalizado | Ecuador,46,OK,1,2,Fortalece tu marca con llaveros Pop personalizados en Ecuador. Un embajador único para tu empresa. ¡Cotiza ahora y destaca!,123,OK,1,1,1.00,false,
llavero-double-10218,Llavero Double,Producción Nacional,Llavero Double Personalizado | Ecuador,38,OK,1,614,Llavero Double personalizado con tu marca. Perfecto para promociones en Ecuador. Cotiza tu pedido hoy y lleva tu marca en el bolsillo.,134,OK,1,1,1.00,false,"llavero double, llavero double personalizado, llavero double promocional, llavero double con logo, llavero double ecuador, llavero double corporativo, llaveros, regalo corporativo ecuador, merchandising quito, productos promocionales guayaquil, ks promocionales, artículos publicitarios"
set-ml-391-9761,Set Ml-391,Variedades,Set ML-391 Personalizado | Productos Promocionales Ecuador,58,OK,1,1,"Impulsa tu marca con el Set ML-391 personalizado. Ideal para empresas en Ecuador, cotiza ahora y ofrece un obsequio único.",122,OK,1,1,1.00,false,
llavero-ml-393-9763,Llavero Ml-393,Master Line,Llavero ML-393 Personalizado | Ecuador,38,OK,1,614,Llavero corporativo ML-393 personalizado para tu marca. Genera recordación diaria en Ecuador. ¡Cotiza ahora tu pedido!,118,OK,1,1,1.00,false,"llavero ml-393, llavero ml-393 personalizado, llavero ml-393 promocional, llavero ml-393 con logo, llavero ml-393 ecuador, llavero ml-393 corporativo, ecologia, regalo corporativo ecuador, merchandising quito, productos promocionales guayaquil, ks promocionales, artículos publicitarios"
soporte-para-moviles-pop-10126,Soporte Para Móviles Pop,Precio Bomba,Soporte Para Móviles Pop Personalizado | Ecuador,48,OK,1,614,Soporte para móviles Pop personalizado con tu marca. Ideal para merchandising en Ecuador. Cotiza ahora y mantén tu marca visible.,129,OK,1,1,1.00,false,"soporte para móviles pop, soporte para móviles pop personalizado, soporte para móviles pop promocional, soporte para móviles pop con logo, soporte para móviles pop ecuador, soporte para móviles pop corporativo, tecnologia, regalo corporativo ecuador, merchandising quito, productos promocionales guayaquil, ks promocionales, artículos publicitarios"
llavero-pito-con-destapador-9132,Llavero Pito Con Destapador,Precio Bomba,Llavero Pito Destapador Personalizado | Ecuador,47,OK,1,1,Maximiza tu marca con llaveros pito destapador personalizados. Un regalo útil y efectivo para tus clientes en Ecuador. ¡Cotiza ahora!,133,OK,1,1,1.00,false,"llavero pito con destapador, llavero pito con destapador personalizado, llavero pito con destapador promocional, llavero pito con destapador con logo, llavero pito con destapador ecuador, llavero pito con destapador corporativo, hogar, regalo corporativo ecuador, merchandising quito, productos promocionales guayaquil, ks promocionales, artículos publicitarios"
pito-con-luz-vision-13366,Pito Con Luz Vision,Iluminación,Pito Con Luz Vision Personalizado | Promocional Ecuador,55,OK,1,3,Destaca tu marca con el Pito Con Luz Vision. Personalízalo para tu empresa en Ecuador. ¡Cotiza ahora y ilumina tu mensaje!,122,OK,1,1,1.00,false,"pito con luz vision, pito con luz vision personalizado, pito con luz vision promocional, pito con luz vision con logo, pito con luz vision ecuador, pito con luz vision corporativo, novedades, regalo corporativo ecuador, merchandising quito, productos promocionales guayaquil, ks promocionales, artículos publicitarios"
gancho-portacartera-1710,Gancho Portacartera,Master Line,Gancho Portacartera Personalizado | Ecuador,43,OK,1,614,Diferénciate con ganchos portacartera personalizados para tu marca en Ecuador. Un detalle único que tus clientes amarán. ¡Cotiza hoy!,133,OK,1,1,1.00,false,
sporty-bag-kidz-sin-diseno-13170,Sporty Bag Kidz Sin Diseño,Maletines,Sporty Bag Kidz Sin Diseño Ecuador | KS Promocionales,53,OK,1,28,Sporty Bag Kidz Sin Diseño personalizado Ecuador. Calidad premium. Envíos rápidos. ¡Cotiza!,91,OK,1,10,1.00,false,
cartuchera-en-cambrel-kidz-sin-diseno-13171,Cartuchera en Cambrel Kidz Sin Diseño,Maletines,Cartuchera en Cambrel Kidz Sin Diseño | KS Ecuador,50,OK,1,18,Cartuchera en Cambrel Kidz Sin Diseño personalizado Ecuador. Durabilidad garantizada. Envíos rápidos. ¡Cotiza!,110,OK,1,6,1.00,false,
bolsa-metalizada-6933,Bolsa Metalizada,Maletines,Bolsa Metalizada Ecuador | KS,29,OK,1,31,Compra Bolsa Metalizada promocional. Alta calidad. Envíos en Ecuador. ¡Cotiza ahora!,84,OK,1,9,1.00,false,
sporty-bag-en-cambrel-ewok-6928,Sporty Bag en Cambrel Ewok,Deportes,Sporty Bag Cambrel Ewok Personalizada | Ecuador,47,OK,1,1,Bolsa deportiva personalizada Sporty Bag en Cambrel Ewok. Promociona tu marca con estilo. Cotiza ahora en Ecuador. Envíos a Quito.,130,OK,1,1,1.00,false,"sporty bag en cambrel ewok, sporty bag en cambrel ewok personalizado, sporty bag en cambrel ewok promocional, sporty bag en cambrel ewok con logo, sporty bag en cambrel ewok ecuador, sporty bag en cambrel ewok corporativo, maletines, regalo corporativo ecuador, merchandising quito, productos promocionales guayaquil, ks promocionales, artículos publicitarios"
bolsa-en-cambrel-bawel-5611,Bolsa en Cambrel Bawel,Maletines,Bolsa Cambrel Bawel Personalizada | Ecuador,43,OK,1,1,Impulsa tu marca con la Bolsa en Cambrel Bawel personalizada. Ideal para kits de bienvenida en Ecuador. ¡Cotiza ahora y destaca!,128,OK,1,1,1.00,false,
bolsa-en-cambrel-queen-6293,Bolsa en Cambrel Queen,Maletines,Bolsa en Cambrel Queen con Logo | KS Ecuador,44,OK,1,26,Compra Bolsa en Cambrel Queen promocional. Alta calidad. Envíos en Ecuador. ¡Cotiza ahora!,90,OK,1,9,1.00,false,
bolsa-en-cambrel-arcadia-6247,Bolsa en Cambrel Arcadia,Maletines,Bolsa Cambrel Arcadia Personalizada | Ecuador,45,OK,1,1,Bolsa en Cambrel Arcadia personalizada para tu marca. Ideal para ejecutivos en Ecuador. Cotiza tu maletín corporativo hoy mismo.,128,OK,1,1,1.00,false,"bolsa en cambrel arcadia, bolsa en cambrel arcadia personalizado, bolsa en cambrel arcadia promocional, bolsa en cambrel arcadia con logo, bolsa en cambrel arcadia ecuador, bolsa en cambrel arcadia corporativo, ecologia, regalo corporativo ecuador, merchandising quito, productos promocionales guayaquil, ks promocionales, artículos publicitarios"
bolsa-en-cambrel-con-fuelle-6248,Bolsa en Cambrel Con Fuelle,Maletines,Bolsa en Cambrel Con Fuelle Personalizado | Ecuador,51,OK,1,614,Bolsa corporativa en cambrel con fuelle personalizable. Ideal para transportar documentos y promocionar tu marca. Solicita tu cotización en Ecuador.,148,OK,1,1,1.00,false,"bolsa en cambrel con fuelle, bolsa en cambrel con fuelle personalizado, bolsa en cambrel con fuelle promocional, bolsa en cambrel con fuelle con logo, bolsa en cambrel con fuelle ecuador, bolsa en cambrel con fuelle corporativo, ecologia, regalo corporativo ecuador, merchandising quito, productos promocionales guayaquil, ks promocionales, artículos publicitarios"
mini-bolsa-en-cambrel-6235,Mini Bolsa en Cambrel,Maletines,Mini Bolsa en Cambrel Personalizado | Ecuador,45,OK,1,614,Mini bolsa en cambrel personalizada con tu logo. Ideal para regalos corporativos en Ecuador. Cotiza ahora y sorprende a tus clientes.,133,OK,1,1,1.00,false,"mini bolsa en cambrel, mini bolsa en cambrel personalizado, mini bolsa en cambrel promocional, mini bolsa en cambrel con logo, mini bolsa en cambrel ecuador, mini bolsa en cambrel corporativo, ecologia, regalo corporativo ecuador, merchandising quito, productos promocionales guayaquil, ks promocionales, artículos publicitarios"
bolsa-en-cambrel-franky-6238,Bolsa en Cambrel Franky,Maletines,Bolsa Cambrel Franky Personalizada | Ecuador,44,OK,1,1,Fortalece tu marca en Ecuador con la Bolsa en Cambrel Franky personalizada. Ideal para eventos y regalos corporativos. ¡Cotiza hoy!,131,OK,1,1,1.00,false,"bolsa en cambrel franky, bolsa en cambrel franky personalizado, bolsa en cambrel franky promocional, bolsa en cambrel franky con logo, bolsa en cambrel franky ecuador, bolsa en cambrel franky corporativo, ecologia, regalo corporativo ecuador, merchandising quito, productos promocionales guayaquil, ks promocionales, artículos publicitarios"
bolsa-en-cambrel-market-7574,Bolsa en Cambrel Market,Maletines,Bolsa Cambrel Market Personalizada | Ecuador,44,OK,1,1,Fortalece tu marca con bolsas en cambrel personalizadas. Opción ideal para empresas en Ecuador. Cotiza ahora tu obsequio promocional.,133,OK,1,1,1.00,false,"bolsa en cambrel market, bolsa en cambrel market personalizado, bolsa en cambrel market promocional, bolsa en cambrel market con logo, bolsa en cambrel market ecuador, bolsa en cambrel market corporativo, hogar, regalo corporativo ecuador, merchandising quito, productos promocionales guayaquil, ks promocionales, artículos publicitarios"
canguro-en-poliester-3615,Canguro en Poliéster,Deportes,Canguro en Poliéster Personalizado | Ecuador,44,OK,1,614,Personaliza tu canguro en poliéster para eventos o regalos corporativos en Ecuador. ¡Cotiza tu diseño ideal y fortalece tu marca hoy mismo!,139,OK,1,1,1.00,false,
canguro-orion-7602,Canguro Orión,Deportes,Canguro Orión Personalizado | Ecuador,37,OK,1,614,Impulsa tu marca con el Canguro Orión personalizado en Ecuador. Dale a tus clientes practicidad y dinamismo. ¡Cotiza hoy!,121,OK,1,1,1.00,false,
canguro-en-poliester-pocket-7766,Canguro en Poliester Pocket,Deportes,Canguro Poliéster Pocket Personalizado | Ecuador,48,OK,1,1,Personaliza tu Canguro Poliéster Pocket. Ideal para empresas en Ecuador. ¡Cotiza ahora tus productos promocionales!,115,OK,1,1,1.00,false,"canguro en poliester pocket, canguro en poliester pocket personalizado, canguro en poliester pocket promocional, canguro en poliester pocket con logo, canguro en poliester pocket ecuador, canguro en poliester pocket corporativo, variedades, regalo corporativo ecuador, merchandising quito, productos promocionales guayaquil, ks promocionales, artículos publicitarios"
canguro-gemini-produccion-nacional-8721,Canguro Gemini - Produccion Nacional,Deportes,Canguro Gemini Personalizado | Artículos Deportivos Ecuador,59,OK,1,1,Canguro Gemini de producción nacional: ideal para merchandising. Personaliza tu marca en Ecuador. ¡Cotiza ahora y destaca!,122,OK,1,1,0.50,false,"canguro gemini - produccion nacional, canguro gemini - produccion nacional personalizado, canguro gemini - produccion nacional promocional, canguro gemini - produccion nacional con logo, canguro gemini - produccion nacional ecuador, canguro gemini - produccion nacional corporativo, variedades, regalo corporativo ecuador, merchandising quito, productos promocionales guayaquil, ks promocionales, artículos publicitarios"
canguro-reflective-9156,Canguro Reflective,Bicicleta,Canguro Reflective Personalizado | Ecuador,42,OK,1,614,Fortalece tu marca con canguros Reflective personalizados. Ideal para ciclistas en Ecuador. Cotiza hoy mismo tu artículo promocional.,133,OK,1,1,1.00,false,
canguro-sauris-9196,Canguro Sauris - Precio Bomba,Bicicleta,Canguro Sauris - Precio Bomba Personalizado | Ecuador,53,OK,1,614,Fortalece tu marca con el Canguro Sauris personalizado. Accesorio ideal para bicicletas. Cotiza tu pedido ahora en Ecuador.,123,OK,1,1,1.00,false,
canguro-moldik-9197,Canguro Moldik,Bicicleta,Canguro Moldik Personalizado | Ecuador,38,OK,1,614,Conecta tu marca con un estilo de vida activo. Personaliza tu Canguro Moldik en Ecuador. ¡Cotiza ahora y fortalece vínculos!,124,OK,1,1,1.00,false,"canguro moldik, canguro moldik personalizado, canguro moldik promocional, canguro moldik con logo, canguro moldik ecuador, canguro moldik corporativo, variedades, regalo corporativo ecuador, merchandising quito, productos promocionales guayaquil, ks promocionales, artículos publicitarios"
canguro-para-moviles-nylon-9857,Canguro Para Móviles Nylon,Bicicleta,Canguro Para Móviles Nylon Personalizado | Ecuador,50,OK,1,614,Canguro para móviles nylon personalizado para bicicleta. Cotiza tu accesorio promocional en Ecuador. ¡Solicita tu presupuesto hoy!,130,OK,1,1,1.00,false,"canguro para móviles nylon, canguro para móviles nylon personalizado, canguro para móviles nylon promocional, canguro para móviles nylon con logo, canguro para móviles nylon ecuador, canguro para móviles nylon corporativo, maletines, regalo corporativo ecuador, merchandising quito, productos promocionales guayaquil, ks promocionales, artículos publicitarios"
canguro-dior-9823,Canguro Dior,Bicicleta,Canguro Dior Personalizado | Ecuador,36,OK,1,614,Bicicleta de carga Canguro Dior personalizada con tu logo. Sostenibilidad urbana en Quito. ¡Cotiza hoy!,103,OK,1,1,1.00,false,"canguro dior, canguro dior personalizado, canguro dior promocional, canguro dior con logo, canguro dior ecuador, canguro dior corporativo, maletines, regalo corporativo ecuador, merchandising quito, productos promocionales guayaquil, ks promocionales, artículos publicitarios"
canguro-london-produccion-nacional-9824,Canguro London - Produccion Nacional,Bicicleta,Canguro London: Producción Nacional Personalizada | Ecuador,59,OK,1,1,"Impacta con el Canguro London, producto nacional. Personalización para tu marca en Ecuador. ¡Cotiza ahora y destaca!",116,OK,1,1,1.00,false,"canguro london - produccion nacional, canguro london - produccion nacional personalizado, canguro london - produccion nacional promocional, canguro london - produccion nacional con logo, canguro london - produccion nacional ecuador, canguro london - produccion nacional corporativo, maletines, regalo corporativo ecuador, merchandising quito, productos promocionales guayaquil, ks promocionales, artículos publicitarios"
canguro-strike-urban-travel-10166,Canguro Strike Urban Travel,Maletines,Canguro Strike Urban Travel Promocional | KS,44,OK,1,29,Canguro Strike Urban Travel personalizado Ecuador. Durabilidad garantizada. Envíos rápidos. ¡Cotiza!,100,OK,1,6,1.00,false,
morral-backpack-legacy-urban-travel-9818,Morral Backpack Legacy Urban Travel,Maletines,Morral Backpack Legacy Urban Travel | KS Ecuador,48,OK,1,18,Morral Backpack Legacy Urban Travel grabado láser disponible. Ideal para empresas. Envíos en Ecuador. ¡Cotiza ya!,113,OK,1,1,1.00,false,
morral-backpack-kepler-urban-travel-10164,Morral Backpack Kepler Urban Travel,Maletines,Morral Backpack Kepler Urban Travel con Logo | KS Ecuador,57,OK,1,26,Morral Backpack Kepler Urban Travel personalizado Ecuador. Calidad premium. Envíos rápidos. ¡Cotiza!,100,OK,1,10,1.00,false,
morral-backpack-jinx-urban-travel-10163,Morral Backpack Jinx Urban Travel,Maletines,Morral Backpack Jinx Urban Travel Ecuador | KS,46,OK,1,31,Morral Backpack Jinx Urban Travel impresión de alta calidad. Ideal para empresas. Envíos en Ecuador. ¡Cotiza ya!,112,OK,1,6,1.00,false,
sporty-bag-crocket-6938,Sporty Bag Crocket,Deportes,Sporty Bag Crocket Personalizado | Ecuador,42,OK,1,614,Destaca tu marca con el Sporty Bag Crocket. Personalízalo para eventos en Ecuador. ¡Cotiza ahora y fortalece tu presencia!,122,OK,1,1,1.00,false,
morral-backpack-rush-produccion-nacional-6901,Morral Backpack Rush - Producción Nacional,Deportes,Morral Backpack Rush Personalizado | Ecuador,44,OK,1,1,Morral Backpack Rush personalizado con tu logo. Ideal para empresas. Cotiza ahora en Ecuador. Producción nacional de calidad.,125,OK,1,1,0.60,false,"morral backpack rush - producción nacional, morral backpack rush - producción nacional personalizado, morral backpack rush - producción nacional promocional, morral backpack rush - producción nacional con logo, morral backpack rush - producción nacional ecuador, morral backpack rush - producción nacional corporativo, variedades, regalo corporativo ecuador, merchandising quito, productos promocionales guayaquil, ks promocionales, artículos publicitarios"
maletin-deportivo-florida-4876,Maletin Deportivo Florida,Deportes,Maletín Deportivo Florida Personalizado | Ecuador,49,OK,1,1,Maletines deportivos personalizables en Ecuador para potenciar tu marca. Diseña el tuyo con tu logo. ¡Cotiza ahora!,115,OK,1,1,1.00,false,"maletin deportivo florida, maletin deportivo florida personalizado, maletin deportivo florida promocional, maletin deportivo florida con logo, maletin deportivo florida ecuador, maletin deportivo florida corporativo, maletines, regalo corporativo ecuador, merchandising quito, productos promocionales guayaquil, ks promocionales, artículos publicitarios"
morral-backpack-reflective-8161,Morral Backpack Reflective,Reflectivos,Morral Backpack Reflective Personalizado | Ecuador,50,OK,1,614,Personaliza tu Morral Backpack Reflective para seguridad y visibilidad. La mejor opción en Ecuador para empresas. ¡Cotiza hoy!,126,OK,1,1,1.00,false,"morral backpack reflective, morral backpack reflective personalizado, morral backpack reflective promocional, morral backpack reflective con logo, morral backpack reflective ecuador, morral backpack reflective corporativo, variedades, regalo corporativo ecuador, merchandising quito, productos promocionales guayaquil, ks promocionales, artículos publicitarios"
sporty-bag-reflective-8182,Sporty Bag Reflective,Reflectivos,Sporty Bag Reflective Personalizado | Ecuador,45,OK,1,614,Fortalece tu marca en Ecuador con el Sporty Bag Reflective personalizado. Conecta con tu audiencia y solicita tu cotización hoy mismo.,134,OK,1,1,1.00,false,"sporty bag reflective, sporty bag reflective personalizado, sporty bag reflective promocional, sporty bag reflective con logo, sporty bag reflective ecuador, sporty bag reflective corporativo, variedades, regalo corporativo ecuador, merchandising quito, productos promocionales guayaquil, ks promocionales, artículos publicitarios"
morral-backpack-plegable-molly-8193,Morral Backpack Plegable Molly,Deportes,Morral Backpack Plegable Molly Personalizado | Ecuador,54,OK,1,614,Morral Backpack Plegable Molly personalizado para tu marca. Ideal para eventos corporativos en Ecuador. ¡Cotiza el tuyo hoy!,124,OK,1,1,1.00,false,"morral backpack plegable molly, morral backpack plegable molly personalizado, morral backpack plegable molly promocional, morral backpack plegable molly con logo, morral backpack plegable molly ecuador, morral backpack plegable molly corporativo, variedades, regalo corporativo ecuador, merchandising quito, productos promocionales guayaquil, ks promocionales, artículos publicitarios"
protector-para-morral-backpack-emergency-produccion-nacional-6919,Protector Para Morral Backpack Emergency - Produccion Nacional,Maletines,Protector Para Morral Backpack Emergency - Producc... | KS,58,OK,1,1,Protector Para Morral Backpack Emergency - Produccion Nacional con tu logo. Fideliza a tus clientes. ¡Pide cotización por WhatsApp!,131,OK,1,5,0.71,false,
morral-backpack-retro-produccion-nacional-7697,Morral Backpack Retro - Produccion Nacional,Producción Nacional,Morral Backpack Retro Personalizado - Ecuador,45,OK,1,1,Morral Backpack Retro de producción nacional personalizable para tu marca en Ecuador. Un impacto auténtico. ¡Cotiza el tuyo hoy!,128,OK,1,1,0.60,false,"morral backpack retro - produccion nacional, morral backpack retro - produccion nacional personalizado, morral backpack retro - produccion nacional promocional, morral backpack retro - produccion nacional con logo, morral backpack retro - produccion nacional ecuador, morral backpack retro - produccion nacional corporativo, variedades, regalo corporativo ecuador, merchandising quito, productos promocionales guayaquil, ks promocionales, artículos publicitarios"
morral-backpack-derex-8541,Morral Backpack Derex,Maletines,Morral Backpack Derex con Logo | KS Ecuador,43,OK,1,26,Morral Backpack Derex personalizable a tu medida. Ideal para empresas. Envíos en Ecuador. ¡Cotiza ya!,101,OK,1,4,1.00,false,
morral-backpack-antirrobo-royal-9213,Morral Backpack Antirrobo Royal,Maletines,Morral Backpack Antirrobo Royal Personalizado | Ecuador,55,OK,1,614,Personaliza el Morral Backpack Antirrobo Royal en Ecuador. Protege tus dispositivos con estilo. ¡Cotiza tu pedido hoy mismo!,124,OK,1,1,1.00,false,
morral-backpack-strings-9598,Morral Backpack Strings,Maletines,Morral Backpack Strings Personalizado | KS Ecuador,50,OK,1,20,Morral Backpack Strings personalizado con logo en Ecuador. Alta calidad. ¡Cotiza por WhatsApp!,94,OK,1,4,1.00,false,
mininevera-cooler-con-portacomida-produccion-nacional-3244,Mininevera Cooler Con Portacomida - Producción Nacional,Producción Nacional,Mininevera Cooler Con Portacomida Ecuador,41,OK,1,1,Mininevera cooler personalizado con portacomida. Producción nacional para empresas. Cotiza ahora en Ecuador.,108,OK,1,1,0.60,false,"mininevera cooler con portacomida - producción nacional, mininevera cooler con portacomida - producción nacional personalizado, mininevera cooler con portacomida - producción nacional promocional, mininevera cooler con portacomida - producción nacional con logo, mininevera cooler con portacomida - producción nacional ecuador, mininevera cooler con portacomida - producción nacional corporativo, maletines, regalo corporativo ecuador, merchandising quito, productos promocionales guayaquil, ks promocionales, artículos publicitarios"
nevera-cooler-bag-trolley-1073,Nevera Cooler Bag Trolley,Maletines,Nevera Cooler Bag Trolley Ecuador | KS,38,OK,1,31,Nevera Cooler Bag Trolley personalizado Ecuador. Resistente y funcional. Envíos rápidos. ¡Cotiza!,97,OK,1,3,1.00,false,
nevera-cooler-lunchy-8157,Nevera Cooler Lunchy,Precio Bomba,Nevera Cooler Lunchy Personalizada | Ecuador,44,OK,1,82,Nevera Cooler Lunchy personalizada para tu marca. Ofrece visibilidad y utilidad a tus clientes en Ecuador. ¡Cotiza ahora!,121,OK,1,1,1.00,false,"nevera cooler lunchy, nevera cooler lunchy personalizado, nevera cooler lunchy promocional, nevera cooler lunchy con logo, nevera cooler lunchy ecuador, nevera cooler lunchy corporativo, variedades, regalo corporativo ecuador, merchandising quito, productos promocionales guayaquil, ks promocionales, artículos publicitarios"
nevera-cooler-bag-soccer-ball-produccion-nacional-8291,Nevera Cooler Bag Soccer Ball - Produccion Nacional,Producción Nacional,Nevera Cooler Bag Soccer Ball Personalizado | Ecuador,53,OK,1,1,Nevera Cooler Bag Soccer Ball personalizada para eventos y promociones. Cotiza ahora en Ecuador. Producción nacional de calidad.,128,OK,1,1,0.67,false,"nevera cooler bag soccer ball - produccion nacional, nevera cooler bag soccer ball - produccion nacional personalizado, nevera cooler bag soccer ball - produccion nacional promocional, nevera cooler bag soccer ball - produccion nacional con logo, nevera cooler bag soccer ball - produccion nacional ecuador, nevera cooler bag soccer ball - produccion nacional corporativo, hogar, regalo corporativo ecuador, merchandising quito, productos promocionales guayaquil, ks promocionales, artículos publicitarios"
nevera-cooler-bag-goal-produccion-nacional-8290,Nevera Cooler Bag Goal - Produccion Nacional,Maletines,Nevera Cooler Bag Goal Personalizada | Ecuador,46,OK,1,1,Nevera Cooler Bag Goal personalizada: el aliado estratégico para fortalecer tu marca. Cotiza en Ecuador tu producción nacional.,127,OK,1,1,0.60,false,"nevera cooler bag goal - produccion nacional, nevera cooler bag goal - produccion nacional personalizado, nevera cooler bag goal - produccion nacional promocional, nevera cooler bag goal - produccion nacional con logo, nevera cooler bag goal - produccion nacional ecuador, nevera cooler bag goal - produccion nacional corporativo, hogar, regalo corporativo ecuador, merchandising quito, productos promocionales guayaquil, ks promocionales, artículos publicitarios"
nevera-cooler-kendrik-produccion-nacional-9349,Nevera Cooler Kendrik - Produccion Nacional,Producción Nacional,Nevera Cooler Kendrik - Producción Nacional Personalizada | Ecuador,67,TOO_LONG_TRUNCATION_RISK,1,1,Personaliza la nevera cooler Kendrik para tu marca en Ecuador. Asocia tu empresa a momentos de disfrute. ¡Cotiza ahora y destaca!,129,OK,1,1,1.00,false,"nevera cooler kendrik - produccion nacional, nevera cooler kendrik - produccion nacional personalizado, nevera cooler kendrik - produccion nacional promocional, nevera cooler kendrik - produccion nacional con logo, nevera cooler kendrik - produccion nacional ecuador, nevera cooler kendrik - produccion nacional corporativo, hogar, regalo corporativo ecuador, merchandising quito, productos promocionales guayaquil, ks promocionales, artículos publicitarios"
molde-de-silicona-ice-face-10677,Molde de Silicona Ice Face,Precio Bomba,Molde Silicona Ice Face Personalizado | Promocionales Ecuador,61,OK,1,1,Diferencia tu marca con el Molde Ice Face. Personaliza este regalo promocional único en Ecuador. ¡Cotiza ahora!,111,OK,1,1,1.00,false,"molde de silicona ice face, molde de silicona ice face personalizado, molde de silicona ice face promocional, molde de silicona ice face con logo, molde de silicona ice face ecuador, molde de silicona ice face corporativo, hogar, regalo corporativo ecuador, merchandising quito, productos promocionales guayaquil, ks promocionales, artículos publicitarios"
organizador-multiusos-lyra-10675,Organizador Multiusos Lyra,Maletines,Organizador Multiusos Lyra Personalizado | KS Ecuador,53,OK,1,20,Organizador Multiusos Lyra impresión de alta calidad. Ideal para empresas. Envíos en Ecuador. ¡Cotiza ya!,105,OK,1,6,1.00,false,
cosmetiquera-venecia-6904,Cosmetiquera Venecia,Maletines,Cosmetiquera Venecia Personalizado | KS Ecuador,47,OK,1,20,Cosmetiquera Venecia personalizado Ecuador. Acabado profesional. Envíos rápidos. ¡Cotiza!,89,OK,1,2,1.00,false,
multiorganizador-para-cartera-y-maletin-6562,Multiorganizador Para Cartera y Maletín,Maletines,Multiorganizador Cartera y Maletín Personalizado | Ecuador,58,OK,1,1,Optimiza la organización de tus colaboradores. Personaliza multiorganizadores para cartera y maletín en Ecuador. ¡Cotiza ahora!,127,OK,1,1,0.75,false,"multiorganizador para cartera y maletín, multiorganizador para cartera y maletín personalizado, multiorganizador para cartera y maletín promocional, multiorganizador para cartera y maletín con logo, multiorganizador para cartera y maletín ecuador, multiorganizador para cartera y maletín corporativo, variedades, regalo corporativo ecuador, merchandising quito, productos promocionales guayaquil, ks promocionales, artículos publicitarios"
bolso-venecia-nacional-6221,Bolso Venecia Nacional,Maletines,Bolso Venecia Nacional Promocional | KS,39,OK,1,29,Bolso Venecia Nacional personalizado Ecuador. Alta calidad. Envíos rápidos. ¡Cotiza!,84,OK,1,5,1.00,false,
sporty-bag-molt-6246,Sporty Bag Molt,Deportes,Sporty Bag Molt Personalizada | Promocionales Ecuador,53,OK,1,21,Personaliza tu Sporty Bag Molt para marketing en Ecuador. Ideal para bienestar y marca. ¡Cotiza ya tu bolso deportivo!,118,OK,1,1,1.00,false,
agarradera-para-bolso-compacto-con-carabinero-3258,Agarradera Para Bolso Compacto Con Carabinero,Producción Nacional,Agarradera Para Bolso Compacto Con Carabinero | Ecuador,55,OK,1,52,Agarradera personalizada para bolso compacto con carabinero. Producto promocional ideal para empresas en Ecuador. ¡Cotiza ahora!,128,OK,1,1,1.00,false,"agarradera para bolso compacto con carabinero, agarradera para bolso compacto con carabinero personalizado, agarradera para bolso compacto con carabinero promocional, agarradera para bolso compacto con carabinero con logo, agarradera para bolso compacto con carabinero ecuador, agarradera para bolso compacto con carabinero corporativo, maletines, regalo corporativo ecuador, merchandising quito, productos promocionales guayaquil, ks promocionales, artículos publicitarios"
portapasaporte-security-7599,Portapasaporte Security,Maletines,Portapasaporte Security con Logo | KS Ecuador,45,OK,1,26,Portapasaporte Security con tu logo. Aumenta el reconocimiento de tu marca. ¡Pide cotización por WhatsApp!,106,OK,1,10,1.00,false,
cosmetiquera-travel-produccion-nacional-8720,Cosmetiquera Travel - Producción Nacional,Producción Nacional,Cosmetiquera Travel Personalizada | Regalos Corporativos Ecuador,64,OK,1,1,Eleva tu marca con cosmetiqueras travel personalizadas. Un regalo funcional y duradero para clientes en Ecuador. ¡Cotiza tu diseño hoy mismo!,141,OK,1,1,0.50,false,"cosmetiquera travel - producción nacional, cosmetiquera travel - producción nacional personalizado, cosmetiquera travel - producción nacional promocional, cosmetiquera travel - producción nacional con logo, cosmetiquera travel - producción nacional ecuador, cosmetiquera travel - producción nacional corporativo, variedades, regalo corporativo ecuador, merchandising quito, productos promocionales guayaquil, ks promocionales, artículos publicitarios"
maletin-trolley-bag-norris-oferta-6925,Maletin Trolley Bag Norris Oferta,Maletines,Maletín Trolley Bag Norris Personalizado Ecuador,48,OK,1,1,Maletín Trolley Bag Norris personalizado con tu logo. Ideal para ejecutivos en Ecuador. Cotiza tu oferta hoy mismo.,115,OK,1,1,0.75,false,"maletin trolley bag norris oferta, maletin trolley bag norris oferta personalizado, maletin trolley bag norris oferta promocional, maletin trolley bag norris oferta con logo, maletin trolley bag norris oferta ecuador, maletin trolley bag norris oferta corporativo, variedades, regalo corporativo ecuador, merchandising quito, productos promocionales guayaquil, ks promocionales, artículos publicitarios"
morral-backpack-elegant-10725,Morral Backpack Elegant,Precio Bomba,Morral Backpack Elegant Personalizado | Ecuador,47,OK,1,614,Morral Backpack Elegant personalizado para empresas. Elegante y práctico. Cotiza ahora en Ecuador. Perfectos para regalos corporativos.,135,OK,1,1,1.00,false,"morral backpack elegant, morral backpack elegant personalizado, morral backpack elegant promocional, morral backpack elegant con logo, morral backpack elegant ecuador, morral backpack elegant corporativo, maletines, regalo corporativo ecuador, merchandising quito, productos promocionales guayaquil, ks promocionales, artículos publicitarios"
maletin-trolley-florida-weekend-oferta-4888,Maletin Trolley Florida Weekend Oferta,Maletines,Maletin Trolley Florida Weekend Oferta Promocional | KS,55,OK,1,29,Maletin Trolley Florida Weekend Oferta con tu logo. Destaca en eventos. ¡Pide cotización por WhatsApp!,102,OK,1,5,1.00,false,
maletin-trolley-city-4886,Maletin Trolley City,Maletines,Maletín Trolley City Personalizado | Ecuador,44,OK,1,1,"Impulsa tu marca en Ecuador con el Maletín Trolley City personalizado. Ideal para ejecutivos, este maletín une estilo y funcionalidad. ¡Cotiza ahora!",149,OK,1,1,1.00,false,
morral-antirrobo-backpack-rpet-10010,Morral Antirrobo Backpack Rpet,Precio Bomba,Morral Antirrobo Backpack Rpet Personalizado | Ecuador,54,OK,1,614,Morral antirrobo fabricado en RPET personalizable para tu empresa. Cotiza tu pedido en Ecuador con diseño exclusivo.,116,OK,1,1,1.00,false,"morral antirrobo backpack rpet, morral antirrobo backpack rpet personalizado, morral antirrobo backpack rpet promocional, morral antirrobo backpack rpet con logo, morral antirrobo backpack rpet ecuador, morral antirrobo backpack rpet corporativo, maletines, regalo corporativo ecuador, merchandising quito, productos promocionales guayaquil, ks promocionales, artículos publicitarios"
sporty-bag-sencilla-ii-rpet-10686,Sporty Bag Sencilla ii Rpet,Maletines,Sporty Bag Sencilla ii Rpet Personalizado | Ecuador,51,OK,1,614,Personaliza tu Sporty Bag Sencilla ii Rpet. Fortalece tu marca en Ecuador. Cotiza hoy maletines promocionales para empresas.,124,OK,1,1,1.00,false,"sporty bag sencilla ii rpet, sporty bag sencilla ii rpet personalizado, sporty bag sencilla ii rpet promocional, sporty bag sencilla ii rpet con logo, sporty bag sencilla ii rpet ecuador, sporty bag sencilla ii rpet corporativo, variedades, regalo corporativo ecuador, merchandising quito, productos promocionales guayaquil, ks promocionales, artículos publicitarios"
bolsa-clear-anny-produccion-nacional-6465,Bolsa Clear Anny - Produccion Nacional,Deportes,Bolsa Clear Anny Personalizado | Ecuador,40,OK,1,1,Bolsa Clear Anny personalizada con tu logo. Ideal para eventos corporativos. Cotiza ahora en Ecuador con producción nacional de calidad.,136,OK,1,1,0.60,false,"bolsa clear anny - produccion nacional, bolsa clear anny - produccion nacional personalizado, bolsa clear anny - produccion nacional promocional, bolsa clear anny - produccion nacional con logo, bolsa clear anny - produccion nacional ecuador, bolsa clear anny - produccion nacional corporativo, maletines, regalo corporativo ecuador, merchandising quito, productos promocionales guayaquil, ks promocionales, artículos publicitarios"
sporty-bag-con-malla-2129,Sporty Bag Con Malla,Deportes,Sporty Bag Con Malla Personalizado | Ecuador,44,OK,1,614,Sporty Bag con Malla personalizada para tu marca. Ideal para gimnasio y deportes. Cotiza tu bolsa deportiva en Ecuador.,119,OK,1,1,1.00,false,"sporty bag con malla, sporty bag con malla personalizado, sporty bag con malla promocional, sporty bag con malla con logo, sporty bag con malla ecuador, sporty bag con malla corporativo, maletines, regalo corporativo ecuador, merchandising quito, productos promocionales guayaquil, ks promocionales, artículos publicitarios"
sporty-bag-sencilla-1552,Sporty Bag Sencilla,Deportes,Sporty Bag Sencilla Personalizado | Ecuador,43,OK,1,614,Bolsa deportiva personalizada para empresas. Ideal para regalos corporativos en Ecuador. Cotiza tu Sporty Bag Sencilla hoy mismo.,129,OK,1,1,1.00,false,"sporty bag sencilla, sporty bag sencilla personalizado, sporty bag sencilla promocional, sporty bag sencilla con logo, sporty bag sencilla ecuador, sporty bag sencilla corporativo, maletines, regalo corporativo ecuador, merchandising quito, productos promocionales guayaquil, ks promocionales, artículos publicitarios"
sporty-bag-aspen-7583,Sporty Bag Aspen,Deportes,Sporty Bag Aspen Personalizada | Ecuador,40,OK,1,82,Potencia tu marca con la Sporty Bag Aspen personalizada. Ideal para empresas en Ecuador. ¡Cotiza tu pedido hoy!,111,OK,1,1,1.00,false,
sporty-bag-whip-7571,Sporty Bag Whip,Deportes,Sporty Bag Whip Personalizado | Ecuador,39,OK,1,614,Sporty Bag Whip personalizado para tu marca. Bolso deportivo de calidad en Ecuador. Cotiza ahora y lleva tu identidad corporativa.,130,OK,1,1,1.00,false,"sporty bag whip, sporty bag whip personalizado, sporty bag whip promocional, sporty bag whip con logo, sporty bag whip ecuador, sporty bag whip corporativo, maletines, regalo corporativo ecuador, merchandising quito, productos promocionales guayaquil, ks promocionales, artículos publicitarios"
bolsa-en-cambrel-reflectiva-8199,Bolsa en Cambrel Reflectiva,Bicicleta,Bolsa Cambrel Reflectiva Personalizada | Ecuador,48,OK,1,1,Promociona tu marca con bolsas reflectivas personalizadas para ciclistas en Ecuador. ¡Cotiza ya tu obsequio de seguridad y visibilidad!,135,OK,1,1,1.00,false,
sporty-bag-champion-produccion-nacional-8283,Sporty Bag Champion - Produccion Nacional,Producción Nacional,Sporty Bag Champion Personalizado | Ecuador,43,OK,1,1,Sporty Bag Champion personalizado para empresas. Bolso deportivo de producción nacional. Cotiza tu pedido en Ecuador.,117,OK,1,1,0.50,false,"sporty bag champion - produccion nacional, sporty bag champion - produccion nacional personalizado, sporty bag champion - produccion nacional promocional, sporty bag champion - produccion nacional con logo, sporty bag champion - produccion nacional ecuador, sporty bag champion - produccion nacional corporativo, maletines, regalo corporativo ecuador, merchandising quito, productos promocionales guayaquil, ks promocionales, artículos publicitarios"
sporty-bag-spock-8404,Sporty Bag Spock,Deportes,Sporty Bag Spock Personalizada | Ecuador,40,OK,1,82,Sporty Bag Spock personalizada para empresas. Bolsa deportiva de calidad en Ecuador. Cotiza tu pedido ahora y promociona tu marca.,130,OK,1,1,1.00,false,"sporty bag spock, sporty bag spock personalizado, sporty bag spock promocional, sporty bag spock con logo, sporty bag spock ecuador, sporty bag spock corporativo, maletines, regalo corporativo ecuador, merchandising quito, productos promocionales guayaquil, ks promocionales, artículos publicitarios"
sporty-bag-eco-yute-280gr-9725,Sporty Bag Eco Yute (280gr),Deportes,Sporty Bag Eco Yute 280gr Personalizado | Ecuador,49,OK,1,1,Bolsa deportiva eco yute personalizable con logo empresarial. Ideal para regalos corporativos en Ecuador. Cotiza tu pedido hoy mismo.,133,OK,1,1,0.67,false,"sporty bag eco yute (280gr), sporty bag eco yute (280gr) personalizado, sporty bag eco yute (280gr) promocional, sporty bag eco yute (280gr) con logo, sporty bag eco yute (280gr) ecuador, sporty bag eco yute (280gr) corporativo, maletines, regalo corporativo ecuador, merchandising quito, productos promocionales guayaquil, ks promocionales, artículos publicitarios"
llavero-ml-401-10514,Llavero Ml-401,Master Line,Llavero Ml-401 Ecuador | KS Promocionales,41,OK,1,28,Llavero Ml-401 impresión de alta calidad. Ideal para empresas. Envíos en Ecuador. ¡Cotiza ya!,93,OK,1,6,1.00,false,
llavero-ml-402-10407,Llavero Ml-402,Master Line,Llavero Ml-402 Personalizado | Branding en Ecuador,50,OK,1,1,Maximiza tu marca con el llavero ML-402 personalizado. La herramienta de branding perfecta para Ecuador. ¡Cotiza el tuyo hoy!,125,OK,1,1,1.00,false,
llavero-ml-404-10950,Llavero Ml-404,Llaveros,Llavero Ml-404 con Logo | KS Ecuador,36,OK,1,26,Llavero Ml-404 personalizable a tu medida. Ideal para empresas. Envíos en Ecuador. ¡Cotiza ya!,94,OK,1,4,1.00,false,
llavero-ml-405-10951,Llavero Ml-405,Llaveros,Llavero Ml-405 Ecuador | KS Promocionales,41,OK,1,28,Llavero Ml-405 personalizado con logo en Ecuador. Diseño moderno. ¡Cotiza por WhatsApp!,87,OK,1,5,1.00,false,
llavero-ml-406-10952,Llavero Ml-406,Llaveros,Llavero Ml-406 Personalizado | Ecuador,38,OK,1,614,Diseña llaveros Ml-406 personalizados para tu marca. Un detalle útil que mantiene tu logo presente en Ecuador. ¡Cotiza hoy!,123,OK,1,1,1.00,false,
llavero-ml-407-10953,Llavero Ml-407,Llaveros,Llavero Ml-407 Ecuador | KS,27,OK,1,31,Compra Llavero Ml-407 promocional. Diseño moderno. Envíos en Ecuador. ¡Cotiza ahora!,84,OK,1,6,1.00,false,
llavero-ml-408-10954,Llavero Ml-408,Llaveros,Llavero Ml-408 Ecuador | KS,27,OK,1,31,Compra Llavero Ml-408 promocional. Acabado profesional. Envíos en Ecuador. ¡Cotiza ahora!,89,OK,1,4,1.00,false,
llavero-ml-409-10955,Llavero Ml-409,Llaveros,Llavero Ml-409 Ecuador | KS,27,OK,1,31,Llavero Ml-409 personalizado Ecuador. Materiales de primera. Envíos rápidos. ¡Cotiza!,85,OK,1,7,1.00,false,
llavero-ml-411-10957,Llavero Ml-411,Llaveros,Llavero Ml-411 Ecuador | KS Promocionales,41,OK,1,28,Llavero Ml-411 personalizado Ecuador. Materiales de primera. Envíos rápidos. ¡Cotiza!,85,OK,1,7,1.00,false,
llavero-ml-412-10958,Llavero Ml-412,Llaveros,Llavero Ml-412 Personalizado | KS Ecuador,41,OK,1,20,Llavero Ml-412 con tu logo. Fortalece tu imagen corporativa. ¡Pide cotización por WhatsApp!,91,OK,1,8,1.00,false,
llavero-ml-413-11037,Llavero Ml-413,Llaveros,Llavero Ml-413 Personalizado para Empresas en Ecuador,53,OK,1,6,Personaliza el llavero ML-413 con tu logo en Ecuador. Una herramienta estratégica para tu marca. ¡Cotiza ahora y deja una impresión duradera!,141,OK,1,1,1.00,false,
clip-portamensajes-car-4214,Clip Portamensajes Car,Precio Bomba,Clip Portamensajes Car Personalizado | Ecuador,46,OK,1,614,Personaliza tu Clip Portamensajes Car con tu logo. Refuerza tu marca en Ecuador. ¡Cotiza y destaca tu empresa ahora!,116,OK,1,1,1.00,false,"clip portamensajes car, clip portamensajes car personalizado, clip portamensajes car promocional, clip portamensajes car con logo, clip portamensajes car ecuador, clip portamensajes car corporativo, oficina, regalo corporativo ecuador, merchandising quito, productos promocionales guayaquil, ks promocionales, artículos publicitarios"
clip-portamensajes-house-oferta-4213,Clip Portamensajes House Oferta,Master Line,Clip Portamensajes House Oferta Personalizado | Ecuador,55,OK,1,614,Impulsa tu marca en Ecuador con el Clip Portamensajes House. Personaliza tu mensaje. ¡Cotiza ahora!,99,OK,1,1,1.00,false,"clip portamensajes house oferta, clip portamensajes house oferta personalizado, clip portamensajes house oferta promocional, clip portamensajes house oferta con logo, clip portamensajes house oferta ecuador, clip portamensajes house oferta corporativo, oficina, regalo corporativo ecuador, merchandising quito, productos promocionales guayaquil, ks promocionales, artículos publicitarios"
clip-portamensajes-mini-car-oferta-8037,Clip Portamensajes Mini Car - Oferta,Master Line,Clip Portamensajes Mini Car Personalizado Ecuador,49,OK,1,1,Clip Portamensajes Mini Car personalizado para tu marca. Ideal para empresas en Ecuador. Cotiza tu pedido ahora y promociona tu negocio.,136,OK,1,1,0.75,false,"clip portamensajes mini car - oferta, clip portamensajes mini car - oferta personalizado, clip portamensajes mini car - oferta promocional, clip portamensajes mini car - oferta con logo, clip portamensajes mini car - oferta ecuador, clip portamensajes mini car - oferta corporativo, oficina, regalo corporativo ecuador, merchandising quito, productos promocionales guayaquil, ks promocionales, artículos publicitarios"
portatarjetas-ml-275-oferta-4816,Portatarjetas Ml-275 - Oferta,Master Line,Portatarjetas Ml-275 Oferta Personalizado | Ecuador,51,OK,1,1,Portatarjetas ML-275 personalizable para tu marca. Eleva tu imagen profesional en Ecuador. ¡Cotiza hoy y destaca!,113,OK,1,1,1.00,false,
porta-tarjetas-ml-307-6131,Porta Tarjetas Ml-307,Precio Bomba,Porta Tarjetas ML-307 Personalizado | Ecuador,45,OK,1,614,Porta Tarjetas ML-307 personalizado para tu marca. Cotiza ahora en Ecuador. Accesorio corporativo de calidad con impresión profesional.,135,OK,1,1,1.00,false,"porta tarjetas ml-307, porta tarjetas ml-307 personalizado, porta tarjetas ml-307 promocional, porta tarjetas ml-307 con logo, porta tarjetas ml-307 ecuador, porta tarjetas ml-307 corporativo, master-line, regalo corporativo ecuador, merchandising quito, productos promocionales guayaquil, ks promocionales, artículos publicitarios"
portatarjetas-ml-182-3089,Portatarjetas Ml-182,Precio Bomba,Portatarjetas ML-182 Personalizado | Ecuador,44,OK,1,614,Portatarjetas ML-182 personalizado para empresas en Ecuador. Protege tus tarjetas de visita con estilo. ¡Cotiza ahora tu pedido!,128,OK,1,1,1.00,false,"portatarjetas ml-182, portatarjetas ml-182 personalizado, portatarjetas ml-182 promocional, portatarjetas ml-182 con logo, portatarjetas ml-182 ecuador, portatarjetas ml-182 corporativo, master-line, regalo corporativo ecuador, merchandising quito, productos promocionales guayaquil, ks promocionales, artículos publicitarios"
set-monarch-7443,Set Monarch,Master Line,Set Monarch Personalizado | Regalos Corporativos Ecuador,56,OK,1,30,"Descubre el Set Monarch, ideal para regalos corporativos personalizados en Ecuador. Una declaración de prestigio para fortalecer tus relaciones. ¡Cotiza hoy!",157,OK,1,1,1.00,false,
portatarjetas-ml-376-oferta-8610,Portatarjetas Ml-376 - Oferta,Master Line,Portatarjetas ML-376 Personalizado | Ecuador,44,OK,1,1,Portatarjetas ML-376 personalizado para empresas en Ecuador. Protege tus tarjetas de visita con estilo. ¡Cotiza ahora!,118,OK,1,1,0.67,false,"portatarjetas ml-376 - oferta, portatarjetas ml-376 - oferta personalizado, portatarjetas ml-376 - oferta promocional, portatarjetas ml-376 - oferta con logo, portatarjetas ml-376 - oferta ecuador, portatarjetas ml-376 - oferta corporativo, oficina, regalo corporativo ecuador, merchandising quito, productos promocionales guayaquil, ks promocionales, artículos publicitarios"
set-de-llavero-y-portatarjetas-ml-372-oferta-8606,Set de Llavero y Portatarjetas Ml-372 - Oferta,Master Line,Set Llavero y Portatarjetas Ml-372 Oferta | Ecuador,51,OK,1,1,Personaliza tu Set Llavero y Portatarjetas Ml-372. El regalo ideal para clientes en Ecuador. ¡Cotiza y destaca tu marca hoy!,124,OK,1,1,1.00,false,"set de llavero y portatarjetas ml-372 - oferta, set de llavero y portatarjetas ml-372 - oferta personalizado, set de llavero y portatarjetas ml-372 - oferta promocional, set de llavero y portatarjetas ml-372 - oferta con logo, set de llavero y portatarjetas ml-372 - oferta ecuador, set de llavero y portatarjetas ml-372 - oferta corporativo, oficina, regalo corporativo ecuador, merchandising quito, productos promocionales guayaquil, ks promocionales, artículos publicitarios"
set-ml-383-9191,Set Ml-383,Master Line,Set ML-383 Personalizado | Ecuador,34,OK,1,614,Set ML-383 personalizado para tu marca. Promocionales de calidad en Ecuador. Cotiza tu pedido hoy y destaca con regalos corporativos únicos.,140,OK,1,1,1.00,false,"set ml-383, set ml-383 personalizado, set ml-383 promocional, set ml-383 con logo, set ml-383 ecuador, set ml-383 corporativo, oficina, regalo corporativo ecuador, merchandising quito, productos promocionales guayaquil, ks promocionales, artículos publicitarios"
portatarjetas-ml-384-oferta-9192,Portatarjetas Ml-384 Oferta,Master Line,Portatarjetas ML-384 Personalizado | Ecuador,44,OK,1,1,Portatarjetas ML-384 personalizado para ejecutivos. Refleja profesionalismo en reuniones de negocios. Cotiza ahora en Ecuador.,126,OK,1,1,0.67,false,"portatarjetas ml-384 oferta, portatarjetas ml-384 oferta personalizado, portatarjetas ml-384 oferta promocional, portatarjetas ml-384 oferta con logo, portatarjetas ml-384 oferta ecuador, portatarjetas ml-384 oferta corporativo, oficina, regalo corporativo ecuador, merchandising quito, productos promocionales guayaquil, ks promocionales, artículos publicitarios"
memoria-usb-boligrafo-wood-precio-neto-10011,Memoria Usb Bolígrafo Wood Precio Neto,Artículos de Escritura,Memoria Usb Bolígrafo Wood Precio Neto | KS Ecuador,51,OK,1,18,Memoria Usb Bolígrafo Wood Precio Neto personalizado Ecuador. Calidad premium. Envíos rápidos. ¡Cotiza!,103,OK,1,10,1.00,false,
memoria-usb-credit-card-precio-neto-3301,Memoria Usb Credit Card Precio Neto,Memorias USB,Memoria USB Credit Card Personalizada | Ecuador,47,OK,1,1,Memorias USB Credit Card para tu marca en Ecuador. Personaliza con tu logo y mensaje. ¡Cotiza precios netos hoy mismo!,118,OK,1,1,0.60,false,"memoria usb credit card precio neto, memoria usb credit card precio neto personalizado, memoria usb credit card precio neto promocional, memoria usb credit card precio neto con logo, memoria usb credit card precio neto ecuador, memoria usb credit card precio neto corporativo, oficina, regalo corporativo ecuador, merchandising quito, productos promocionales guayaquil, ks promocionales, artículos publicitarios"
memoria-usb-manilla-slimmy-ver-chip-of-228-ch-precio-neto-7271,Memoria Usb Manilla Slimmy (ver Chip Of-228-ch) Precio Neto,Memorias USB,Memoria USB Manilla Slimmy Personalizada Ecuador,48,OK,1,1,Memoria USB Manilla Slimmy personalizada. Pulsera de datos para empresas en Ecuador. Cotiza tu promocional ahora.,113,OK,1,1,0.38,true,"memoria usb manilla slimmy (ver chip of-228-ch) precio neto, memoria usb manilla slimmy (ver chip of-228-ch) precio neto personalizado, memoria usb manilla slimmy (ver chip of-228-ch) precio neto promocional, memoria usb manilla slimmy (ver chip of-228-ch) precio neto con logo, memoria usb manilla slimmy (ver chip of-228-ch) precio neto ecuador, memoria usb manilla slimmy (ver chip of-228-ch) precio neto corporativo, oficina, regalo corporativo ecuador, merchandising quito, productos promocionales guayaquil, ks promocionales, artículos publicitarios"
memoria-usb-manilla-bandy-ii-precio-neto-7259,Memoria Usb Manilla Bandy ii Precio Neto,Memorias USB,Memoria USB Manilla Bandy II Personalizada | Ecuador,52,OK,1,1,Personaliza tu Memoria USB Manilla Bandy II. Soluciona tus necesidades promocionales en Ecuador con estilo y funcionalidad. ¡Cotiza hoy!,136,OK,1,1,0.60,false,"memoria usb manilla bandy ii precio neto, memoria usb manilla bandy ii precio neto personalizado, memoria usb manilla bandy ii precio neto promocional, memoria usb manilla bandy ii precio neto con logo, memoria usb manilla bandy ii precio neto ecuador, memoria usb manilla bandy ii precio neto corporativo, oficina, regalo corporativo ecuador, merchandising quito, productos promocionales guayaquil, ks promocionales, artículos publicitarios"
pvc-memoria-usb-medic-3d-ver-of-228-ch-precio-neto-8802,Pvc Memoria Usb Medic 3d - Ver Of-228-ch Precio Neto,Memorias USB,Memoria USB Medic 3D Personalizada | Ecuador,44,OK,1,1,Memoria USB 3D con diseño médico personalizado. Ideal para profesionales de salud. Cotiza ahora en Ecuador con KS Promocionales.,128,OK,1,1,0.40,true,"pvc memoria usb medic 3d - ver of-228-ch precio neto, pvc memoria usb medic 3d - ver of-228-ch precio neto personalizado, pvc memoria usb medic 3d - ver of-228-ch precio neto promocional, pvc memoria usb medic 3d - ver of-228-ch precio neto con logo, pvc memoria usb medic 3d - ver of-228-ch precio neto ecuador, pvc memoria usb medic 3d - ver of-228-ch precio neto corporativo, oficina, regalo corporativo ecuador, merchandising quito, productos promocionales guayaquil, ks promocionales, artículos publicitarios"
pvc-memoria-usb-soccer-ver-of-228-ch-oferta-9929,Pvc Memoria Usb Soccer (ver Of-228-ch) Oferta,Memorias USB,Memoria USB Soccer Personalizada | Ecuador,42,OK,1,1,Memoria USB PVC Soccer personalizada para empresas. Distribuye contenido digital con estilo. Cotiza tu pedido en Ecuador.,121,OK,1,1,0.40,true,"pvc memoria usb soccer (ver of-228-ch) oferta, pvc memoria usb soccer (ver of-228-ch) oferta personalizado, pvc memoria usb soccer (ver of-228-ch) oferta promocional, pvc memoria usb soccer (ver of-228-ch) oferta con logo, pvc memoria usb soccer (ver of-228-ch) oferta ecuador, pvc memoria usb soccer (ver of-228-ch) oferta corporativo, oficina, regalo corporativo ecuador, merchandising quito, productos promocionales guayaquil, ks promocionales, artículos publicitarios"
memoria-usb-credit-card-eco-precio-neto-oferta-10012,Memoria Usb Credit Card Eco Precio Neto - Oferta,EcoNature,Memoria USB Credit Card Eco | Ecuador,37,OK,1,1,Memoria USB Credit Card Eco personalizada para empresas. Diseño ecológico tipo tarjeta de crédito. Cotiza ahora en Ecuador.,123,OK,1,1,0.50,false,"memoria usb credit card eco precio neto - oferta, memoria usb credit card eco precio neto - oferta personalizado, memoria usb credit card eco precio neto - oferta promocional, memoria usb credit card eco precio neto - oferta con logo, memoria usb credit card eco precio neto - oferta ecuador, memoria usb credit card eco precio neto - oferta corporativo, oficina, regalo corporativo ecuador, merchandising quito, productos promocionales guayaquil, ks promocionales, artículos publicitarios"
botilito-metalico-sublimacion-sport-bottle-500ml-10667,Botilito Metálico Sublimación Sport Bottle 500ml,Tomatodos y Botilitos Personalizados,Botilito Metalico Personalizado 500ml Ecuador | Sublimacion,59,OK,1,1,"Botilito personalizado sublimacion 500ml para tu marca. Regalos corporativos duraderos, envios a todo Ecuador. Diseño full color sin costo extra.",145,OK,1,1,0.67,false,"botilito metálico sublimación sport bottle 500ml, botilito metálico sublimación sport bottle 500ml personalizado, botilito metálico sublimación sport bottle 500ml promocional, botilito metálico sublimación sport bottle 500ml con logo, botilito metálico sublimación sport bottle 500ml ecuador, botilito metálico sublimación sport bottle 500ml corporativo, mugs, regalo corporativo ecuador, merchandising quito, productos promocionales guayaquil, ks promocionales, artículos publicitarios"
botilito-plastico-counter-650ml-9775,Botilito Plástico Counter 650ml,Tomatodos y Botilitos Personalizados,Botilito Plastico Counter 650ml Personalizado Ecuador,53,OK,1,59,Botilito Counter 650ml con logo personalizado. Merchandising promocional resistente para empresas. Impresion de calidad en Ecuador.,131,OK,1,1,1.00,false,"botilito plástico counter 650ml, botilito plástico counter 650ml personalizado, botilito plástico counter 650ml promocional, botilito plástico counter 650ml con logo, botilito plástico counter 650ml ecuador, botilito plástico counter 650ml corporativo, mugs, regalo corporativo ecuador, merchandising quito, productos promocionales guayaquil, ks promocionales, artículos publicitarios"
botilito-metalico-para-sublimacion-gipsy-700ml-10684,Botilito Metálico Para Sublimación Gipsy 700ml,Tomatodos y Botilitos Personalizados,Botilito Metalico 700ml Personalizado con Logo Ecuador,54,OK,1,1,Botilito metalico de 700ml para sublimacion con logo. Merchandising promocional resistente para empresas Ecuador. Cotiza ahora,126,OK,1,1,0.50,false,"botilito metálico para sublimación gipsy 700ml, botilito metálico para sublimación gipsy 700ml personalizado, botilito metálico para sublimación gipsy 700ml promocional, botilito metálico para sublimación gipsy 700ml con logo, botilito metálico para sublimación gipsy 700ml ecuador, botilito metálico para sublimación gipsy 700ml corporativo, mugs, regalo corporativo ecuador, merchandising quito, productos promocionales guayaquil, ks promocionales, artículos publicitarios"
mezclador-en-acero-inoxidable-6701,Mezclador en Acero Inoxidable,Mugs y Termos,Mezclador en Acero Inoxidable Ecuador | KS Promocionales,56,OK,1,28,Mezclador en Acero Inoxidable personalizado Ecuador. Calidad premium. Envíos rápidos. ¡Cotiza!,94,OK,1,10,1.00,false,
botilito-sport-laguna-800ml-4440,Botilito Sport Laguna - 800ml,Tomatodos y Botilitos Personalizados,Botilito Sport Laguna 800ml Personalizado con Logo Ecuador,58,OK,1,1,Botilito Sport 800ml personalizado con tu logo. Articulo promocional resistente para empresas ecuatorianas. Entrega rapida.,123,OK,1,1,1.00,false,"botilito sport laguna - 800ml, botilito sport laguna - 800ml personalizado, botilito sport laguna - 800ml promocional, botilito sport laguna - 800ml con logo, botilito sport laguna - 800ml ecuador, botilito sport laguna - 800ml corporativo, mugs, regalo corporativo ecuador, merchandising quito, productos promocionales guayaquil, ks promocionales, artículos publicitarios"
botilito-en-pvc-curvy-525ml-produccion-nacional-6322,Botilito en Pvc Curvy 525ml - Producción Nacional,Tomatodos y Botilitos Personalizados,Botilito PVC Curvy 525ml Personalizado - Ecuador,48,OK,1,1,Botilito 525ml en PVC con grabado de logo. Produccion nacional. Ideal para promociones empresariales en Quito y Guayaquil. Obsequios corporativos personalizados.,161,OK,1,1,0.60,false,
botilito-sport-titan-650-ml-produccion-nacional-4439,Botilito Sport Titán - 650 ml - Produccion Nacional,Tomatodos y Botilitos Personalizados,Botilito Sport Titan 650ml Personalizado | Regalos Corporativos Ecuador,71,TOO_LONG_TRUNCATION_RISK,1,1,"Botilito deportivo 650ml personalizado con tu logo. Produccion nacional, ideal para regalos corporativos en Ecuador. Hidratacion premium para empresas.",151,OK,1,1,0.60,false,
botilito-pvc-mercury-850ml-precio-bomba-3742,Botilito Pvc Mercury - 850ml - Precio Bomba,Tomatodos y Botilitos Personalizados,Botilito PVC Mercury 850ml Personalizado con Laser Ecuador,58,OK,1,1,Botilito PVC Mercury 850ml con grabado laser personalizado. Promociona tu marca en Ecuador con un producto resistente y funcional para campanas corporativas.,157,OK,1,1,0.60,false,
botilito-mini-spring-550ml-5159,Botilito Mini Spring 550ml,Tomatodos y Botilitos Personalizados,Botilito Mini Spring 550ml Personalizado | Ecuador,50,OK,1,614,Botilito 550ml personalizado con tu logo. Solucion promocional para empresas ecuatorianas. Hidratacion y branding en un producto.,129,OK,1,1,1.00,false,
botilito-urban-700ml-produccion-nacional-4080,Botilito Urban 700ml - Produccion Nacional,Tomatodos y Botilitos Personalizados,Botilito Urban 700ml Personalizado | Regalos Promocionales Ecuador,66,TOO_LONG_TRUNCATION_RISK,1,1,Botilito Urban 700ml fabricado en Ecuador. Personaliza con tu logo corporativo. Ideal para regalos empresariales y promociones en Ecuador,137,OK,1,1,0.60,false,"botilito urban 700ml - produccion nacional, botilito urban 700ml - produccion nacional personalizado, botilito urban 700ml - produccion nacional promocional, botilito urban 700ml - produccion nacional con logo, botilito urban 700ml - produccion nacional ecuador, botilito urban 700ml - produccion nacional corporativo, mugs, regalo corporativo ecuador, merchandising quito, productos promocionales guayaquil, ks promocionales, artículos publicitarios"
botilito-igloo-500ml-produccion-nacional-ver-tapa-energy-2375,Botilito Igloo 500ml - Produccion Nacional (ver Tapa Energy),Tomatodos y Botilitos Personalizados,Botilito Igloo 500ml Personalizado con Logo - Tienda Ecuador,60,OK,1,1,"Botilito Igloo 500ml con logo personalizado, produccion nacional ecuatoriana. Regalo corporativo ideal para ferias y eventos empresariales.",139,OK,1,1,0.38,true,"botilito igloo 500ml - produccion nacional (ver tapa energy), botilito igloo 500ml - produccion nacional (ver tapa energy) personalizado, botilito igloo 500ml - produccion nacional (ver tapa energy) promocional, botilito igloo 500ml - produccion nacional (ver tapa energy) con logo, botilito igloo 500ml - produccion nacional (ver tapa energy) ecuador, botilito igloo 500ml - produccion nacional (ver tapa energy) corporativo, mugs, regalo corporativo ecuador, merchandising quito, productos promocionales guayaquil, ks promocionales, artículos publicitarios"
botilito-metalico-sport-bottle-500ml-4433,Botilito Metálico Sport Bottle - 500ml,Tomatodos y Botilitos Personalizados,Botilito Metalico Personalizado 500ml Ecuador,45,OK,1,1,Botilito sport metalico con tu logo grabado. Regalo corporativo personalizado para empresas en Ecuador. Resistente y duradero.,126,OK,1,1,0.60,false,"botilito metálico sport bottle - 500ml, botilito metálico sport bottle - 500ml personalizado, botilito metálico sport bottle - 500ml promocional, botilito metálico sport bottle - 500ml con logo, botilito metálico sport bottle - 500ml ecuador, botilito metálico sport bottle - 500ml corporativo, mugs, regalo corporativo ecuador, merchandising quito, productos promocionales guayaquil, ks promocionales, artículos publicitarios"
botilito-metalico-otto-600-ml-8530,Botilito Metálico Otto 600 ml,Tomatodos y Botilitos Personalizados,Botilito Metalico Otto 600ml Personalizado con Logo Ecuador,59,OK,1,1,Botilito metalico Otto 600ml personalizado con impresion de logo. Promocional duradero para empresas ecuatorianas en eventos y campanas comerciales.,148,OK,1,1,1.00,false,"botilito metálico otto 600 ml, botilito metálico otto 600 ml personalizado, botilito metálico otto 600 ml promocional, botilito metálico otto 600 ml con logo, botilito metálico otto 600 ml ecuador, botilito metálico otto 600 ml corporativo, mugs, regalo corporativo ecuador, merchandising quito, productos promocionales guayaquil, ks promocionales, artículos publicitarios"
botilito-metalico-jupiter-500-ml-8514,Botilito Metálico Jupiter 500 ml,Tomatodos y Botilitos Personalizados,Botilito Metalico Jupiter 500ml Personalizado Ecuador,53,OK,1,1,"Botilito metalico Jupiter de 500ml con grabado de logo. Obsequio corporativo personalizado para empresas en Quito, Guayaquil y todo Ecuador.",140,OK,1,1,1.00,false,
botilito-metalico-wolfgang-500-ml-8531,Botilito Metálico Wolfgang 500 ml,Tomatodos y Botilitos Personalizados,Botilito Metalico Wolfgang 500ml Personalizado Ecuador | KS,59,OK,1,1,Botilito metalico Wolfgang personalizable con logo empresarial. Ideal para corporativos en Ecuador. Hidratacion + branding en un producto 500ml de calidad.,155,OK,1,1,1.00,false,
botilito-en-aluminio-parsons-700ml-8758,Botilito en Aluminio Parsons 700ml,Tomatodos y Botilitos Personalizados,Botilito Aluminio Personalizado 700ml Ecuador KS,48,OK,1,1,"Botilito aluminio 700ml con logo personalizado para empresas ecuatorianas. Imprime tu marca y destaca en eventos, ferias y campanas comerciales.",144,OK,1,1,0.75,false,"botilito en aluminio parsons 700ml, botilito en aluminio parsons 700ml personalizado, botilito en aluminio parsons 700ml promocional, botilito en aluminio parsons 700ml con logo, botilito en aluminio parsons 700ml ecuador, botilito en aluminio parsons 700ml corporativo, mugs, regalo corporativo ecuador, merchandising quito, productos promocionales guayaquil, ks promocionales, artículos publicitarios"
botilito-metalico-wood-700ml-9016,Botilito Metalico Wood 700ml,Tomatodos y Botilitos Personalizados,Botilito Metalico Wood 700ml Personalizado | KS Ecuador,55,OK,1,20,Botilito metalico de 700ml con logo personalizado para empresas. Merchandising corporativo resistente. Compra en Ecuador con impresion incluida.,144,OK,1,1,1.00,false,"botilito metalico wood 700ml, botilito metalico wood 700ml personalizado, botilito metalico wood 700ml promocional, botilito metalico wood 700ml con logo, botilito metalico wood 700ml ecuador, botilito metalico wood 700ml corporativo, mugs, regalo corporativo ecuador, merchandising quito, productos promocionales guayaquil, ks promocionales, artículos publicitarios"
botilito-metalico-barry-600ml-9017,Botilito Metalico Barry 600ml - Precio Bomba,Tomatodos y Botilitos Personalizados,Botilito Metalico Barry 600ml Personalizado | Ecuador,53,OK,1,1,Botilito metalico 600ml personalizable con tu logo. Ideal para promociones y regalos corporativos en Ecuador. Envios rapidos.,125,OK,1,1,0.67,false,
botilito-metalico-jumbo-750ml-9396,Botilito Metalico Jumbo 750ml,Tomatodos y Botilitos Personalizados,Botilito Metalico Jumbo 750ml Personalizado | KS Promocionales Ecuador,70,TOO_LONG_TRUNCATION_RISK,1,4,Botilito metalico jumbo 750ml con personalizacion de logo. Promocionales durables para empresas Ecuador. Impacto duradero en tus clientes.,138,OK,1,1,1.00,false,"botilito metalico jumbo 750ml, botilito metalico jumbo 750ml personalizado, botilito metalico jumbo 750ml promocional, botilito metalico jumbo 750ml con logo, botilito metalico jumbo 750ml ecuador, botilito metalico jumbo 750ml corporativo, mugs, regalo corporativo ecuador, merchandising quito, productos promocionales guayaquil, ks promocionales, artículos publicitarios"
botilito-metalico-hans-600ml-9437,Botilito Metalico Hans 600ml,Tomatodos y Botilitos Personalizados,Botilito Metalico Hans 600ml Personalizado Ecuador,50,OK,1,59,"Botilito metalico Hans personalizado con tu logo. 600ml de capacidad, material premium para regalos corporativos y merchandising en Ecuador.",140,OK,1,1,1.00,false,
botilito-metalico-vortex-600ml-9550,Botilito Metalico Vortex 600ml,Tomatodos y Botilitos Personalizados,Botilito Metalico Vortex 600ml Personalizado | Ecuador,54,OK,1,614,Botilito metalico Vortex 600ml con impresion de logo personalizado. Merchandising corporativo resistente para empresas en Ecuador.,130,OK,1,1,1.00,false,"botilito metalico vortex 600ml, botilito metalico vortex 600ml personalizado, botilito metalico vortex 600ml promocional, botilito metalico vortex 600ml con logo, botilito metalico vortex 600ml ecuador, botilito metalico vortex 600ml corporativo, mugs, regalo corporativo ecuador, merchandising quito, productos promocionales guayaquil, ks promocionales, artículos publicitarios"
botilito-supra-en-pet-610ml-produccion-nacional-6706,Botilito Supra en Pet 610ml - Produccion Nacional,Tomatodos y Botilitos Personalizados,Botilito Supra 610ml Personalizado - Regalos Corporativos Ecuador,65,OK,1,1,Botilito Supra 610ml en PET con personalizacion de logo. Aislamiento termico ideal para bebidas. Perfecto para regalos corporativos y promocionales en Ecuador.,159,OK,1,1,0.60,false,
botilito-en-pvc-helice-650ml-produccion-nacional-5741,Botilito en Pvc Hélice 650ml - Producción Nacional,Tomatodos y Botilitos Personalizados,Botilito PVC Helice 650ml Personalizado Ecuador,47,OK,1,1,Botilito en PVC 650ml con tapa helice personalizable. Produccion nacional ecuatoriana para regalos corporativos de alta calidad con logo.,137,OK,1,1,0.60,false,
botilito-spider-pvc-650-ml-produccion-nacional-5486,Botilito Spider Pvc 650 ml - Produccion Nacional,Tomatodos y Botilitos Personalizados,Botilito Spider PVC 650ml Personalizado Produccion Ecuador,58,OK,1,1,Botilito Spider PVC 650ml con personalizacion de logo. Fabricado en Ecuador. Obsequio corporativo resistente y funcional para empresas.,135,OK,1,1,0.75,false,
botilito-en-pvc-curvy-500ml-produccion-nacional-6322,Botilito en Pvc Curvy 500ml - Producción Nacional,Tomatodos y Botilitos Personalizados,Botilito PVC Curvy 500ml Personalizado | Ecuador,48,OK,1,1,Botilito 500ml con logo personalizado. Produccion ecuatoriana de calidad. Perfecto para promociones y regalos corporativos con impresion duradera.,146,OK,1,1,0.60,false,"botilito en pvc curvy 500ml - producción nacional, botilito en pvc curvy 500ml - producción nacional personalizado, botilito en pvc curvy 500ml - producción nacional promocional, botilito en pvc curvy 500ml - producción nacional con logo, botilito en pvc curvy 500ml - producción nacional ecuador, botilito en pvc curvy 500ml - producción nacional corporativo, mugs, regalo corporativo ecuador, merchandising quito, productos promocionales guayaquil, ks promocionales, artículos publicitarios"
botilito-sport-titan-690-ml-produccion-nacional-4439,Botilito Sport Titán - 690 ml - Produccion Nacional,Tomatodos y Botilitos Personalizados,Botilito Sport Titan 690ml Personalizado | Produccion Ecuador,61,OK,1,1,Botilito Sport Titan de 690ml fabricado en Ecuador. Personaliza con tu logo. Regalo corporativo para ferias y eventos empresariales. Produccion nacional.,153,OK,1,1,0.80,false,"botilito sport titán - 690 ml - produccion nacional, botilito sport titán - 690 ml - produccion nacional personalizado, botilito sport titán - 690 ml - produccion nacional promocional, botilito sport titán - 690 ml - produccion nacional con logo, botilito sport titán - 690 ml - produccion nacional ecuador, botilito sport titán - 690 ml - produccion nacional corporativo, mugs, regalo corporativo ecuador, merchandising quito, productos promocionales guayaquil, ks promocionales, artículos publicitarios"
botilito-pvc-mercury-850ml-3742,Botilito Pvc Mercury - 850ml,Tomatodos y Botilitos Personalizados,Botilito PVC Mercury 850ml Personalizado | Ecuador,50,OK,1,1,Botilito PVC Mercury 850ml con impresion de logo. Merchandising corporativo personalizado para empresas y eventos en Ecuador.,125,OK,1,1,1.00,false,"botilito pvc mercury - 850ml, botilito pvc mercury - 850ml personalizado, botilito pvc mercury - 850ml promocional, botilito pvc mercury - 850ml con logo, botilito pvc mercury - 850ml ecuador, botilito pvc mercury - 850ml corporativo, mugs, regalo corporativo ecuador, merchandising quito, productos promocionales guayaquil, ks promocionales, artículos publicitarios"
botilito-saturno-pvc-900ml-produccion-nacional-ver-mu-35-tapa-pesta-6705,Botilito Saturno Pvc 900ml - Produccion Nacional (ver Mu-35 - Tapa Pesta),Tomatodos y Botilitos Personalizados,Botilito Saturno 900ml Personalizado con Logo - Ecuador,55,OK,1,1,Botilito Saturno 900ml produccion nacional ecuatoriana. Personaliza con tu logo. Articulo promocional resistente para empresas.,127,OK,1,1,0.33,true,"botilito saturno pvc 900ml - produccion nacional (ver mu-35 - tapa pesta), botilito saturno pvc 900ml - produccion nacional (ver mu-35 - tapa pesta) personalizado, botilito saturno pvc 900ml - produccion nacional (ver mu-35 - tapa pesta) promocional, botilito saturno pvc 900ml - produccion nacional (ver mu-35 - tapa pesta) con logo, botilito saturno pvc 900ml - produccion nacional (ver mu-35 - tapa pesta) ecuador, botilito saturno pvc 900ml - produccion nacional (ver mu-35 - tapa pesta) corporativo, mugs, regalo corporativo ecuador, merchandising quito, productos promocionales guayaquil, ks promocionales, artículos publicitarios"
mini-botilito-ergo-400ml-produccion-nacional-5484,Mini Botilito Ergo 400ml - Producción Nacional,Tomatodos y Botilitos Personalizados,Mini Botilito Ergo 400ml Personalizado - Promocionales Ecuador,62,OK,1,1,"Botilito ergonomico 400ml personalizable con logo. Fabricado en Ecuador para empresas. Ideal para promociones, regalos corporativos y campanas de branding.",155,OK,1,1,0.67,false,"mini botilito ergo 400ml - producción nacional, mini botilito ergo 400ml - producción nacional personalizado, mini botilito ergo 400ml - producción nacional promocional, mini botilito ergo 400ml - producción nacional con logo, mini botilito ergo 400ml - producción nacional ecuador, mini botilito ergo 400ml - producción nacional corporativo, mugs, regalo corporativo ecuador, merchandising quito, productos promocionales guayaquil, ks promocionales, artículos publicitarios"
botilito-carabinero-pvc-690ml-produccion-nacional-5820,Botilito Carabinero Pvc 690ml-producción Nacional,Tomatodos y Botilitos Personalizados,Botilito Carabinero 690ml Personalizado Ecuador | KS,52,OK,1,1,Botilito PVC 690ml personalizado con tu logo. Produccion nacional. Regalo corporativo para empresas en Ecuador. Compra directa a fabricante.,140,OK,1,1,0.50,false,"botilito carabinero pvc 690ml-producción nacional, botilito carabinero pvc 690ml-producción nacional personalizado, botilito carabinero pvc 690ml-producción nacional promocional, botilito carabinero pvc 690ml-producción nacional con logo, botilito carabinero pvc 690ml-producción nacional ecuador, botilito carabinero pvc 690ml-producción nacional corporativo, mugs, regalo corporativo ecuador, merchandising quito, productos promocionales guayaquil, ks promocionales, artículos publicitarios"
botilito-mini-spring-590ml-tapa-importada-o-nacional-5159,Botilito Mini Spring 590ml (tapa Importada o Nacional),Tomatodos y Botilitos Personalizados,Botilito Mini Spring 590ml Personalizado | Regalos Ecuador,58,OK,1,1,Botilito Mini Spring 590ml con tu logo impreso. Regalo corporativo personalizado para empresas en Ecuador. Tapa importada o nacional.,133,OK,1,1,0.57,false,"botilito mini spring 590ml (tapa importada o nacional), botilito mini spring 590ml (tapa importada o nacional) personalizado, botilito mini spring 590ml (tapa importada o nacional) promocional, botilito mini spring 590ml (tapa importada o nacional) con logo, botilito mini spring 590ml (tapa importada o nacional) ecuador, botilito mini spring 590ml (tapa importada o nacional) corporativo, mugs, regalo corporativo ecuador, merchandising quito, productos promocionales guayaquil, ks promocionales, artículos publicitarios"
botilito-en-tritan-bugsy-630ml-6815,Botilito en Tritan Bugsy 630ml,Tomatodos y Botilitos Personalizados,Botilito Tritan 630ml Personalizado | Marca tu Logo Ecuador,59,OK,1,1,Botilito Tritan Bugsy 630ml con tu logo impreso. Regalo corporativo personalizado para empresas en Ecuador. Hidratacion con branding.,133,OK,1,1,0.75,false,"botilito en tritan bugsy 630ml, botilito en tritan bugsy 630ml personalizado, botilito en tritan bugsy 630ml promocional, botilito en tritan bugsy 630ml con logo, botilito en tritan bugsy 630ml ecuador, botilito en tritan bugsy 630ml corporativo, mugs, regalo corporativo ecuador, merchandising quito, productos promocionales guayaquil, ks promocionales, artículos publicitarios"
botilito-infussion-800ml-5762,Botilito Infussion 800ml,Tomatodos y Botilitos Personalizados,Botilito Infussion 800ml Personalizado Quito Ecuador,52,OK,1,1,Botilito Infussion 800ml con logo personalizado. Regalo corporativo impactante para ferias y eventos. Hidratacion premium con marca impresa.,140,OK,1,1,1.00,false,"botilito infussion 800ml, botilito infussion 800ml personalizado, botilito infussion 800ml promocional, botilito infussion 800ml con logo, botilito infussion 800ml ecuador, botilito infussion 800ml corporativo, mugs, regalo corporativo ecuador, merchandising quito, productos promocionales guayaquil, ks promocionales, artículos publicitarios"
botilito-en-tritan-swat-600ml-oferta-9559,Botilito en Tritan Swat 600ml - Oferta,Tomatodos y Botilitos Personalizados,Botilito Tritan Swat 600ml Personalizado Ecuador,48,OK,1,1,Botellas de agua personalizadas Tritan 600ml con logo. Articulos promocionales corporativos para empresas ecuatorianas. Compra mayorista aqui.,142,OK,1,1,0.80,false,"botilito en tritan swat 600ml - oferta, botilito en tritan swat 600ml - oferta personalizado, botilito en tritan swat 600ml - oferta promocional, botilito en tritan swat 600ml - oferta con logo, botilito en tritan swat 600ml - oferta ecuador, botilito en tritan swat 600ml - oferta corporativo, mugs, regalo corporativo ecuador, merchandising quito, productos promocionales guayaquil, ks promocionales, artículos publicitarios"
agarradera-en-polietileno-nuevo-13405,Agarradera en Polietileno Nuevo,Mugs y Termos,Agarradera en Polietileno Nuevo Ecuador | KS Promocionales,58,OK,1,28,Compra Agarradera en Polietileno Nuevo promocional. Materiales de primera. Envíos en Ecuador. ¡Cotiza ahora!,108,OK,1,6,1.00,false,
mug-ceramica-neon-11oz-oferta-6821,Mug Ceramica Neon 11oz - Oferta,Mugs y Termos,Mug Ceramica Neon 11oz - Oferta Personalizado | Ecuador,55,OK,1,614,Personaliza tu Mug Cerámica Neón 11oz y destaca tu marca en Ecuador. Un regalo promocional único. ¡Cotiza ahora!,112,OK,1,1,1.00,false,
mug-oxford-ceramica-11oz-3505,Mug Oxford Cerámica 11oz,Mugs y Termos,Mug Oxford Cerámica 11oz Personalizado | Ecuador,48,OK,1,614,Personaliza tu Mug Oxford Cerámica 11oz para tu empresa en Ecuador. Refuerza tu marca con este artículo promocional de calidad. ¡Cotiza ahora!,142,OK,1,1,1.00,false,"mug oxford cerámica 11oz, mug oxford cerámica 11oz personalizado, mug oxford cerámica 11oz promocional, mug oxford cerámica 11oz con logo, mug oxford cerámica 11oz ecuador, mug oxford cerámica 11oz corporativo, hogar, regalo corporativo ecuador, merchandising quito, productos promocionales guayaquil, ks promocionales, artículos publicitarios"
mug-ceramica-cuadrado-10-oz-1591,Mug Cerámica Cuadrado 10 oz,Mugs y Termos,Mug Cerámica Cuadrado 10 oz Personalizado Ecuador,49,OK,1,59,Mug cerámica cuadrado 10 oz personalizado con tu logo. Ideal para empresas en Ecuador. Cotiza ahora tus mugs promocionales.,123,OK,1,1,1.00,false,"mug cerámica cuadrado 10 oz, mug cerámica cuadrado 10 oz personalizado, mug cerámica cuadrado 10 oz promocional, mug cerámica cuadrado 10 oz con logo, mug cerámica cuadrado 10 oz ecuador, mug cerámica cuadrado 10 oz corporativo, hogar, regalo corporativo ecuador, merchandising quito, productos promocionales guayaquil, ks promocionales, artículos publicitarios"
mug-ceramica-tablero-11oz-con-tiza-4059,Mug Cerámica Tablero 11oz Con Tiza - Precio Bomba,Precio Bomba,Mug Cerámica Tablero 11oz Con Tiza - Precio Bomba | Ecuador,59,OK,1,52,Personaliza este Mug Cerámica Tablero 11oz con tiza para tus clientes o empleados en Ecuador. Cotiza hoy tu diseño exclusivo.,125,OK,1,1,1.00,false,
mug-ceramica-para-sublimacion-i-11oz-4065,Mug Cerámica Para Sublimación i 11oz,Mugs y Termos,Mug Cerámica 11oz Personalizado para Sublimación | Ecuador,58,OK,1,1,Impacta con mugs de cerámica sublimados. Personaliza con tu logo para promociones en Ecuador. ¡Cotiza ahora tus mugs publicitarios!,131,OK,1,1,1.00,false,
mug-ceramica-sublimacion-magic-color-11oz-4064,Mug Cerámica Sublimación Magic Color 11oz,Mugs y Termos,Mug Cerámica Magic Color 11oz Personalizado | Ecuador,53,OK,1,1,Descubre el Mug Magic Color 11oz en Ecuador. Personaliza con tu marca y sorprende. Solicita tu cotización hoy mismo.,116,OK,1,1,0.80,false,
mug-ceramica-con-cuchara-trump-10oz-6822,Mug Cerámica Con Cuchara Trump 10oz,Mugs y Termos,Mug Cerámica Trump 10oz Personalizado | Ecuador,47,OK,1,1,Impacta con mugs personalizados en Ecuador. Fortalece tu marca con diseños únicos y funcionales. ¡Cotiza tu pedido hoy mismo!,125,OK,1,1,0.75,false,
mug-firenze-ceramica-neon-10oz-oferta-2831,Mug Firenze Cerámica Neón 10oz Oferta,Mugs y Termos,Mug Firenze Cerámica Neón 10oz Personalizado Ecuador,52,OK,1,1,Mug Firenze Cerámica Neón 10oz personalizado para tu marca. Cotiza en Ecuador. Ideal para branding corporativo. ¡Solicita tu oferta hoy!,136,OK,1,1,0.80,false,"mug firenze cerámica neón 10oz oferta, mug firenze cerámica neón 10oz oferta personalizado, mug firenze cerámica neón 10oz oferta promocional, mug firenze cerámica neón 10oz oferta con logo, mug firenze cerámica neón 10oz oferta ecuador, mug firenze cerámica neón 10oz oferta corporativo, hogar, regalo corporativo ecuador, merchandising quito, productos promocionales guayaquil, ks promocionales, artículos publicitarios"
mug-ceramica-con-corcho-11-oz-7453,Mug Ceramica Con Corcho 11 oz,Mugs y Termos,Mug Cerámica con Corcho 11 oz Personalizado | Ecuador,53,OK,1,1,Personaliza tu Mug Cerámica con Corcho de 11 oz. Fortalece tu marca en Ecuador. ¡Cotiza ahora y fideliza clientes con regalos únicos!,133,OK,1,1,1.00,false,"mug ceramica con corcho 11 oz, mug ceramica con corcho 11 oz personalizado, mug ceramica con corcho 11 oz promocional, mug ceramica con corcho 11 oz con logo, mug ceramica con corcho 11 oz ecuador, mug ceramica con corcho 11 oz corporativo, hogar, regalo corporativo ecuador, merchandising quito, productos promocionales guayaquil, ks promocionales, artículos publicitarios"
mug-ceramica-zenith-12oz-7874,Mug Cerámica Zenith 12oz,Mugs y Termos,Mug Cerámica Zenith 12oz Personalizado | Ecuador,48,OK,1,614,Personaliza tu Mug Cerámica Zenith 12oz para tu marca en Ecuador. Crea conexiones duraderas y cotiza hoy tu pedido para una presencia impactante.,145,OK,1,1,1.00,false,
mug-ceramica-ottis-11oz-oferta-8421,Mug Cerámica Ottis 11oz Oferta,Mugs y Termos,Mug Cerámica Ottis 11oz Oferta Personalizado | Ecuador,54,OK,1,614,Personaliza el Mug Cerámica Ottis 11oz para tu empresa en Ecuador. Ideal para marketing B2B. ¡Cotiza ahora y fortalece tu marca!,128,OK,1,1,1.00,false,
mug-doble-pared-en-acero-ii-16oz-1342,Mug Doble Pared en Acero ii - 16oz,Mugs y Termos,Mug Doble Pared Acero ii 16oz Personalizado | Ecuador,53,OK,1,1,Personaliza tu mug de acero doble pared 16oz. Potencia tu marca en Ecuador. Cotiza hoy tus mugs promocionales.,110,OK,1,1,1.00,false,
mug-metalico-galileo-16oz-8060,Mug Metálico Galileo 16oz,Automóvil,Mug Metálico Galileo 16oz Personalizado | Ecuador,49,OK,1,614,Personaliza tu Mug Metálico Galileo 16oz para tu empresa en Ecuador. Fortalece conexiones con clientes y colaboradores. ¡Cotiza hoy!,132,OK,1,1,1.00,false,"mug metálico galileo 16oz, mug metálico galileo 16oz personalizado, mug metálico galileo 16oz promocional, mug metálico galileo 16oz con logo, mug metálico galileo 16oz ecuador, mug metálico galileo 16oz corporativo, hogar, regalo corporativo ecuador, merchandising quito, productos promocionales guayaquil, ks promocionales, artículos publicitarios"
mug-metalico-peyton-470-ml-8667,Mug Metálico Peyton 470 ml,Mugs y Termos,Mug Metálico Peyton 470 ml Personalizado | Ecuador,50,OK,1,614,Fortalece tu marca con el Mug Metálico Peyton de 470 ml. Personalización exclusiva para empresas en Ecuador. ¡Cotiza el tuyo hoy mismo!,135,OK,1,1,1.00,false,"mug metálico peyton 470 ml, mug metálico peyton 470 ml personalizado, mug metálico peyton 470 ml promocional, mug metálico peyton 470 ml con logo, mug metálico peyton 470 ml ecuador, mug metálico peyton 470 ml corporativo, hogar, regalo corporativo ecuador, merchandising quito, productos promocionales guayaquil, ks promocionales, artículos publicitarios"
mug-metalico-moritz-450-ml-8526,Mug Metálico Moritz 450 ml,Automóvil,Mug Metálico Moritz 450ml Personalizado | Ecuador,49,OK,1,1,Fortalece tu marca con el Mug Metálico Moritz 450ml personalizado. Ideal para tu auto en Ecuador. ¡Cotiza ahora y destaca!,122,OK,1,1,1.00,false,"mug metálico moritz 450 ml, mug metálico moritz 450 ml personalizado, mug metálico moritz 450 ml promocional, mug metálico moritz 450 ml con logo, mug metálico moritz 450 ml ecuador, mug metálico moritz 450 ml corporativo, hogar, regalo corporativo ecuador, merchandising quito, productos promocionales guayaquil, ks promocionales, artículos publicitarios"
set-de-mugs-con-termo-cascade-8853,Set de Mugs Con Termo Cascade,Termos Personalizados,Set Mugs Termo Cascade Personalizado con Logo - Ecuador,55,OK,1,1,Set promocional de mugs y termo Cascade personalizados con tu logo. Solucion de branding para empresas ecuatorianas con impacto visual garantizado.,147,OK,1,1,1.00,false,"set de mugs con termo cascade, set de mugs con termo cascade personalizado, set de mugs con termo cascade promocional, set de mugs con termo cascade con logo, set de mugs con termo cascade ecuador, set de mugs con termo cascade corporativo, hogar, regalo corporativo ecuador, merchandising quito, productos promocionales guayaquil, ks promocionales, artículos publicitarios"
mug-metalico-star-350ml-8986,Mug Metálico Star 350ml,Mugs y Termos,Mug Metálico Star 350ml Personalizado | Ecuador,47,OK,2,614,Mug metálico Star 350ml personalizado para tu marca. Ideal para regalo corporativo en Ecuador. Cotiza ahora y lleva tu marca a todas partes.,140,OK,1,1,1.00,false,"mug metálico star 350ml, mug metálico star 350ml personalizado, mug metálico star 350ml promocional, mug metálico star 350ml con logo, mug metálico star 350ml ecuador, mug metálico star 350ml corporativo, hogar, regalo corporativo ecuador, merchandising quito, productos promocionales guayaquil, ks promocionales, artículos publicitarios"
mug-metalico-mask-350ml-9018,Mug Metalico Mask 350ml,Mugs y Termos,Mug Metalico Mask 350ml Personalizado | Ecuador,47,OK,1,614,Personaliza el Mug Metálico Mask 350ml para tu marca en Ecuador. Un detalle elegante y práctico para clientes. ¡Cotiza hoy mismo!,129,OK,1,1,1.00,false,
mug-metalico-slash-550ml-9019,Mug Metálico Slash 550ml,Mugs y Termos,Mug Metálico Slash 550ml Personalizado | Ecuador,48,OK,1,614,Mug metálico Slash 550ml personalizado con tu logo. Ideal para regalo corporativo. Cotiza ahora en Ecuador.,107,OK,1,1,1.00,false,"mug metálico slash 550ml, mug metálico slash 550ml personalizado, mug metálico slash 550ml promocional, mug metálico slash 550ml con logo, mug metálico slash 550ml ecuador, mug metálico slash 550ml corporativo, hogar, regalo corporativo ecuador, merchandising quito, productos promocionales guayaquil, ks promocionales, artículos publicitarios"
mug-metalico-quest-450ml-9389,Mug Metálico Quest 450ml,Automóvil,Mug Metálico Quest 450ml Personalizado | Ecuador,48,OK,1,614,Mug metálico Quest 450ml personalizado para branding corporativo. Cotiza tu pedido en Ecuador con diseño a medida.,114,OK,1,1,1.00,false,"mug metálico quest 450ml, mug metálico quest 450ml personalizado, mug metálico quest 450ml promocional, mug metálico quest 450ml con logo, mug metálico quest 450ml ecuador, mug metálico quest 450ml corporativo, hogar, regalo corporativo ecuador, merchandising quito, productos promocionales guayaquil, ks promocionales, artículos publicitarios"
mug-metalico-con-bamboo-500ml-9699,Mug Metálico Con Bamboo 500ml,Mugs y Termos,Mug Metálico Bamboo 500ml Personalizado | Ecuador,49,OK,1,1,Personaliza tu Mug Metálico con Bamboo de 500ml para branding en Ecuador. ¡Cotiza ahora y destaca tu marca con calidad y estilo!,128,OK,1,1,1.00,false,
mug-metalico-warmer-450ml-9707,Mug Metálico Warmer 450ml,Mugs y Termos,Mug Metálico Warmer 450ml Personalizado | Ecuador,49,OK,1,614,"Promociona tu marca con el Mug Metálico Warmer de 450ml. Ideal para empresas en Ecuador, personalízalo con tu logo. ¡Solicita tu cotización!",140,OK,1,1,1.00,false,
vaso-yumbo-32oz-produccion-nacional-11149,Vaso Yumbo 32oz Produccion Nacional,Vasos Personalizados,Vaso Yumbo 32oz Personalizado Con Logo | Ecuador,48,OK,1,1,"Vaso Yumbo 32oz personalizado con tu logo. Produccion nacional, ideal para regalos corporativos. Entrega rapida en Ecuador.",123,OK,1,1,0.60,false,
maxi-mug-produccion-nacional-2362,Maxi Mug - Producción Nacional,Mugs y Termos,Maxi Mug Producción Nacional Personalizado | Ecuador,52,OK,1,1,Fortalece tu marca con Maxi Mugs personalizados. Potencia tu marketing en Ecuador. ¡Cotiza tu pedido hoy!,105,OK,1,1,1.00,false,
mug-kid-produccion-nacional-2869,Mug Kid - Producción Nacional,Producción Nacional,Mug Kid Personalizado - Producción Nacional Ecuador,51,OK,1,1,"Mug Kid personalizado, producción nacional. Regala conexión genuina a colaboradores y clientes en Ecuador. Cotiza tu pedido hoy mismo.",134,OK,1,1,1.00,false,"mug kid - producción nacional, mug kid - producción nacional personalizado, mug kid - producción nacional promocional, mug kid - producción nacional con logo, mug kid - producción nacional ecuador, mug kid - producción nacional corporativo, hogar, regalo corporativo ecuador, merchandising quito, productos promocionales guayaquil, ks promocionales, artículos publicitarios"
mug-mediano-club-produccion-nacional-2873,Mug Mediano Club - Producción Nacional,Producción Nacional,Mug Mediano Club Personalizado | Ecuador,40,OK,1,1,Mug Mediano Club personalizado de producción nacional. Ideal para empresas. Cotiza ahora en Ecuador. Regalo corporativo de calidad.,131,OK,1,1,0.50,false,"mug mediano club - producción nacional, mug mediano club - producción nacional personalizado, mug mediano club - producción nacional promocional, mug mediano club - producción nacional con logo, mug mediano club - producción nacional ecuador, mug mediano club - producción nacional corporativo, hogar, regalo corporativo ecuador, merchandising quito, productos promocionales guayaquil, ks promocionales, artículos publicitarios"
vaso-plastico-new-york-23-oz-produccion-nacional-8714,Vaso Plástico New York 23 oz - Produccion Nacional,Vasos Personalizados,Vasos Personalizados New York 23 oz - Produccion Ecuador,56,OK,1,1,Vasos plasticos New York de 23 oz con tu logo. Produccion nacional rapida. Perfectos para regalos corporativos y promociones en Ecuador.,136,OK,1,1,0.60,false,"vaso plástico new york 23 oz - produccion nacional, vaso plástico new york 23 oz - produccion nacional personalizado, vaso plástico new york 23 oz - produccion nacional promocional, vaso plástico new york 23 oz - produccion nacional con logo, vaso plástico new york 23 oz - produccion nacional ecuador, vaso plástico new york 23 oz - produccion nacional corporativo, hogar, regalo corporativo ecuador, merchandising quito, productos promocionales guayaquil, ks promocionales, artículos publicitarios"
vaso-plastico-new-york-20-oz-produccion-nacional-8735,Vaso Plástico New York 20 oz - Produccion Nacional,Vasos Personalizados,Vasos Plasticos Personalizados 20 oz - Ecuador,46,OK,1,1,Vasos plasticos New York 20 oz con tu marca impresa. Produccion nacional para empresas ecuatorianas. Ideal regalos corporativos y eventos.,138,OK,1,1,0.40,true,"vaso plástico new york 20 oz - produccion nacional, vaso plástico new york 20 oz - produccion nacional personalizado, vaso plástico new york 20 oz - produccion nacional promocional, vaso plástico new york 20 oz - produccion nacional con logo, vaso plástico new york 20 oz - produccion nacional ecuador, vaso plástico new york 20 oz - produccion nacional corporativo, hogar, regalo corporativo ecuador, merchandising quito, productos promocionales guayaquil, ks promocionales, artículos publicitarios"
botilito-metalico-para-sublimacion-wolfgang-500ml-9967,Botilito Metálico Para Sublimación Wolfgang 500ml,Tomatodos y Botilitos Personalizados,Botilito Metalico 500ml Personalizado Wolfgang Ecuador,54,OK,1,1,Botilito metalico personalizado con tu logo mediante sublimacion. Ideal para regalos corporativos. Mantiene bebidas frias hasta 12 horas. Ecuador.,146,OK,1,1,0.67,false,
botilito-en-aluminio-para-sublimacion-parsons-750ml-9968,Botilito en Aluminio Para Sublimación Parsons 750ml,Tomatodos y Botilitos Personalizados,Botilito Aluminio Personalizado 750ml Sublimacion Ecuador,57,OK,1,1,Botilito de aluminio 750ml para sublimacion personalizado con tu logo. Merchandising premium para empresas en Ecuador. Resistente y reutilizable.,145,OK,1,1,0.67,false,
mug-metalico-para-sublimacion-galileo-450ml-9969,Mug Metálico Para Sublimación Galileo 450ml,Automóvil,Mug Metálico Galileo 450ml Sublimación | Ecuador,48,OK,1,1,Mug metálico Galileo 450ml personalizable para tu marca. Perfecto para regalos corporativos. Cotiza ahora en Ecuador.,117,OK,1,1,0.80,false,"mug metálico para sublimación galileo 450ml, mug metálico para sublimación galileo 450ml personalizado, mug metálico para sublimación galileo 450ml promocional, mug metálico para sublimación galileo 450ml con logo, mug metálico para sublimación galileo 450ml ecuador, mug metálico para sublimación galileo 450ml corporativo, hogar, regalo corporativo ecuador, merchandising quito, productos promocionales guayaquil, ks promocionales, artículos publicitarios"
mug-metalico-para-sublimacion-mask-350ml-9973,Mug Metálico Para Sublimación Mask 350ml,Mugs y Termos,Mug Metálico Para Sublimación Mask 350ml | Ecuador,50,OK,1,52,Mug metálico personalizado de 350ml para sublimación. Ideal para promocionar tu marca. Cotiza ahora en Ecuador con KS Promocionales.,132,OK,1,1,1.00,false,"mug metálico para sublimación mask 350ml, mug metálico para sublimación mask 350ml personalizado, mug metálico para sublimación mask 350ml promocional, mug metálico para sublimación mask 350ml con logo, mug metálico para sublimación mask 350ml ecuador, mug metálico para sublimación mask 350ml corporativo, hogar, regalo corporativo ecuador, merchandising quito, productos promocionales guayaquil, ks promocionales, artículos publicitarios"
botilito-metalico-anders-500ml-10502,Botilito Metálico Anders 500ml,Tomatodos y Botilitos Personalizados,Botilito Metalico Anders 500ml Personalizado Ecuador,52,OK,1,59,Botilito metalico 500ml personalizado con tu logo. Regalo corporativo duradero para empresas en Ecuador. Impresion profesional y diseno moderno.,144,OK,1,1,1.00,false,"botilito metálico anders 500ml, botilito metálico anders 500ml personalizado, botilito metálico anders 500ml promocional, botilito metálico anders 500ml con logo, botilito metálico anders 500ml ecuador, botilito metálico anders 500ml corporativo, mugs, regalo corporativo ecuador, merchandising quito, productos promocionales guayaquil, ks promocionales, artículos publicitarios"
botilito-plastico-wonder-650ml-produccion-nacional-10688,Botilito Plástico Wonder-650ml-producción Nacional,Tomatodos y Botilitos Personalizados,Botilito Plastico Wonder 650ml Personalizado Ecuador,52,OK,1,1,"Botilito plástico Wonder 650ml con personalización de marca. Producción nacional, diseño premium y envíos a todo Ecuador. Ideal para regalos corporativos.",154,OK,1,1,0.50,false,
termo-bullet-350ml-912,Termo Bullet 350ml,Termos Personalizados,Termo Bullet 350ml Personalizado - Obsequios Corporativos Ecuador,65,OK,1,1,Termo Bullet 350ml con personalización de logo. Obsequio corporativo ideal para empresas ecuatorianas que buscan impacto de marca y funcionalidad.,146,OK,1,1,1.00,false,
termo-zeus-500-ml-4432,Termo Zeus 500 ml,Termos Personalizados,Termo Zeus 500 ml Personalizado con Logo Ecuador,48,OK,1,1,Termo Zeus 500 ml con impresion personalizada de logo. Merchandising corporativo de calidad para empresas ecuatorianas. Cotiza ahora.,133,OK,1,1,1.00,false,"termo zeus 500 ml, termo zeus 500 ml personalizado, termo zeus 500 ml promocional, termo zeus 500 ml con logo, termo zeus 500 ml ecuador, termo zeus 500 ml corporativo, hogar, regalo corporativo ecuador, merchandising quito, productos promocionales guayaquil, ks promocionales, artículos publicitarios"
termo-bamboo-500ml-9771,Termo Bamboo 500ml,Termos Personalizados,Termo Bamboo 500ml Personalizado con Logo - Ecuador,51,OK,1,1,Termo bamboo 500ml personalizado para empresas. Obsequio promocional ecologico con logo serigraphico. Venta en Ecuador con envíos inmediatos.,141,OK,1,1,1.00,false,"termo bamboo 500ml, termo bamboo 500ml personalizado, termo bamboo 500ml promocional, termo bamboo 500ml con logo, termo bamboo 500ml ecuador, termo bamboo 500ml corporativo, hogar, regalo corporativo ecuador, merchandising quito, productos promocionales guayaquil, ks promocionales, artículos publicitarios"
termo-urban-travel-hydra-500ml-10206,Termo Urban Travel Hydra 500ml,Termos Personalizados,Termo Urban Travel Hydra 500ml Personalizado Ecuador,52,OK,1,59,Termo personalizado con logo para empresas ecuatorianas. Urban Travel Hydra 500ml ideal para regalo corporativo y publicidad de marca con aislamiento termico.,158,OK,1,1,1.00,false,"termo urban travel hydra 500ml, termo urban travel hydra 500ml personalizado, termo urban travel hydra 500ml promocional, termo urban travel hydra 500ml con logo, termo urban travel hydra 500ml ecuador, termo urban travel hydra 500ml corporativo, hogar, regalo corporativo ecuador, merchandising quito, productos promocionales guayaquil, ks promocionales, artículos publicitarios"
aro-de-silicona-para-mug-orbit-5890,Aro de Silicona Para Mug Orbit,Mugs y Termos,Aro de Silicona Para Mug Orbit Personalizado | Ecuador,54,OK,1,614,Personaliza el Aro de Silicona para Mug Orbit en Ecuador. Un detalle único y práctico para tu marca. ¡Solicita tu cotización ahora!,131,OK,1,1,1.00,false,
vaso-circular-320ml-produccion-nacional-2374,Vaso Circular 320ml - Producción Nacional,Vasos Personalizados,Vasos Personalizados 320ml Produccion Nacional Ecuador,54,OK,1,1,"Vasos circulares personalizados de 320ml con logo impreso. Produccion nacional ecuatoriana para eventos, promociones y campañas corporativas efectivas.",151,OK,1,1,0.80,false,"vaso circular 320ml - producción nacional, vaso circular 320ml - producción nacional personalizado, vaso circular 320ml - producción nacional promocional, vaso circular 320ml - producción nacional con logo, vaso circular 320ml - producción nacional ecuador, vaso circular 320ml - producción nacional corporativo, hogar, regalo corporativo ecuador, merchandising quito, productos promocionales guayaquil, ks promocionales, artículos publicitarios"
vaso-speedy-14-oz-san-produccion-nacional-5482,Vaso Speedy 14 oz San - Produccion Nacional,Vasos Personalizados,Vaso Speedy 14 oz Personalizado con Logo - Ecuador,50,OK,1,1,Vaso Speedy 14 oz con impresion de logo. Promocional nacional con entrega rapida. Ideal para eventos y campanas corporativas en Ecuador.,136,OK,1,1,0.50,false,"vaso speedy 14 oz san - produccion nacional, vaso speedy 14 oz san - produccion nacional personalizado, vaso speedy 14 oz san - produccion nacional promocional, vaso speedy 14 oz san - produccion nacional con logo, vaso speedy 14 oz san - produccion nacional ecuador, vaso speedy 14 oz san - produccion nacional corporativo, hogar, regalo corporativo ecuador, merchandising quito, productos promocionales guayaquil, ks promocionales, artículos publicitarios"
vaso-cuadrado-7oz-cristal-produccion-nacional-5479,Vaso Cuadrado 7oz Cristal - Produccion Nacional,Vasos Personalizados,Vaso Cuadrado 7oz Cristal Personalizado con Logo Ecuador,56,OK,1,1,"Vaso cuadrado de cristal 7oz con impresión de logo. Producción nacional. Ideal para eventos, campañas y promociones empresariales en Ecuador.",141,OK,1,1,0.60,false,"vaso cuadrado 7oz cristal - produccion nacional, vaso cuadrado 7oz cristal - produccion nacional personalizado, vaso cuadrado 7oz cristal - produccion nacional promocional, vaso cuadrado 7oz cristal - produccion nacional con logo, vaso cuadrado 7oz cristal - produccion nacional ecuador, vaso cuadrado 7oz cristal - produccion nacional corporativo, hogar, regalo corporativo ecuador, merchandising quito, productos promocionales guayaquil, ks promocionales, artículos publicitarios"
vaso-twister-12-oz-san-produccion-nacional-5481,Vaso Twister 12 oz San - Produccion Nacional,Vasos Personalizados,Vaso Twister 12 oz Personalizado con Logo para Empresas Ecuador,63,OK,1,1,Vaso Twister 12 oz personalizado con tu logo. Produccion nacional en Ecuador. Ideal para regalos promocionales y merchandising corporativo de empresas.,151,OK,1,1,0.50,false,"vaso twister 12 oz san - produccion nacional, vaso twister 12 oz san - produccion nacional personalizado, vaso twister 12 oz san - produccion nacional promocional, vaso twister 12 oz san - produccion nacional con logo, vaso twister 12 oz san - produccion nacional ecuador, vaso twister 12 oz san - produccion nacional corporativo, hogar, regalo corporativo ecuador, merchandising quito, productos promocionales guayaquil, ks promocionales, artículos publicitarios"
vaso-triangular-250ml-produccion-nacional-3274,Vaso Triangular 250ml- Producción Nacional,Vasos Personalizados,Vaso Triangular Personalizado 250ml Produccion Ecuador,54,OK,1,1,"Vaso triangular 250ml con logo personalizado. Produccion nacional. Ideal para promociones, eventos corporativos y activaciones de marca en Ecuador.",147,OK,1,1,0.60,false,"vaso triangular 250ml- producción nacional, vaso triangular 250ml- producción nacional personalizado, vaso triangular 250ml- producción nacional promocional, vaso triangular 250ml- producción nacional con logo, vaso triangular 250ml- producción nacional ecuador, vaso triangular 250ml- producción nacional corporativo, hogar, regalo corporativo ecuador, merchandising quito, productos promocionales guayaquil, ks promocionales, artículos publicitarios"
vaso-tapa-plastico-14-oz-produccion-nacional-2871,Vaso Tapa Plástico 14 Oz- Producción Nacional,Vasos Personalizados,Vasos Personalizados 14 oz con Tapa - Ecuador,45,OK,1,1,Vasos personalizados de 14 oz con tapa plastica para empresas. Fabricacion nacional Ecuador. Perfecto para promociones y merchandising corporativo.,147,OK,1,1,0.40,true,"vaso tapa plástico 14 oz- producción nacional, vaso tapa plástico 14 oz- producción nacional personalizado, vaso tapa plástico 14 oz- producción nacional promocional, vaso tapa plástico 14 oz- producción nacional con logo, vaso tapa plástico 14 oz- producción nacional ecuador, vaso tapa plástico 14 oz- producción nacional corporativo, mugs, regalo corporativo ecuador, merchandising quito, productos promocionales guayaquil, ks promocionales, artículos publicitarios"
vaso-con-pitillo-produccion-nacional-2870,Vaso Con Pitillo -producción Nacional,Vasos Personalizados,Vasos Personalizados con Pitillo Impreso | Ecuador,50,OK,1,1,"Vasos con pitillo personalizados produccion nacional. Imprime tu logo en cada vaso para eventos, ferias y regalos corporativos Ecuador.",135,OK,1,1,0.50,false,"vaso con pitillo -producción nacional, vaso con pitillo -producción nacional personalizado, vaso con pitillo -producción nacional promocional, vaso con pitillo -producción nacional con logo, vaso con pitillo -producción nacional ecuador, vaso con pitillo -producción nacional corporativo, mugs, regalo corporativo ecuador, merchandising quito, productos promocionales guayaquil, ks promocionales, artículos publicitarios"
copa-para-vino-7oz-produccion-nacional-2007,Copa Para Vino 7oz- Producción Nacional,Bar y Vino,Copa Para Vino 7oz Personalizada | Ecuador,42,OK,1,1,Copa para vino 7oz personalizada con tu logo. Producción nacional de calidad. Cotiza ahora en Ecuador para tus eventos corporativos.,132,OK,1,1,0.50,false,"copa para vino 7oz- producción nacional, copa para vino 7oz- producción nacional personalizado, copa para vino 7oz- producción nacional promocional, copa para vino 7oz- producción nacional con logo, copa para vino 7oz- producción nacional ecuador, copa para vino 7oz- producción nacional corporativo, hogar, regalo corporativo ecuador, merchandising quito, productos promocionales guayaquil, ks promocionales, artículos publicitarios"
copa-cilindrica-2oz-cristal-produccion-nacional-5480,Copa Cilindrica 2oz Cristal - Produccion Nacional,Bar y Vino,Copa Cilíndrica 2oz Cristal Personalizada Ecuador,49,OK,1,1,Copa cilíndrica 2oz de cristal personalizada para tu marca. Producción nacional de calidad. Cotiza ahora en Ecuador.,116,OK,1,1,0.60,false,"copa cilindrica 2oz cristal - produccion nacional, copa cilindrica 2oz cristal - produccion nacional personalizado, copa cilindrica 2oz cristal - produccion nacional promocional, copa cilindrica 2oz cristal - produccion nacional con logo, copa cilindrica 2oz cristal - produccion nacional ecuador, copa cilindrica 2oz cristal - produccion nacional corporativo, hogar, regalo corporativo ecuador, merchandising quito, productos promocionales guayaquil, ks promocionales, artículos publicitarios"
botilito-metalico-shelby-600ml-9555,Botilito Metalico Shelby 600ml,Tomatodos y Botilitos Personalizados,Botilito Metalico Shelby 600ml Personalizado Logo Ecuador,57,OK,1,1,Botilito metalico Shelby 600ml con personalizacion de logo para empresas. Merchandising promocional de calidad en Ecuador. Compra ahora.,136,OK,1,1,1.00,false,"botilito metalico shelby 600ml, botilito metalico shelby 600ml personalizado, botilito metalico shelby 600ml promocional, botilito metalico shelby 600ml con logo, botilito metalico shelby 600ml ecuador, botilito metalico shelby 600ml corporativo, mugs, regalo corporativo ecuador, merchandising quito, productos promocionales guayaquil, ks promocionales, artículos publicitarios"
botilito-metalico-uv-c-clean-500ml-9686,Botilito Metálico Uv-c Clean 500ml,Tomatodos y Botilitos Personalizados,Botilito Metalico UV-C 500ml Personalizado Ecuador Purificador,62,OK,1,1,Botilito metalico 500ml con tecnologia UV-C para purificar agua. Personalizable con tu logo. Solucion innovadora para empresas en Ecuador.,138,OK,1,1,0.80,false,
mug-metalico-doble-pared-coffee-urban-travel-380ml-9766,Mug Metálico Doble Pared Coffee Urban Travel 380ml,Automóvil,Mug Metálico Doble Pared Coffee Urban Travel Ecuador,52,OK,1,1,Mug metálico personalizado de doble pared para viajes. Ideal para empresas en Ecuador. Cotiza tu pedido hoy mismo.,114,OK,1,1,0.86,false,"mug metálico doble pared coffee urban travel 380ml, mug metálico doble pared coffee urban travel 380ml personalizado, mug metálico doble pared coffee urban travel 380ml promocional, mug metálico doble pared coffee urban travel 380ml con logo, mug metálico doble pared coffee urban travel 380ml ecuador, mug metálico doble pared coffee urban travel 380ml corporativo, hogar, regalo corporativo ecuador, merchandising quito, productos promocionales guayaquil, ks promocionales, artículos publicitarios"
botilito-metalico-atomic-500ml-9970,Botilito Metálico Atomic 500ml,Tomatodos y Botilitos Personalizados,Botilito Metalico Atomic 500ml Personalizado Ecuador,52,OK,1,59,Botilito Metalico Atomic 500ml con serigrafía personalizada para empresas en Ecuador. Perfecto para merchandising y activaciones de marca corporativa.,150,OK,1,1,1.00,false,
mug-metalico-grant-urban-travel-500ml-10081,Mug Metálico Grant Urban Travel 500ml,Automóvil,Mug Metálico Grant Urban Travel 500ml | Ecuador,47,OK,1,52,Mug metálico personalizado de 500ml para tu marca. Ideal para regalo corporativo. Cotiza en Ecuador con KS Promocionales.,121,OK,1,1,1.00,false,"mug metálico grant urban travel 500ml, mug metálico grant urban travel 500ml personalizado, mug metálico grant urban travel 500ml promocional, mug metálico grant urban travel 500ml con logo, mug metálico grant urban travel 500ml ecuador, mug metálico grant urban travel 500ml corporativo, mugs, regalo corporativo ecuador, merchandising quito, productos promocionales guayaquil, ks promocionales, artículos publicitarios"
memo-stick-personalizados-6963,Memo Stick Personalizados,Médicos,Memo Stick Personalizados Médicos | Ecuador,43,OK,1,1,Memo Stick personalizados para el sector médico. Promociona tu clínica en Ecuador. Cotiza ahora y destaca tu marca con productos de calidad.,140,OK,1,1,1.00,false,"memo stick personalizados, memo stick personalizados personalizado, memo stick personalizados promocional, memo stick personalizados con logo, memo stick personalizados ecuador, memo stick personalizados corporativo, oficina, regalo corporativo ecuador, merchandising quito, productos promocionales guayaquil, ks promocionales, artículos publicitarios"
alcancia-con-portaboligrafo-6920,Alcancia Con Portaboligrafo,Oficina,Alcancía con Portabolígrafo Personalizado | Ecuador,51,OK,1,1,Personaliza tu alcancía con portabolígrafo para empresas en Ecuador. Un detalle funcional que refuerza tu marca. ¡Solicita tu cotización hoy!,141,OK,1,1,1.00,false,"alcancia con portaboligrafo, alcancia con portaboligrafo personalizado, alcancia con portaboligrafo promocional, alcancia con portaboligrafo con logo, alcancia con portaboligrafo ecuador, alcancia con portaboligrafo corporativo, variedades, regalo corporativo ecuador, merchandising quito, productos promocionales guayaquil, ks promocionales, artículos publicitarios"
regla-flexy-pvc-30cm-produccion-nacional-6848,Regla Flexy Pvc 30cm - Produccion Nacional,Infantil,Regla Flexy PVC 30cm Personalizada | Ecuador,44,OK,1,1,Regla Flexy PVC 30cm personalizada con tu logo. Ideal para regalos escolares. Cotiza ahora en Ecuador. Producción nacional.,123,OK,1,1,0.60,false,"regla flexy pvc 30cm - produccion nacional, regla flexy pvc 30cm - produccion nacional personalizado, regla flexy pvc 30cm - produccion nacional promocional, regla flexy pvc 30cm - produccion nacional con logo, regla flexy pvc 30cm - produccion nacional ecuador, regla flexy pvc 30cm - produccion nacional corporativo, oficina, regalo corporativo ecuador, merchandising quito, productos promocionales guayaquil, ks promocionales, artículos publicitarios"
set-de-escritorio-magnum-6829,Set de Escritorio Magnum,Oficina,Set de Escritorio Magnum Ecuador | KS,37,OK,1,31,Set de Escritorio Magnum personalizado Ecuador. Materiales de primera. Envíos rápidos. ¡Cotiza!,95,OK,1,7,1.00,false,
boton-plastico-para-portacarnet-oferta-6561,Botón Plástico Para Portacarnet Oferta,Oficina,Botón Plástico Portacarnet Oferta Personalizado | Ecuador,57,OK,1,1,Personaliza tus botones portacarnet para tu empresa en Ecuador. Mejora seguridad e imagen corporativa. ¡Cotiza ahora y optimiza tu marca!,137,OK,1,1,0.80,false,"botón plástico para portacarnet oferta, botón plástico para portacarnet oferta personalizado, botón plástico para portacarnet oferta promocional, botón plástico para portacarnet oferta con logo, botón plástico para portacarnet oferta ecuador, botón plástico para portacarnet oferta corporativo, variedades, regalo corporativo ecuador, merchandising quito, productos promocionales guayaquil, ks promocionales, artículos publicitarios"
set-de-bandas-elasticas-oferta-6560,Set de Bandas Elásticas - Oferta,Infantil,Set Bandas Elásticas - Oferta | Promocionales Ecuador,53,OK,1,1,Personaliza tu Set de Bandas Elásticas en Ecuador. Ideal para branding y creatividad corporativa. ¡Cotiza hoy mismo tu pedido!,126,OK,1,1,1.00,false,"set de bandas elásticas - oferta, set de bandas elásticas - oferta personalizado, set de bandas elásticas - oferta promocional, set de bandas elásticas - oferta con logo, set de bandas elásticas - oferta ecuador, set de bandas elásticas - oferta corporativo, variedades, regalo corporativo ecuador, merchandising quito, productos promocionales guayaquil, ks promocionales, artículos publicitarios"
juego-desestresante-con-clips-2198,Juego Desestresante Con Clips,Juegos,Juego Desestresante Con Clips Personalizado | Ecuador,53,OK,1,614,Fortalece tu marca con juegos desestresantes personalizados. Una herramienta efectiva contra el estrés para empresas en Ecuador. ¡Cotiza ahora!,143,OK,1,1,1.00,false,"juego desestresante con clips, juego desestresante con clips personalizado, juego desestresante con clips promocional, juego desestresante con clips con logo, juego desestresante con clips ecuador, juego desestresante con clips corporativo, oficina, regalo corporativo ecuador, merchandising quito, productos promocionales guayaquil, ks promocionales, artículos publicitarios"
juego-imantado-desestresante-1772,Juego Imantado Desestresante,Juegos,Juego Imantado Desestresante Personalizado | Ecuador,52,OK,1,614,Personaliza este juego imantado desestresante para tus clientes o colaboradores en Ecuador. ¡Cotiza hoy y mejora su bienestar!,126,OK,1,1,1.00,false,"juego imantado desestresante, juego imantado desestresante personalizado, juego imantado desestresante promocional, juego imantado desestresante con logo, juego imantado desestresante ecuador, juego imantado desestresante corporativo, oficina, regalo corporativo ecuador, merchandising quito, productos promocionales guayaquil, ks promocionales, artículos publicitarios"
libreta-igor-jumbo-11119,Libreta Igor Jumbo,Precio Bomba,Libreta Igor Jumbo Personalizada | Ecuador,42,OK,1,82,Libreta Igor Jumbo personalizada para tu empresa. Ideal para eventos corporativos. Cotiza hoy en Ecuador con descuentos especiales.,131,OK,1,1,1.00,false,"libreta igor jumbo, libreta igor jumbo personalizado, libreta igor jumbo promocional, libreta igor jumbo con logo, libreta igor jumbo ecuador, libreta igor jumbo corporativo, oficina, regalo corporativo ecuador, merchandising quito, productos promocionales guayaquil, ks promocionales, artículos publicitarios"
libreta-igor-80-hojas-6843,Libreta Igor 80 Hojas,Oficina,Libreta Igor 80 Hojas Personalizadas | Ecuador,46,OK,1,2,Personaliza la Libreta Igor 80 Hojas con tu logo. Ideal para empresas en Ecuador. Fortalece tu marca. ¡Cotiza ahora y destaca!,126,OK,1,1,1.00,false,
libreta-century-6838,Libreta Century,Oficina,Libreta Century Promocional | KS,32,OK,1,29,Libreta Century personalizado Ecuador. Durabilidad garantizada. Envíos rápidos. ¡Cotiza!,88,OK,1,6,1.00,false,
mini-libreta-forest-6189,Mini Libreta Forest,Oficina,Mini Libreta Forest Personalizado | KS Ecuador,46,OK,1,20,Compra Mini Libreta Forest promocional. Calidad premium. Envíos en Ecuador. ¡Cotiza ahora!,90,OK,1,5,1.00,false,
mini-libreta-sevilla-80-hojas-5739,Mini Libreta Sevilla 80 Hojas,Médicos,Mini Libreta Sevilla 80 Hojas Personalizada Ecuador,51,OK,1,3,Mini Libreta Sevilla personalizada para médicos en Ecuador. Herramienta profesional con tu logo. Cotiza ahora y lleva tu marca a cada consulta.,143,OK,1,1,1.00,false,"mini libreta sevilla 80 hojas, mini libreta sevilla 80 hojas personalizado, mini libreta sevilla 80 hojas promocional, mini libreta sevilla 80 hojas con logo, mini libreta sevilla 80 hojas ecuador, mini libreta sevilla 80 hojas corporativo, oficina, regalo corporativo ecuador, merchandising quito, productos promocionales guayaquil, ks promocionales, artículos publicitarios"
sticky-set-en-trigo-wheat-eco-9678,Sticky Set en Trigo Wheat Eco,EcoNature,Sticky Set Trigo Wheat Eco Personalizado | Ecuador,50,OK,1,1,Sticky Set en Trigo Wheat Eco personalizado para tu marca. Ideal para promociones en Ecuador. Cotiza ahora y destaca tu negocio.,128,OK,1,1,1.00,false,"sticky set en trigo wheat eco, sticky set en trigo wheat eco personalizado, sticky set en trigo wheat eco promocional, sticky set en trigo wheat eco con logo, sticky set en trigo wheat eco ecuador, sticky set en trigo wheat eco corporativo, oficina, regalo corporativo ecuador, merchandising quito, productos promocionales guayaquil, ks promocionales, artículos publicitarios"
sticky-set-cubik-9974,Sticky Set Cubik,Médicos,Sticky Set Cubik Personalizado | Ecuador,40,OK,1,614,Potencia tu marca con el Sticky Set Cubik personalizado. Ideal para clínicas y consultorios en Ecuador. ¡Cotiza tu diseño único hoy mismo!,138,OK,1,1,1.00,false,
bamboo-sticky-pad-9955,Bamboo Sticky Pad,Precio Bomba,Bamboo Sticky Pad Personalizado | Eficiencia en Ecuador,55,OK,1,1,Potencia tu marca con el Bamboo Sticky Pad personalizado. Una herramienta esencial para equipos en Ecuador. ¡Cotiza ahora y destaca!,132,OK,1,1,1.00,false,"bamboo sticky pad, bamboo sticky pad personalizado, bamboo sticky pad promocional, bamboo sticky pad con logo, bamboo sticky pad ecuador, bamboo sticky pad corporativo, oficina, regalo corporativo ecuador, merchandising quito, productos promocionales guayaquil, ks promocionales, artículos publicitarios"
memo-sticky-set-bamboo-10100,Memo Sticky Set Bamboo,Médicos,Memo Sticky Set Bamboo Personalizado | Ecuador,46,OK,1,614,Personaliza tu Memo Sticky Set Bamboo para promocionar tu marca en Ecuador. Un detalle práctico y sostenible. ¡Cotiza ahora!,124,OK,1,1,1.00,false,"memo sticky set bamboo, memo sticky set bamboo personalizado, memo sticky set bamboo promocional, memo sticky set bamboo con logo, memo sticky set bamboo ecuador, memo sticky set bamboo corporativo, oficina, regalo corporativo ecuador, merchandising quito, productos promocionales guayaquil, ks promocionales, artículos publicitarios"
portataco-duo-produccion-nacional-3845,Portataco Duo - Produccion Nacional,Médicos,Portataco Duo Personalizado | Ecuador,37,OK,1,1,Portataco Duo de producción nacional personalizado para médicos. Organiza tus elementos de trabajo. Cotiza ahora en Ecuador.,124,OK,1,1,0.33,true,"portataco duo - produccion nacional, portataco duo - produccion nacional personalizado, portataco duo - produccion nacional promocional, portataco duo - produccion nacional con logo, portataco duo - produccion nacional ecuador, portataco duo - produccion nacional corporativo, oficina, regalo corporativo ecuador, merchandising quito, productos promocionales guayaquil, ks promocionales, artículos publicitarios"
sticky-set-doctor-9090,Sticky Set Doctor,Médicos,Sticky Set Doctor Personalizado | Ecuador,41,OK,1,614,Destaca en el sector salud con el Sticky Set Doctor personalizado. Proyecta profesionalismo en Ecuador. ¡Cotiza el tuyo ahora!,126,OK,1,1,1.00,false,"sticky set doctor, sticky set doctor personalizado, sticky set doctor promocional, sticky set doctor con logo, sticky set doctor ecuador, sticky set doctor corporativo, oficina, regalo corporativo ecuador, merchandising quito, productos promocionales guayaquil, ks promocionales, artículos publicitarios"
planeador-semanal-ecologico-9975,Planeador Semanal Ecológico,Médicos,Planeador Semanal Ecológico Médico | Ecuador,44,OK,1,1,Planeador semanal ecológico personalizado para médicos. Organiza tu agenda en Ecuador. Cotiza ahora y mejora tu productividad diaria.,133,OK,1,1,1.00,false,"planeador semanal ecológico, planeador semanal ecológico personalizado, planeador semanal ecológico promocional, planeador semanal ecológico con logo, planeador semanal ecológico ecuador, planeador semanal ecológico corporativo, oficina, regalo corporativo ecuador, merchandising quito, productos promocionales guayaquil, ks promocionales, artículos publicitarios"
memo-clip-bamboo-ii-10242,Memo Clip Bamboo ii,Médicos,Memo Clip Bamboo ii Personalizado | Ecuador,43,OK,1,614,Fortalece tu marca con el Memo Clip Bamboo ii. Personalízalo para tu negocio en Ecuador. Cotiza hoy tu producto promocional.,124,OK,1,1,1.00,false,"memo clip bamboo ii, memo clip bamboo ii personalizado, memo clip bamboo ii promocional, memo clip bamboo ii con logo, memo clip bamboo ii ecuador, memo clip bamboo ii corporativo, oficina, regalo corporativo ecuador, merchandising quito, productos promocionales guayaquil, ks promocionales, artículos publicitarios"
set-memo-pad-eco-10099,Set Memo Pad Eco,Médicos,Set Memo Pad Eco Personalizado | Ecuador,40,OK,1,614,Memo pad ecológico personalizado para clínicas y consultorios. Promociona tu marca en Ecuador. Cotiza tu set hoy mismo.,119,OK,1,1,1.00,false,"set memo pad eco, set memo pad eco personalizado, set memo pad eco promocional, set memo pad eco con logo, set memo pad eco ecuador, set memo pad eco corporativo, oficina, regalo corporativo ecuador, merchandising quito, productos promocionales guayaquil, ks promocionales, artículos publicitarios"
cargador-inalambrico-office-10150,Cargador Inalámbrico Office,Precio Bomba,Cargador Inalámbrico Office Personalizado Ecuador,49,OK,1,59,Cargador inalámbrico personalizado para oficina. Ideal para regalos corporativos en Ecuador. Cotiza tu pedido hoy mismo.,120,OK,1,1,1.00,false,"cargador inalámbrico office, cargador inalámbrico office personalizado, cargador inalámbrico office promocional, cargador inalámbrico office con logo, cargador inalámbrico office ecuador, cargador inalámbrico office corporativo, oficina, regalo corporativo ecuador, merchandising quito, productos promocionales guayaquil, ks promocionales, artículos publicitarios"
mouse-pad-plastificado-5549,Mouse Pad Plastificado,Producción Nacional,Mouse Pad Plastificado Personalizado | Ecuador,46,OK,1,614,Potencia tu marca con mouse pads plastificados personalizados en Ecuador. Cotiza hoy y transforma un objeto diario en un potente embajador.,139,OK,1,1,1.00,false,"mouse pad plastificado, mouse pad plastificado personalizado, mouse pad plastificado promocional, mouse pad plastificado con logo, mouse pad plastificado ecuador, mouse pad plastificado corporativo, variedades, regalo corporativo ecuador, merchandising quito, productos promocionales guayaquil, ks promocionales, artículos publicitarios"
mouse-pad-ergonomico-produccion-nacional-5542,Mouse Pad Ergonómico Producción Nacional,Médicos,Mouse Pad Ergonómico Producción Nacional Personalizado | Ecuador,64,OK,1,614,"Descubre nuestros Mouse Pads Ergonómicos personalizados, fabricados en Ecuador. Mejora el branding de tu empresa. ¡Cotiza tu pedido hoy!",136,OK,1,1,1.00,false,"mouse pad ergonómico producción nacional, mouse pad ergonómico producción nacional personalizado, mouse pad ergonómico producción nacional promocional, mouse pad ergonómico producción nacional con logo, mouse pad ergonómico producción nacional ecuador, mouse pad ergonómico producción nacional corporativo, variedades, regalo corporativo ecuador, merchandising quito, productos promocionales guayaquil, ks promocionales, artículos publicitarios"
mouse-pad-frost-produccion-nacional-2006,Mouse Pad Frost - Producción Nacional,Producción Nacional,Mouse Pad Frost - Producción Nacional Personalizado | Ecuador,61,OK,1,614,Potencia tu marca con Mouse Pad Frost personalizados. Un lienzo constante para tu identidad. Cotiza ahora en Ecuador.,117,OK,1,1,1.00,false,"mouse pad frost - producción nacional, mouse pad frost - producción nacional personalizado, mouse pad frost - producción nacional promocional, mouse pad frost - producción nacional con logo, mouse pad frost - producción nacional ecuador, mouse pad frost - producción nacional corporativo, variedades, regalo corporativo ecuador, merchandising quito, productos promocionales guayaquil, ks promocionales, artículos publicitarios"
mouse-pad-vaniat-9862,Mouse Pad Vaniat,Tecnología,Mouse Pad Vaniat Personalizado | Ecuador,40,OK,1,614,Personaliza tu Mouse Pad Vaniat con tu logo. Refuerza tu marca en Ecuador con promocionales de alta calidad. ¡Cotiza ahora!,123,OK,1,1,1.00,false,
organizador-de-escritorio-office-10112,Organizador de Escritorio Office,Ecología,Organizador de Escritorio Office Ecológico | Ecuador,52,OK,1,5,Personaliza tu Organizador de Escritorio Office ecológico para potenciar tu marca en Ecuador. Cotiza hoy mismo y promueve la sostenibilidad en tu empresa.,154,OK,1,1,1.00,false,"organizador de escritorio office, organizador de escritorio office personalizado, organizador de escritorio office promocional, organizador de escritorio office con logo, organizador de escritorio office ecuador, organizador de escritorio office corporativo, oficina, regalo corporativo ecuador, merchandising quito, productos promocionales guayaquil, ks promocionales, artículos publicitarios"
mouse-pad-calendar-produccion-nacional-10159,Mouse Pad Calendar - Producción Nacional,Precio Bomba,Mouse Pad Calendar Personalizado | Ecuador,42,OK,1,1,Mouse Pad Calendar personalizado con tu logo. Producción nacional en Ecuador. Cotiza ahora tu regalo corporativo ideal.,119,OK,1,1,0.50,false,"mouse pad calendar - producción nacional, mouse pad calendar - producción nacional personalizado, mouse pad calendar - producción nacional promocional, mouse pad calendar - producción nacional con logo, mouse pad calendar - producción nacional ecuador, mouse pad calendar - producción nacional corporativo, oficina, regalo corporativo ecuador, merchandising quito, productos promocionales guayaquil, ks promocionales, artículos publicitarios"
mouse-pad-con-cargador-inalambrico-dexter-10113,Mouse Pad Con Cargador Inalámbrico Dexter,Tecnología,Mouse Pad Cargador Inalámbrico Dexter Personalizado | Ecuador,61,OK,1,1,Maximiza la productividad en tu oficina con el Mouse Pad Con Cargador Inalámbrico Dexter personalizado. Cotiza en Ecuador.,122,OK,1,1,1.00,false,"mouse pad con cargador inalámbrico dexter, mouse pad con cargador inalámbrico dexter personalizado, mouse pad con cargador inalámbrico dexter promocional, mouse pad con cargador inalámbrico dexter con logo, mouse pad con cargador inalámbrico dexter ecuador, mouse pad con cargador inalámbrico dexter corporativo, oficina, regalo corporativo ecuador, merchandising quito, productos promocionales guayaquil, ks promocionales, artículos publicitarios"
cargador-inalambrico-flexi-pad-10524,Cargador Inalámbrico Flexi Pad,Precio Bomba,Cargador Inalámbrico Flexi Pad | Ecuador,40,OK,1,52,Cargador inalámbrico personalizado Flexi Pad para empresas. Disponible en Ecuador. Cotiza tu pedido hoy mismo.,110,OK,1,1,1.00,false,"cargador inalámbrico flexi pad, cargador inalámbrico flexi pad personalizado, cargador inalámbrico flexi pad promocional, cargador inalámbrico flexi pad con logo, cargador inalámbrico flexi pad ecuador, cargador inalámbrico flexi pad corporativo, oficina, regalo corporativo ecuador, merchandising quito, productos promocionales guayaquil, ks promocionales, artículos publicitarios"
mouse-pad-3-1-lcd-10461,Mouse Pad 3-1 Lcd,Tecnología,Mouse Pad 3-1 LCD Personalizado | Regalo Corporativo Ecuador,60,OK,1,8,Impacta con mouse pads 3-1 LCD personalizados. Fortalece tu marca en Ecuador. ¡Cotiza ahora para tus regalos corporativos!,122,OK,1,1,1.00,false,
mouse-bamboo-10340,Mouse Bamboo,Tecnología,Mouse Bamboo Personalizado | Regalo Eco en Ecuador,50,OK,1,1,Destaca tu marca con el Mouse Bamboo personalizado. Proyecta una imagen innovadora y eco-consciente en Ecuador. ¡Cotiza tu pedido hoy!,134,OK,1,1,1.00,false,"mouse bamboo, mouse bamboo personalizado, mouse bamboo promocional, mouse bamboo con logo, mouse bamboo ecuador, mouse bamboo corporativo, oficina, regalo corporativo ecuador, merchandising quito, productos promocionales guayaquil, ks promocionales, artículos publicitarios"
mouse-pad-cork-con-apoya-munecas-10557,Mouse Pad Cork Con Apoya Muñecas,Tecnología,Mouse Pad Cork Con Apoya Muñecas Personalizado | KS Ecuador,59,OK,1,20,Mouse Pad Cork Con Apoya Muñecas personalizable a tu medida. Ideal para empresas. Envíos en Ecuador. ¡Cotiza ya!,112,OK,1,4,1.00,false,
tablero-week-6932,Tablero Week,Médicos,Tablero Week Personalizado | Ecuador,36,OK,1,614,Optimiza la planificación semanal con tu Tablero Week personalizado. Potencia la productividad en Ecuador. ¡Cotiza tu diseño hoy!,129,OK,1,1,1.00,false,
carpeta-folder-london-6844,Carpeta Folder London,Maletines,Carpeta Folder London Ecuador | KS Promocionales,48,OK,1,28,Compra Carpeta Folder London promocional. Alta calidad. Envíos en Ecuador. ¡Cotiza ahora!,89,OK,1,9,1.00,false,
bolsa-portapapeles-produccion-nacional-4058,Bolsa Portapapeles - Producción Nacional,Producción Nacional,Bolsa Portapapeles Personalizada | Ecuador,42,OK,1,1,Bolsa portapapeles personalizada de producción nacional. Ideal para profesionales en Ecuador. Cotiza tu pedido hoy con diseño exclusivo.,136,OK,1,1,0.50,false,"bolsa portapapeles - producción nacional, bolsa portapapeles - producción nacional personalizado, bolsa portapapeles - producción nacional promocional, bolsa portapapeles - producción nacional con logo, bolsa portapapeles - producción nacional ecuador, bolsa portapapeles - producción nacional corporativo, oficina, regalo corporativo ecuador, merchandising quito, productos promocionales guayaquil, ks promocionales, artículos publicitarios"
carpeta-folder-a4-crown-5507,Carpeta Folder a4 Crown,Maletines,Carpeta Folder a4 Crown Ecuador | KS Promocionales,50,OK,1,28,Carpeta Folder a4 Crown con tu logo. Aumenta el reconocimiento de tu marca. ¡Pide cotización por WhatsApp!,106,OK,1,10,1.00,false,
portaidentificador-de-carnet-medic-8077,Portaidentificador de Carnet Medic,Médicos,Portaidentificador Carnet Medic Personalizado Ecuador,53,OK,1,1,Portaidentificador personalizado para médicos en Ecuador. Protege credenciales profesionales. Cotiza ahora y organiza tus documentos.,133,OK,1,1,1.00,false,"portaidentificador de carnet medic, portaidentificador de carnet medic personalizado, portaidentificador de carnet medic promocional, portaidentificador de carnet medic con logo, portaidentificador de carnet medic ecuador, portaidentificador de carnet medic corporativo, oficina, regalo corporativo ecuador, merchandising quito, productos promocionales guayaquil, ks promocionales, artículos publicitarios"
carpeta-folder-zipper-8078,Carpeta Folder Zipper,Médicos,Carpeta Folder Zipper Personalizado | Ecuador,45,OK,1,614,Carpeta Folder Zipper personalizada para profesionales médicos. Cotiza tu regalo corporativo en Ecuador. Entrega rápida garantizada.,132,OK,1,1,1.00,false,"carpeta folder zipper, carpeta folder zipper personalizado, carpeta folder zipper promocional, carpeta folder zipper con logo, carpeta folder zipper ecuador, carpeta folder zipper corporativo, oficina, regalo corporativo ecuador, merchandising quito, productos promocionales guayaquil, ks promocionales, artículos publicitarios"
portaidentificador-de-carnet-redondo-ii-8226,Portaidentificador de Carnet Redondo ii,Médicos,Portaidentificador Carnet Redondo II | Ecuador,46,OK,1,1,Portaidentificador de carnet redondo personalizado para médicos. Protege tu identificación. Cotiza en Ecuador ahora mismo.,122,OK,1,1,1.00,false,"portaidentificador de carnet redondo ii, portaidentificador de carnet redondo ii personalizado, portaidentificador de carnet redondo ii promocional, portaidentificador de carnet redondo ii con logo, portaidentificador de carnet redondo ii ecuador, portaidentificador de carnet redondo ii corporativo, oficina, regalo corporativo ecuador, merchandising quito, productos promocionales guayaquil, ks promocionales, artículos publicitarios"
calculadora-multifuncion-oferta-8477,Calculadora Multifuncion - Oferta,Médicos,Calculadora Multifunción - Oferta | Ecuador,43,OK,1,1,Personaliza tu calculadora multifunción para empresas en Ecuador. Una herramienta práctica y promocional ideal. ¡Cotiza tu pedido hoy!,134,OK,1,1,1.00,false,"calculadora multifuncion - oferta, calculadora multifuncion - oferta personalizado, calculadora multifuncion - oferta promocional, calculadora multifuncion - oferta con logo, calculadora multifuncion - oferta ecuador, calculadora multifuncion - oferta corporativo, oficina, regalo corporativo ecuador, merchandising quito, productos promocionales guayaquil, ks promocionales, artículos publicitarios"
portaboligrafos-flex-produccion-nacional-4113,Portabolígrafos Flex - Produccion Nacional,Médicos,Portabolígrafos Flex Personalizado | Ecuador,44,OK,1,1,Portabolígrafos Flex personalizados para médicos. Ideal para clínicas en Ecuador. Cotiza tu pedido hoy y destaca tu marca profesional.,134,OK,1,1,0.50,false,"portabolígrafos flex - produccion nacional, portabolígrafos flex - produccion nacional personalizado, portabolígrafos flex - produccion nacional promocional, portabolígrafos flex - produccion nacional con logo, portabolígrafos flex - produccion nacional ecuador, portabolígrafos flex - produccion nacional corporativo, oficina, regalo corporativo ecuador, merchandising quito, productos promocionales guayaquil, ks promocionales, artículos publicitarios"
portatacos-con-portalapices-produccion-nacional-7496,Portatacos Con Portalapices - Produccion Nacional,Médicos,Portatacos Con Portalápices Personalizado | Ecuador,51,OK,1,1,Portatacos con portalápices para consultorios y clínicas. Personalizado en Ecuador. Cotiza tu pedido de productos promocionales médicos.,136,OK,1,1,0.50,false,"portatacos con portalapices - produccion nacional, portatacos con portalapices - produccion nacional personalizado, portatacos con portalapices - produccion nacional promocional, portatacos con portalapices - produccion nacional con logo, portatacos con portalapices - produccion nacional ecuador, portatacos con portalapices - produccion nacional corporativo, oficina, regalo corporativo ecuador, merchandising quito, productos promocionales guayaquil, ks promocionales, artículos publicitarios"
estuche-plastico-de-tres-cuerpos-produccion-nacional-7613,Estuche Plástico de Tres Cuerpos - Produccion Nacional,EcoNature,Estuche Plástico Tres Cuerpos Econature Personalizado | Ecuador,63,OK,1,1,Estuches plásticos de tres cuerpos personalizables en Ecuador. Ideales para empresas. ¡Cotiza tu diseño único hoy mismo!,120,OK,1,1,0.67,false,"estuche plástico de tres cuerpos - produccion nacional, estuche plástico de tres cuerpos - produccion nacional personalizado, estuche plástico de tres cuerpos - produccion nacional promocional, estuche plástico de tres cuerpos - produccion nacional con logo, estuche plástico de tres cuerpos - produccion nacional ecuador, estuche plástico de tres cuerpos - produccion nacional corporativo, variedades, regalo corporativo ecuador, merchandising quito, productos promocionales guayaquil, ks promocionales, artículos publicitarios"
libreta-con-portalapices-produccion-nacional-7687,Libreta Con Portalápices - Producción Nacional,Producción Nacional,Libreta Con Portalápices Personalizado | Ecuador,48,OK,1,1,Libreta con portalápices de producción nacional personalizada con tu logo. Ideal para promociones en Ecuador. ¡Cotiza ahora!,124,OK,1,1,0.50,false,"libreta con portalápices - producción nacional, libreta con portalápices - producción nacional personalizado, libreta con portalápices - producción nacional promocional, libreta con portalápices - producción nacional con logo, libreta con portalápices - producción nacional ecuador, libreta con portalápices - producción nacional corporativo, oficina, regalo corporativo ecuador, merchandising quito, productos promocionales guayaquil, ks promocionales, artículos publicitarios"
set-de-escritorio-en-pu-stickies-y-resaltadores-magicos-5503,Set de Escritorio en pu Stickies y Resaltadores Mágicos,Artículos de Escritura,Set de Escritorio en pu Stickies y Resaltadores Má... | KS,58,OK,1,1,Set de Escritorio en pu Stickies y Resaltadores Mágicos personalizado Ecuador. Materiales de primera. Envíos rápidos. ¡Cotiza!,126,OK,1,7,0.75,false,
sticky-set-flag-oferta-8475,Sticky Set Flag Oferta,Médicos,Sticky Set Flag Oferta Personalizado | Material Médico Ecuador,62,OK,1,1,Optimiza tu empresa médica con Sticky Set Flag personalizado. Herramienta de organización y branding en Ecuador. ¡Cotiza ahora!,127,OK,1,1,1.00,false,
set-de-clips-smiley-faces-8866,Set de Clips Smiley Faces,Médicos,Set de Clips Smiley Faces Personalizado | Ecuador,49,OK,1,614,Set de Clips Smiley Faces personalizados para clínicas y consultorios en Ecuador. Promociona el bienestar emocional. ¡Cotiza ahora!,131,OK,1,1,1.00,false,"set de clips smiley faces, set de clips smiley faces personalizado, set de clips smiley faces promocional, set de clips smiley faces con logo, set de clips smiley faces ecuador, set de clips smiley faces corporativo, oficina, regalo corporativo ecuador, merchandising quito, productos promocionales guayaquil, ks promocionales, artículos publicitarios"
portatarjetas-plastico-produccion-nacional-4462,Portatarjetas Plástico - Produccion Nacional,Producción Nacional,Portatarjetas Plástico - Producción Nacional | Ecuador,54,OK,1,1,Organiza y protege tus tarjetas con portatarjetas plásticos personalizados. ¡Cotiza ahora para tu empresa en Ecuador!,117,OK,1,1,1.00,false,"portatarjetas plástico - produccion nacional, portatarjetas plástico - produccion nacional personalizado, portatarjetas plástico - produccion nacional promocional, portatarjetas plástico - produccion nacional con logo, portatarjetas plástico - produccion nacional ecuador, portatarjetas plástico - produccion nacional corporativo, oficina, regalo corporativo ecuador, merchandising quito, productos promocionales guayaquil, ks promocionales, artículos publicitarios"
mobile-holder-3-1-produccion-nacional-3471,Mobile Holder 3-1 - Producción Nacional,Producción Nacional,Mobile Holder 3-1 Personalizado | Ecuador,41,OK,1,1,Mobile Holder 3-1 de producción nacional personalizable. Cotiza tu pedido en Ecuador. Ideal para equipos de trabajo. ¡Solicita hoy!,131,OK,1,1,0.50,false,"mobile holder 3-1 - producción nacional, mobile holder 3-1 - producción nacional personalizado, mobile holder 3-1 - producción nacional promocional, mobile holder 3-1 - producción nacional con logo, mobile holder 3-1 - producción nacional ecuador, mobile holder 3-1 - producción nacional corporativo, oficina, regalo corporativo ecuador, merchandising quito, productos promocionales guayaquil, ks promocionales, artículos publicitarios"
portapapel-car-oferta-7440,Portapapel Car - Oferta,Master Line,Portapapel Car - Oferta Personalizado | Ecuador,47,OK,1,614,Portapapel Car personalizable de la línea Master-Line. Mejora tu espacio de trabajo en Ecuador. ¡Cotiza tu pedido hoy mismo!,124,OK,1,1,1.00,false,
portatarjetas-en-silicona-doctor-oferta-8953,Portatarjetas en Silicona Doctor - Oferta,Oficina,Portatarjetas en Silicona Doctor - Oferta Promocional | KS,58,OK,1,29,Portatarjetas en Silicona Doctor - Oferta personalizado con logo en Ecuador. Materiales de primera. ¡Cotiza por WhatsApp!,121,OK,1,7,1.00,false,
chaqueta-en-pvc-5466,Chaqueta en Pvc,Confección,Chaqueta Pvc Personalizada | Ecuador,36,OK,1,1,Diseña tu chaqueta Pvc personalizada para empresas en Ecuador. ¡Protección y estilo para tu marca! Cotiza ahora mismo con nosotros.,131,OK,1,1,1.00,false,
llavero-con-capa-3336,Llavero Con Capa,Deportes,Llavero Con Capa Personalizado | Artículos Deportivos Ecuador,61,OK,1,1,Personaliza tu llavero con capa para promocionar tu marca en Ecuador. Un detalle único y útil. ¡Cotiza hoy mismo!,113,OK,1,1,1.00,false,
abrigo-impermeable-3640,Abrigo Impermeable,Deportes,Abrigo Impermeable Personalizado para Empresas | Ecuador,56,OK,1,12,Potencia tu marca con abrigos impermeables personalizados en Ecuador. Calidad y visibilidad para tus equipos. ¡Cotiza ahora!,124,OK,1,1,1.00,false,
poncho-pvc-con-estuche-4832,Poncho Pvc Con Estuche,Deportes,Poncho PVC con Estuche Personalizado | Ecuador,46,OK,1,614,Protección impermeable en Ecuador. Personaliza tu poncho PVC con estuche para campañas promocionales o regalos corporativos. ¡Cotiza ahora!,139,OK,1,1,1.00,false,
llavero-con-capa-poncho-soccer-8294,Llavero Con Capa Poncho Soccer,Confección,Llavero Capa Poncho Soccer Personalizado | Ecuador,50,OK,1,1,Personaliza tu llavero con capa poncho soccer en Ecuador. Ideal para eventos y recordación de marca. ¡Solicita tu cotización ahora!,131,OK,1,1,1.00,false,
paraguas-osmond-21-10672,Paraguas Osmond 21'',Paraguas,Paraguas Osmond 21'' con Logo | KS Ecuador,42,OK,1,26,Paraguas Osmond 21'' personalizado Ecuador. Durabilidad garantizada. Envíos rápidos. ¡Cotiza!,93,OK,1,6,1.00,false,
mini-paraguas-lloyd-21-8658,"Mini Paraguas Lloyd 21""",Paraguas,"Mini Paraguas Lloyd 21"" Promocional | KS",40,OK,1,29,"Mini Paraguas Lloyd 21"" personalizado con logo en Ecuador. Alta calidad. ¡Cotiza por WhatsApp!",94,OK,1,4,1.00,false,
mini-paraguas-arc-clipper-21-8889,Mini Paraguas Arc Clipper 21,Precio Bomba,Mini Paraguas Arc Clipper 21 Personalizado Ecuador,50,OK,1,59,Mini Paraguas Arc Clipper 21 personalizado para tu marca. Protección y visibilidad en Ecuador. Cotiza ahora tu pedido.,118,OK,1,1,1.00,false,"mini paraguas arc clipper 21, mini paraguas arc clipper 21 personalizado, mini paraguas arc clipper 21 promocional, mini paraguas arc clipper 21 con logo, mini paraguas arc clipper 21 ecuador, mini paraguas arc clipper 21 corporativo, paraguas, regalo corporativo ecuador, merchandising quito, productos promocionales guayaquil, ks promocionales, artículos publicitarios"
mini-paraguas-maverick-21-9426,"Mini Paraguas Maverick 21""",Paraguas,"Mini Paraguas Maverick 21"" Ecuador | KS Promocionales",53,OK,1,28,"Mini Paraguas Maverick 21"" diseño exclusivo. Ideal para empresas. Envíos en Ecuador. ¡Cotiza ya!",96,OK,1,3,1.00,false,
bolsa-plegable-para-paraguas-hansel-oferta-8657,Bolsa Plegable Para Paraguas Hansel - Oferta,Paraguas,Bolsa Plegable Para Paraguas Hansel - Ecuador,45,OK,1,1,Bolsa plegable personalizada para paraguas Hansel. Ideal para empresas en Ecuador. Cotiza ahora y sorprende a tus clientes.,123,OK,1,1,0.83,false,"bolsa plegable para paraguas hansel - oferta, bolsa plegable para paraguas hansel - oferta personalizado, bolsa plegable para paraguas hansel - oferta promocional, bolsa plegable para paraguas hansel - oferta con logo, bolsa plegable para paraguas hansel - oferta ecuador, bolsa plegable para paraguas hansel - oferta corporativo, maletines, regalo corporativo ecuador, merchandising quito, productos promocionales guayaquil, ks promocionales, artículos publicitarios"
mini-paraguas-biondi-21-8911,"Mini Paraguas Biondi 21""",Paraguas,"Mini Paraguas Biondi 21"" Promocional | KS",41,OK,1,29,"Mini Paraguas Biondi 21"" personalizado con logo en Ecuador. Durabilidad garantizada. ¡Cotiza por WhatsApp!",106,OK,1,2,1.00,false,
paraguas-scorpius-urban-travel-21-10588,Paraguas Scorpius Urban Travel 21'',Paraguas,Paraguas Scorpius Urban Travel 21'' | KS Ecuador,48,OK,1,18,Compra Paraguas Scorpius Urban Travel 21'' promocional. Durabilidad garantizada. Envíos en Ecuador. ¡Cotiza ahora!,114,OK,1,5,1.00,false,
paraguas-brook-ergo-27-7512,"Paraguas Brook Ergo 27""",Paraguas,"Paraguas Brook Ergo 27"" Personalizado | KS Ecuador",50,OK,1,20,"Paraguas Brook Ergo 27"" personalizado con logo en Ecuador. Calidad premium. ¡Cotiza por WhatsApp!",97,OK,1,2,1.00,false,
costurero-sammy-6757,Costurero Sammy,Cuidado Personal,Costurero Sammy Personalizado para Empresas | Ecuador,53,OK,1,12,Sorprende a tus clientes con el Costurero Sammy personalizado. Un obsequio práctico en Ecuador que refuerza tu marca. ¡Cotiza ahora!,132,OK,1,1,1.00,false,"costurero sammy, costurero sammy personalizado, costurero sammy promocional, costurero sammy con logo, costurero sammy ecuador, costurero sammy corporativo, variedades, regalo corporativo ecuador, merchandising quito, productos promocionales guayaquil, ks promocionales, artículos publicitarios"
espejo-starlett-4926,Espejo Starlett,Cuidado Personal,Espejo Starlett Personalizado | Ecuador,39,OK,1,614,Personaliza el Espejo Starlett con tu marca. Un detalle de cuidado personal para tus clientes en Ecuador. ¡Cotiza hoy tu pedido!,128,OK,1,1,1.00,false,"espejo starlett, espejo starlett personalizado, espejo starlett promocional, espejo starlett con logo, espejo starlett ecuador, espejo starlett corporativo, variedades, regalo corporativo ecuador, merchandising quito, productos promocionales guayaquil, ks promocionales, artículos publicitarios"
medidor-de-masa-muscular-5255,Medidor de Masa Muscular,Médicos,Medidor de Masa Muscular Personalizado | Ecuador,48,OK,1,614,Medidor de masa muscular personalizado con logo. Ideal para empresas en Ecuador. Cotiza tu regalo corporativo de bienestar ahora.,129,OK,1,1,1.00,false,"medidor de masa muscular, medidor de masa muscular personalizado, medidor de masa muscular promocional, medidor de masa muscular con logo, medidor de masa muscular ecuador, medidor de masa muscular corporativo, cuidado-personal, regalo corporativo ecuador, merchandising quito, productos promocionales guayaquil, ks promocionales, artículos publicitarios"
costurero-ovalado-3155,Costurero Ovalado,Cuidado Personal,Costurero Ovalado Personalizado | Regalos Corporativos Ecuador,62,OK,1,30,Personaliza tu Costurero Ovalado con logo para empresas en Ecuador. Un detalle único que fortalece tu marca. ¡Cotiza ahora y destaca!,133,OK,1,1,1.00,false,"costurero ovalado, costurero ovalado personalizado, costurero ovalado promocional, costurero ovalado con logo, costurero ovalado ecuador, costurero ovalado corporativo, variedades, regalo corporativo ecuador, merchandising quito, productos promocionales guayaquil, ks promocionales, artículos publicitarios"
espejo-circular-3120,Espejo Circular,Cuidado Personal,Espejo Circular Personalizado para Empresas | Ecuador,53,OK,1,12,Personaliza espejos circulares para fortalecer tu marca en Ecuador. Ideal para marketing y RRHH. ¡Solicita tu cotización ahora!,127,OK,1,1,1.00,false,
hojas-de-jabon-antibacteriano-con-estuche-7376,Hojas de Jabon Antibacteriano Con Estuche,Médicos,Jabón Antibacteriano en Láminas Personalizado | Ecuador,55,OK,1,1,"Jabón antibacterial en hojas con estuche, personalizable para tu marca. Ideal para promocionales en Ecuador. ¡Cotiza tu pedido hoy!",131,OK,1,1,0.50,false,"hojas de jabon antibacteriano con estuche, hojas de jabon antibacteriano con estuche personalizado, hojas de jabon antibacteriano con estuche promocional, hojas de jabon antibacteriano con estuche con logo, hojas de jabon antibacteriano con estuche ecuador, hojas de jabon antibacteriano con estuche corporativo, variedades, regalo corporativo ecuador, merchandising quito, productos promocionales guayaquil, ks promocionales, artículos publicitarios"
hojas-de-jabon-antibacteriano-repuesto-7377,Hojas de Jabon Antibacteriano - Repuesto,Médicos,Hojas de Jabón Antibacteriano - Repuesto | Ecuador,50,OK,1,1,Personaliza tus hojas de jabón antibacteriano de repuesto en Ecuador. Un detalle útil y moderno para tu empresa. ¡Cotiza ahora y destaca!,137,OK,1,1,1.00,false,"hojas de jabon antibacteriano - repuesto, hojas de jabon antibacteriano - repuesto personalizado, hojas de jabon antibacteriano - repuesto promocional, hojas de jabon antibacteriano - repuesto con logo, hojas de jabon antibacteriano - repuesto ecuador, hojas de jabon antibacteriano - repuesto corporativo, variedades, regalo corporativo ecuador, merchandising quito, productos promocionales guayaquil, ks promocionales, artículos publicitarios"
gel-antibacterial-moss-30ml-6025,Gel Antibacterial Moss 30ml,Médicos,Gel Antibacterial Moss 30ml Personalizado | Ecuador,51,OK,1,614,Gel Antibacterial Moss 30ml personalizado para empresas en Ecuador. Promociona tu marca con salud y bienestar. ¡Solicita tu cotización hoy!,139,OK,1,1,1.00,false,"gel antibacterial moss 30ml, gel antibacterial moss 30ml personalizado, gel antibacterial moss 30ml promocional, gel antibacterial moss 30ml con logo, gel antibacterial moss 30ml ecuador, gel antibacterial moss 30ml corporativo, hogar, regalo corporativo ecuador, merchandising quito, productos promocionales guayaquil, ks promocionales, artículos publicitarios"
gel-antibacterial-round-40ml-6003,Gel Antibacterial Round 40ml,Médicos,Gel Antibacterial Round 40ml Personalizado | Ecuador,52,OK,1,614,Personaliza Gel Antibacterial Round 40ml para tu marca. Un artículo promocional esencial en Ecuador. ¡Cotiza ahora y cuida a tus clientes!,138,OK,1,1,1.00,false,"gel antibacterial round 40ml, gel antibacterial round 40ml personalizado, gel antibacterial round 40ml promocional, gel antibacterial round 40ml con logo, gel antibacterial round 40ml ecuador, gel antibacterial round 40ml corporativo, hogar, regalo corporativo ecuador, merchandising quito, productos promocionales guayaquil, ks promocionales, artículos publicitarios"
gel-antibacterial-bella-15ml-6016,Gel Antibacterial Bella 15ml,Médicos,Gel Antibacterial Bella 15ml Personalizado | Ecuador,52,OK,1,614,Personaliza tu Gel Antibacterial Bella 15ml para tu marca en Ecuador. Un obsequio corporativo práctico y relevante. ¡Cotiza ahora!,130,OK,1,1,1.00,false,"gel antibacterial bella 15ml, gel antibacterial bella 15ml personalizado, gel antibacterial bella 15ml promocional, gel antibacterial bella 15ml con logo, gel antibacterial bella 15ml ecuador, gel antibacterial bella 15ml corporativo, hogar, regalo corporativo ecuador, merchandising quito, productos promocionales guayaquil, ks promocionales, artículos publicitarios"
mini-tarro-panos-humedos-antibacterial-30und-6004,Mini Tarro Paños Humedos Antibacterial 30und,Médicos,Mini Tarro Paños Húmedos Antibacterial 30und Personalizado | Ecuador,68,TOO_LONG_TRUNCATION_RISK,1,1,Personaliza tus Mini Tarros de Paños Húmedos Antibacteriales para empresas en Ecuador. Un detalle práctico y valorado. ¡Cotiza ahora!,133,OK,1,1,1.00,false,"mini tarro paños humedos antibacterial 30und, mini tarro paños humedos antibacterial 30und personalizado, mini tarro paños humedos antibacterial 30und promocional, mini tarro paños humedos antibacterial 30und con logo, mini tarro paños humedos antibacterial 30und ecuador, mini tarro paños humedos antibacterial 30und corporativo, hogar, regalo corporativo ecuador, merchandising quito, productos promocionales guayaquil, ks promocionales, artículos publicitarios"
panos-humedos-antibacterial-klean-60und-7960,Paños Húmedos Antibacterial Klean 60und,Automóvil,Paños Húmedos Antibacterial Klean Personalizados | Ecuador,58,OK,1,1,Paños Húmedos Antibacterial Klean 60und personalizados para tu marca en Ecuador. Un detalle práctico y valorado. ¡Cotiza tu pedido hoy!,135,OK,1,1,0.80,false,"paños húmedos antibacterial klean 60und, paños húmedos antibacterial klean 60und personalizado, paños húmedos antibacterial klean 60und promocional, paños húmedos antibacterial klean 60und con logo, paños húmedos antibacterial klean 60und ecuador, paños húmedos antibacterial klean 60und corporativo, variedades, regalo corporativo ecuador, merchandising quito, productos promocionales guayaquil, ks promocionales, artículos publicitarios"
gel-antibacterial-con-dispensador-60ml-7831,Gel Antibacterial Con Dispensador 60ml,Médicos,Gel Antibacterial 60ml Con Dispensador | Ecuador,48,OK,1,1,Gel antibacterial personalizado de 60ml con dispensador para empresas. Ideal para oficinas y espacios comerciales. Cotiza ahora en Ecuador.,139,OK,1,1,1.00,false,"gel antibacterial con dispensador 60ml, gel antibacterial con dispensador 60ml personalizado, gel antibacterial con dispensador 60ml promocional, gel antibacterial con dispensador 60ml con logo, gel antibacterial con dispensador 60ml ecuador, gel antibacterial con dispensador 60ml corporativo, hogar, regalo corporativo ecuador, merchandising quito, productos promocionales guayaquil, ks promocionales, artículos publicitarios"
gel-antibacterial-300ml-8548,Gel Antibacterial 300ml,Médicos,Gel Antibacterial 300ml Personalizado | Ecuador,47,OK,1,614,Personaliza tu gel antibacterial 300ml en Ecuador para branding efectivo. Proyecta una imagen de empresa que valora la salud. ¡Cotiza ahora!,140,OK,1,1,1.00,false,
gel-antibacterial-color-30ml-oferta-9449,Gel Antibacterial Color 30ml Oferta,Cuidado Personal,Gel Antibacterial Color 30ml Oferta Personalizado | Ecuador,59,OK,1,614,"Gel Antibacterial Color 30ml, un promocional único y personalizado para tu marca en Ecuador. ¡Cotiza ahora y destaca!",117,OK,1,1,1.00,false,"gel antibacterial color 30ml oferta, gel antibacterial color 30ml oferta personalizado, gel antibacterial color 30ml oferta promocional, gel antibacterial color 30ml oferta con logo, gel antibacterial color 30ml oferta ecuador, gel antibacterial color 30ml oferta corporativo, hogar, regalo corporativo ecuador, merchandising quito, productos promocionales guayaquil, ks promocionales, artículos publicitarios"
gel-antibacterial-transparente-produccion-nacional-9452,Gel Antibacterial Transparente-producción Nacional,Médicos,Gel Antibacterial Transparente Personalizado | Ecuador,54,OK,1,1,Gel antibacterial transparente personalizado con producción nacional. Ideal para empresas. Cotiza tu pedido en Ecuador hoy mismo.,129,OK,1,1,0.33,true,"gel antibacterial transparente-producción nacional, gel antibacterial transparente-producción nacional personalizado, gel antibacterial transparente-producción nacional promocional, gel antibacterial transparente-producción nacional con logo, gel antibacterial transparente-producción nacional ecuador, gel antibacterial transparente-producción nacional corporativo, hogar, regalo corporativo ecuador, merchandising quito, productos promocionales guayaquil, ks promocionales, artículos publicitarios"
alcohol-etilico-70-produccion-nacional-9469,Alcohol Etilico 70%- Produccion Nacional,Producción Nacional,Alcohol Etílico 70% Nacional Personalizado | Ecuador,52,OK,1,1,Obsequia Alcohol Etílico 70% personalizado para empresas en Ecuador. Un detalle práctico y esencial para el bienestar de tus clientes. ¡Cotiza ahora!,149,OK,1,1,0.60,false,"alcohol etilico 70%- produccion nacional, alcohol etilico 70%- produccion nacional personalizado, alcohol etilico 70%- produccion nacional promocional, alcohol etilico 70%- produccion nacional con logo, alcohol etilico 70%- produccion nacional ecuador, alcohol etilico 70%- produccion nacional corporativo, hogar, regalo corporativo ecuador, merchandising quito, productos promocionales guayaquil, ks promocionales, artículos publicitarios"
masajeador-mink-3154,Masajeador Mink,Antiestrés,Masajeador Mink Personalizado | Ecuador,39,OK,1,614,Masajeador Mink personalizado para aliviar tensión muscular en oficinas. Disponible en Ecuador. Cotiza tu pedido corporativo hoy.,129,OK,1,1,1.00,false,"masajeador mink, masajeador mink personalizado, masajeador mink promocional, masajeador mink con logo, masajeador mink ecuador, masajeador mink corporativo, hogar, regalo corporativo ecuador, merchandising quito, productos promocionales guayaquil, ks promocionales, artículos publicitarios"
masajeador-corazon-4980,Masajeador Corazon,Médicos,Masajeador Corazón Promocional | Ecuador,40,OK,1,1,Personaliza tu Masajeador Corazón para clientes y colaboradores en Ecuador. Una declaración de aprecio y cuidado que fortalece tu marca. ¡Solicita tu cotización!,161,OK,1,1,1.00,false,
masajeador-face-6061,Masajeador Face,Cuidado Personal,Masajeador Face Personalizado | Regalos Ecuador,47,OK,1,16,Descubre el Masajeador Face personalizado para tu marca. Ofrece bienestar y exclusividad. Cotiza tu obsequio corporativo en Ecuador hoy mismo.,142,OK,1,1,1.00,false,
gafas-terapeuticas-produccion-nacional-1063,Gafas Terapéuticas - Producción Nacional,Médicos,Gafas Terapéuticas Personalizadas - Producción Nacional | Ecuador,65,OK,1,1,Mejora la salud visual de tus colaboradores con Gafas Terapéuticas personalizadas. Producto nacional para Ecuador. ¡Cotiza hoy!,127,OK,1,1,1.00,false,"gafas terapéuticas - producción nacional, gafas terapéuticas - producción nacional personalizado, gafas terapéuticas - producción nacional promocional, gafas terapéuticas - producción nacional con logo, gafas terapéuticas - producción nacional ecuador, gafas terapéuticas - producción nacional corporativo, variedades, regalo corporativo ecuador, merchandising quito, productos promocionales guayaquil, ks promocionales, artículos publicitarios"
cojin-terapeutico-produccion-nacional-2394,Cojín Terapéutico - Producción Nacional,Antiestrés,Cojín Terapéutico Personalizado | Ecuador,41,OK,1,1,Cojín terapéutico antiestres personalizado para empresas. Producción nacional en Ecuador. Cotiza tu pedido hoy mismo.,117,OK,1,1,0.50,false,"cojín terapéutico - producción nacional, cojín terapéutico - producción nacional personalizado, cojín terapéutico - producción nacional promocional, cojín terapéutico - producción nacional con logo, cojín terapéutico - producción nacional ecuador, cojín terapéutico - producción nacional corporativo, hogar, regalo corporativo ecuador, merchandising quito, productos promocionales guayaquil, ks promocionales, artículos publicitarios"
mini-masajeador-marilyn-9117,Mini Masajeador Marilyn,Antiestrés,Mini Masajeador Marilyn Personalizado | Ecuador,47,OK,1,614,Mini Masajeador Marilyn personalizado para aliviar estrés. Disponible en Ecuador. Cotiza ahora y recibe ofertas especiales para tu equipo.,138,OK,1,1,1.00,false,"mini masajeador marilyn, mini masajeador marilyn personalizado, mini masajeador marilyn promocional, mini masajeador marilyn con logo, mini masajeador marilyn ecuador, mini masajeador marilyn corporativo, hogar, regalo corporativo ecuador, merchandising quito, productos promocionales guayaquil, ks promocionales, artículos publicitarios"
esponja-para-maquillaje-drop-9163,Esponja Para Maquillaje Drop,Cuidado Personal,Esponja Para Maquillaje Drop Personalizada | Ecuador,52,OK,1,82,Personaliza tu Esponja Drop de maquillaje para marketing. Fortalece tu marca en Ecuador. ¡Cotiza ahora!,103,OK,1,1,1.00,false,"esponja para maquillaje drop, esponja para maquillaje drop personalizado, esponja para maquillaje drop promocional, esponja para maquillaje drop con logo, esponja para maquillaje drop ecuador, esponja para maquillaje drop corporativo, variedades, regalo corporativo ecuador, merchandising quito, productos promocionales guayaquil, ks promocionales, artículos publicitarios"
banda-finger-9733,Banda Finger,Médicos,Banda Finger Personalizada | Promocionales Ecuador,50,OK,1,21,Personaliza tu Banda Finger médica para marketing B2B en Ecuador. Fortalece tu marca y destaca con artículos promocionales únicos. ¡Cotiza ahora!,145,OK,1,1,1.00,false,
boligrafo-boost-13324,Bolígrafo Boost,Antiestrés,Bolígrafo Boost Antiestrés Personalizado | Ecuador,50,OK,1,2,Descubre el Bolígrafo Boost antiestrés personalizado. Ideal para empresas en Ecuador. Cotiza hoy tus artículos promocionales con impacto.,137,OK,1,1,1.00,false,"bolígrafo boost, bolígrafo boost personalizado, bolígrafo boost promocional, bolígrafo boost con logo, bolígrafo boost ecuador, bolígrafo boost corporativo, novedades, regalo corporativo ecuador, merchandising quito, productos promocionales guayaquil, ks promocionales, artículos publicitarios"
pastillero-vaso-2-en-1-6055,Pastillero Vaso 2 en 1,Vasos Personalizados,Vasos Personalizados 2 en 1 con Pastillero para Ecuador,55,OK,1,1,Vaso promocional personalizado con pastillero integrado. Imprime tu logo corporativo. Ideal para obsequios y eventos en Ecuador con funcionalidad dual.,151,OK,1,1,1.00,false,"pastillero vaso 2 en 1, pastillero vaso 2 en 1 personalizado, pastillero vaso 2 en 1 promocional, pastillero vaso 2 en 1 con logo, pastillero vaso 2 en 1 ecuador, pastillero vaso 2 en 1 corporativo, hogar, regalo corporativo ecuador, merchandising quito, productos promocionales guayaquil, ks promocionales, artículos publicitarios"
pastillero-giratorio-7388,Pastillero Giratorio,Precio Bomba,Pastillero Giratorio Personalizado | Regalo Promocional Ecuador,63,OK,1,3,Pastillero giratorio personalizable para empresas en Ecuador. Un regalo promocional útil y original que tus clientes amarán. ¡Cotiza el tuyo hoy!,145,OK,1,1,1.00,false,"pastillero giratorio, pastillero giratorio personalizado, pastillero giratorio promocional, pastillero giratorio con logo, pastillero giratorio ecuador, pastillero giratorio corporativo, variedades, regalo corporativo ecuador, merchandising quito, productos promocionales guayaquil, ks promocionales, artículos publicitarios"
pastillero-tank-7785,Pastillero Tank,Médicos,Pastillero Tank Personalizado | Regalos Médicos en Ecuador,58,OK,1,1,Pastilleros Tank personalizados para empresas en Ecuador. Un detalle significativo para tus stakeholders. ¡Cotiza ahora!,120,OK,1,1,1.00,false,"pastillero tank, pastillero tank personalizado, pastillero tank promocional, pastillero tank con logo, pastillero tank ecuador, pastillero tank corporativo, variedades, regalo corporativo ecuador, merchandising quito, productos promocionales guayaquil, ks promocionales, artículos publicitarios"
pastillero-dharma-7786,Pastillero Dharma,Médicos,Pastillero Dharma Personalizado | Ecuador,41,OK,1,614,Pastillero Dharma: Personaliza este esencial promocional para tu marca en Ecuador. Cotiza hoy tu solución para la salud y bienestar.,132,OK,1,1,1.00,false,"pastillero dharma, pastillero dharma personalizado, pastillero dharma promocional, pastillero dharma con logo, pastillero dharma ecuador, pastillero dharma corporativo, variedades, regalo corporativo ecuador, merchandising quito, productos promocionales guayaquil, ks promocionales, artículos publicitarios"
pastillero-eco-9102,Pastillero Eco,Cuidado Personal,Pastillero Eco Personalizado Ecuador | Artículos Promocionales,62,OK,1,1,Conecta con tu público en Ecuador con Pastilleros Eco personalizados. Un regalo útil que refuerza tu marca. ¡Cotiza hoy mismo!,126,OK,1,1,1.00,false,
botilito-plastico-pillbox-750ml-10089,Botilito Plástico Pillbox 750ml,Tomatodos y Botilitos Personalizados,Botilito Pillbox 750ml Personalizado con Logo Ecuador,53,OK,1,1,Botilito Pillbox 750ml personalizado con tu logo empresarial. Hidratacion corporativa para equipos en Ecuador. Promocional de calidad.,134,OK,1,1,0.75,false,"botilito plástico pillbox 750ml, botilito plástico pillbox 750ml personalizado, botilito plástico pillbox 750ml promocional, botilito plástico pillbox 750ml con logo, botilito plástico pillbox 750ml ecuador, botilito plástico pillbox 750ml corporativo, hogar, regalo corporativo ecuador, merchandising quito, productos promocionales guayaquil, ks promocionales, artículos publicitarios"
llavero-pastillero-capsula-10450,Llavero Pastillero Cápsula,Cuidado Personal,Llavero Pastillero Cápsula Personalizado Ecuador,48,OK,1,59,Llavero pastillero cápsula personalizado para tu marca. Funcional y práctico. Cotiza ahora en Ecuador con diseño exclusivo.,123,OK,1,1,1.00,false,"llavero pastillero cápsula, llavero pastillero cápsula personalizado, llavero pastillero cápsula promocional, llavero pastillero cápsula con logo, llavero pastillero cápsula ecuador, llavero pastillero cápsula corporativo, hogar, regalo corporativo ecuador, merchandising quito, productos promocionales guayaquil, ks promocionales, artículos publicitarios"
espejo-doble-zonder-oferta-6756,Espejo Doble Zonder Oferta,Cuidado Personal,Espejo Doble Zonder Oferta Personalizado | Ecuador,50,OK,1,614,Espejos dobles personalizados para branding en Ecuador. Una herramienta inteligente para tu marca. Cotiza y destaca con nosotros.,129,OK,1,1,1.00,false,"espejo doble zonder oferta, espejo doble zonder oferta personalizado, espejo doble zonder oferta promocional, espejo doble zonder oferta con logo, espejo doble zonder oferta ecuador, espejo doble zonder oferta corporativo, variedades, regalo corporativo ecuador, merchandising quito, productos promocionales guayaquil, ks promocionales, artículos publicitarios"
espejo-magnolia-7387,Espejo Magnolia,Cuidado Personal,Espejo Magnolia Personalizado | Artículos Promocionales Ecuador,63,OK,1,11,Fortalece tu marca con el Espejo Magnolia personalizado en Ecuador. Un obsequio elegante y práctico para clientes. ¡Cotiza ahora!,129,OK,1,1,1.00,false,"espejo magnolia, espejo magnolia personalizado, espejo magnolia promocional, espejo magnolia con logo, espejo magnolia ecuador, espejo magnolia corporativo, variedades, regalo corporativo ecuador, merchandising quito, productos promocionales guayaquil, ks promocionales, artículos publicitarios"
cepillo-con-espejo-kolors-7788,Cepillo Con Espejo Kolors,Cuidado Personal,Cepillo Con Espejo Kolors Personalizado | Ecuador,49,OK,1,614,Fortalece tu marca en Ecuador. Personaliza este cepillo con espejo Kolors. ¡Cotiza ahora y deja una impresión duradera!,119,OK,1,1,1.00,false,
banda-elastica-doble-7959,Banda Elástica Doble,Antiestrés,Banda Elástica Doble Personalizado | Ecuador,44,OK,1,614,Banda Elástica Doble personalizada para aliviar estrés en tu empresa. Disponible en Ecuador. Cotiza tu pedido ahora y mejora el bienestar de tu equipo.,151,OK,1,1,1.00,false,"banda elástica doble, banda elástica doble personalizado, banda elástica doble promocional, banda elástica doble con logo, banda elástica doble ecuador, banda elástica doble corporativo, hogar, regalo corporativo ecuador, merchandising quito, productos promocionales guayaquil, ks promocionales, artículos publicitarios"
cepillo-con-espejo-sully-8872,Cepillo Con Espejo Sully,Cuidado Personal,Cepillo Con Espejo Sully Personalizado | Ecuador,48,OK,1,614,Personaliza el Cepillo con Espejo Sully para tu marca. Ideal para promociones en Ecuador. ¡Cotiza ahora y destaca tu atención al detalle!,137,OK,1,1,1.00,false,"cepillo con espejo sully, cepillo con espejo sully personalizado, cepillo con espejo sully promocional, cepillo con espejo sully con logo, cepillo con espejo sully ecuador, cepillo con espejo sully corporativo, variedades, regalo corporativo ecuador, merchandising quito, productos promocionales guayaquil, ks promocionales, artículos publicitarios"
espejo-doble-steffi-oferta-8897,Espejo Doble Steffi Oferta,Cuidado Personal,Espejo Doble Steffi Personalizado | Ecuador,43,OK,1,1,Espejo Doble Steffi personalizado para regalos corporativos. Perfecto para colaboradores en Ecuador. ¡Cotiza tu pedido hoy!,123,OK,1,1,0.75,false,"espejo doble steffi oferta, espejo doble steffi oferta personalizado, espejo doble steffi oferta promocional, espejo doble steffi oferta con logo, espejo doble steffi oferta ecuador, espejo doble steffi oferta corporativo, variedades, regalo corporativo ecuador, merchandising quito, productos promocionales guayaquil, ks promocionales, artículos publicitarios"
espejo-doble-tod-oferta-9091,Espejo Doble Tod Oferta,Cuidado Personal,Espejo Doble Tod Oferta Personalizado | Ecuador,47,OK,1,614,Fortalece tu marca con espejos dobles personalizados en Ecuador. Cotiza hoy mismo para un impacto duradero y personal en tus clientes.,134,OK,1,1,1.00,false,"espejo doble tod oferta, espejo doble tod oferta personalizado, espejo doble tod oferta promocional, espejo doble tod oferta con logo, espejo doble tod oferta ecuador, espejo doble tod oferta corporativo, variedades, regalo corporativo ecuador, merchandising quito, productos promocionales guayaquil, ks promocionales, artículos publicitarios"
mecanismo-para-reloj-analogo-con-manecillas-5056,Mecanismo Para Reloj Análogo Con Manecillas,Oficina,Mecanismo Para Reloj Análogo Con Manecillas Ecuador | KS,56,OK,1,31,Mecanismo Para Reloj Análogo Con Manecillas serigrafía de calidad. Ideal para empresas. Envíos en Ecuador. ¡Cotiza ya!,118,OK,1,5,1.00,false,
reloj-quincy-produccion-nacional-7628,Reloj Quincy - Produccion Nacional,Relojes,Reloj Quincy Personalizado | Ecuador,36,OK,1,1,Reloj Quincy personalizado con tu logo. Perfecto para regalos corporativos. Cotiza tu pedido en Ecuador y destaca tu marca.,123,OK,1,1,0.50,false,"reloj quincy - produccion nacional, reloj quincy - produccion nacional personalizado, reloj quincy - produccion nacional promocional, reloj quincy - produccion nacional con logo, reloj quincy - produccion nacional ecuador, reloj quincy - produccion nacional corporativo, produccion-nacional, regalo corporativo ecuador, merchandising quito, productos promocionales guayaquil, ks promocionales, artículos publicitarios"
cargador-inalambrico-con-reloj-bamboo-9724,Cargador Inalámbrico Con Reloj Bamboo,Relojes,Cargador Inalámbrico Reloj Bamboo Personalizado | Ecuador,57,OK,1,1,Personaliza tu cargador inalámbrico con reloj bamboo para potenciar tu marca en Ecuador. Cotiza hoy mismo y destaca con un regalo promocional único.,148,OK,1,1,1.00,false,"cargador inalámbrico con reloj bamboo, cargador inalámbrico con reloj bamboo personalizado, cargador inalámbrico con reloj bamboo promocional, cargador inalámbrico con reloj bamboo con logo, cargador inalámbrico con reloj bamboo ecuador, cargador inalámbrico con reloj bamboo corporativo, hogar, regalo corporativo ecuador, merchandising quito, productos promocionales guayaquil, ks promocionales, artículos publicitarios"
reloj-con-portaboligrafo-bamboo-9722,Reloj Con Portabolígrafo Bamboo,Relojes,Reloj Portabolígrafo Bamboo Personalizado | Ecuador,51,OK,1,1,Realza tu marca en Ecuador con el Reloj Con Portabolígrafo Bamboo. Personaliza y cotiza este obsequio promocional único para tus clientes.,138,OK,1,1,1.00,false,"reloj con portabolígrafo bamboo, reloj con portabolígrafo bamboo personalizado, reloj con portabolígrafo bamboo promocional, reloj con portabolígrafo bamboo con logo, reloj con portabolígrafo bamboo ecuador, reloj con portabolígrafo bamboo corporativo, oficina, regalo corporativo ecuador, merchandising quito, productos promocionales guayaquil, ks promocionales, artículos publicitarios"
reloj-portaboligrafo-crystal-bamboo-9982,Reloj Portaboligrafo Crystal Bamboo,Relojes,Reloj Portaboligrafo Crystal Bamboo Personalizado | Ecuador,59,OK,1,614,Diseño y funcionalidad en tu escritorio. Personaliza tu Reloj Portabolígrafo Crystal Bamboo para potenciar tu marca en Ecuador. ¡Cotiza ahora!,142,OK,1,1,1.00,false,"reloj portaboligrafo crystal bamboo, reloj portaboligrafo crystal bamboo personalizado, reloj portaboligrafo crystal bamboo promocional, reloj portaboligrafo crystal bamboo con logo, reloj portaboligrafo crystal bamboo ecuador, reloj portaboligrafo crystal bamboo corporativo, oficina, regalo corporativo ecuador, merchandising quito, productos promocionales guayaquil, ks promocionales, artículos publicitarios"
reloj-con-cargador-inalambrico-denver-10138,Reloj Con Cargador Inalámbrico Denver,Relojes,Reloj Cargador Inalámbrico Denver Personalizado | Ecuador,57,OK,1,1,"Reloj Denver con cargador inalámbrico, ideal para regalos corporativos. Personalización exclusiva en Ecuador. ¡Cotiza ahora y destaca!",134,OK,1,1,1.00,false,"reloj con cargador inalámbrico denver, reloj con cargador inalámbrico denver personalizado, reloj con cargador inalámbrico denver promocional, reloj con cargador inalámbrico denver con logo, reloj con cargador inalámbrico denver ecuador, reloj con cargador inalámbrico denver corporativo, oficina, regalo corporativo ecuador, merchandising quito, productos promocionales guayaquil, ks promocionales, artículos publicitarios"
reloj-portaboligrafos-cork-10098,Reloj Portaboligrafos Cork,Relojes,Reloj Portabolígrafos Cork Personalizado Ecuador,48,OK,1,1,Reloj Portabolígrafos Cork personalizado para ejecutivos. Cotiza ahora en Ecuador. Detalles premium que impresionan en tu escritorio.,133,OK,1,1,1.00,false,"reloj portaboligrafos cork, reloj portaboligrafos cork personalizado, reloj portaboligrafos cork promocional, reloj portaboligrafos cork con logo, reloj portaboligrafos cork ecuador, reloj portaboligrafos cork corporativo, oficina, regalo corporativo ecuador, merchandising quito, productos promocionales guayaquil, ks promocionales, artículos publicitarios"
reloj-de-pared-colors-produccion-nacional-9863,Reloj de Pared Colors - Producción Nacional,Relojes,Reloj de Pared Colors Personalizado | Ecuador,45,OK,1,1,Reloj de pared personalizado de producción nacional. Ideal para branding corporativo. Cotiza ahora en Ecuador con KS Promocionales.,131,OK,1,1,0.60,false,"reloj de pared colors - producción nacional, reloj de pared colors - producción nacional personalizado, reloj de pared colors - producción nacional promocional, reloj de pared colors - producción nacional con logo, reloj de pared colors - producción nacional ecuador, reloj de pared colors - producción nacional corporativo, produccion-nacional, regalo corporativo ecuador, merchandising quito, productos promocionales guayaquil, ks promocionales, artículos publicitarios"
reloj-de-pared-tempo-produccion-nacional-7208,Reloj de Pared Tempo - Produccion Nacional,Relojes,Reloj de Pared Tempo Personalizado | Ecuador,44,OK,1,1,Reloj de Pared Tempo personalizado con tu logo. Producción nacional para oficinas. Cotiza ahora en Ecuador.,107,OK,1,1,0.60,false,"reloj de pared tempo - produccion nacional, reloj de pared tempo - produccion nacional personalizado, reloj de pared tempo - produccion nacional promocional, reloj de pared tempo - produccion nacional con logo, reloj de pared tempo - produccion nacional ecuador, reloj de pared tempo - produccion nacional corporativo, produccion-nacional, regalo corporativo ecuador, merchandising quito, productos promocionales guayaquil, ks promocionales, artículos publicitarios"
reloj-de-pared-wall-metal-clock-2693,Reloj de Pared Wall Metal Clock,Relojes,Reloj de Pared Wall Metal Clock Ecuador | KS Promocionales,58,OK,1,28,Reloj de Pared Wall Metal Clock personalizado con logo en Ecuador. Diseño moderno. ¡Cotiza por WhatsApp!,104,OK,1,5,1.00,false,
reloj-dual-produccion-nacional-933,Reloj Dual-produccion Nacional,Relojes,Reloj Dual Personalizado Ecuador,32,OK,1,1,Reloj Dual personalizado con tu logo. Regalo corporativo de producción nacional. Cotiza ahora en Ecuador.,105,OK,1,1,0.33,true,"reloj dual-produccion nacional, reloj dual-produccion nacional personalizado, reloj dual-produccion nacional promocional, reloj dual-produccion nacional con logo, reloj dual-produccion nacional ecuador, reloj dual-produccion nacional corporativo, produccion-nacional, regalo corporativo ecuador, merchandising quito, productos promocionales guayaquil, ks promocionales, artículos publicitarios"
reloj-mondrian-cuadrado-produccion-nacional-5252,Reloj Mondrian Cuadrado - Produccion Nacional,Relojes,Reloj Mondrian Cuadrado Personalizado | Ecuador,47,OK,1,1,Reloj Mondrian Cuadrado de producción nacional personalizado. Diseño geométrico minimalista para empresas. Cotiza tu pedido en Ecuador.,135,OK,1,1,0.60,false,"reloj mondrian cuadrado - produccion nacional, reloj mondrian cuadrado - produccion nacional personalizado, reloj mondrian cuadrado - produccion nacional promocional, reloj mondrian cuadrado - produccion nacional con logo, reloj mondrian cuadrado - produccion nacional ecuador, reloj mondrian cuadrado - produccion nacional corporativo, produccion-nacional, regalo corporativo ecuador, merchandising quito, productos promocionales guayaquil, ks promocionales, artículos publicitarios"
reloj-de-pared-cosmos-produccion-nacional-8232,Reloj de Pared Cosmos - Produccion Nacional,Relojes,Reloj de Pared Cosmos Personalizado | Ecuador,45,OK,1,1,Reloj de Pared Cosmos personalizado con tu logo. Ideal para oficinas y salas de espera. Cotiza ahora en Ecuador.,112,OK,1,1,0.60,false,"reloj de pared cosmos - produccion nacional, reloj de pared cosmos - produccion nacional personalizado, reloj de pared cosmos - produccion nacional promocional, reloj de pared cosmos - produccion nacional con logo, reloj de pared cosmos - produccion nacional ecuador, reloj de pared cosmos - produccion nacional corporativo, produccion-nacional, regalo corporativo ecuador, merchandising quito, productos promocionales guayaquil, ks promocionales, artículos publicitarios"
reloj-de-pared-tremont-produccion-nacional-8743,Reloj de Pared Tremont - Producción Nacional,Relojes,Reloj de Pared Tremont Personalizado | Ecuador,46,OK,1,1,Reloj de Pared Tremont personalizado para tu empresa. Producción nacional de calidad. Cotiza hoy en Ecuador con descuentos especiales.,134,OK,1,1,0.60,false,"reloj de pared tremont - producción nacional, reloj de pared tremont - producción nacional personalizado, reloj de pared tremont - producción nacional promocional, reloj de pared tremont - producción nacional con logo, reloj de pared tremont - producción nacional ecuador, reloj de pared tremont - producción nacional corporativo, produccion-nacional, regalo corporativo ecuador, merchandising quito, productos promocionales guayaquil, ks promocionales, artículos publicitarios"
reloj-wall-bamboo-10578,Reloj Wall Bamboo,Relojes,Reloj Wall Bamboo Promocional | KS,34,OK,1,29,Reloj Wall Bamboo con tu logo. Aumenta el reconocimiento de tu marca. ¡Pide cotización por WhatsApp!,100,OK,1,10,1.00,false,
reloj-inteligente-fyllex-13377,Reloj Inteligente Fyllex,Relojes,Reloj Inteligente Fyllex Personalizado | Ecuador,48,OK,1,614,Personaliza el Reloj Inteligente Fyllex para tu marca. Ideal para incentivos en Ecuador. ¡Cotiza ahora y potencia tu estrategia!,128,OK,1,1,1.00,false,"reloj inteligente fyllex, reloj inteligente fyllex personalizado, reloj inteligente fyllex promocional, reloj inteligente fyllex con logo, reloj inteligente fyllex ecuador, reloj inteligente fyllex corporativo, novedades, regalo corporativo ecuador, merchandising quito, productos promocionales guayaquil, ks promocionales, artículos publicitarios"
reloj-inteligente-brish-13378,Reloj Inteligente Brish,Relojes,Reloj Inteligente Brish Personalizado | Ecuador,47,OK,1,614,Personaliza el Reloj Inteligente Brish para tu empresa en Ecuador. Mejora el bienestar y productividad. ¡Cotiza ahora para regalos corporativos!,144,OK,1,1,1.00,false,"reloj inteligente brish, reloj inteligente brish personalizado, reloj inteligente brish promocional, reloj inteligente brish con logo, reloj inteligente brish ecuador, reloj inteligente brish corporativo, novedades, regalo corporativo ecuador, merchandising quito, productos promocionales guayaquil, ks promocionales, artículos publicitarios"
puerto-usb-einstein-6880,Puerto Usb Einstein,Tecnología,Puerto USB Einstein Personalizado | Promocionales Ecuador,57,OK,1,49,Potencia la productividad de tu equipo con el Puerto USB Einstein personalizado. Un regalo tecnológico ideal para clientes en Ecuador. ¡Cotiza ya!,146,OK,1,1,1.00,false,"puerto usb einstein, puerto usb einstein personalizado, puerto usb einstein promocional, puerto usb einstein con logo, puerto usb einstein ecuador, puerto usb einstein corporativo, oficina, regalo corporativo ecuador, merchandising quito, productos promocionales guayaquil, ks promocionales, artículos publicitarios"
puerto-usb-edon-6053,Puerto Usb Edon,Tecnología,Puerto USB EDON Personalizado | Ecuador,39,OK,1,614,Puerto USB EDON personalizado para empresas. Ideal para transferencias y respaldos. Cotiza tu pedido en Ecuador con KS Promocionales.,133,OK,1,1,1.00,false,"puerto usb edon, puerto usb edon personalizado, puerto usb edon promocional, puerto usb edon con logo, puerto usb edon ecuador, puerto usb edon corporativo, oficina, regalo corporativo ecuador, merchandising quito, productos promocionales guayaquil, ks promocionales, artículos publicitarios"
soporte-magnetico-para-moviles-7557,Soporte Magnético Para Moviles,Automóvil,Soporte Magnético Para Móviles | Ecuador,40,OK,1,1,Soporte magnético personalizado para vehículos. Ideal para equipos de ventas y repartidores. Cotiza ahora en Ecuador.,117,OK,1,1,1.00,false,"soporte magnético para moviles, soporte magnético para moviles personalizado, soporte magnético para moviles promocional, soporte magnético para moviles con logo, soporte magnético para moviles ecuador, soporte magnético para moviles corporativo, tecnologia, regalo corporativo ecuador, merchandising quito, productos promocionales guayaquil, ks promocionales, artículos publicitarios"
soporte-para-movil-flexi-7518,Soporte Para Movil Flexi,Automóvil,Soporte Para Móvil Flexi Personalizado | Ecuador,48,OK,1,1,Soporte móvil flexi personalizado para auto. Seguro y práctico. Cotiza tu soporte en Ecuador con logo de tu marca.,114,OK,1,1,1.00,false,"soporte para movil flexi, soporte para movil flexi personalizado, soporte para movil flexi promocional, soporte para movil flexi con logo, soporte para movil flexi ecuador, soporte para movil flexi corporativo, tecnologia, regalo corporativo ecuador, merchandising quito, productos promocionales guayaquil, ks promocionales, artículos publicitarios"
audifono-bluetooth-manos-libres-2-1-oferta-9587,Audifono Bluetooth Manos Libres 2-1 - Oferta,Tecnología,Audifono Bluetooth Manos Libres 2-1 - Oferta | KS Ecuador,57,OK,1,18,Compra Audifono Bluetooth Manos Libres 2-1 - Oferta promocional. Durabilidad garantizada. Envíos en Ecuador. ¡Cotiza ahora!,123,OK,1,5,1.00,false,
set-de-cables-de-carga-tyson-9804,Set de Cables de Carga Tyson,Tecnología,Set Cables de Carga Tyson Personalizados | Ecuador,50,OK,1,1,Personaliza tus cables de carga Tyson para empresas. Mantén a tu equipo conectado y productivo. ¡Cotiza para Ecuador!,117,OK,1,1,1.00,false,"set de cables de carga tyson, set de cables de carga tyson personalizado, set de cables de carga tyson promocional, set de cables de carga tyson con logo, set de cables de carga tyson ecuador, set de cables de carga tyson corporativo, oficina, regalo corporativo ecuador, merchandising quito, productos promocionales guayaquil, ks promocionales, artículos publicitarios"
cable-multicargador-tyler-10129,Cable Multicargador Tyler,Tecnología,Cable Multicargador Tyler Personalizado | Ecuador,49,OK,1,614,Cable Multicargador Tyler personalizado para empresas. Carga múltiples dispositivos. Cotiza ahora en Ecuador con descuentos especiales.,135,OK,1,1,1.00,false,"cable multicargador tyler, cable multicargador tyler personalizado, cable multicargador tyler promocional, cable multicargador tyler con logo, cable multicargador tyler ecuador, cable multicargador tyler corporativo, oficina, regalo corporativo ecuador, merchandising quito, productos promocionales guayaquil, ks promocionales, artículos publicitarios"
soporte-para-moviles-nixon-10120,Soporte Para Móviles Nixon,Tecnología,Soporte Para Móviles Nixon Personalizado | Ecuador,50,OK,1,614,Soportes Nixon personalizados para tu marca en Ecuador. Optimiza espacios y mejora la eficiencia digital. ¡Cotiza ahora!,120,OK,1,1,1.00,false,"soporte para móviles nixon, soporte para móviles nixon personalizado, soporte para móviles nixon promocional, soporte para móviles nixon con logo, soporte para móviles nixon ecuador, soporte para móviles nixon corporativo, oficina, regalo corporativo ecuador, merchandising quito, productos promocionales guayaquil, ks promocionales, artículos publicitarios"
soporte-para-moviles-karter-10132,Soporte Para Móviles Karter,Tecnología,Soporte Para Móviles Karter Personalizado | Ecuador,51,OK,1,614,Potencia tu marca con soportes móviles personalizados en Ecuador. Mejora la eficiencia de tus clientes y colaboradores. ¡Cotiza hoy!,132,OK,1,1,1.00,false,
set-de-carro-universal-ii-oferta-8919,Set de Carro Universal ii Oferta,Automóvil,Set de Carro Universal ii Personalizado | Ecuador,49,OK,1,1,Personaliza tu Set de Carro Universal ii para clientes en Ecuador. Un obsequio útil que proyecta tu marca. ¡Cotiza hoy mismo!,125,OK,1,1,0.67,false,"set de carro universal ii oferta, set de carro universal ii oferta personalizado, set de carro universal ii oferta promocional, set de carro universal ii oferta con logo, set de carro universal ii oferta ecuador, set de carro universal ii oferta corporativo, tecnologia, regalo corporativo ecuador, merchandising quito, productos promocionales guayaquil, ks promocionales, artículos publicitarios"
localizador-de-llaves-7776,Localizador de Llaves,Tecnología,Localizador de Llaves Ecuador | KS Promocionales,48,OK,1,28,Compra Localizador de Llaves promocional. Durabilidad garantizada. Envíos en Ecuador. ¡Cotiza ahora!,100,OK,1,5,1.00,false,
soporte-para-tablets-8454,Soporte Para Tablets,Tecnología,Soporte Para Tablets Personalizado | Ecuador,44,OK,1,614,Personaliza soportes para tablets y potencia tu marca en Ecuador. Un regalo promocional útil y moderno. ¡Solicita tu cotización ahora!,134,OK,1,1,1.00,false,"soporte para tablets, soporte para tablets personalizado, soporte para tablets promocional, soporte para tablets con logo, soporte para tablets ecuador, soporte para tablets corporativo, hogar, regalo corporativo ecuador, merchandising quito, productos promocionales guayaquil, ks promocionales, artículos publicitarios"
audifonos-bowie-con-manos-libres-tipo-c-10702,Audífonos Bowie Con Manos Libres Tipo c,Tecnología,Audífonos Bowie Con Manos Libres Tipo c | KS Ecuador,52,OK,1,18,Audífonos Bowie Con Manos Libres Tipo c con tu logo. Fideliza a tus clientes. ¡Pide cotización por WhatsApp!,108,OK,1,5,1.00,false,
soporte-para-moviles-jet-10706,Soporte Para Móviles Jet,Tecnología,Soporte Para Móviles Jet Ecuador | KS,37,OK,1,31,Compra Soporte Para Móviles Jet promocional. Diseño moderno. Envíos en Ecuador. ¡Cotiza ahora!,94,OK,1,6,1.00,false,
speaker-bluetooth-barack-8135,Speaker Bluetooth Barack,Tecnología,Speaker Bluetooth Barack Personalizado | KS Ecuador,51,OK,1,20,Speaker Bluetooth Barack con tu logo. Destaca en eventos. ¡Pide cotización por WhatsApp!,88,OK,1,5,1.00,false,
audifonos-bluetooth-jumper-10769,Audífonos Bluetooth Jumper,Tecnología,Audífonos Bluetooth Jumper con Logo | KS Ecuador,48,OK,1,26,Audífonos Bluetooth Jumper personalizado Ecuador. Calidad premium. Envíos rápidos. ¡Cotiza!,91,OK,1,10,1.00,false,
audifonos-boom-precio-bomba-5657,Audifonos Boom - Precio Bomba,Tecnología,Audifonos Boom - Precio Bomba Promocional | KS,46,OK,1,29,Compra Audifonos Boom - Precio Bomba promocional. Acabado profesional. Envíos en Ecuador. ¡Cotiza ahora!,104,OK,1,4,1.00,false,
portatarjetas-con-organizador-de-cables-8109,Portatarjetas Con Organizador de Cables,Tecnología,Portatarjetas Con Organizador de Cables | KS Ecuador,52,OK,1,18,Compra Portatarjetas Con Organizador de Cables promocional. Alta calidad. Envíos en Ecuador. ¡Cotiza ahora!,107,OK,1,9,1.00,false,
soporte-para-moviles-pump-8230,Soporte Para Moviles Pump,Tecnología,Soporte Para Moviles Pump Promocional | KS,42,OK,1,29,Soporte Para Moviles Pump con tu logo. Genera recordación en tus clientes. ¡Pide cotización por WhatsApp!,105,OK,1,5,1.00,false,
audifonos-bluetooth-air-i7-8857,Audifonos Bluetooth Air i7,Deportes,Audífonos Bluetooth Air i7 Personalizados | Ecuador,51,OK,1,1,Realza tu marca en Ecuador con Audífonos Air i7 personalizados. Un obsequio tecnológico premium que dejará huella. ¡Cotiza ahora!,129,OK,1,1,1.00,false,"audifonos bluetooth air i7, audifonos bluetooth air i7 personalizado, audifonos bluetooth air i7 promocional, audifonos bluetooth air i7 con logo, audifonos bluetooth air i7 ecuador, audifonos bluetooth air i7 corporativo, tecnologia, regalo corporativo ecuador, merchandising quito, productos promocionales guayaquil, ks promocionales, artículos publicitarios"
audifonos-bluetooth-big-display-9569,Audifonos Bluetooth Big Display,Bicicleta,Audífonos Bluetooth Big Display Personalizados | Ecuador,56,OK,1,1,Personaliza Audífonos Bluetooth Big Display con tu logo. Ideales para regalos corporativos en Ecuador. ¡Cotiza ahora!,117,OK,1,1,1.00,false,"audifonos bluetooth big display, audifonos bluetooth big display personalizado, audifonos bluetooth big display promocional, audifonos bluetooth big display con logo, audifonos bluetooth big display ecuador, audifonos bluetooth big display corporativo, tecnologia, regalo corporativo ecuador, merchandising quito, productos promocionales guayaquil, ks promocionales, artículos publicitarios"
audifonos-bluetooth-fresh-9575,Audifonos Bluetooth Fresh,Bicicleta,Audífonos Bluetooth Fresh Personalizados | Ecuador,50,OK,1,1,Audífonos Bluetooth Fresh personalizados para empresas en Ecuador. Conexión inalámbrica y batería de larga duración. Cotiza tu pedido hoy.,138,OK,1,1,1.00,false,"audifonos bluetooth fresh, audifonos bluetooth fresh personalizado, audifonos bluetooth fresh promocional, audifonos bluetooth fresh con logo, audifonos bluetooth fresh ecuador, audifonos bluetooth fresh corporativo, tecnologia, regalo corporativo ecuador, merchandising quito, productos promocionales guayaquil, ks promocionales, artículos publicitarios"
accesorio-en-silicona-para-gafas-y-audifonos-oferta-9603,Accesorio en Silicona Para Gafas y Audifonos Oferta,Oficina,Accesorio Silicona Gafas y Audífonos Personalizado | Ecuador,60,OK,1,1,Optimiza tu espacio de trabajo. Personaliza este accesorio para gafas y audífonos en Ecuador. ¡Cotiza hoy mismo para tu empresa!,128,OK,1,1,0.67,false,"accesorio en silicona para gafas y audifonos oferta, accesorio en silicona para gafas y audifonos oferta personalizado, accesorio en silicona para gafas y audifonos oferta promocional, accesorio en silicona para gafas y audifonos oferta con logo, accesorio en silicona para gafas y audifonos oferta ecuador, accesorio en silicona para gafas y audifonos oferta corporativo, variedades, regalo corporativo ecuador, merchandising quito, productos promocionales guayaquil, ks promocionales, artículos publicitarios"
audifonos-bluetooth-dj-ii-con-lector-tf-9637,Audifonos Bluetooth dj ii Con Lector tf,Deportes,Audífonos Bluetooth DJ II | Regalo Corporativo Ecuador,54,OK,1,1,Personaliza Audífonos Bluetooth DJ II con tu logo para empresas en Ecuador. Sorprende a tus clientes y empleados con un obsequio tecnológico de vanguardia. ¡Cotiza hoy!,168,TOO_LONG_TRUNCATION_RISK,1,1,0.67,false,"audifonos bluetooth dj ii con lector tf, audifonos bluetooth dj ii con lector tf personalizado, audifonos bluetooth dj ii con lector tf promocional, audifonos bluetooth dj ii con lector tf con logo, audifonos bluetooth dj ii con lector tf ecuador, audifonos bluetooth dj ii con lector tf corporativo, tecnologia, regalo corporativo ecuador, merchandising quito, productos promocionales guayaquil, ks promocionales, artículos publicitarios"
audifonos-bluetooth-airbone-9808,Audifonos Bluetooth Airbone,Bicicleta,Auriculares Bluetooth Airbone Personalizados Ecuador,52,OK,1,1,Auriculares Bluetooth Airbone personalizados para tu equipo. Cotiza ahora en Ecuador. Ideal para empresas que buscan promocionales tecnológicos.,144,OK,1,1,0.67,false,"audifonos bluetooth airbone, audifonos bluetooth airbone personalizado, audifonos bluetooth airbone promocional, audifonos bluetooth airbone con logo, audifonos bluetooth airbone ecuador, audifonos bluetooth airbone corporativo, tecnologia, regalo corporativo ecuador, merchandising quito, productos promocionales guayaquil, ks promocionales, artículos publicitarios"
cargador-inalambrico-multiorganizador-8715,Cargador Inalámbrico Multiorganizador,Precio Bomba,Cargador Inalámbrico Multiorganizador Personalizado | Ecuador,61,OK,1,614,Cargador inalámbrico personalizable para empresas en Ecuador. Optimiza tu espacio de trabajo y potencia tu marca. ¡Solicita tu cotización ahora!,144,OK,1,1,1.00,false,"cargador inalámbrico multiorganizador, cargador inalámbrico multiorganizador personalizado, cargador inalámbrico multiorganizador promocional, cargador inalámbrico multiorganizador con logo, cargador inalámbrico multiorganizador ecuador, cargador inalámbrico multiorganizador corporativo, oficina, regalo corporativo ecuador, merchandising quito, productos promocionales guayaquil, ks promocionales, artículos publicitarios"
pila-recargable-2600-mah-con-pesa-de-equipaje-ii-8757,Pila Recargable 2600 Mah Con Pesa de Equipaje ii,Tecnología,Pila Recargable 2600 Mah con Pesa Personalizada | Ecuador,57,OK,1,1,Fortalece tu marca con la Pila Recargable 2600 mAh con Pesa de Equipaje ii personalizada. Regalos corporativos en Ecuador. ¡Cotiza ya!,134,OK,1,1,0.80,false,"pila recargable 2600 mah con pesa de equipaje ii, pila recargable 2600 mah con pesa de equipaje ii personalizado, pila recargable 2600 mah con pesa de equipaje ii promocional, pila recargable 2600 mah con pesa de equipaje ii con logo, pila recargable 2600 mah con pesa de equipaje ii ecuador, pila recargable 2600 mah con pesa de equipaje ii corporativo, variedades, regalo corporativo ecuador, merchandising quito, productos promocionales guayaquil, ks promocionales, artículos publicitarios"
organizador-de-escritorio-bamboo-con-cargador-oferta-9268,Organizador de Escritorio Bamboo Con Cargador Oferta,Ecología,Organizador Escritorio Bamboo Cargador Oferta Personalizado | Ecuador,69,TOO_LONG_TRUNCATION_RISK,1,1,Personaliza tu Organizador de Escritorio Bamboo con Cargador para tus clientes en Ecuador. ¡Cotiza ahora y destaca tu marca!,124,OK,1,1,1.00,false,"organizador de escritorio bamboo con cargador oferta, organizador de escritorio bamboo con cargador oferta personalizado, organizador de escritorio bamboo con cargador oferta promocional, organizador de escritorio bamboo con cargador oferta con logo, organizador de escritorio bamboo con cargador oferta ecuador, organizador de escritorio bamboo con cargador oferta corporativo, oficina, regalo corporativo ecuador, merchandising quito, productos promocionales guayaquil, ks promocionales, artículos publicitarios"
cargador-inalambrico-con-cable-multicargador-oferta-9050,Cargador Inalambrico Con Cable Multicargador - Oferta,Tecnología,Cargador Inalambrico Multicargador - Oferta Personalizado | Ecuador,67,TOO_LONG_TRUNCATION_RISK,1,1,Personaliza tu cargador inalámbrico multicargador. La solución perfecta para empresas en Ecuador. ¡Cotiza ahora y mantén a todos conectados!,140,OK,1,1,0.80,false,"cargador inalambrico con cable multicargador - oferta, cargador inalambrico con cable multicargador - oferta personalizado, cargador inalambrico con cable multicargador - oferta promocional, cargador inalambrico con cable multicargador - oferta con logo, cargador inalambrico con cable multicargador - oferta ecuador, cargador inalambrico con cable multicargador - oferta corporativo, oficina, regalo corporativo ecuador, merchandising quito, productos promocionales guayaquil, ks promocionales, artículos publicitarios"
set-de-cables-de-carga-mini-kit-9436,Set de Cables de Carga Mini Kit,Tecnología,Set de Cables de Carga Mini Kit Personalizado | Ecuador,55,OK,1,614,Cables de carga Mini Kit personalizados para empresas en Ecuador. Impulsa tu marca con tecnología promocional. ¡Cotiza ahora!,125,OK,1,1,1.00,false,"set de cables de carga mini kit, set de cables de carga mini kit personalizado, set de cables de carga mini kit promocional, set de cables de carga mini kit con logo, set de cables de carga mini kit ecuador, set de cables de carga mini kit corporativo, oficina, regalo corporativo ecuador, merchandising quito, productos promocionales guayaquil, ks promocionales, artículos publicitarios"
esterilizador-inalambrico-con-luz-uv-led-klean-oferta-9483,Esterilizador Inalambrico Con Luz uv Led Klean Oferta,Tecnología,Esterilizador UV LED Klean Inalámbrico | Ecuador,48,OK,1,1,Esterilizador inalámbrico con luz UV LED personalizado. Desinfecta smartphones y accesorios. Cotiza ahora en Ecuador con KS Promocionales.,138,OK,1,1,0.75,false,"esterilizador inalambrico con luz uv led klean oferta, esterilizador inalambrico con luz uv led klean oferta personalizado, esterilizador inalambrico con luz uv led klean oferta promocional, esterilizador inalambrico con luz uv led klean oferta con logo, esterilizador inalambrico con luz uv led klean oferta ecuador, esterilizador inalambrico con luz uv led klean oferta corporativo, hogar, regalo corporativo ecuador, merchandising quito, productos promocionales guayaquil, ks promocionales, artículos publicitarios"
organizador-light-con-cargador-inalambrico-oferta-9588,Organizador Light Con Cargador Inalambrico Oferta,Tecnología,Organizador Light Cargador Inalámbrico | Ecuador,48,OK,1,1,Organizador Light con Cargador Inalámbrico personalizado. Ideal para oficinas en Ecuador. Cotiza tu pedido hoy y aumenta productividad.,135,OK,1,1,0.80,false,"organizador light con cargador inalambrico oferta, organizador light con cargador inalambrico oferta personalizado, organizador light con cargador inalambrico oferta promocional, organizador light con cargador inalambrico oferta con logo, organizador light con cargador inalambrico oferta ecuador, organizador light con cargador inalambrico oferta corporativo, oficina, regalo corporativo ecuador, merchandising quito, productos promocionales guayaquil, ks promocionales, artículos publicitarios"
esterilizador-con-luz-uv-led-klean-bamboo-oferta-9673,Esterilizador Con Luz uv Led Klean Bamboo Oferta,Antimicrobianos,Esterilizador UV Led Klean Bamboo | Promocionales Ecuador,57,OK,1,1,Personaliza tu Esterilizador UV Led Klean Bamboo. Fortalece tu marca y promueve la higiene. ¡Cotiza para Ecuador!,113,OK,1,1,0.75,false,"esterilizador con luz uv led klean bamboo oferta, esterilizador con luz uv led klean bamboo oferta personalizado, esterilizador con luz uv led klean bamboo oferta promocional, esterilizador con luz uv led klean bamboo oferta con logo, esterilizador con luz uv led klean bamboo oferta ecuador, esterilizador con luz uv led klean bamboo oferta corporativo, hogar, regalo corporativo ecuador, merchandising quito, productos promocionales guayaquil, ks promocionales, artículos publicitarios"
cargador-inalambrico-cubik-9793,Cargador Inalámbrico Cubik,EcoNature,Cargador Inalámbrico Cubik Personalizado Ecuador,48,OK,1,59,Cargador inalámbrico Cubik personalizado para regalos corporativos. Disponible en Ecuador. Cotiza tu pedido hoy mismo.,118,OK,1,1,1.00,false,"cargador inalámbrico cubik, cargador inalámbrico cubik personalizado, cargador inalámbrico cubik promocional, cargador inalámbrico cubik con logo, cargador inalámbrico cubik ecuador, cargador inalámbrico cubik corporativo, oficina, regalo corporativo ecuador, merchandising quito, productos promocionales guayaquil, ks promocionales, artículos publicitarios"
esterilizador-con-luz-uv-smart-oferta-9472,Esterilizador Con Luz uv Smart Oferta,Tecnología,Esterilizador UV Smart Oferta Personalizado | Ecuador,53,OK,1,1,Promociona tu marca con el Esterilizador UV Smart. Personalízalo para tu empresa en Ecuador. ¡Cotiza y destaca tu compromiso con la higiene!,140,OK,1,1,1.00,false,"esterilizador con luz uv smart oferta, esterilizador con luz uv smart oferta personalizado, esterilizador con luz uv smart oferta promocional, esterilizador con luz uv smart oferta con logo, esterilizador con luz uv smart oferta ecuador, esterilizador con luz uv smart oferta corporativo, hogar, regalo corporativo ecuador, merchandising quito, productos promocionales guayaquil, ks promocionales, artículos publicitarios"
organizador-de-cables-oval-produccion-nacional-6220,Organizador de Cables Oval - Producción Nacional,Producción Nacional,Organizador de Cables Oval Personalizado | Ecuador,50,OK,1,1,Organizador de Cables Oval de producción nacional personalizable. Mejora el orden en tu oficina. Cotiza ahora en Ecuador.,121,OK,1,1,0.60,false,"organizador de cables oval - producción nacional, organizador de cables oval - producción nacional personalizado, organizador de cables oval - producción nacional promocional, organizador de cables oval - producción nacional con logo, organizador de cables oval - producción nacional ecuador, organizador de cables oval - producción nacional corporativo, oficina, regalo corporativo ecuador, merchandising quito, productos promocionales guayaquil, ks promocionales, artículos publicitarios"
soporte-para-moviles-2-1-bamboo-9924,Soporte Para Móviles 2-1 Bamboo,Ecología,Soporte Móviles 2-1 Bamboo Personalizado | Ecuador,50,OK,1,1,Soporte para móviles 2-1 en bamboo ecológico. Personalizable para empresas en Ecuador. Cotiza tu pedido hoy y mejora la postura de tu equipo.,141,OK,1,1,0.75,false,"soporte para móviles 2-1 bamboo, soporte para móviles 2-1 bamboo personalizado, soporte para móviles 2-1 bamboo promocional, soporte para móviles 2-1 bamboo con logo, soporte para móviles 2-1 bamboo ecuador, soporte para móviles 2-1 bamboo corporativo, oficina, regalo corporativo ecuador, merchandising quito, productos promocionales guayaquil, ks promocionales, artículos publicitarios"
portatarjetas-pump-9906,Portatarjetas Pump,Tecnología,Portatarjetas Pump Personalizado | Regalo Corporativo Ecuador,61,OK,1,8,Portatarjetas Pump: moderno y práctico. Personaliza para tu empresa en Ecuador. Fortalece lazos comerciales. ¡Cotiza hoy!,121,OK,1,1,1.00,false,"portatarjetas pump, portatarjetas pump personalizado, portatarjetas pump promocional, portatarjetas pump con logo, portatarjetas pump ecuador, portatarjetas pump corporativo, oficina, regalo corporativo ecuador, merchandising quito, productos promocionales guayaquil, ks promocionales, artículos publicitarios"
soporte-para-moviles-eco-bamboo-9919,Soporte Para Móviles Eco Bamboo,Ecología,Soporte Móvil Eco Bamboo Personalizado | Ecuador,48,OK,1,1,Soporte para móviles eco bamboo personalizado. Accesorio sostenible para empresas en Ecuador. Cotiza tu pedido ahora.,117,OK,1,1,0.50,false,"soporte para móviles eco bamboo, soporte para móviles eco bamboo personalizado, soporte para móviles eco bamboo promocional, soporte para móviles eco bamboo con logo, soporte para móviles eco bamboo ecuador, soporte para móviles eco bamboo corporativo, oficina, regalo corporativo ecuador, merchandising quito, productos promocionales guayaquil, ks promocionales, artículos publicitarios"
portatarjetas-pump-bamboo-10360,Portatarjetas Pump Bamboo,Precio Bomba,Portatarjetas Pump Bamboo Personalizado Ecuador,47,OK,1,59,Portatarjetas Pump Bamboo personalizado con tu logo. Ideal para empresas en Ecuador. Cotiza ahora y sorprende a tus clientes.,125,OK,1,1,1.00,false,"portatarjetas pump bamboo, portatarjetas pump bamboo personalizado, portatarjetas pump bamboo promocional, portatarjetas pump bamboo con logo, portatarjetas pump bamboo ecuador, portatarjetas pump bamboo corporativo, tecnologia, regalo corporativo ecuador, merchandising quito, productos promocionales guayaquil, ks promocionales, artículos publicitarios"
speaker-bluetooth-rainbow-8656,Speaker Bluetooth Rainbow,Tecnología,Speaker Bluetooth Rainbow Ecuador | KS Promocionales,52,OK,1,28,Compra Speaker Bluetooth Rainbow promocional. Durabilidad garantizada. Envíos en Ecuador. ¡Cotiza ahora!,104,OK,1,5,1.00,false,
portacelular-plastico-produccion-nacional-8773,Portacelular Plastico - Produccion Nacional,Producción Nacional,Portacelular Plástico Personalizado | Ecuador,45,OK,1,1,Portacelular plástico de producción nacional personalizado con tu logo. Ideal para empresas en Ecuador. ¡Cotiza ahora!,118,OK,1,1,0.50,false,"portacelular plastico - produccion nacional, portacelular plastico - produccion nacional personalizado, portacelular plastico - produccion nacional promocional, portacelular plastico - produccion nacional con logo, portacelular plastico - produccion nacional ecuador, portacelular plastico - produccion nacional corporativo, tecnologia, regalo corporativo ecuador, merchandising quito, productos promocionales guayaquil, ks promocionales, artículos publicitarios"
pulsera-inteligente-gym-9312,Pulsera Inteligente Gym,Médicos,Pulsera Inteligente Gym Personalizada | Ecuador,47,OK,1,82,Fortalece tu marca con Pulseras Inteligentes Gym personalizadas. Obsequia bienestar y productividad a tus clientes en Ecuador. ¡Cotiza ahora!,141,OK,1,1,1.00,false,"pulsera inteligente gym, pulsera inteligente gym personalizado, pulsera inteligente gym promocional, pulsera inteligente gym con logo, pulsera inteligente gym ecuador, pulsera inteligente gym corporativo, variedades, regalo corporativo ecuador, merchandising quito, productos promocionales guayaquil, ks promocionales, artículos publicitarios"
funda-para-moviles-protector-9076,Funda Para Moviles Protector,Variedades,Funda Para Móviles Protectora Personalizada | Ecuador,53,OK,1,1,Protege tus smartphones con fundas personalizadas. Fortalece tu marca en Ecuador. ¡Cotiza ahora y destaca!,106,OK,1,1,1.00,false,
soporte-para-moviles-pilot-9080,Soporte Para Moviles Pilot,Automóvil,Soporte Para Móviles Pilot Personalizado | Ecuador,50,OK,1,1,Soporte para móviles Pilot personalizado para tu marca. Ideal para equipos en carretera en Ecuador. ¡Cotiza ahora tu pedido!,124,OK,1,1,1.00,false,"soporte para moviles pilot, soporte para moviles pilot personalizado, soporte para moviles pilot promocional, soporte para moviles pilot con logo, soporte para moviles pilot ecuador, soporte para moviles pilot corporativo, tecnologia, regalo corporativo ecuador, merchandising quito, productos promocionales guayaquil, ks promocionales, artículos publicitarios"
speaker-bluetooth-rocco-8637,Speaker Bluetooth Rocco,Tecnología,Speaker Bluetooth Rocco Ecuador | KS Promocionales,50,OK,1,28,Speaker Bluetooth Rocco impresión de alta calidad. Ideal para empresas. Envíos en Ecuador. ¡Cotiza ya!,102,OK,1,6,1.00,false,
speaker-bluetooth-barack-bamboo-9413,Speaker Bluetooth Barack Bamboo,Ecología,Speaker Bluetooth Barack Bamboo Ecológico | Ecuador,51,OK,1,5,Speaker Bluetooth Barack Bamboo personalizado y ecológico. Ideal para regalos corporativos. Cotiza ahora en Ecuador con sostenibilidad.,135,OK,1,1,1.00,false,"speaker bluetooth barack bamboo, speaker bluetooth barack bamboo personalizado, speaker bluetooth barack bamboo promocional, speaker bluetooth barack bamboo con logo, speaker bluetooth barack bamboo ecuador, speaker bluetooth barack bamboo corporativo, tecnologia, regalo corporativo ecuador, merchandising quito, productos promocionales guayaquil, ks promocionales, artículos publicitarios"
speaker-bluetooth-bamboo-eco-9723,Speaker Bluetooth Bamboo Eco,Ecología,Speaker Bluetooth Bamboo Eco Personalizado | Ecuador,52,OK,1,614,Conecta con tu audiencia. Personaliza el Speaker Bluetooth Bamboo Eco para clientes VIP en Ecuador. Cotiza hoy mismo.,117,OK,1,1,1.00,false,"speaker bluetooth bamboo eco, speaker bluetooth bamboo eco personalizado, speaker bluetooth bamboo eco promocional, speaker bluetooth bamboo eco con logo, speaker bluetooth bamboo eco ecuador, speaker bluetooth bamboo eco corporativo, tecnologia, regalo corporativo ecuador, merchandising quito, productos promocionales guayaquil, ks promocionales, artículos publicitarios"
speaker-bluetooth-soundbar-9796,Speaker Bluetooth Soundbar,Tecnología,Speaker Bluetooth Soundbar Ecuador | KS,39,OK,1,31,Compra Speaker Bluetooth Soundbar promocional. Diseño moderno. Envíos en Ecuador. ¡Cotiza ahora!,96,OK,1,6,1.00,false,
speaker-bluetooth-lights-eco-9798,Speaker Bluetooth Lights Eco,Tecnología,Speaker Bluetooth Lights Eco Ecuador | KS,41,OK,1,31,Speaker Bluetooth Lights Eco personalizado Ecuador. Durabilidad garantizada. Envíos rápidos. ¡Cotiza!,101,OK,1,6,1.00,false,
speaker-bluetooth-bryson-9801,Speaker Bluetooth Bryson,Ecología,Speaker Bluetooth Bryson Personalizado | Ecuador,48,OK,1,614,Speaker Bluetooth Bryson personalizado para empresas en Ecuador. Cotiza tu dispositivo de audio corporativo con opciones de grabado y branding.,143,OK,1,1,1.00,false,"speaker bluetooth bryson, speaker bluetooth bryson personalizado, speaker bluetooth bryson promocional, speaker bluetooth bryson con logo, speaker bluetooth bryson ecuador, speaker bluetooth bryson corporativo, tecnologia, regalo corporativo ecuador, merchandising quito, productos promocionales guayaquil, ks promocionales, artículos publicitarios"
speaker-bluetooth-retro-bamboo-9923,Speaker Bluetooth Retro Bamboo,Precio Bomba,Speaker Bluetooth Retro Bamboo Personalizado Ecuador,52,OK,1,59,Speaker Bluetooth Retro Bamboo personalizado para empresas. Ideal para regalos corporativos en Ecuador. Cotiza ahora tu pedido.,127,OK,1,1,1.00,false,"speaker bluetooth retro bamboo, speaker bluetooth retro bamboo personalizado, speaker bluetooth retro bamboo promocional, speaker bluetooth retro bamboo con logo, speaker bluetooth retro bamboo ecuador, speaker bluetooth retro bamboo corporativo, tecnologia, regalo corporativo ecuador, merchandising quito, productos promocionales guayaquil, ks promocionales, artículos publicitarios"
speaker-bluetooth-artix-bamboo-9956,Speaker Bluetooth Artix Bamboo,Ecología,Speaker Bluetooth Artix Bamboo Personalizado | Ecuador,54,OK,1,614,Fortalece tu marca con el Speaker Artix Bamboo en Ecuador. Personaliza este regalo ecológico y resalta tu compromiso. ¡Cotiza hoy!,130,OK,1,1,1.00,false,"speaker bluetooth artix bamboo, speaker bluetooth artix bamboo personalizado, speaker bluetooth artix bamboo promocional, speaker bluetooth artix bamboo con logo, speaker bluetooth artix bamboo ecuador, speaker bluetooth artix bamboo corporativo, tecnologia, regalo corporativo ecuador, merchandising quito, productos promocionales guayaquil, ks promocionales, artículos publicitarios"
memoria-usb-carabinero-precio-neto-oferta-4727,Memoria Usb Carabinero Precio Neto - Oferta,Memorias USB,Memoria USB Carabinero - Oferta Personalizada Ecuador,53,OK,1,1,Memoria USB Carabinero personalizada para empresas. Diseño robusto y profesional. Cotiza tu pedido en Ecuador con ofertas especiales.,133,OK,1,1,0.60,false,"memoria usb carabinero precio neto - oferta, memoria usb carabinero precio neto - oferta personalizado, memoria usb carabinero precio neto - oferta promocional, memoria usb carabinero precio neto - oferta con logo, memoria usb carabinero precio neto - oferta ecuador, memoria usb carabinero precio neto - oferta corporativo, oficina, regalo corporativo ecuador, merchandising quito, productos promocionales guayaquil, ks promocionales, artículos publicitarios"
memoria-mini-usb-en-imitacion-cuero-precio-neto-oferta-5277,Memoria Mini Usb en Imitacion Cuero Precio Neto - Oferta,Memorias USB,Memoria Mini USB Imitación Cuero Personalizada Ecuador,54,OK,1,1,Memoria USB cuero personalizada para empresas en Ecuador. Diseño corporativo premium. Cotiza tu pedido hoy con descuentos especiales.,133,OK,1,1,0.57,false,"memoria mini usb en imitacion cuero precio neto - oferta, memoria mini usb en imitacion cuero precio neto - oferta personalizado, memoria mini usb en imitacion cuero precio neto - oferta promocional, memoria mini usb en imitacion cuero precio neto - oferta con logo, memoria mini usb en imitacion cuero precio neto - oferta ecuador, memoria mini usb en imitacion cuero precio neto - oferta corporativo, oficina, regalo corporativo ecuador, merchandising quito, productos promocionales guayaquil, ks promocionales, artículos publicitarios"
memoria-usb-braxton-precio-neto-oferta-7987,Memoria Usb Braxton Precio Neto - Oferta,Memorias USB,Memoria USB Braxton Personalizada | Ecuador,43,OK,1,1,Memoria USB Braxton personalizada para empresas. Cotiza tu oferta en Ecuador. Herramienta corporativa confiable y profesional.,126,OK,1,1,0.40,true,"memoria usb braxton precio neto - oferta, memoria usb braxton precio neto - oferta personalizado, memoria usb braxton precio neto - oferta promocional, memoria usb braxton precio neto - oferta con logo, memoria usb braxton precio neto - oferta ecuador, memoria usb braxton precio neto - oferta corporativo, oficina, regalo corporativo ecuador, merchandising quito, productos promocionales guayaquil, ks promocionales, artículos publicitarios"
memoria-usb-credit-card-zilda-bamboo-precio-neto-9432,Memoria Usb Credit Card Zilda Bamboo Precio Neto,Memorias USB,Memoria USB Credit Card Zilda Bamboo Precio | Ecuador,53,OK,1,1,Personaliza tu Memoria USB Zilda Bamboo para impactar en Ecuador. Un regalo promocional único que realza tu marca. ¡Cotiza ahora!,129,OK,1,1,0.86,false,"memoria usb credit card zilda bamboo precio neto, memoria usb credit card zilda bamboo precio neto personalizado, memoria usb credit card zilda bamboo precio neto promocional, memoria usb credit card zilda bamboo precio neto con logo, memoria usb credit card zilda bamboo precio neto ecuador, memoria usb credit card zilda bamboo precio neto corporativo, oficina, regalo corporativo ecuador, merchandising quito, productos promocionales guayaquil, ks promocionales, artículos publicitarios"
memoria-usb-eco-precio-neto-oferta-7254,Memoria Usb Eco Precio Neto -oferta,Memorias USB,Memoria USB Eco Personalizada | Ecuador,39,OK,1,1,Memoria USB Eco personalizada para empresas. Herramienta profesional para compartir información en Ecuador. Cotiza tu pedido hoy mismo.,135,OK,1,1,0.25,true,"memoria usb eco precio neto -oferta, memoria usb eco precio neto -oferta personalizado, memoria usb eco precio neto -oferta promocional, memoria usb eco precio neto -oferta con logo, memoria usb eco precio neto -oferta ecuador, memoria usb eco precio neto -oferta corporativo, oficina, regalo corporativo ecuador, merchandising quito, productos promocionales guayaquil, ks promocionales, artículos publicitarios"
alcancia-mini-piggy-5134,Alcancia Mini Piggy,Infantil,Alcancía Mini Piggy Personalizada | Regalos Ecuador,51,OK,1,1,Personaliza tu Alcancía Mini Piggy como regalo promocional en Ecuador. Asocia tu marca con valores de futuro y bienestar. ¡Cotiza ahora!,136,OK,1,1,1.00,false,"alcancia mini piggy, alcancia mini piggy personalizado, alcancia mini piggy promocional, alcancia mini piggy con logo, alcancia mini piggy ecuador, alcancia mini piggy corporativo, variedades, regalo corporativo ecuador, merchandising quito, productos promocionales guayaquil, ks promocionales, artículos publicitarios"
alcancia-hippo-5910,Alcancia Hippo,Infantil,Alcancía Hippo Personalizada | Regalos Promocionales Ecuador,60,OK,1,1,Personaliza la Alcancía Hippo en Ecuador. Un detalle único y emotivo para clientes y colaboradores. ¡Cotiza tu diseño hoy!,122,OK,1,1,1.00,false,
alcancia-mini-cerdito-cristal-produccion-nacional-6032,Alcancia Mini Cerdito Cristal - Producción Nacional,Infantil,Alcancía Mini Cerdito Cristal - Personalizada | Ecuador,55,OK,1,1,Capta la atención con alcancías mini cerdito cristal personalizadas. Ideales para marketing en Ecuador. ¡Cotiza tu diseño único hoy!,132,OK,1,1,0.67,false,"alcancia mini cerdito cristal - producción nacional, alcancia mini cerdito cristal - producción nacional personalizado, alcancia mini cerdito cristal - producción nacional promocional, alcancia mini cerdito cristal - producción nacional con logo, alcancia mini cerdito cristal - producción nacional ecuador, alcancia mini cerdito cristal - producción nacional corporativo, variedades, regalo corporativo ecuador, merchandising quito, productos promocionales guayaquil, ks promocionales, artículos publicitarios"
alcancia-piggy-produccion-nacional-2868,Alcancia Piggy - Producción Nacional,Infantil,Alcancía Piggy Promocional Personalizada | Ecuador,50,OK,1,1,Fortalece tu marca con Alcancías Piggy personalizadas para empresas. Un regalo estratégico en Ecuador. ¡Cotiza ahora y destaca!,127,OK,1,1,0.50,false,"alcancia piggy - producción nacional, alcancia piggy - producción nacional personalizado, alcancia piggy - producción nacional promocional, alcancia piggy - producción nacional con logo, alcancia piggy - producción nacional ecuador, alcancia piggy - producción nacional corporativo, variedades, regalo corporativo ecuador, merchandising quito, productos promocionales guayaquil, ks promocionales, artículos publicitarios"
alcancia-flex-produccion-nacional-7578,Alcancia Flex - Producción Nacional,Producción Nacional,Alcancia Flex Personalizada | Ecuador,37,OK,1,1,Alcancia Flex personalizada con tu logo. Producción nacional en Ecuador. Cotiza tu pedido hoy y refuerza la marca con tus clientes.,131,OK,1,1,0.50,false,"alcancia flex - producción nacional, alcancia flex - producción nacional personalizado, alcancia flex - producción nacional promocional, alcancia flex - producción nacional con logo, alcancia flex - producción nacional ecuador, alcancia flex - producción nacional corporativo, variedades, regalo corporativo ecuador, merchandising quito, productos promocionales guayaquil, ks promocionales, artículos publicitarios"
alcancia-estrella-16cm-produccion-nacional-7768,Alcancía Estrella 16cm - Produccion Nacional,Producción Nacional,Alcancía Estrella 16cm Nacional Personalizada | Ecuador,55,OK,1,1,Personaliza la Alcancía Estrella de 16cm en Ecuador. Un detalle único para tu marca. ¡Solicita tu cotización ahora!,115,OK,1,1,0.80,false,"alcancía estrella 16cm - produccion nacional, alcancía estrella 16cm - produccion nacional personalizado, alcancía estrella 16cm - produccion nacional promocional, alcancía estrella 16cm - produccion nacional con logo, alcancía estrella 16cm - produccion nacional ecuador, alcancía estrella 16cm - produccion nacional corporativo, variedades, regalo corporativo ecuador, merchandising quito, productos promocionales guayaquil, ks promocionales, artículos publicitarios"
bola-antiestres-tricolor-5877,Bola Antiestrés Tricolor,Antiestrés,Bola Antiestrés Tricolor Personalizada | Ecuador,48,OK,1,82,Alivia el estrés con nuestra Bola Antiestrés Tricolor personalizada. Ideal para empresas en Ecuador. ¡Cotiza tu diseño hoy!,123,OK,1,1,1.00,false,"bola antiestrés tricolor, bola antiestrés tricolor personalizado, bola antiestrés tricolor promocional, bola antiestrés tricolor con logo, bola antiestrés tricolor ecuador, bola antiestrés tricolor corporativo, variedades, regalo corporativo ecuador, merchandising quito, productos promocionales guayaquil, ks promocionales, artículos publicitarios"
corazon-antiestres-3650,Corazon Antiestres,Antiestrés,Corazón Antiestrés Personalizado | Ecuador,42,OK,1,1,Personaliza tu corazón antiestrés con el logo de tu marca en Ecuador. Un regalo promocional que alivia el estrés y conecta emocionalmente. ¡Cotiza ahora!,153,OK,1,1,1.00,false,"corazon antiestres, corazon antiestres personalizado, corazon antiestres promocional, corazon antiestres con logo, corazon antiestres ecuador, corazon antiestres corporativo, variedades, regalo corporativo ecuador, merchandising quito, productos promocionales guayaquil, ks promocionales, artículos publicitarios"
bola-antiestres-neon-63cm-1213,Bola Antiestrés Neón 6.3cm,Antiestrés,Bola Antiestrés Neón 6.3cm Personalizado Ecuador,48,OK,1,59,Bola Antiestrés Neón personalizada para empresas. Alivia tensión y promociona tu marca. Disponible en Ecuador. ¡Cotiza ahora!,125,OK,1,1,1.00,false,"bola antiestrés neón 6.3cm, bola antiestrés neón 6.3cm personalizado, bola antiestrés neón 6.3cm promocional, bola antiestrés neón 6.3cm con logo, bola antiestrés neón 6.3cm ecuador, bola antiestrés neón 6.3cm corporativo, variedades, regalo corporativo ecuador, merchandising quito, productos promocionales guayaquil, ks promocionales, artículos publicitarios"
llavero-antiestres-ball-1216,Llavero Antiestrés Ball,Antiestrés,Llavero Antiestrés Ball Personalizado | Ecuador,47,OK,1,614,Sorprende con llaveros antiestrés personalizados en Ecuador. Un regalo práctico y promocional. ¡Cotiza ahora y relaja a tus clientes!,133,OK,1,1,1.00,false,"llavero antiestrés ball, llavero antiestrés ball personalizado, llavero antiestrés ball promocional, llavero antiestrés ball con logo, llavero antiestrés ball ecuador, llavero antiestrés ball corporativo, variedades, regalo corporativo ecuador, merchandising quito, productos promocionales guayaquil, ks promocionales, artículos publicitarios"
gota-antiestres-7597,Gota Antiestrés,Antiestrés,Gota Antiestrés Personalizada | KS Promocionales Ecuador,56,OK,1,2,Ofrece un respiro con gotas antiestrés personalizadas. El regalo corporativo ideal para reducir el estrés en tu empresa en Ecuador. ¡Cotiza hoy!,144,OK,1,1,1.00,false,"gota antiestrés, gota antiestrés personalizado, gota antiestrés promocional, gota antiestrés con logo, gota antiestrés ecuador, gota antiestrés corporativo, variedades, regalo corporativo ecuador, merchandising quito, productos promocionales guayaquil, ks promocionales, artículos publicitarios"
soporte-para-moviles-antiestres-10158,Soporte Para Móviles Antiestrés,Antiestrés,Soporte Móvil Antiestrés Personalizado | Ecuador,48,OK,1,1,Soportes para móviles antiestrés personalizados en Ecuador. Combina funcionalidad y bienestar. Cotiza ahora para tu empresa.,124,OK,1,1,0.50,false,"soporte para móviles antiestrés, soporte para móviles antiestrés personalizado, soporte para móviles antiestrés promocional, soporte para móviles antiestrés con logo, soporte para móviles antiestrés ecuador, soporte para móviles antiestrés corporativo, variedades, regalo corporativo ecuador, merchandising quito, productos promocionales guayaquil, ks promocionales, artículos publicitarios"
bola-pop-it-10160,Bola Pop it,Antiestrés,Bola Pop It Personalizada | Antiestrés para Empresas Ecuador,60,OK,1,1,Personaliza tu Bola Pop It para aliviar el estrés en tu empresa en Ecuador. ¡Cotiza ahora y sorprende a tu equipo y clientes!,125,OK,1,1,1.00,false,"bola pop it, bola pop it personalizado, bola pop it promocional, bola pop it con logo, bola pop it ecuador, bola pop it corporativo, variedades, regalo corporativo ecuador, merchandising quito, productos promocionales guayaquil, ks promocionales, artículos publicitarios"
estuche-multiusos-en-silicona-kamelot-6913,Estuche Multiusos en Silicona Kamelot,Infantil,Estuche Multiusos Silicona Kamelot | Ecuador,44,OK,1,1,Estuche Multiusos en Silicona Kamelot personalizado para regalos promocionales. Cotiza tu pedido en Ecuador con diseño único.,125,OK,1,1,1.00,false,"estuche multiusos en silicona kamelot, estuche multiusos en silicona kamelot personalizado, estuche multiusos en silicona kamelot promocional, estuche multiusos en silicona kamelot con logo, estuche multiusos en silicona kamelot ecuador, estuche multiusos en silicona kamelot corporativo, variedades, regalo corporativo ecuador, merchandising quito, productos promocionales guayaquil, ks promocionales, artículos publicitarios"
mini-set-de-colores-x-12-unidades-5688,Mini Set de Colores x 12 Unidades,Infantil,Mini Set de Colores x 12 Unidades Personalizado | Ecuador,57,OK,1,614,Personaliza tu Mini Set de Colores en Ecuador. Un detalle único que fortalece tu marca. ¡Solicita tu cotización ahora!,118,OK,1,1,1.00,false,"mini set de colores x 12 unidades, mini set de colores x 12 unidades personalizado, mini set de colores x 12 unidades promocional, mini set de colores x 12 unidades con logo, mini set de colores x 12 unidades ecuador, mini set de colores x 12 unidades corporativo, variedades, regalo corporativo ecuador, merchandising quito, productos promocionales guayaquil, ks promocionales, artículos publicitarios"
set-de-colores-cartoon-3441,Set de Colores Cartoon,Infantil,Set de Colores Cartoon Personalizado | Ecuador,46,OK,1,614,Personaliza sets de colores Cartoon para niños en Ecuador. Construye relaciones familiares duraderas con promocionales creativos. ¡Cotiza ahora!,144,OK,1,1,1.00,false,
set-de-colores-x-6-1510,Set de Colores x 6,Infantil,Set de Colores x 6 Personalizado | Promocionales Ecuador,56,OK,1,49,Impulsa tu marca con sets de colores personalizados en Ecuador. Regalos promocionales infantiles únicos y memorables. ¡Cotiza hoy!,130,OK,1,1,1.00,false,
set-dony-4962,Set Dony,Infantil,Set Dony Personalizado | Regalo Infantil en Ecuador,51,OK,1,1,"Personaliza el Set Dony, el regalo ideal para niños en Ecuador. Humaniza tu marca y construye relaciones sólidas. ¡Cotiza ahora!",128,OK,1,1,1.00,false,
set-de-crayolas-x-6-5436,Set de Crayolas x 6,Infantil,Set de Crayolas x 6 Personalizado | Promocionales Ecuador,57,OK,1,49,Crayolas personalizadas para niños. Fortalece lazos emocionales con regalos únicos en Ecuador. ¡Cotiza tu pedido hoy!,117,OK,1,1,1.00,false,"set de crayolas x 6, set de crayolas x 6 personalizado, set de crayolas x 6 promocional, set de crayolas x 6 con logo, set de crayolas x 6 ecuador, set de crayolas x 6 corporativo, variedades, regalo corporativo ecuador, merchandising quito, productos promocionales guayaquil, ks promocionales, artículos publicitarios"
set-crayolas-dexter-7592,Set Crayolas Dexter,Variedades,Set Crayolas Dexter Personalizado | Promocionales Ecuador,57,OK,1,49,Crayolas Dexter personalizadas para empresas en Ecuador. Demuestra aprecio a tus clientes y colaboradores. ¡Cotiza tu diseño hoy!,129,OK,1,1,1.00,false,
sporty-bag-kidz-con-diseno-8179,Sporty Bag Kidz Con Diseño,Infantil,Sporty Bag Kidz Diseño Personalizado | Promocionales Ecuador,60,OK,1,1,Fortalece la lealtad de tus clientes en Ecuador. Personaliza Sporty Bag Kidz y crea conexiones duraderas. ¡Cotiza hoy mismo!,124,OK,1,1,1.00,false,"sporty bag kidz con diseño, sporty bag kidz con diseño personalizado, sporty bag kidz con diseño promocional, sporty bag kidz con diseño con logo, sporty bag kidz con diseño ecuador, sporty bag kidz con diseño corporativo, variedades, regalo corporativo ecuador, merchandising quito, productos promocionales guayaquil, ks promocionales, artículos publicitarios"
mini-monedero-en-silicona-6241,Mini Monedero en Silicona,Variedades,Mini Monedero Silicona Personalizado | Ecuador,46,OK,1,1,Impulsa tu marca con mini monederos de silicona personalizados en Ecuador. Ideal para promociones. ¡Cotiza el tuyo ahora!,121,OK,1,1,1.00,false,
estuche-multifuncion-produccion-nacional-2874,Estuche Multifunción - Producción Nacional,Juegos,Estuche Multifunción Personalizado - Producción Nacional Ecuador,64,OK,1,1,"Estuche multifunción personalizable, ideal para marketing y RRHH en Ecuador. Cotiza hoy y deja una huella memorable en tus clientes.",132,OK,1,1,1.00,false,"estuche multifunción - producción nacional, estuche multifunción - producción nacional personalizado, estuche multifunción - producción nacional promocional, estuche multifunción - producción nacional con logo, estuche multifunción - producción nacional ecuador, estuche multifunción - producción nacional corporativo, variedades, regalo corporativo ecuador, merchandising quito, productos promocionales guayaquil, ks promocionales, artículos publicitarios"
cosmetiquera-monroe-8233,Cosmetiquera Monroe,Cuidado Personal,Cosmetiquera Monroe Personalizada | Promocionales Ecuador,57,OK,1,21,Cosmetiquera Monroe personalizable para empresas en Ecuador. Impulsa tu marca con regalos corporativos únicos. ¡Cotiza tu pedido hoy mismo!,139,OK,1,1,1.00,false,"cosmetiquera monroe, cosmetiquera monroe personalizado, cosmetiquera monroe promocional, cosmetiquera monroe con logo, cosmetiquera monroe ecuador, cosmetiquera monroe corporativo, variedades, regalo corporativo ecuador, merchandising quito, productos promocionales guayaquil, ks promocionales, artículos publicitarios"
cosmetiquera-farrow-8898,Cosmetiquera Farrow,Maletines,Cosmetiquera Farrow Personalizada | Ecuador,43,OK,1,82,"Personaliza tu Cosmetiquera Farrow en Ecuador. Ideal para tu marca, este accesorio versátil refuerza tu presencia diaria. ¡Cotiza hoy!",134,OK,1,1,1.00,false,"cosmetiquera farrow, cosmetiquera farrow personalizado, cosmetiquera farrow promocional, cosmetiquera farrow con logo, cosmetiquera farrow ecuador, cosmetiquera farrow corporativo, variedades, regalo corporativo ecuador, merchandising quito, productos promocionales guayaquil, ks promocionales, artículos publicitarios"
organizador-cosmet-9604,Organizador Cosmet,Maletines,Organizador Cosmet Personalizado | Promocionales Ecuador,56,OK,1,49,Estuche multiusos personalizable para potenciar tu marca en Ecuador. Diseño elegante para eventos y viajes de negocios. ¡Cotiza hoy!,132,OK,1,1,1.00,false,"organizador cosmet, organizador cosmet personalizado, organizador cosmet promocional, organizador cosmet con logo, organizador cosmet ecuador, organizador cosmet corporativo, variedades, regalo corporativo ecuador, merchandising quito, productos promocionales guayaquil, ks promocionales, artículos publicitarios"
aplausometro-redondo-produccion-nacional-5685,Aplausometro Redondo - Producción Nacional,Infantil,Aplausómetro Redondo Personalizado | Ecuador,44,OK,1,1,Eleva tus eventos con el Aplausómetro Redondo personalizado. Ideal para conectar en Ecuador. ¡Cotiza tu diseño exclusivo!,121,OK,1,1,0.50,false,"aplausometro redondo - producción nacional, aplausometro redondo - producción nacional personalizado, aplausometro redondo - producción nacional promocional, aplausometro redondo - producción nacional con logo, aplausometro redondo - producción nacional ecuador, aplausometro redondo - producción nacional corporativo, variedades, regalo corporativo ecuador, merchandising quito, productos promocionales guayaquil, ks promocionales, artículos publicitarios"
aplausometro-triangular-produccion-nacional-5686,Aplausometro Triangular - Producción Nacional,Infantil,Aplausómetro Triangular Personalizado | Promocionales Ecuador,61,OK,1,1,Dinamiza tus eventos con el Aplausómetro Triangular personalizado. Ideal para ferias y lanzamientos en Ecuador. ¡Cotiza el tuyo hoy!,132,OK,1,1,0.50,false,"aplausometro triangular - producción nacional, aplausometro triangular - producción nacional personalizado, aplausometro triangular - producción nacional promocional, aplausometro triangular - producción nacional con logo, aplausometro triangular - producción nacional ecuador, aplausometro triangular - producción nacional corporativo, variedades, regalo corporativo ecuador, merchandising quito, productos promocionales guayaquil, ks promocionales, artículos publicitarios"
matraca-sencilla-produccion-nacional-5684,Matraca Sencilla - Producción Nacional,Infantil,Matraca Sencilla Personalizada | Ecuador,40,OK,1,1,"Descubre la Matraca Sencilla personalizada para eventos. Ideal para activaciones en Ecuador, un embajador de marca vibrante. ¡Cotiza tu pedido hoy!",147,OK,1,1,0.50,false,"matraca sencilla - producción nacional, matraca sencilla - producción nacional personalizado, matraca sencilla - producción nacional promocional, matraca sencilla - producción nacional con logo, matraca sencilla - producción nacional ecuador, matraca sencilla - producción nacional corporativo, variedades, regalo corporativo ecuador, merchandising quito, productos promocionales guayaquil, ks promocionales, artículos publicitarios"
corneta-stadium-produccion-nacional-5765,Corneta Stadium - Producción Nacional,Infantil,Corneta Stadium Personalizada | Ecuador,39,OK,1,1,Corneta Stadium personalizada con tu logo. Perfecta para eventos deportivos. Cotiza ahora en Ecuador. Producción nacional de calidad.,133,OK,1,1,0.50,false,"corneta stadium - producción nacional, corneta stadium - producción nacional personalizado, corneta stadium - producción nacional promocional, corneta stadium - producción nacional con logo, corneta stadium - producción nacional ecuador, corneta stadium - producción nacional corporativo, variedades, regalo corporativo ecuador, merchandising quito, productos promocionales guayaquil, ks promocionales, artículos publicitarios"
aplausometro-manos-produccion-nacional-6034,Aplausometro Manos - Produccion Nacional,Infantil,Aplausometro Manos Personalizado | Ecuador,42,OK,1,1,Aplausometro Manos personalizado para eventos corporativos. Celebra logros y motiva equipos. Cotiza ahora en Ecuador.,117,OK,1,1,0.50,false,"aplausometro manos - produccion nacional, aplausometro manos - produccion nacional personalizado, aplausometro manos - produccion nacional promocional, aplausometro manos - produccion nacional con logo, aplausometro manos - produccion nacional ecuador, aplausometro manos - produccion nacional corporativo, variedades, regalo corporativo ecuador, merchandising quito, productos promocionales guayaquil, ks promocionales, artículos publicitarios"
gafas-fashion-6240,Gafas Fashion,Bicicleta,Gafas Fashion Ciclismo Personalizadas | Ecuador,47,OK,1,1,Proyecta tu marca con nuestras Gafas Fashion personalizables. Un símbolo de estilo y energía para empresas en Ecuador. ¡Cotiza hoy mismo!,137,OK,1,1,1.00,false,
gafas-gambler-7587,Gafas Gambler,Deportes,Gafas Gambler Personalizadas | Promocionales en Ecuador,55,OK,1,1,Impulsa tu marca con Gafas Gambler personalizadas en Ecuador. Herramienta promocional efectiva para clientes y colaboradores. ¡Cotiza ahora!,140,OK,1,1,1.00,false,
gafas-kilpan-eco-9441,Gafas Kilpan Eco,EcoNature,Gafas Kilpan Eco Personalizadas | Promocionales Ecuador,55,OK,1,2,Personaliza Gafas Kilpan Eco para tu marca en Ecuador. Un detalle sostenible y útil para tus clientes y colaboradores. ¡Cotiza ahora!,133,OK,1,1,1.00,false,"gafas kilpan eco, gafas kilpan eco personalizado, gafas kilpan eco promocional, gafas kilpan eco con logo, gafas kilpan eco ecuador, gafas kilpan eco corporativo, variedades, regalo corporativo ecuador, merchandising quito, productos promocionales guayaquil, ks promocionales, artículos publicitarios"
mouse-pad-con-cargador-inalambrico-slim-15w-9994,Mouse Pad Con Cargador Inalámbrico Slim 15w,Tecnología,Mouse Pad Con Cargador Inalámbrico Slim 15w | Ecuador,53,OK,1,52,Personaliza tu Mouse Pad con Cargador Inalámbrico Slim 15w. Ideal para empresas en Ecuador. ¡Cotiza ahora y optimiza tu espacio de trabajo!,139,OK,1,1,1.00,false,"mouse pad con cargador inalámbrico slim 15w, mouse pad con cargador inalámbrico slim 15w personalizado, mouse pad con cargador inalámbrico slim 15w promocional, mouse pad con cargador inalámbrico slim 15w con logo, mouse pad con cargador inalámbrico slim 15w ecuador, mouse pad con cargador inalámbrico slim 15w corporativo, variedades, regalo corporativo ecuador, merchandising quito, productos promocionales guayaquil, ks promocionales, artículos publicitarios"
portarretrato-cork-10530,Portarretrato Cork,Hogar,Portarretrato Cork Personalizado | Regalos Corporativos Ecuador,63,OK,1,30,Personaliza tu Portarretrato Cork con tu logo. Crea conexiones duraderas con tus clientes en Ecuador. ¡Cotiza tu pedido hoy!,124,OK,1,1,1.00,false,
portarretrato-verena-11126,Portarretrato Verena,Hogar,Portarretrato Verena Personalizado | Regalo Corporativo Ecuador,63,OK,1,8,Personaliza el Portarretrato Verena para tu marca en Ecuador. Un regalo corporativo emotivo que fortalece conexiones. ¡Cotiza ahora!,132,OK,1,1,1.00,false,
silla-plegable-1557,Silla Plegable,Hogar,Silla Plegable Personalizada | Ecuador,38,OK,1,82,Silla plegable personalizada con tu logo. Ideal para eventos y regalos corporativos. Cotiza ahora en Ecuador con KS Promocionales.,130,OK,1,1,1.00,false,"silla plegable, silla plegable personalizado, silla plegable promocional, silla plegable con logo, silla plegable ecuador, silla plegable corporativo, variedades, regalo corporativo ecuador, merchandising quito, productos promocionales guayaquil, ks promocionales, artículos publicitarios"
silla-camp-importada-7682,Silla Camp Importada,Precio Bomba,Silla Camp Importada | Personalizada para Ecuador,49,OK,1,1,Silla Camp Importada: Refuerza tu marca con personalización. Perfecta para eventos en Ecuador. ¡Cotiza tu pedido hoy mismo!,123,OK,1,1,1.00,false,"silla camp importada, silla camp importada personalizado, silla camp importada promocional, silla camp importada con logo, silla camp importada ecuador, silla camp importada corporativo, variedades, regalo corporativo ecuador, merchandising quito, productos promocionales guayaquil, ks promocionales, artículos publicitarios"
abanico-con-mango-stick-produccion-nacional-5382,Abanico Con Mango Stick (producción Nacional),EcoNature,Abanico Con Mango Stick Personalizado | Ecuador,47,OK,1,1,Abanicos con mango stick personalizados para eventos en Ecuador. Comodidad y promoción para tus clientes. ¡Cotiza ya!,117,OK,1,1,0.60,false,"abanico con mango stick (producción nacional), abanico con mango stick (producción nacional) personalizado, abanico con mango stick (producción nacional) promocional, abanico con mango stick (producción nacional) con logo, abanico con mango stick (producción nacional) ecuador, abanico con mango stick (producción nacional) corporativo, variedades, regalo corporativo ecuador, merchandising quito, productos promocionales guayaquil, ks promocionales, artículos publicitarios"
abanico-finger-produccion-nacional-5377,Abanico Finger (producción Nacional),EcoNature,Abanico Finger Personalizado para Empresas | Ecuador,52,OK,1,1,Abanicos Finger promocionales personalizados con tu marca. Ideales para eventos en Ecuador. Cotiza hoy mismo y potencia tu visibilidad.,135,OK,1,1,0.50,false,"abanico finger (producción nacional), abanico finger (producción nacional) personalizado, abanico finger (producción nacional) promocional, abanico finger (producción nacional) con logo, abanico finger (producción nacional) ecuador, abanico finger (producción nacional) corporativo, variedades, regalo corporativo ecuador, merchandising quito, productos promocionales guayaquil, ks promocionales, artículos publicitarios"
abanico-2697,Abanico,Tecnología,Abanico Ecuador | KS Promocionales,34,OK,1,28,Compra Abanico promocional. Durabilidad garantizada. Envíos en Ecuador. ¡Cotiza ahora!,86,OK,1,5,1.00,false,
abanico-plegable-frisbee-flexible-7577,Abanico Plegable / Frisbee Flexible,Deportes,Abanico Plegable Frisbee Flexible Personalizado | Ecuador,57,OK,1,1,Personaliza tu Abanico Plegable / Frisbee Flexible para campañas en Ecuador. ¡Cotiza ahora y destaca tu marca!,110,OK,1,1,1.00,false,"abanico plegable / frisbee flexible, abanico plegable / frisbee flexible personalizado, abanico plegable / frisbee flexible promocional, abanico plegable / frisbee flexible con logo, abanico plegable / frisbee flexible ecuador, abanico plegable / frisbee flexible corporativo, variedades, regalo corporativo ecuador, merchandising quito, productos promocionales guayaquil, ks promocionales, artículos publicitarios"
ventilador-usb-heat-9812,Ventilador Usb Heat,Tecnología,Ventilador USB Heat Personalizado | Ecuador,43,OK,1,614,Mejora el bienestar en tu oficina con el Ventilador USB Heat personalizado. Solicita tu cotización para Ecuador.,112,OK,1,1,1.00,false,"ventilador usb heat, ventilador usb heat personalizado, ventilador usb heat promocional, ventilador usb heat con logo, ventilador usb heat ecuador, ventilador usb heat corporativo, variedades, regalo corporativo ecuador, merchandising quito, productos promocionales guayaquil, ks promocionales, artículos publicitarios"
mini-ventilador-usb-de-escritorio-ii-8659,Mini Ventilador Usb de Escritorio ii,Oficina,Mini Ventilador USB Escritorio ii Personalizado | Ecuador,57,OK,1,1,Refresca tu marca con un Mini Ventilador USB personalizado. Ideal para regalos corporativos en Ecuador. ¡Cotiza ahora!,118,OK,1,1,1.00,false,"mini ventilador usb de escritorio ii, mini ventilador usb de escritorio ii personalizado, mini ventilador usb de escritorio ii promocional, mini ventilador usb de escritorio ii con logo, mini ventilador usb de escritorio ii ecuador, mini ventilador usb de escritorio ii corporativo, variedades, regalo corporativo ecuador, merchandising quito, productos promocionales guayaquil, ks promocionales, artículos publicitarios"
ventilador-hook-10472,Ventilador Hook,Tecnología,Ventilador Hook Personalizado | Ecuador,39,OK,1,614,Ventilador Hook personalizado para tu marca. Ideal para home office o viajes en Ecuador. Cotiza tu producto promocional ahora.,126,OK,1,1,1.00,false,
trolley-morral-backpack-dilbert-6926,Trolley Morral Backpack Dilbert,Precio Bomba,Trolley Morral Backpack Dilbert Personalizado | Ecuador,55,OK,1,614,Trolley Morral Dilbert personalizable en Ecuador. Ideal para profesionales en movimiento. ¡Cotiza para tu empresa!,114,OK,1,1,1.00,false,"trolley morral backpack dilbert, trolley morral backpack dilbert personalizado, trolley morral backpack dilbert promocional, trolley morral backpack dilbert con logo, trolley morral backpack dilbert ecuador, trolley morral backpack dilbert corporativo, variedades, regalo corporativo ecuador, merchandising quito, productos promocionales guayaquil, ks promocionales, artículos publicitarios"
pesa-de-viaje-digital-6262,Pesa de Viaje Digital,Variedades,Pesa de Viaje Digital Personalizada | Ecuador,45,OK,1,82,Ofrece un regalo práctico y personalizado. Cotiza tu Pesa de Viaje Digital para clientes y colaboradores en Ecuador. ¡Impacta con tu marca!,139,OK,1,1,1.00,false,
estuche-para-moviles-flex-waterproof-10889,Estuche Para Móviles Flex Waterproof,Automóvil,Estuche Móvil Flex Waterproof | Ecuador,39,OK,1,1,Estuche waterproof personalizado para proteger tu móvil. Disponible en Ecuador. Cotiza hoy y equipa a tu equipo corporativo.,124,OK,1,1,0.60,false,"estuche para móviles flex waterproof, estuche para móviles flex waterproof personalizado, estuche para móviles flex waterproof promocional, estuche para móviles flex waterproof con logo, estuche para móviles flex waterproof ecuador, estuche para móviles flex waterproof corporativo, tecnologia, regalo corporativo ecuador, merchandising quito, productos promocionales guayaquil, ks promocionales, artículos publicitarios"
panos-humedos-antibacterial-60und-6753,Paños Humedos Antibacterial 60und,Precio Bomba,Paños Húmedos Antibacterial 60un Personalizados | Ecuador,57,OK,1,1,Personaliza tus paños húmedos antibacteriales para promociones en Ecuador. Ofrece bienestar y marca tu presencia. ¡Cotiza ahora!,128,OK,1,1,0.75,false,"paños humedos antibacterial 60und, paños humedos antibacterial 60und personalizado, paños humedos antibacterial 60und promocional, paños humedos antibacterial 60und con logo, paños humedos antibacterial 60und ecuador, paños humedos antibacterial 60und corporativo, variedades, regalo corporativo ecuador, merchandising quito, productos promocionales guayaquil, ks promocionales, artículos publicitarios"
termo-viajero-calientito-tu-companero-ideal-9707,Termo Viajero Calientito: Tu Compañero Ideal,Termos Personalizados,Termo Personalizado 450ml Ecuador | Calientito Logo Empresa,59,OK,1,1,Termo personalizado de 450ml con grabado de logo. Mantiene bebidas calientes horas. Ideal regalos corporativos y promociones empresariales Ecuador.,147,OK,1,1,0.20,true,
set-de-herramientas-con-lampara-led-10250,Set de Herramientas Con Lámpara Led,Precio Bomba,Set de Herramientas Con Lámpara Led | Ecuador,45,OK,1,52,Set de Herramientas con Lámpara LED personalizado para tu marca. Ideal para regalos corporativos en Ecuador. ¡Cotiza ahora!,123,OK,1,1,1.00,false,"set de herramientas con lámpara led, set de herramientas con lámpara led personalizado, set de herramientas con lámpara led promocional, set de herramientas con lámpara led con logo, set de herramientas con lámpara led ecuador, set de herramientas con lámpara led corporativo, herramientas, regalo corporativo ecuador, merchandising quito, productos promocionales guayaquil, ks promocionales, artículos publicitarios"
set-ml-422-rpet-nuevo-13557,Set Ml-422 Rpet Nuevo[más],Master Line,Set ML-422 RPET Nuevo Personalizado | Ecuador,45,OK,1,1,Personaliza tu Set ML-422 RPET Nuevo para tu empresa en Ecuador. Refuerza tu marca con un regalo sostenible. ¡Cotiza ahora!,123,OK,1,1,0.67,false,
set-ml-421-rpet-nuevo-13558,Set Ml-421 Rpet Nuevo[más],Master Line,Set ML-421 RPET Nuevo Personalizado | Ecuador,45,OK,1,1,"Impacta con el Set ML-421 RPET Nuevo, el regalo corporativo ecológico perfecto para tu marca en Ecuador. ¡Cotiza tu personalización hoy!",136,OK,1,1,0.67,false,
caja-de-te-produccion-nacional-7415,Caja de te - Produccion Nacional - Precio Bomba[más],Precio Bomba,Caja de Té Personalizada | Producción Nacional | Ecuador,56,OK,1,1,"Cajas de té personalizadas, un detalle único para tus clientes o colaboradores en Ecuador. Cotiza hoy tus productos promocionales de alta calidad.",146,OK,1,1,0.60,false,
domino-grande-ver-estuche-produccion-nacional-5291,Domino Grande (ver Estuche Produccion Nacional)[más],Juegos,Domino Grande Personalizado para Empresas | Ecuador,51,OK,1,1,"Domino Grande personalizado, ideal para empresas en Ecuador. Fortalece equipos y crea momentos memorables. ¡Cotiza tu diseño exclusivo hoy!",139,OK,1,1,0.33,true,
minidomino-produccion-nacional-2789,Minidominó - Produccion Nacional[más],Juegos,Minidominó Personalizado para Empresas | Ecuador,48,OK,1,1,Transforma tu branding con minidominós personalizados para eventos corporativos en Ecuador. ¡Cotiza tu diseño exclusivo hoy mismo!,130,OK,1,1,0.33,true,
frisbee-enjoy-produccion-nacional-5245,Frisbee Enjoy - Produccion Nacional[más],Juegos,Frisbee Enjoy Personalizado | Ecuador,37,OK,1,1,Frisbees Enjoy personalizados para tu marca en Ecuador. Ideales para marketing y bienestar corporativo. ¡Cotiza tu pedido hoy!,126,OK,1,1,0.50,false,
frisbee-original-produccion-nacional-2866,Frisbee Original - Producción Nacional[más],Juegos,Frisbee Original Personalizado | Ecuador,40,OK,1,1,Personaliza tu Frisbee Original de producción nacional. Proyecta diversión y marca en Ecuador. ¡Cotiza tu diseño exclusivo hoy mismo!,133,OK,1,1,0.50,false,
frisbee-dinamo-produccion-nacional-2864,Frisbee Dínamo - Producción Nacional[más],Juegos,Frisbee Dínamo Personalizado | Marketing en Ecuador,51,OK,1,1,Impulsa tu marca con el Frisbee Dínamo personalizado. Herramienta estratégica para marketing en Ecuador. ¡Cotiza tu pedido hoy!,127,OK,1,1,0.50,false,
juego-portatil-produccion-nacional-7685,Juego Portatil - Producción Nacional[más],Juegos,Juego Portátil Personalizado - Producción Nacional | Ecuador,60,OK,1,1,Conecta en Ecuador con nuestro Juego Portátil personalizado. Ideal para clientes y colaboradores. ¡Cotiza tu diseño exclusivo hoy mismo!,136,OK,1,1,0.75,false,
frisbee-flexible-produccion-nacional-2865,Frisbee Flexible - Produccion Nacional[más],Juegos,Frisbee Flexible Promocional Personalizado | Ecuador,52,OK,1,1,Personaliza tu frisbee flexible con el logo de tu marca. Ideal para eventos y marketing en Ecuador. ¡Cotiza ahora y destaca!,124,OK,1,1,0.50,false,
frisbee-aero-produccion-nacional-8028,Frisbee Aero - Producción Nacional[más],Juegos,Frisbee Aero Personalizado | Promocionales Ecuador,50,OK,1,1,Diferencia tu marca con el Frisbee Aero personalizado. Ideal para marketing y RRHH en Ecuador. Cotiza hoy tu producto promocional exclusivo.,140,OK,1,1,0.50,false,
yoyo-plastico-produccion-nacional-nuevo-9860,Yoyo Plástico - Producción Nacional Nuevo[más],Juegos,Yoyo Plástico Personalizado | Ecuador,37,OK,1,1,Descubre nuestro Yoyo Plástico personalizado para tu marca. Un artículo promocional divertido y efectivo. ¡Cotiza tu pedido en Ecuador hoy!,139,OK,1,1,0.40,true,
botilito-siluet-500-ml-ver-tipo-tapa-produccion-nacional-4086,Botilito Siluet - 500 Ml-ver Tipo Tapa-produccion Nacional[más],Tomatodos y Botilitos Personalizados,Botilito Siluet 500ml Personalizado - Produccion Nacional Ecuador,65,OK,1,1,Botilito Siluet 500ml hecho en Ecuador. Personaliza con tu marca para conectar con familias. Tapa segura y diseño funcional para negocios locales.,146,OK,1,1,0.33,true,
soporte-para-moviles-strike-produccion-nacionalmas-10282,Soporte Para Móviles Strike Producción Nacional[más],Producción Nacional,Soporte Para Móviles Strike Personalizado | Ecuador,51,OK,1,1,Personaliza tu Soporte para Móviles Strike en Ecuador. Potencia tu marca con un producto útil y visible. ¡Cotiza tu pedido hoy!,127,OK,1,1,0.67,false,
relojes-alcancia-piggy-max,Alcancia Piggy Max,Relojes,Alcancia Piggy Max Personalizada | Ecuador,42,OK,1,82,Personaliza tu Alcancía Piggy Max en Ecuador. Un clásico para ahorrar y promover tu marca. ¡Solicita tu cotización hoy mismo!,125,OK,1,1,1.00,false,
relojes-boligrafo-mini-dwell,Bolígrafo Mini Dwell,Relojes,Bolígrafo Mini Dwell Personalizado | Promocionales Ecuador,58,OK,1,49,Personaliza el Bolígrafo Mini Dwell para tu marca en Ecuador. Diseño compacto y elegante para una impresión duradera. ¡Cotiza hoy!,130,OK,1,1,1.00,false,
relojes-sporty-bag-garda,Sporty Bag Garda,Relojes,Sporty Bag Garda Personalizado | Reloj Deportivo en Ecuador,59,OK,1,1,Personaliza tu Sporty Bag Garda para fortalecer tu marca en Ecuador. Un reloj deportivo que impulsa el bienestar. ¡Cotiza el tuyo ahora!,136,OK,1,1,1.00,false,
relojes-cobija-pillow,Cobija Pillow,Relojes,Cobija Pillow Personalizada | Regalos Corporativos Ecuador,58,OK,1,5,"Descubre la Cobija Pillow, ideal para personalizar con tu marca. Un regalo cálido y memorable para clientes y colaboradores en Ecuador. ¡Solicita tu cotización!",160,OK,1,1,1.00,false,
relojes-catalogo-novelties,Catálogo Novelties,Relojes,Relojes Promocionales Catálogo Novelties | Ecuador,50,OK,1,1,Descubre relojes Novelties personalizados para empresas en Ecuador. Regalos corporativos que proyectan valor duradero. ¡Cotiza ahora!,133,OK,1,1,1.00,false,
relojes-catalogo-novelties-2026,Catálogo Novelties 2026,Relojes,Relojes Catálogo Novelties 2026 Personalizados | Ecuador,56,OK,1,2,Descubre relojes Novelties 2026 personalizados para tu marca en Ecuador. Un símbolo de precisión y puntualidad. ¡Cotiza ahora!,126,OK,1,1,1.00,false,
relojes-catalogo-mundial-2026,Catálogo Mundial 2026,Relojes,Relojes Catálogo Mundial 2026 Personalizados | Ecuador,54,OK,1,2,Descubre relojes corporativos del Catálogo Mundial 2026. Personaliza para tu empresa en Ecuador. ¡Cotiza ahora y fortalece tu marca!,132,OK,1,1,1.00,false,
relojes-catalogo-produccion-nacional,Catálogo Producción Nacional,Relojes,Relojes Promocionales Personalizados Ecuador,44,OK,1,1,Fortalece tu marca con relojes promocionales personalizados. Regalos de alta calidad en Ecuador. ¡Cotiza ahora y destaca!,121,OK,1,1,0.00,true,
boligrafo-carter-eco-10533,Bolígrafo Carter-eco,EcoNature,Bolígrafo Carter-eco Ecológico Personalizado | Ecuador,54,OK,1,3,Personaliza tu Bolígrafo Carter-eco para destacar tu marca en Ecuador. Un detalle único y sostenible para tus clientes. ¡Cotiza ahora!,134,OK,1,1,1.00,false,
liquido-antibacterial-holder-spray-10ml-produccion-nacional-9731,Liquido Antibacterial Holder Spray 10ml-produccion Nacional,Médicos,Liquido Antibacterial Holder Spray 10ml Personalizado | Ecuador,63,OK,1,1,Promociona tu marca en Ecuador con el Liquido Antibacterial Holder Spray. Personaliza y protege. ¡Cotiza tu pedido hoy!,119,OK,1,1,0.67,false,
aro-de-pilates-ring-9736,Aro de Pilates Ring,Deportes,Aro de Pilates Ring Personalizado | Ecuador,43,OK,1,614,Personaliza tu Aro de Pilates Ring con el logo de tu marca para Ecuador. Potencia tu bienestar y visibilidad. ¡Cotiza ahora!,124,OK,1,1,1.00,false,
pitillo-reutilizable-metalico-bamboo-9954,Pitillo Reutilizable Metálico Bamboo,Precio Bomba,Pitillo Reutilizable Metálico Bamboo Personalizado | Ecuador,60,OK,1,614,Personaliza pitillos metálicos bamboo para tu empresa en Ecuador. Refuerza tu marca con sostenibilidad. ¡Cotiza ahora!,118,OK,1,1,1.00,false,
ducal-eco-9252,Ducal Eco,EcoNature,Ducal Eco Personalizado | Lapicero Ecológico Ecuador,52,OK,1,1,"Personaliza tu Ducal Eco, el lapicero ecológico de cartón reciclado y bambú. Ideal para marcas conscientes en Ecuador. ¡Cotiza ahora y destaca!",143,OK,1,1,1.00,false,
boligrafo-flom-4-1-antibacteriano-9531,Boligrafo Flom 4-1 Antibacteriano,Antimicrobianos,Bolígrafo Flom 4-1 Antibacteriano Personalizado | Ecuador,57,OK,1,1,Promociona tu marca con el Bolígrafo Flom 4-1 Antibacteriano personalizado en Ecuador. ¡Cotiza ahora tus artículos promocionales y cuida la salud!,146,OK,1,1,1.00,false,
boligrafo-gamma-rpet-10017,Bolígrafo Gamma Rpet,Precio Bomba,Bolígrafo Gamma Rpet Personalizado | Marketing Masivo Ecuador,61,OK,1,1,Descubre el Bolígrafo Gamma Rpet. Personalízalo con tu marca para un marketing masivo efectivo en Ecuador. ¡Cotiza hoy tu pedido!,129,OK,1,1,1.00,false,
metro-square-bamboo-10448,Metro Square Bamboo,Precio Bomba,Metro Square Bamboo Personalizado | Regalos Ecuador,51,OK,1,16,Descubre el Metro Square Bamboo. Personaliza tu marca con un regalo corporativo estratégico en Ecuador. ¡Cotiza ahora y destaca!,128,OK,1,1,1.00,false,
set-de-destornilladores-triangular-10536,Set de Destornilladores Triangular,Precio Bomba,Set Destornilladores Triangular Personalizado | Ecuador,55,OK,1,1,Personaliza tu set de destornilladores triangular para empresas en Ecuador. Un regalo promocional útil y económico. ¡Cotiza hoy!,128,OK,1,1,1.00,false,
set-de-destornilladores-paddle-10965,Set de Destornilladores Paddle,Precio Bomba,Set Destornilladores Paddle Personalizado | Ecuador,51,OK,1,1,Regala utilidad duradera con el Set de Destornilladores Paddle. Personaliza para tu marca en Ecuador. ¡Cotiza el tuyo hoy!,122,OK,1,1,1.00,false,
regla-plegable-con-llavero-11052,Regla Plegable Con Llavero,Precio Bomba,Regla Plegable Con Llavero Personalizado | Ecuador,50,OK,1,614,Personaliza reglas plegables con llavero para tu marca. Ideal para promociones en Ecuador. Cotiza hoy tus productos personalizados.,131,OK,1,1,1.00,false,
crispetera-en-silicona-oil-free-9634,Crispetera en Silicona Oil Free,Precio Bomba,Crispetera en Silicona Oil Free Personalizada | Ecuador,55,OK,1,82,Regala bienestar con crispetas saludables. Personaliza tu crispetera oil free para tu marca en Ecuador. ¡Cotiza ya y sorprende a tus clientes!,142,OK,1,1,1.00,false,
aireador-electrico-para-vino-9965,Aireador Electrico Para Vino,Bar y Vino,Aireador Eléctrico para Vino Personalizado | Ecuador,52,OK,1,1,Personaliza tu aireador de vino eléctrico para eventos o regalos corporativos. Impresiona en Ecuador. ¡Cotiza ahora y eleva tu marca!,133,OK,1,1,1.00,false,
set-de-bomba-de-vacio-9966,Set de Bomba de Vacio,Bar y Vino,Set Bomba de Vacío para Vino Personalizado | Ecuador,52,OK,1,1,Personaliza este sofisticado set de bomba de vacío para vino. Fortalece tu marca en Ecuador con regalos exclusivos. ¡Cotiza hoy!,128,OK,1,1,1.00,false,
espatula-para-pizza-10061,Espátula Para Pizza,Precio Bomba,Espátula Para Pizza Personalizada | Promocionales Ecuador,57,OK,1,21,Diferencia tu marca B2B con espátulas para pizza personalizadas. Crea conexiones duraderas en Ecuador. ¡Cotiza tu pedido hoy!,125,OK,1,1,1.00,false,
set-de-cubiertos-camping-10064,Set de Cubiertos Camping,Precio Bomba,Set de Cubiertos Camping Personalizado | Ecuador,48,OK,1,614,Realza tu marca con un Set de Cubiertos Camping personalizado. Un regalo sostenible para promover el bienestar en Ecuador. ¡Cotiza hoy mismo!,141,OK,1,1,1.00,false,
portabotellas-en-madera-10071,Portabotellas en Madera,Bar y Vino,Portabotellas en Madera Personalizado | Ecuador,47,OK,1,614,Portabotellas de madera personalizado para empresas en Ecuador. Un regalo corporativo distintivo que fortalece tus conexiones. ¡Cotiza el tuyo!,143,OK,1,1,1.00,false,
picnic-set-10074,Picnic Set,Bar y Vino,Picnic Set Personalizado para Empresas | Ecuador,48,OK,1,12,Asocia tu marca con momentos memorables. Personaliza tu Picnic Set con logo para empresas en Ecuador. Cotiza hoy tu kit promocional único.,138,OK,1,1,1.00,false,
soporte-en-silicona-para-cucharas-de-cocina-10528,Soporte en Silicona Para Cucharas de Cocina,Precio Bomba,Soporte Silicona para Cucharas Cocina Personalizado | Ecuador,61,OK,1,1,Soporte de silicona para cucharas. Personaliza con tu logo y destaca tu marca en Ecuador. ¡Cotiza ahora tus productos promocionales!,132,OK,1,1,1.00,false,
destapador-con-navaja-eco-11049,Destapador Con Navaja Eco,Precio Bomba,Destapador Con Navaja Eco Personalizado | Ecuador,49,OK,1,614,"Destapador con navaja ecológico, personalizable para tu marca en Ecuador. Un detalle funcional que tus clientes amarán. ¡Cotiza hoy!",132,OK,1,1,1.00,false,
boligrafo-holographic-10245,Bolígrafo Holographic,Precio Bomba,Bolígrafo Holographic Personalizado | Impacto Mágico en Ecuador,63,OK,1,1,Diseña bolígrafos Holographic personalizados para tu marca en Ecuador. Crea un impacto promocional único y memorable. ¡Cotiza ahora y destaca!,142,OK,1,1,1.00,false,
boligrafo-jenkin-10246,Bolígrafo Jenkin,Precio Bomba,Bolígrafo Jenkin Precio-Bomba | Personalizado Ecuador,53,OK,1,1,Impacte sin gran inversión con el Bolígrafo Jenkin personalizado en Ecuador. Su logo visible siempre. ¡Solicite su cotización hoy!,130,OK,1,1,1.00,false,
boligrafo-jester-coffee-10019,Bolígrafo Jester Coffee,Precio Bomba,Bolígrafo Jester Coffee Personalizado | Ecuador,47,OK,1,614,Descubre el Bolígrafo Jester Coffee personalizable para potenciar tu marca en Ecuador. Un detalle que marca la diferencia. ¡Cotiza el tuyo!,139,OK,1,1,1.00,false,
frisbee-pop-10484,Frisbee Pop,Juegos,Frisbee Pop Personalizado | Artículos Promocionales Ecuador,59,OK,1,11,Dale frescura a tu marca con Frisbee Pop personalizado en Ecuador. Ideal para eventos y campañas. ¡Cotiza ahora y destaca!,122,OK,1,1,1.00,false,
boligrafo-lepper-10024,Bolígrafo Lepper,Precio Bomba,Bolígrafo Lepper Promocional | Ecuador | KS Promocionales,57,OK,1,1,"Personaliza tu Bolígrafo Lepper para branding. Ideal para empresas en Ecuador, cotiza ahora y destaca tu marca en eventos y campañas.",133,OK,1,1,1.00,false,
boligrafo-maze-9946,Bolígrafo Maze,Precio Bomba,Bolígrafo Maze Personalizado | Regalo Promocional Ecuador,57,OK,1,3,Personaliza bolígrafos Maze con tu logo para eventos y ferias en Ecuador. Impacta a tus clientes con obsequios útiles. ¡Cotiza ahora!,133,OK,1,1,1.00,false,
jarra-en-vidrio-kolors-16oz-8052,Jarra en Vidrio Kolors 16oz,Precio Bomba,Jarra en Vidrio Kolors 16oz Personalizado | Ecuador,51,OK,1,614,Fortalece tu marca con la Jarra Kolors 16oz. Personalízala para eventos masivos o bienvenida de empleados en Ecuador. ¡Cotiza hoy!,130,OK,1,1,1.00,false,
jarra-cafetera-en-acero-inoxidable-coffee-13l-9194,Jarra Cafetera en Acero Inoxidable Coffee 1.3l,Precio Bomba,Jarra Cafetera Acero Inoxidable 1.3l Personalizada | Ecuador,60,OK,1,1,Jarras cafeteras personalizadas con tu logo para clientes y colaboradores. Fortalece tu marca en Ecuador. ¡Cotiza ahora!,120,OK,1,1,0.83,false,
botilito-en-vidrio-neoprene-450ml-9438,Botilito en Vidrio Neoprene 450ml,Tomatodos y Botilitos Personalizados,Botilito Vidrio Neoprene 450ml Personalizado Ecuador,52,OK,1,1,Botilito de vidrio con neoprene de 450ml personalizable para empresas en Ecuador. Promociona tu marca con elegancia corporativa y sostenibilidad.,145,OK,1,1,1.00,false,
mug-plastico-con-corcho-16oz-9562,Mug Plastico Con Corcho 16oz,Infantil,Mug Plástico Con Corcho 16oz Personalizado | Ecuador,52,OK,1,1,"Descubre el mug plástico con corcho de 16oz para niños. Ideal para promocionales en Ecuador, ¡cotiza tu diseño personalizado hoy!",129,OK,1,1,1.00,false,
mug-plastico-trink-480ml-10080,Mug Plástico Trink 480ml,Precio Bomba,Mug Plástico Trink 480ml Personalizado | Ecuador,48,OK,1,614,Personaliza tu Mug Plástico Trink de 480ml para tu empresa en Ecuador. Asegura visibilidad de marca constante. ¡Cotiza ahora y destaca!,135,OK,1,1,1.00,false,
botilito-plastico-cory-petg-900ml-10090,Botilito Plástico Cory Petg 900ml,Tomatodos y Botilitos Personalizados,Botilito Cory PETG 900ml Personalizado Empresas Ecuador,55,OK,1,1,Botilito plastico 900ml con personalizacion de logo. Ideal para empresas Ecuador que buscan merchandising corporativo funcional y resistente.,141,OK,1,1,0.80,false,
botilito-plastico-kepler-650ml-10295,Botilito Plástico Kepler 650ml,Tomatodos y Botilitos Personalizados,Botilito Kepler 650ml Personalizado con Logo para Empresas Ecuador,66,TOO_LONG_TRUNCATION_RISK,1,1,Botilito personalizado Kepler 650ml para empresas ecuatorianas. Imprime tu logo y mantén tu marca visible en manos de clientes todos los dias,141,OK,1,1,0.75,false,
mug-plastico-idris-300ml-10355,Mug Plástico Idris 300ml,Precio Bomba,Mug Plástico Idris 300ml Personalizado | Ecuador,48,OK,1,614,Impacta con mugs plásticos personalizados para tu marca en Ecuador. Un detalle económico y efectivo. ¡Cotiza tu pedido hoy!,123,OK,1,1,1.00,false,
botilito-plastico-avalon-pet-750ml-10490,Botilito Plástico Avalon Pet 750ml,Tomatodos y Botilitos Personalizados,Botilito Plástico Personalizado 750ml | KS Ecuador,50,OK,1,1,Botilito Avalon Pet 750ml con tu logo. Personalizado para eventos y bienestar corporativo. Distribucion en todo Ecuador. Branding efectivo.,139,OK,1,1,0.75,false,
set-de-boligrafo-y-libreta-lawson-9089,Set de Boligrafo y Libreta Lawson,Precio Bomba,Set Bolígrafo y Libreta Lawson Personalizado | Ecuador,54,OK,1,1,Impulsa tu marca con el Set Lawson personalizado. Ideal para regalos corporativos en Ecuador. Solicita tu cotización hoy mismo.,127,OK,1,1,1.00,false,
portaidentificador-de-carnet-con-limpiador-9321,Portaidentificador de Carnet Con Limpiador,Precio Bomba,Portaidentificador Carnet con Limpiador | Ecuador,49,OK,1,1,Personaliza tu portaidentificador con limpiador en Ecuador. Ideal para empresas que buscan seguridad e imagen. ¡Cotiza el tuyo!,127,OK,1,1,1.00,false,
mini-libreta-bamboo-eco-9950,Mini Libreta Bamboo Eco,Precio Bomba,Mini Libreta Bamboo Eco Personalizada | Ecuador,47,OK,1,82,Personaliza tu Mini Libreta Bamboo Eco en Ecuador. El regalo promocional ideal para tu marca. ¡Cotiza ahora y destaca!,118,OK,1,1,1.00,false,
libreta-con-boligrafo-coffee-10105,Libreta Con Bolígrafo Coffee,EcoNature,Libreta Bolígrafo Coffee Personalizado | Ecuador,48,OK,1,1,Personaliza tu Libreta con Bolígrafo Coffee econature para tu marca en Ecuador. ¡Cotiza ahora y destaca con promocionales únicos!,129,OK,1,1,1.00,false,
libreta-malik-96-hojas-10409,Libreta Malik 96 Hojas,Precio Bomba,Libreta Malik 96 Hojas Personalizada | Ecuador,46,OK,1,82,Personaliza tu Libreta Malik de 96 Hojas para tu empresa en Ecuador. Perfecta para merchandising y regalos corporativos. ¡Cotiza ahora!,135,OK,1,1,1.00,false,
cinta-para-portacarnet-cork-10346,Cinta Para Portacarnet Cork,Precio Bomba,Cinta Para Portacarnet Cork Personalizado | Ecuador,51,OK,1,614,Personaliza tu Cinta Para Portacarnet Cork en Ecuador. Ideal para seguridad y eventos corporativos. Cotiza tu diseño único ahora.,129,OK,1,1,1.00,false,
libreta-eco-milk-70-hojas-10447,Libreta Eco Milk 70 Hojas,Precio Bomba,Libreta Eco Milk 70 Hojas Personalizado | Ecuador,49,OK,1,614,Libreta Eco Milk personalizada en Ecuador. Un detalle promocional para su marca. Cotiza ahora y eleva tu estrategia de marketing.,129,OK,1,1,1.00,false,
libreta-jokull-10984,Libreta Jokull,Precio Bomba,Libreta Jokull Personalizada | Promocionales Ecuador,52,OK,1,21,Libreta Jokull personalizada para su marca. Ideal para marketing en Ecuador. Cotiza hoy mismo y eleva la imagen de tu empresa.,126,OK,1,1,1.00,false,
regla-pop-it-11027,Regla Pop it,Precio Bomba,Regla Pop it Promocional Personalizada | Ecuador,48,OK,1,1,Reglas Pop it personalizadas para tu marca en Ecuador. Un obsequio 'precio-bomba' que garantiza impacto y diversión. ¡Cotiza ahora!,131,OK,1,1,1.00,false,
libreta-valdis-cork-11058,Libreta Valdis Cork,Precio Bomba,Libreta Valdis Cork Personalizada | Ecuador,43,OK,1,82,Personaliza tu Libreta Valdis Cork para potenciar tu marca en Ecuador. ¡Cotiza ahora y destaca con regalos promocionales únicos!,128,OK,1,1,1.00,false,
mini-libreta-darvi-11059,Mini Libreta Darvi,Precio Bomba,Mini Libreta Darvi Personalizada | Promocionales Ecuador,56,OK,1,21,Personaliza la Mini Libreta Darvi en Ecuador. Ideal para eventos y branding. Potencia tu marca con soluciones accesibles. ¡Cotiza ahora!,136,OK,1,1,1.00,false,
boligrafo-pebble-11022,Bolígrafo Pebble,Precio Bomba,Bolígrafo Pebble Personalizado | Ecuador,40,OK,1,614,Personaliza el Bolígrafo Pebble para tu marca en Ecuador. Una herramienta estratégica y accesible para dejar huella. ¡Cotiza ahora!,131,OK,1,1,1.00,false,
boligrafo-portent-cartoon-10031,Bolígrafo Portent Cartoon,EcoNature,Bolígrafo Portent Cartoon Personalizado | Ecuador,49,OK,1,614,Personaliza tu Bolígrafo Portent Cartoon econature para potenciar tu marca en Ecuador. ¡Cotiza ahora y destaca!,111,OK,1,1,1.00,false,
boligrafo-rush-neon-10034,Bolígrafo Rush Neón,Precio Bomba,Bolígrafo Rush Neón Personalizado | Promocionales Ecuador,57,OK,1,49,Impacta con el Bolígrafo Rush Neón. Personaliza con tu logo y potencia tu marca en Ecuador. ¡Cotiza tu pedido hoy!,114,OK,1,1,1.00,false,
paraguas-de-madera-en-poliester-23-8910,Paraguas de Madera en Poliéster 23,Precio Bomba,Paraguas Madera Poliéster 23 Personalizado | Ecuador,52,OK,1,1,Protege tu marca con paraguas de madera personalizados en Ecuador. Ideal para eventos y regalos corporativos. ¡Cotiza hoy!,122,OK,1,1,1.00,false,
paraguas-brook-ergo-27-9187,Paraguas Brook Ergo 27,Reflectivos,Paraguas Brook Ergo 27 Personalizado | Promocional Ecuador,58,OK,1,3,"Paraguas Brook Ergo 27 reflectivo, ideal para branding en Ecuador. Personaliza con tu logo y cotiza el tuyo hoy.",112,OK,1,1,1.00,false,
boligrafo-spray-max-antibacteriano-9479,Boligrafo Spray Max Antibacteriano,Antimicrobianos,Bolígrafo Spray Max Antibacteriano Personalizado | Ecuador,58,OK,1,1,Personaliza el Bolígrafo Spray Max Antibacteriano para tu empresa en Ecuador. Protege y promociona tu marca. ¡Solicita tu cotización ahora!,139,OK,1,1,1.00,false,
soporte-para-moviles-pump-bamboo-10431,Soporte Para Móviles Pump Bamboo,Precio Bomba,Soporte Móvil Pump Bamboo Personalizado | Ecuador,49,OK,1,1,Soportes móviles de bambú personalizados para tu marca en Ecuador. ¡Cotiza este obsequio promocional único y funcional ahora mismo!,131,OK,1,1,0.60,false,
soporte-magnetico-para-moviles-aluminio-9636,Soporte Magnético Para Móviles Aluminio,Precio Bomba,Soporte Magnético Móviles Aluminio Personalizado | Ecuador,58,OK,1,1,Ofrece un soporte magnético para móviles de aluminio personalizado para tu marca. Calidad premium en Ecuador. ¡Cotiza ahora y destaca!,134,OK,1,1,0.80,false,
soporte-metalico-para-moviles-aluminium-9662,Soporte Metalico Para Móviles Aluminium,Precio Bomba,Soporte Metálico Móviles Aluminium | Ecuador,44,OK,1,1,Soporte metálico para móviles de aluminio. Personaliza con tu logo. ¡Cotiza ahora en Ecuador y mejora la experiencia digital de tus clientes!,141,OK,1,1,0.80,false,
bandeja-portatil-para-laptop-9672,Bandeja Portátil Para Laptop,Precio Bomba,Bandeja Portátil Para Laptop Personalizada | Ecuador,52,OK,1,82,Personaliza bandejas portátiles para laptop con tu marca. Ideales para teletrabajo y coworking en Ecuador. ¡Cotiza ahora y optimiza la productividad!,149,OK,1,1,1.00,false,
soporte-para-tablets-pillow-9691,Soporte Para Tablets Pillow,Precio Bomba,Soporte Para Tablets Pillow Personalizado | Ecuador,51,OK,1,614,Demuestra valor a tus clientes y colaboradores con el Soporte para Tablets Pillow personalizado. Impulsa tu marca en Ecuador. ¡Cotiza ya!,137,OK,1,1,1.00,false,
mesa-para-laptop-9805,Mesa Para Laptop,Precio Bomba,Mesa Para Laptop Personalizada | Ecuador,40,OK,1,82,Descubre la Mesa Para Laptop personalizada que mejora la productividad. Impulsa tu marca en Ecuador. ¡Cotiza tu diseño ideal hoy mismo!,135,OK,1,1,1.00,false,
cargador-inalambrico-3-1-9959,Cargador Inalámbrico 3-1,Iluminación,Cargador Inalámbrico 3-1 Personalizado | Ecuador,48,OK,1,614,Transforma espacios con un cargador inalámbrico 3-1 personalizado. Impulsa tu marca en Ecuador. ¡Cotiza hoy mismo!,114,OK,1,1,1.00,false,
audifonos-bluetooth-sportbone-9943,Audífonos Bluetooth Sportbone,Deportes,Audífonos Bluetooth Sportbone Personalizados | Ecuador,54,OK,1,9,Fortalece tu marca con audífonos Sportbone personalizados en Ecuador. Un regalo estratégico para colaboradores y clientes. ¡Cotiza ya!,134,OK,1,1,1.00,false,
audifonos-bluetooth-aerobone-9944,Audífonos Bluetooth Aerobone,Deportes,Audífonos Bluetooth Aerobone Personalizado | Ecuador,52,OK,1,614,Personaliza tus Audífonos Aerobone para tu marca. Conecta con tu público en Ecuador. ¡Cotiza ahora y destaca!,109,OK,1,1,1.00,false,
audifonos-inalambricos-kick-urban-travel-9925,Audifonos Inalámbricos Kick Urban Travel,Deportes,Audifonos Inalámbricos Kick Urban Travel | Ecuador,50,OK,1,52,Personaliza Audífonos Inalámbricos Kick Urban Travel para tu marca. Ofrece un regalo estratégico en Ecuador. ¡Cotiza hoy!,121,OK,1,1,1.00,false,
speaker-bluetooth-con-luz-emergency-10134,Speaker Bluetooth Con Luz Emergency,Iluminación,Speaker Bluetooth con Luz Emergency Personalizado | Ecuador,59,OK,1,614,Fortalece tu marca en Ecuador con el Speaker Bluetooth con Luz Emergency personalizado. Un regalo útil y visible para tus clientes. ¡Cotiza hoy!,144,OK,1,1,1.00,false,
speaker-de-induccion-bamboo-10141,Speaker de Inducción Bamboo,Precio Bomba,Speaker de Inducción Bamboo Personalizado | Ecuador,51,OK,1,614,Diferencia tu marca en Ecuador. Personaliza el Speaker de Inducción Bamboo con tu logo. Un regalo corporativo innovador y sostenible. ¡Cotiza hoy!,146,OK,1,1,1.00,false,
speaker-bluetooth-con-audifonos-10142,Speaker Bluetooth Con Audífonos,Deportes,Speaker Bluetooth Con Audífonos Personalizado | Ecuador,55,OK,1,614,Impulsa tu marca con speakers Bluetooth personalizados en Ecuador. Ofrece una experiencia versátil y memorable. ¡Cotiza ahora!,126,OK,1,1,1.00,false,
soporte-para-moviles-con-microfibra-10403,Soporte Para Móviles Con Microfibra,Precio Bomba,Soporte Móviles Microfibra Personalizado | Ecuador,50,OK,1,1,"Descubre nuestros soportes para móviles con microfibra. Ideales para personalización en Ecuador, mantienen la conexión y el orden. ¡Cotiza ahora!",145,OK,1,1,0.75,false,
soporte-para-moviles-chill-10382,Soporte Para Móviles Chill,Precio Bomba,Soporte Móvil Chill Personalizado | Regalos Ecuador,51,OK,1,1,Soporte para móviles Chill personalizable. Ideal para promocionales en Ecuador. Cotiza hoy tus regalos corporativos y eleva tu marca.,133,OK,1,1,0.50,false,
speaker-bluetooth-eco-cork-10336,Speaker Bluetooth Eco Cork,Precio Bomba,Speaker Bluetooth Eco Cork Personalizado | Ecuador,50,OK,1,614,Personaliza tu Speaker Bluetooth Eco Cork con logo. Ideal para marketing en Ecuador. ¡Cotiza tu pedido al mejor precio hoy!,123,OK,1,1,1.00,false,
speaker-bluetooth-zip-cork-10424,Speaker Bluetooth Zip Cork,Precio Bomba,Speaker Bluetooth Zip Cork Personalizado | Ecuador,50,OK,1,614,Fortalece tu marca con el Speaker Bluetooth Zip Cork personalizado. Ideal para empresas en Ecuador. Cotiza hoy tu producto promocional.,135,OK,1,1,1.00,false,
audifonos-bluetooth-cork-10425,Audífonos Bluetooth Cork,Precio Bomba,Audífonos Bluetooth Cork Personalizado | Ecuador,48,OK,1,614,Personaliza audífonos Bluetooth de corcho para tu empresa en Ecuador. Regalos corporativos sostenibles y tecnológicos. ¡Cotiza ahora!,133,OK,1,1,1.00,false,
speaker-bluetooth-tanner-rpet-10491,Speaker Bluetooth Tanner Rpet,Precio Bomba,Speaker Bluetooth Tanner Rpet | Regalos Corporativos Ecuador,60,OK,1,1,Personaliza el Speaker Bluetooth Tanner Rpet para tu empresa en Ecuador. Refuerza tu marca con un regalo moderno y sostenible. ¡Cotiza ahora!,141,OK,1,1,1.00,false,
speaker-bluetooth-ringo-bamboo-10495,Speaker Bluetooth Ringo Bamboo,Precio Bomba,Speaker Bluetooth Ringo Bamboo Personalizado | Ecuador,54,OK,1,614,Impacta con el Speaker Bluetooth Ringo Bamboo personalizado. Tecnología y sostenibilidad para tu marca en Ecuador. ¡Cotiza ahora!,129,OK,1,1,1.00,false,
speaker-bluetooth-wyn-2-1-10478,Speaker Bluetooth Wyn 2-1,Precio Bomba,Speaker Bluetooth Wyn 2-1 Personalizado | Ecuador,49,OK,1,614,Sorprende con el Speaker Bluetooth Wyn 2-1 personalizado. Un regalo funcional que tus clientes amarán en Ecuador. ¡Cotiza hoy!,126,OK,1,1,1.00,false,
speaker-bluetooth-cyrus-cork-10475,Speaker Bluetooth Cyrus Cork,Precio Bomba,Speaker Bluetooth Cyrus Cork Personalizado | Ecuador,52,OK,1,614,Personaliza tu Speaker Bluetooth Cyrus Cork con el logo de tu marca. Ideal para regalos corporativos en Ecuador. ¡Cotiza ahora!,127,OK,1,1,1.00,false,
cargador-inalambrico-multifuncion-10328,Cargador Inalámbrico Multifunción,Precio Bomba,Cargador Inalámbrico Multifunción Personalizado | Ecuador,57,OK,1,614,Impulsa tu marca con cargadores inalámbricos multifunción personalizados. Un regalo corporativo práctico y moderno para clientes VIP en Ecuador. ¡Cotiza ahora!,159,OK,1,1,1.00,false,
soporte-para-moviles-cup-10477,Soporte Para Móviles Cup,Precio Bomba,Soporte Para Móviles Cup Personalizado | Ecuador,48,OK,1,614,Impulsa tu marca en Ecuador con el Soporte Para Móviles Cup. Personalízalo con tu logo. ¡Cotiza ahora y potencia tu visibilidad!,128,OK,1,1,1.00,false,
speaker-bluetooth-micro-karaoke-10919,Speaker Bluetooth Micro Karaoke,Precio Bomba,Speaker Bluetooth Micro Karaoke Personalizado | Ecuador,55,OK,1,614,"Impacta con Speakers Bluetooth Micro Karaoke personalizados en Ecuador. Ideal para marketing, cotiza ahora y crea experiencias únicas.",134,OK,1,1,1.00,false,
cargador-inalambrico-coil-eco-10742,Cargador Inalámbrico Coil Eco,Precio Bomba,Cargador Inalámbrico Coil Eco Personalizado | Ecuador,53,OK,1,614,Personaliza el Cargador Inalámbrico Coil Eco. Ideal para empresas en Ecuador. Ofrece una solución moderna y funcional. ¡Cotiza hoy!,131,OK,1,1,1.00,false,
speaker-bluetooth-alden-eco-10743,Speaker Bluetooth Alden Eco,Precio Bomba,Speaker Bluetooth Alden Eco Personalizado | Ecuador,51,OK,1,614,Impacta con el Speaker Alden Eco personalizado. Fortalece la conexión con tus clientes en Ecuador. ¡Cotiza tu regalo corporativo hoy!,133,OK,1,1,1.00,false,
gancho-carabinero-lock-10401,Gancho Carabinero Lock,Precio Bomba,Gancho Carabinero Lock Personalizado | Ecuador,46,OK,1,614,"Descubre el Gancho Carabinero Lock, ideal para promocionales. Personaliza tu marca en Ecuador. Cotiza hoy y destaca con funcionalidad y estilo.",143,OK,1,1,1.00,false,
timbre-bike-10359,Timbre Bike,Bicicleta,Timbre Bike Personalizado para Empresas | Ecuador,49,OK,1,12,Personaliza timbres de bicicleta para tu marca en Ecuador. Un obsequio innovador y sostenible para tus campañas. ¡Solicita tu cotización ahora!,143,OK,1,1,1.00,false,
morral-backpack-glow-10366,Morral Backpack Glow,Precio Bomba,Morral Backpack Glow Personalizado | Ecuador,44,OK,1,614,Morral Backpack Glow: la estrategia de marketing en movimiento para tu marca. Personaliza tu logo y cotiza ya en Ecuador para alto impacto.,139,OK,1,1,1.00,false,
mouse-pad-iggy-10373,Mouse Pad Iggy,Precio Bomba,Mouse Pad Iggy Personalizado | Impresión en Ecuador,51,OK,1,1,Fortalece tu marca con el Mouse Pad Iggy personalizado. Impresión de alta calidad para empresas en Ecuador. ¡Cotiza ahora y destaca!,132,OK,1,1,1.00,false,
estuche-cosmetiquera-10572,Estuche Cosmetiquera,Precio Bomba,Estuche Cosmetiquera Promocional | Ecuador,42,OK,1,9,Estuche cosmetiquera personalizable para tu marca en Ecuador. Ideal para fidelizar clientes. ¡Cotiza tu diseño hoy mismo!,121,OK,1,1,1.00,false,
bowl-mat-para-mascotas-10981,Bowl Mat Para Mascotas,Precio Bomba,Bowl Mat para Mascotas Personalizado | Ecuador,46,OK,1,614,Personaliza Bowl Mats para mascotas con tu marca. Un regalo original para clientes en Ecuador. ¡Cotiza hoy y sorprende a tu audiencia!,134,OK,1,1,1.00,false,
morral-backpack-skylar-10786,Morral Backpack Skylar,Precio Bomba,Morral Backpack Skylar Personalizado | Promocionales Ecuador,60,OK,1,49,Personaliza el Morral Backpack Skylar para tu marca en Ecuador. Un potente embajador para tu empresa. ¡Cotiza el tuyo hoy mismo!,128,OK,1,1,1.00,false,
clip-cork-10939,Clip Cork,Precio Bomba,Clip Cork Personalizado | Regalo Promocional Ecuador,52,OK,1,3,Impacta con el Clip Cork personalizado. Herramienta promocional sutil y poderosa. ¡Cotiza tu diseño exclusivo para Ecuador!,123,OK,1,1,1.00,false,
bolsa-en-cambrel-savannah-8190,Bolsa en Cambrel Savannah,Precio Bomba,Bolsa Cambrel Savannah Personalizada | Ecuador,46,OK,1,1,Bolsa Cambrel Savannah: ¡personaliza tu marca! Soluciona tus necesidades promocionales en Ecuador con la mejor relación calidad-precio. ¡Cotiza ya!,147,OK,1,1,1.00,false,
soporte-viajero-8674,Soporte Viajero,Precio Bomba,Soporte Viajero Personalizado | Promocionales Ecuador,53,OK,1,49,Soportes viajeros personalizables para tu marca en Ecuador. Optimiza tu movilidad y eficiencia digital. ¡Cotiza ahora y destaca!,128,OK,1,1,1.00,false,
bolsa-metalizada-hologram-9154,Bolsa Metalizada Hologram,Precio Bomba,Bolsa Metalizada Hologram Personalizada | KS Promocionales,58,OK,1,3,Capta la atención con Bolsas Metalizadas Hologram personalizadas para tu marca en Ecuador. ¡Cotiza ahora y transforma tu estrategia de empaque!,143,OK,1,1,1.00,false,
manija-shopping-9816,Manija Shopping,Precio Bomba,Manija Shopping Promocional | Ecuador,37,OK,1,9,Personaliza la Manija Shopping para tu marca en Ecuador. Un detalle único que tus clientes amarán. ¡Cotiza ahora y destaca!,123,OK,1,1,1.00,false,
morral-backpack-bound-10172,Morral Backpack Bound,Precio Bomba,Morral Backpack Bound | Precio Bomba Personalizado Ecuador,58,OK,1,1,Morral Backpack Bound personalizado para potenciar tu marca en Ecuador. ¡Cotiza ahora este precio bomba!,104,OK,1,1,1.00,false,
morral-backpack-onyx-oferta-10365,Morral Backpack Onyx -oferta,Precio Bomba,Morral Backpack Onyx - Oferta | Ecuador,39,OK,1,1,"Descubre el Morral Backpack Onyx, ideal para tu empresa en Ecuador. Personalízalo y destaca. ¡Cotiza hoy esta oferta imperdible!",128,OK,1,1,0.75,false,
set-de-cubiertos-eco-material-antibacteriano-9694,Set de Cubiertos Eco - Material Antibacteriano,EcoNature,Set Cubiertos Eco Antibacteriano Personalizado | Ecuador,56,OK,1,1,Fortalece tu marca con cubiertos eco personalizados. Material antibacteriano para tu empresa en Ecuador. ¡Cotiza ahora!,119,OK,1,1,0.67,false,
portacomidas-eco-holder-antibacteriano-9536,Portacomidas Eco Holder Antibacteriano,EcoNature,Portacomidas Eco Holder Antibacteriano Personalizado | Ecuador,62,OK,1,614,Fortalece tu marca con portacomidas personalizados en Ecuador. Un producto innovador y seguro para tu equipo. ¡Cotiza ahora y destaca!,134,OK,1,1,1.00,false,
klean-antibacteriano-oferta-9468,Klean Antibacteriano Oferta,Antimicrobianos,Klean Antibacteriano Oferta Personalizado | Ecuador,51,OK,1,614,Demuestra compromiso con la salud. Personaliza el gel Klean Antibacteriano en oferta para tu empresa en Ecuador. ¡Cotiza ahora y cuida a tu equipo!,147,OK,1,1,1.00,false,
portacomidas-con-cubiertos-eco-square-ii-produccion-nacional-9855,Portacomidas Con Cubiertos Eco Square ii -produccion Nacional,EcoNature,Portacomidas Con Cubiertos Eco Square ii Personalizado | Ecuador,64,OK,1,1,"Portacomidas Eco Square II personalizable, ideal para empresas en Ecuador. Fomenta la sostenibilidad y el bienestar. ¡Cotiza ahora!",131,OK,1,1,0.60,false,
boligrafo-ventura-spray-antibacteriano-oferta-9482,Boligrafo Ventura Spray Antibacteriano Oferta,Antimicrobianos,Bolígrafo Ventura Spray Antibacteriano Oferta | Ecuador,55,OK,1,1,Personaliza bolígrafos Ventura Spray Antibacterianos con tu logo. ¡Ideal para promociones en Ecuador! Cotiza ahora mismo y protege a tus clientes.,146,OK,1,1,1.00,false,
boligrafo-vinnie-antibacteriano-9611,Boligrafo Vinnie Antibacteriano,Antimicrobianos,Bolígrafo Vinnie Antibacteriano Personalizado | Ecuador,55,OK,1,1,Promociona tu marca con el bolígrafo Vinnie antibacteriano personalizado en Ecuador. ¡Cotiza ahora y destaca tu compromiso con la salud!,136,OK,1,1,1.00,false,
boligrafo-vinnie-stylus-antibacteriano-9669,Boligrafo Vinnie Stylus Antibacteriano,Antimicrobianos,Bolígrafo Vinnie Stylus Antibacteriano Personalizado | Ecuador,62,OK,1,1,Personaliza tu Bolígrafo Vinnie Stylus Antibacteriano para tu empresa en Ecuador. Un regalo promocional que cuida la salud. ¡Cotiza ahora!,138,OK,1,1,1.00,false,
sporty-bag-reflectiva-security-9190,Sporty Bag Reflectiva Security,Reflectivos,Sporty Bag Reflectiva Security Personalizada | Ecuador,54,OK,1,82,"Destaca tu marca con la Sporty Bag Reflectiva Security personalizada. Ideal para Ecuador, ofrece visibilidad y seguridad. ¡Cotiza ahora!",136,OK,1,1,1.00,false,
bolsa-reflectiva-security-9189,Bolsa Reflectiva Security,Reflectivos,Bolsa Reflectiva Security Personalizada | Ecuador,49,OK,1,82,Personaliza tu Bolsa Reflectiva Security para tus colaboradores en Ecuador. Un regalo seguro y útil. ¡Cotiza ahora!,115,OK,1,1,1.00,false,
set-de-herramientas-bottle-bike-10286,Set de Herramientas Bottle Bike,Bicicleta,Set Herramientas Bottle Bike Personalizado | Ecuador,52,OK,1,1,Personaliza el Set de Herramientas Bottle Bike para tu empresa en Ecuador. El regalo corporativo ideal para un estilo de vida activo. ¡Cotiza hoy!,146,OK,1,1,1.00,false,
set-licorera-malt-9909,Set Licorera Malt,Bar y Vino,Set Licorera Malt Personalizado | Ecuador,41,OK,1,614,Distínguete con el Set Licorera Malt personalizado. Ideal para regalos corporativos en Ecuador. Solicita tu cotización hoy mismo.,129,OK,1,1,1.00,false,
mini-licorera-6oz-8463,Mini Licorera 6oz,Bar y Vino,Mini Licorera 6oz Personalizada | Regalos Corporativos Ecuador,62,OK,1,5,Eleva tu marca con mini licoreras de 6oz personalizadas. El regalo corporativo ideal en Ecuador. Cotiza hoy tu diseño exclusivo y sorprende.,140,OK,1,1,1.00,false,
set-de-vino-sutton-10070,Set de Vino Sutton,Bar y Vino,Set de Vino Sutton Personalizado | Regalos VIP Ecuador,54,OK,1,2,Sorprenda con el Set de Vino Sutton. Personalice este detalle exclusivo para sus clientes VIP en Ecuador. ¡Cotice hoy mismo!,124,OK,1,1,1.00,false,
mini-licorera-jacoby-6oz-10075,Mini Licorera Jacoby 6oz,Bar y Vino,Mini Licorera Jacoby 6oz Personalizada | Regalos Ecuador,56,OK,1,3,Impulsa tu marca con mini licoreras Jacoby 6oz personalizadas. Elige el diseño perfecto para tu empresa en Ecuador. ¡Cotiza ahora!,130,OK,1,1,1.00,false,
set-portavasos-bamboo-puzzle-10072,Set Portavasos Bamboo Puzzle,Bar y Vino,Set Portavasos Bamboo Puzzle Personalizado | Ecuador,52,OK,1,614,Portavasos Bamboo Puzzle personalizables para empresas en Ecuador. Fortalece tu marca y relaciones. ¡Cotiza ahora tus regalos corporativos!,139,OK,1,1,1.00,false,
copa-plastica-celtic-15oz-produccion-nacional-9920,Copa Plástica Celtic 1.5oz - Producción Nacional,EcoNature,Copa Plástica Celtic 1.5oz Personalizada | Ecuador,50,OK,1,1,Copa Plástica Celtic de 1.5oz personalizable. Ideal para eventos en Ecuador. Cotiza hoy tu producto promocional.,112,OK,1,1,0.67,false,
copa-plastica-party-1oz-produccion-nacional-9696,Copa Plástica Party 1oz - Produccion Nacional,EcoNature,Copa Plástica Party 1oz Personalizada | Ecuador,47,OK,1,1,Copa Plástica Party 1oz para eventos y marketing en Ecuador. Personaliza con tu marca y deja una impresión duradera. ¡Cotiza hoy!,129,OK,1,1,0.60,false,
metro-destapador-bamboo-10262,Metro Destapador Bamboo,Bar y Vino,Metro Destapador Bamboo Personalizado | Ecuador,47,OK,1,614,Personaliza el Metro Destapador Bamboo para tu marca. Un obsequio corporativo único en Ecuador. ¡Cotiza hoy mismo!,114,OK,1,1,1.00,false,
set-de-vino-en-bambu-ii-9719,Set de Vino en Bambú ii,Bar y Vino,Set Vino Bambú ii Personalizado | Obsequios Corporativos Ecuador,64,OK,1,1,Sorprende con nuestro Set de Vino en Bambú ii personalizado para empresas en Ecuador. Un detalle elegante para fortalecer relaciones. ¡Cotiza ahora!,148,OK,1,1,1.00,false,
set-de-bar-martini-9740,Set de Bar Martini,Bar y Vino,Set de Bar Martini Personalizado | Regalos Ecuador,50,OK,1,16,Personaliza tu Set de Bar Martini para impactar en Ecuador. Un obsequio exclusivo para directores de marketing. ¡Cotiza hoy!,124,OK,1,1,1.00,false,
set-de-tablas-wine-snack-9755,Set de Tablas Wine Snack,Bar y Vino,Set de Tablas Wine Snack Personalizado | Ecuador,48,OK,1,614,Personaliza tu Set de Tablas Wine Snack para obsequios corporativos en Ecuador. ¡Cotiza este regalo elegante y funcional para tus clientes y colaboradores!,155,OK,1,1,1.00,false,
llavero-destapador-holder-9546,Llavero Destapador Holder,Bar y Vino,Llavero Destapador Holder Promocional | Ecuador,47,OK,1,9,Personaliza llaveros destapadores en Ecuador. Ideal para marketing y regalos corporativos. ¡Cotiza tu diseño único hoy!,119,OK,1,1,1.00,false,
balde-multiusos-10281,Balde Multiusos,Bar y Vino,Balde Multiusos Personalizado | Hieleras para Ecuador,53,OK,1,1,Crea experiencias de marca memorables con baldes multiusos personalizados. Ideales como hieleras en Ecuador. ¡Cotiza el tuyo!,125,OK,1,1,1.00,false,
set-de-licorera-con-juegos-10405,Set de Licorera Con Juegos,Bar y Vino,Set de Licorera Con Juegos Personalizado | Ecuador,50,OK,1,614,Personaliza tu Set de Licorera con juegos para empresas en Ecuador. Un obsequio exclusivo para tus clientes y colaboradores. ¡Cotiza hoy!,137,OK,1,1,1.00,false,
set-de-bar-benson-10404,Set de Bar Benson,Bar y Vino,Set de Bar Benson Personalizado | Regalos Empresariales Ecuador,63,OK,1,4,Personaliza el Set de Bar Benson para tu empresa. Ideal para regalos corporativos en Ecuador. ¡Cotiza y destaca tu marca con elegancia!,135,OK,1,1,1.00,false,
destapador-bamboo-wine-10406,Destapador Bamboo Wine,Bar y Vino,Destapador Bamboo Wine Personalizado | Ecuador,46,OK,1,614,Personaliza tu Destapador Bamboo Wine para eventos. Fortalece lazos empresariales en Ecuador con regalos promocionales únicos. ¡Cotiza ahora!,141,OK,1,1,1.00,false,
cuello-multifuncional-para-sublimacion-8689,Cuello Multifuncional Para Sublimación,Deportes,Cuello Multifuncional Para Sublimación | Ecuador,48,OK,1,52,Personaliza tu cuello multifuncional en Ecuador. La mejor herramienta estratégica para tu marca. ¡Solicita tu cotización ahora!,127,OK,1,1,1.00,false,
set-de-herramientas-para-bicicleta-gearx-oferta-10055,Set de Herramientas Para Bicicleta Gearx Oferta,Bicicleta,Set Herramientas Bicicleta Gearx Oferta | Ecuador,49,OK,1,1,Personaliza este set de herramientas para bicicleta Gearx en Ecuador. El regalo corporativo ideal para clientes y colaboradores. ¡Cotiza ahora!,143,OK,1,1,0.80,false,
linterna-para-bicicleta-snake-ii-10197,Linterna Para Bicicleta Snake ii,Iluminación,Linterna Bicicleta Snake ii | Promocionales Ecuador,51,OK,1,1,Personaliza la Linterna Snake II para tu marca en Ecuador. Un promocional estratégico para movilidad sostenible. ¡Cotiza hoy!,125,OK,1,1,0.75,false,
banda-sport-led-10468,Banda Sport Led,Iluminación,Banda Sport Led Personalizada | Promocionales Ecuador,53,OK,1,21,Banda Sport Led personalizable para empresas en Ecuador. Un promocional innovador que ilumina tu marca. ¡Cotiza ahora y destaca!,128,OK,1,1,1.00,false,
audifonos-bluetooth-taylor-ii-oferta-9865,Audífonos Bluetooth Taylor ii Oferta,Deportes,Audífonos Bluetooth Taylor II Oferta Personalizados | Ecuador,61,OK,1,9,Impulsa tu marca con audífonos Bluetooth Taylor II personalizados para tu equipo o clientes en Ecuador. ¡Cotiza ahora y destaca!,128,OK,1,1,1.00,false,
organizador-para-bicicleta-9821,Organizador Para Bicicleta,Bicicleta,Organizador Para Bicicleta Personalizado | Ecuador,50,OK,1,614,Personaliza tu organizador de bicicleta en Ecuador. ¡Potencia tu marca con un regalo práctico y útil! Cotiza ahora.,115,OK,1,1,1.00,false,
morral-backpack-grant-9832,Morral Backpack Grant,Deportes,Morral Backpack Grant Personalizado | Ecuador,45,OK,1,614,Morral Backpack Grant: el embajador perfecto para tu marca. Personaliza con tu logo en Ecuador. ¡Cotiza ahora y destaca!,120,OK,1,1,1.00,false,
linterna-recargable-head-13227,Linterna Recargable Head,Iluminación,Linterna Recargable Head Personalizado | Ecuador,48,OK,1,614,Linterna Recargable Head personalizable para empresas en Ecuador. Ofrece un regalo promocional funcional y duradero. ¡Cotiza tu pedido hoy!,139,OK,1,1,1.00,false,
banda-recargable-sporty-13228,Banda Recargable Sporty,Iluminación,Banda Recargable Sporty Personalizada | Ecuador,47,OK,1,82,Conecte su marca con la Banda Recargable Sporty en Ecuador. Personalice y fortalezca la imagen de su empresa. ¡Cotice ahora!,124,OK,1,1,1.00,false,
calculadora-multicolor-12-digitos-11121,Calculadora Multicolor 12 Dígitos,Calculadoras,Calculadora Multicolor 12 Dígitos Personalizado | Ecuador,57,OK,1,614,Personaliza tu Calculadora Multicolor de 12 Dígitos para Ecuador. Potencia tu marca con regalos corporativos funcionales. ¡Cotiza ahora!,136,OK,1,1,1.00,false,
calculadora-executive-12-digitos-4335,Calculadora Executive - 12 Digitos,Calculadoras,Calculadora Executive 12 Dígitos Personalizada | Ecuador,56,OK,1,1,Calculadora Executive personalizable para tu empresa en Ecuador. Precisión y marca en una herramienta clave. ¡Cotiza tu pedido hoy mismo!,137,OK,1,1,1.00,false,
calculadora-clipboard-4336,Calculadora Clipboard,Calculadoras,Calculadora Clipboard Personalizada para Empresas | Ecuador,59,OK,1,2,Maximiza tu eficiencia con la Calculadora Clipboard personalizada. Ideal para negocios en Ecuador. ¡Cotiza tu diseño único hoy mismo!,133,OK,1,1,1.00,false,
calculadora-brody-9730,Calculadora Brody,Calculadoras,Calculadora Brody Personalizada | Promocionales Ecuador,55,OK,1,21,Personaliza la calculadora Brody con tu logo para promociones en Ecuador. Un embajador de marca en cada escritorio. ¡Cotiza ya tu pedido!,137,OK,1,1,1.00,false,
bola-antiestres-rubber-9738,Bola Antiestrés Rubber,Médicos,Bola Antiestrés Rubber Personalizado | Ecuador,46,OK,1,614,Personaliza tu Bola Antiestrés Rubber para marketing de bienestar. Ideal para colaboradores en Ecuador. Cotiza hoy mismo.,121,OK,1,1,1.00,false,
botilito-plastico-galaxy-900ml-produccion-nacional-7890,Botilito Plástico Galaxy 900ml - Producción Nacional,Tomatodos y Botilitos Personalizados,Botilito Galaxy 900ml Personalizado - Produccion Ecuador,56,OK,1,1,Botilito plastico 900ml de produccion nacional. Personaliza con tu logo para promociones corporativas en Ecuador. Ideal para fortalecer marca.,142,OK,1,1,0.67,false,
morral-backpack-stallone-7582,Morral Backpack Stallone,Deportes,Morral Backpack Stallone Personalizado | KS Promocionales Ecuador,65,OK,1,4,"Morral Backpack Stallone de alta calidad para tu marca en Ecuador. Personaliza, promociona y cotiza hoy para tu estrategia de marketing.",136,OK,1,1,1.00,false,
botilito-plastico-lambert-petg-710ml-9872,Botilito Plastico Lambert Petg 710ml,Tomatodos y Botilitos Personalizados,Botilito PETG 710ml Personalizado Ecuador - KS Promocionales,60,OK,1,1,Botilito Lambert PETG 710ml personalizado con tu logo. Perfecta para empresas ecuatorianas. Distribucion corporativa con marca visible y duradero.,146,OK,1,1,0.60,false,
botilito-plastico-langdon-petg-850ml-9873,Botilito Plastico Langdon Petg 850ml,Tomatodos y Botilitos Personalizados,Botilito PETG 850ml Personalizado Para Empresas en Ecuador,58,OK,1,1,Botilito Langdon PETG 850ml con personalización de logo. Regalo corporativo resistente y ecológico para empresas ecuatorianas. Envíos a todo el país,148,OK,1,1,0.60,false,
botilito-plastico-zigor-600ml-produccion-nacional-8054,Botilito Plastico Zigor 600ml -produccion Nacional,Tomatodos y Botilitos Personalizados,Botilito Plastico Zigor 600ml Personalizado Ecuador - Produccion,64,OK,1,1,"Botilito plastico Zigor 600ml con personalizacion de logo para empresas Ecuador. Produccion nacional, entrega rapida y excelente relacion costo beneficio.",154,OK,1,1,0.67,false,
botilito-de-silicona-twiggy-600ml-9902,Botilito de Silicona Twiggy 600ml,Tomatodos y Botilitos Personalizados,Botilito Silicona 600ml Personalizado | Merchandising Ecuador,61,OK,1,1,Botilito Twiggy de silicona 600ml personalizable con logo. Ideal para regalos corporativos y promocion de marca en empresas Ecuador.,132,OK,1,1,0.75,false,
botilito-en-pet-tiffany-680ml-produccion-nacional-9354,Botilito en Pet Tiffany 680ml -produccion Nacional,Tomatodos y Botilitos Personalizados,Botilito PET 680ml Personalizado | Produccion Nacional Ecuador,62,OK,1,1,Botilito 680ml en PET con personalizacion de marca. Fabricado en Ecuador. Perfecto como obsequio corporativo y promocional para empresas.,137,OK,1,1,0.60,false,
botilito-en-pet-capri-750ml-produccion-nacional-9356,Botilito en Pet Capri 750ml - Produccion Nacional,Tomatodos y Botilitos Personalizados,Botilito Pet Capri 750ml Personalizado Ecuador - Hidratacion Corporativa,72,TOO_LONG_TRUNCATION_RISK,1,1,"Botilito 750ml producido en Ecuador con personalizacion de logo. Ideal para gifting corporativo, hidratacion diaria y fortalecer marca en mercado local.",152,OK,1,1,0.60,false,
botilito-plastico-biggy-1500ml-10088,Botilito Plástico Biggy 1500ml,Tomatodos y Botilitos Personalizados,Botilito Biggy 1500ml Personalizado - Marca tu Empresa en Ecuador,65,OK,1,1,Tomatodos Biggy 1500ml con personalizacion de logo para empresas. Incrementa la visibilidad de marca en jornadas laborales ecuatorianas. Cotiza ahora.,150,OK,1,1,0.75,false,
botilito-plastico-mack-petg-700ml-oferta-10091,Botilito Plástico Mack Petg 700ml Oferta,Tomatodos y Botilitos Personalizados,Botilito Plastico 700ml Personalizado PETG Ecuador,50,OK,1,1,Botilito PETG 700ml personalizado para empresas Ecuador. Promociona tu marca con tomatodos resistentes y reutilizables. Grabado incluido.,137,OK,1,1,0.67,false,
botilitro-plastico-1000ml-1-litro-produccion-nacional-10300,Botilitro Plástico 1000ml - 1 Litro - Produccion Nacional,Deportes,Botilitro Plástico 1000ml - Personalizado | Ecuador,51,OK,1,1,Personaliza botilitros de 1 Litro para tu marca. Producto nacional ideal para deportes en Ecuador. ¡Cotiza hoy mismo!,117,OK,1,1,0.67,false,
audifonos-bluetooth-tron-9869,Audifonos Bluetooth Tron,Deportes,Audífonos Bluetooth Tron Personalizados | Ecuador,49,OK,1,1,"Audífonos Bluetooth Tron para empresas en Ecuador. Personaliza con tu marca, el regalo perfecto para colaboradores y clientes. ¡Cotiza ahora!",141,OK,1,1,1.00,false,
sporty-bag-baylor-10186,Sporty Bag Baylor,Deportes,Sporty Bag Baylor Personalizado | Ecuador,41,OK,1,614,Fortalece tu marca con el Sporty Bag Baylor personalizado. Ideal para clientes activos en Ecuador. Cotiza hoy mismo tu morral deportivo promocional.,148,OK,1,1,1.00,false,
botilito-en-silicona-compact-500ml-10563,Botilito en Silicona Cómpact 500ml,Tomatodos y Botilitos Personalizados,Botilito Silicona Compacto 500ml Personalizado Ecuador,54,OK,1,1,"Botilito plegable de silicona 500ml con logo personalizado para empresas Ecuador. Compacto, resistente y perfecto para merchandising corporativo.",145,OK,1,1,1.00,false,
funda-portacelular-reflect-sport-rpet-10415,Funda Portacelular Reflect Sport Rpet,Deportes,Funda Portacelular Reflect Sport Rpet Personalizado | Ecuador,61,OK,1,614,Personaliza la Funda Reflect Sport Rpet para tu marca. Ideal para deportes y sostenibilidad en Ecuador. ¡Cotiza tu pedido hoy!,126,OK,1,1,1.00,false,
funda-portacelular-sport-rpet-10417,Funda Portacelular Sport Rpet,Deportes,Funda Portacelular Sport Rpet Personalizada | Ecuador,53,OK,1,82,Personaliza tu Funda Portacelular Sport Rpet para tu marca en Ecuador. Un producto promocional que conecta. ¡Cotiza ahora!,122,OK,1,1,1.00,false,
gorra-fashion-urban-travel-10625,Gorra Fashion Urban Travel,Gorras,Gorra Fashion Urban Travel | Ecuador,36,OK,1,52,Personaliza tu Gorra Fashion Urban Travel en Ecuador. Ideal para marcas que conectan con estilo. ¡Cotiza tu diseño único ahora!,127,OK,1,1,1.00,false,
sporty-bag-ozuma-13485,Sporty Bag Ozuma,Deportes,Sporty Bag Ozuma Personalizada | Mochila Deportiva Ecuador,58,OK,1,1,"Impulsa tu marca con la Sporty Bag Ozuma personalizada. Ideal para empresas en Ecuador, cotiza ahora tu mochila deportiva promocional y destaca.",144,OK,1,1,1.00,false,
maletin-compacto-soccer-cup-13291,Maletin Compacto Soccer Cup,Deportes,Maletín Compacto Soccer Cup Personalizado | Ecuador,51,OK,1,1,Personaliza tu Maletín Compacto Soccer Cup para branding en Ecuador. Fortalece tu marca con este accesorio deportivo único. ¡Cotiza ahora!,138,OK,1,1,1.00,false,
juego-de-raquetas-board-game-13435,Juego de Raquetas Board Game,Juegos,Juego de Raquetas Board Game Personalizado | Ecuador,52,OK,1,614,Fortalece tu marca con nuestro Juego de Raquetas Board Game personalizable. Ideal para marketing en Ecuador. ¡Solicita tu cotización ahora!,139,OK,1,1,1.00,false,
maletin-harmony-13363,Maletín Harmony,Deportes,Maletín Harmony Personalizado | Ecuador,39,OK,1,614,"Maletín Harmony, ideal para viajes y eventos en Ecuador. Personalízalo con tu marca. Cotiza ahora y potencia tu visibilidad corporativa.",136,OK,1,1,1.00,false,
lazo-jump-nuevo-13549,Lazo Jump Nuevo,Juegos,Lazo Jump Nuevo Personalizado | Promocionales Ecuador,53,OK,1,49,Impulsa tu marca con el Lazo Jump Nuevo. Personaliza este juego divertido para eventos en Ecuador. ¡Cotiza y dale alegría a tu equipo!,134,OK,1,1,1.00,false,
set-de-bandas-elasticas-en-bolsa-nuevo-13594,Set de Bandas Elásticas en Bolsa Nuevo,Deportes,Set Bandas Elásticas Personalizadas | Regalos Corporativos Ecuador,66,TOO_LONG_TRUNCATION_RISK,1,1,Personaliza tu Set de Bandas Elásticas en Bolsa con tu marca. Fortalece tu imagen en Ecuador. ¡Cotiza ahora y destaca!,118,OK,1,1,0.50,false,
boligrafo-aston-eco-9914,Bolígrafo Aston Eco,EcoNature,Bolígrafo Aston Eco Personalizado | Ecuador,43,OK,1,614,Bolígrafo Aston Eco personalizado para fortalecer tu marca. ¡Cotiza tus bolígrafos promocionales en Ecuador!,108,OK,1,1,1.00,false,
pitillo-reutilizable-metalico-wheat-9708,Pitillo Reutilizable Metálico Wheat,Médicos,Pitillo Reutilizable Metálico Wheat Personalizado | Ecuador,59,OK,1,614,Personaliza pitillos metálicos reutilizables Wheat para tu marca en Ecuador. Un regalo ecológico y duradero. ¡Cotiza ahora y destaca!,133,OK,1,1,1.00,false,
metro-arkitect-eco-10454,Metro Arkitect Eco,EcoNature,Metro Arkitect Eco Personalizado | Promocionales Ecuador,56,OK,1,49,Distíngase con el Metro Arkitect Eco. Personalice esta cinta métrica ecológica para su marca en Ecuador. ¡Cotice ahora y potencie su marketing!,143,OK,1,1,1.00,false,
metro-oval-eco-9739,Metro Oval Eco,EcoNature,Metro Oval Eco Personalizado | Pendrive USB Ecuador,51,OK,1,1,"Fortalece tu marca con el Metro Oval Eco, pendrive USB personalizado de 8GB. Ideal para empresas en Ecuador. ¡Cotiza el tuyo hoy!",129,OK,1,1,1.00,false,
portacomidas-con-cubiertos-eco-nature-9031,Portacomidas Con Cubiertos Eco Nature,EcoNature,Portacomidas Con Cubiertos Eco Nature | Ecuador,47,OK,1,52,Portacomidas Eco Nature personalizado para tu marca. Cotiza tu promoción ecológica en Ecuador y destaca tu compromiso ambiental.,128,OK,1,1,1.00,false,
portacomidas-eco-denver-9746,Portacomidas Eco Denver,EcoNature,Portacomidas Eco Denver Personalizado | Ecuador,47,OK,1,614,Fortalece tu marca con el Portacomidas Eco Denver personalizado en Ecuador. Ideal para colaboradores y clientes. ¡Cotiza hoy!,125,OK,1,1,1.00,false,
portacomidas-con-cubiertos-eco-davis-9747,Portacomidas Con Cubiertos Eco Davis,EcoNature,Portacomidas Eco Davis Personalizado | Ecuador,46,OK,1,1,Portacomidas Con Cubiertos Eco Davis. Promociona tu marca en Ecuador. Personalízalo hoy y solicita tu cotización.,113,OK,1,1,0.67,false,
portacomidas-julius-10335,Portacomidas Julius,EcoNature,Portacomidas Julius Personalizado | Promocionales Ecuador,57,OK,1,49,Impulsa tu marca con el Portacomidas Julius econature. Personalízalo y refuerza tu compromiso sostenible en Ecuador. ¡Cotiza ahora!,131,OK,1,1,1.00,false,
juego-parchis-13183,Juego Parchis,Juegos,Juego Parchis Personalizado | Promocionales Ecuador,51,OK,1,49,Transforma el clásico Parchís en tu herramienta de marketing. Personaliza con tu marca y conecta con tus clientes en Ecuador. ¡Cotiza tu juego ahora!,149,OK,1,1,1.00,false,
juego-de-letras-nuevo-13576,Juego de Letras Nuevo,Juegos,Juego de Letras Nuevo Personalizado | Ecuador,45,OK,1,614,Conecta con tu audiencia en Ecuador. Personaliza el Juego de Letras Nuevo para un marketing auténtico y duradero. ¡Cotiza ahora!,128,OK,1,1,1.00,false,
kirk-eco-9225,Kirk Eco,EcoNature,Kirk Eco Personalizado | Artículos Eco-Amigables Ecuador,56,OK,1,1,Descubre el Kirk Eco personalizado: el promocional sostenible ideal para tu marca en Ecuador. ¡Cotiza ahora y refuerza tu compromiso ambiental!,143,OK,1,1,1.00,false,
mug-plastico-con-cuchara-tiffany-350ml-produccion-nacional-10125,Mug Plástico Con Cuchara Tiffany 350ml - Producción Nacional,EcoNature,Mug Plástico Con Cuchara Tiffany Personalizado | Ecuador,56,OK,1,1,Personaliza mugs plásticos Tiffany 350ml para tu marca en Ecuador. ¡Solicita tu cotización ahora y destaca con productos promocionales únicos!,142,OK,1,1,0.50,false,
pestana-plastica-para-mug-orbit-5892,Pestaña Plastica Para Mug Orbit,EcoNature,Pestaña Plástica para Mug Orbit Personalizada | Ecuador,55,OK,1,1,"Pestaña Plástica para Mug Orbit personalizable, ideal para tu marca en Ecuador. Mantén bebidas calientes y frías por más tiempo. ¡Cotiza ahora!",143,OK,1,1,1.00,false,
tapa-plastica-para-mug-orbit-incluye-mu-62p-5891,Tapa Plastica Para Mug Orbit (incluye Mu-62p),EcoNature,Tapa Plastica Para Mug Orbit (Mu-62p) Promocional | Ecuador,59,OK,1,1,Personaliza la Tapa Plástica para Mug Orbit en Ecuador. Ideal para branding consciente. ¡Cotiza ahora y destaca tu marca!,121,OK,1,1,0.83,false,
natura-eco-9244,Natura Eco,EcoNature,Termo Natura Eco Personalizado | Regalos Sostenibles Ecuador,60,OK,1,1,Impacta con Natura Eco personalizado. Regalos corporativos ecológicos para tu marca en Ecuador. ¡Cotiza ahora y destaca!,120,OK,1,1,1.00,false,
resaltador-triangulo-eco-13187,Resaltador Triángulo Eco,Infantil,Resaltador Triángulo Eco Personalizado | Ecuador,48,OK,1,614,Personaliza el Resaltador Triángulo Eco para tu marca en Ecuador. Ideal como regalo promocional ecológico. ¡Cotiza tu pedido hoy!,129,OK,1,1,1.00,false,
libreta-con-boligrafo-leroy-eco-10106,Libreta Con Bolígrafo Leroy Eco,EcoNature,Libreta Con Bolígrafo Leroy Eco Personalizado | Ecuador,55,OK,1,614,Personaliza la Libreta Leroy Eco y fortalece tu marca. Artículos promocionales en Ecuador. ¡Cotiza tu pedido hoy!,113,OK,1,1,1.00,false,
set-goblet-eco-13189,Set Goblet Eco,EcoNature,Set Goblet Eco Personalizado | Regalos Sostenibles Ecuador,58,OK,1,2,Personaliza el Set Goblet Eco para tu marca en Ecuador. Un obsequio que comunica sostenibilidad y responsabilidad ambiental. ¡Cotiza ahora!,139,OK,1,1,1.00,false,
calendario-bamboo-13185,Calendario Bamboo,EcoNature,Calendario Bamboo Personalizado | Promocionales en Ecuador,58,OK,1,5,Fortalezca su marca con calendarios Bamboo ecológicos personalizados en Ecuador. Cotiza hoy mismo tu diseño único y sostenible.,127,OK,1,1,1.00,false,
set-boligrafo-y-portaminas-dakota-eco-9684,Set Bolígrafo y Portaminas Dakota Eco,EcoNature,Set Bolígrafo y Portaminas Dakota Eco | Ecuador,47,OK,1,52,Personaliza tu Set Bolígrafo y Portaminas Dakota Eco para fortalecer tu marca en Ecuador. ¡Cotiza ahora y destaca tu compromiso sostenible!,139,OK,1,1,1.00,false,
cable-multicargador-cotton-10507,Cable Multicargador Cotton,EcoNature,Cable Multicargador Cotton Personalizado | Ecuador,50,OK,1,614,Conectividad total para su empresa en Ecuador. Personaliza tus cables multicargador y mantén tus dispositivos siempre listos. ¡Cotiza ahora!,140,OK,1,1,1.00,false,
soporte-para-moviles-tropic-bamboo-nuevo-13574,Soporte Para Móviles Tropic Bamboo Nuevo,EcoNature,Soporte Móvil Tropic Bamboo Personalizado | Ecuador,51,OK,1,1,Optimiza tu espacio de trabajo con el Soporte Móvil Tropic Bamboo personalizado. Mejora la ergonomía en Ecuador. ¡Cotiza ahora para tu marca!,141,OK,1,1,0.50,false,
identificador-de-maletas-eco-10356,Identificador de Maletas Eco,EcoNature,Identificador de Maletas Eco Personalizado | Ecuador,52,OK,1,614,Realza tu marca con identificadores de maletas Eco personalizados en Ecuador. Un detalle práctico y visible. ¡Cotiza tu diseño!,127,OK,1,1,1.00,false,
set-de-colores-smile-nuevo-13573,Set de Colores Smile Nuevo,Infantil,Set de Colores Smile Nuevo Personalizado | Ecuador,50,OK,1,614,Personaliza el Set de Colores Smile Nuevo para tu marca en Ecuador. ¡Cotiza hoy y proyecta una imagen amigable y cercana con tus clientes!,138,OK,1,1,1.00,false,
ventura-eco-stylus-9250,Ventura Eco Stylus,EcoNature,Ventura Eco Stylus Personalizado | Regalos Corporativos Ecuador,63,OK,1,30,Personaliza tu Ventura Eco Stylus. Un obsequio ecológico y funcional para tu marca en Ecuador. ¡Cotiza ahora y fortalece tu imagen!,131,OK,1,1,1.00,false,
set-de-golf-tees-10929,Set de Golf Tees,Juegos,Set de Golf Tees Personalizado | Regalos Corporativos Ecuador,61,OK,1,30,Impacta con nuestro Set de Golf Tees personalizado para empresas en Ecuador. Refuerza tu marca con estilo y pide tu cotización hoy.,131,OK,1,1,1.00,false,
visera-trucker-10895,Visera Trucker,Gorras,Visera Trucker Personalizada | Ecuador,38,OK,1,82,Impulsa tu marca con viseras trucker personalizadas en Ecuador. Destaca con un artículo promocional único. ¡Cotiza ahora!,121,OK,1,1,1.00,false,
gorra-beisbol-469,Gorra Beisbol,Gorras,Gorra Béisbol Personalizada | Marketing B2B Ecuador,51,OK,1,1,Impulsa tu marca en Ecuador con gorras de béisbol personalizadas. Calidad y estilo para clientes y colaboradores. ¡Cotiza ahora!,128,OK,1,1,1.00,false,
gorra-taslon-urban-travel-13402,Gorra Taslon Urban Travel,Gorras,Gorra Taslon Urban Travel Personalizada | Ecuador,49,OK,1,82,Impulsa tu marca en Ecuador con la Gorra Taslon Urban Travel. Personalización de calidad para empresas. ¡Cotiza tu pedido hoy mismo!,132,OK,1,1,1.00,false,
linterna-neck-9757,Linterna Neck,Iluminación,Linterna Neck Personalizada para Empresas | Ecuador,51,OK,1,2,Linterna Neck personalizable para destacar tu marca. Cotiza tu obsequio corporativo en Ecuador y fortalece la imagen de tu empresa.,131,OK,1,1,1.00,false,
mini-lampara-para-laptop-9758,Mini Lámpara Para Laptop,Iluminación,Mini Lámpara Para Laptop Personalizada | Ecuador,48,OK,1,82,Ilumina tu productividad con nuestra Mini Lámpara para Laptop. Personalízala y mejora tu espacio de trabajo en Ecuador. ¡Cotiza ahora!,134,OK,1,1,1.00,false,
linterna-doctor-10699,Linterna Doctor,Iluminación,Linterna Doctor Personalizado | Artículos Promocionales Ecuador,63,OK,1,11,Personaliza la Linterna Doctor con tu marca. Ilumina tu estrategia de marketing en Ecuador. Cotiza hoy mismo tu pedido al por mayor.,132,OK,1,1,1.00,false,
linterna-recargable-morven-10816,Linterna Recargable Morven,Iluminación,Linterna Recargable Morven Personalizada | Ecuador,50,OK,1,82,Obsequia la Linterna Recargable Morven personalizada para tus clientes VIP en Ecuador. Impulsa tu marca con un regalo práctico. ¡Cotiza ahora!,142,OK,1,1,1.00,false,
mini-linterna-bamboo-9926,Mini Linterna Bamboo,Iluminación,Mini Linterna Bamboo Personalizada | Promocionales Ecuador,58,OK,1,21,Fortalece tu marca con la Mini Linterna Bamboo. Personaliza este obsequio funcional y responsable para tus campañas en Ecuador. ¡Cotiza hoy!,140,OK,1,1,1.00,false,
linterna-de-9-leds-flynt-5753,Linterna de 9 Leds Flynt,Iluminación,Linterna 9 Leds Flynt Personalizada | Regalos Corporativos Ecuador,66,TOO_LONG_TRUNCATION_RISK,1,1,Linterna Flynt personalizada con tu logo. Ilumina tu marca en Ecuador. Cotiza hoy tus regalos corporativos y fortalece tus relaciones.,134,OK,1,1,1.00,false,
mini-selfie-light-para-moviles-9689,Mini Selfie Light Para Móviles,Iluminación,Mini Selfie Light Para Móviles Personalizado | Ecuador,54,OK,1,614,Ilumina tus videollamadas. Personaliza tu Mini Selfie Light para móviles en Ecuador. Cotiza ahora y destaca tu marca con luz propia.,132,OK,1,1,1.00,false,
dispensador-de-bolsas-muller-oferta-9934,Dispensador de Bolsas Muller Oferta,Iluminación,Dispensador Bolsas Muller Oferta Personalizado | Ecuador,56,OK,1,1,Personaliza el Dispensador de Bolsas Muller Oferta para tu marca en Ecuador. Un detalle útil y promocional. ¡Cotiza ahora!,122,OK,1,1,1.00,false,
metro-llavero-nitto-10051,Metro Llavero Nitto,Iluminación,Metro Llavero Nitto Personalizado | Promocionales Ecuador,57,OK,1,49,Mantén tu marca visible en Ecuador con el Metro Llavero Nitto personalizado. Un obsequio práctico y útil para tus clientes. ¡Cotiza hoy mismo!,142,OK,1,1,1.00,false,
cargador-inalambrico-con-lampara-flex-oferta-10467,Cargador Inalámbrico Con Lámpara Flex - Oferta,Iluminación,Cargador Inalámbrico Con Lámpara Flex - Oferta Ecuador,54,OK,1,1,Personaliza este innovador cargador inalámbrico con lámpara flex para tus clientes en Ecuador. ¡Cotiza hoy mismo y eleva tu marca!,130,OK,1,1,1.00,false,
linterna-tom-10374,Linterna Tom,Iluminación,Linterna Tom Personalizada | Regalos Corporativos Ecuador,57,OK,1,5,Linterna Tom: obsequios promocionales personalizados que aportan valor. Impulsa tu marca en Ecuador. ¡Cotiza ahora!,115,OK,1,1,1.00,false,
luz-de-emergencia-v16-magnetica-13423,Luz de Emergencia V16 Magnetica,Iluminación,Luz Emergencia V16 Magnética Personalizada | Ecuador,52,OK,1,1,Impacta tu marca con luces V16 magnéticas personalizadas para tu empresa en Ecuador. ¡Cotiza ahora y cuida a tus clientes!,122,OK,1,1,1.00,false,
luz-portable-work-13223,Luz Portable Work,Iluminación,Luz Portable Work Personalizada | Ecuador,41,OK,1,82,Ilumina tus eventos con la Luz Portable Work personalizable. Ideal para activaciones y kits en Ecuador. ¡Cotiza tu diseño único!,128,OK,1,1,1.00,false,
linterna-recargable-ultan-13226,Linterna Recargable Ultan,Iluminación,Linterna Recargable Ultan Personalizada | Ecuador,49,OK,1,82,"Linterna Ultan personalizada, ideal para kits de bienvenida en Ecuador. Resistencia y fiabilidad con tu marca. Cotiza ahora y destaca.",134,OK,1,1,1.00,false,
paraguas-autolight-23-13284,Paraguas Autolight 23,Iluminación,Paraguas Autolight 23 Personalizado | Ecuador,45,OK,1,614,Paraguas Autolight 23 personalizado para su empresa en Ecuador. Refuerza tu marca con productos promocionales únicos. ¡Cotiza hoy!,130,OK,1,1,1.00,false,
linterna-recargable-neck-13406,Linterna Recargable Neck,Iluminación,Linterna Recargable Neck Personalizada | Ecuador,48,OK,1,82,"Linterna Recargable Neck personalizable, el regalo corporativo perfecto en Ecuador. Solicita tu cotización hoy mismo.",117,OK,1,1,1.00,false,
llavero-sigma-13407,Llavero Sigma,Iluminación,Llavero Sigma Personalizado | Promocionales Ecuador,51,OK,1,49,Diseña tu Llavero Sigma personalizado para fortalecer tu marca en Ecuador. Un detalle único que ilumina y perdura. ¡Cotiza hoy mismo!,133,OK,1,1,1.00,false,
miniset-de-escritorio-2047,Miniset de Escritorio,Infantil,Miniset de Escritorio Personalizado | Promocionales Ecuador,59,OK,1,49,Personaliza tu Miniset de Escritorio infantil para impacto. Potencia tu marca en Ecuador con regalos originales. ¡Cotiza hoy!,125,OK,1,1,1.00,false,
alcancia-cubo-apilable-produccion-nacional-8716,Alcancía Cubo Apilable - Produccion Nacional,Infantil,Alcancía Cubo Apilable Personalizado - Produccion Nacional | Ecuador,68,TOO_LONG_TRUNCATION_RISK,1,1,Personaliza tu Alcancía Cubo Apilable en Ecuador para campañas de marketing o regalos corporativos. ¡Cotiza tu pedido hoy mismo!,128,OK,1,1,1.00,false,
cartuchera-en-cambrel-kidz-con-diseno-8511,Cartuchera en Cambrel Kidz Con Diseño.,Infantil,Cartuchera Cambrel Kidz Con Diseño Personalizado | Ecuador,58,OK,1,1,Cartuchera infantil con diseño personalizado para marketing familiar. Fortalece tu marca en Ecuador. ¡Cotiza tu pedido hoy mismo!,129,OK,1,1,0.75,false,
set-de-colores-y-crayolas-gavino-8654,Set de Colores y Crayolas Gavino,Infantil,Set de Colores Gavino Personalizado | Promocionales Ecuador,59,OK,1,1,Conecta emocionalmente con Set de Colores y Crayolas Gavino personalizados. Perfectos para tu marca en Ecuador. ¡Cotiza ahora!,126,OK,1,1,0.67,false,
mini-tablero-borrable-9101,Mini Tablero Borrable,Infantil,Mini Tablero Borrable Personalizado | Regalo Infantil Ecuador,61,OK,1,2,"Descubre el Mini Tablero Borrable, ideal para regalos personalizados en Ecuador. Conecta con tus clientes de forma auténtica. ¡Cotiza hoy!",138,OK,1,1,1.00,false,
botilito-plastico-thor-470ml-produccion-nacional-9393,Botilito Plastico Thor 470ml- Producción Nacional,Tomatodos y Botilitos Personalizados,Botilito Plastico Thor 470ml Personalizado Ecuador,50,OK,1,1,"Botilito promocional Thor 470ml produccion nacional ecuatoriana. Personaliza tu logo, sorprende clientes y empleados con regalo corporativo de calidad.",151,OK,1,1,0.50,false,
tapa-alcancia-produccion-nacional-9387,Tapa Alcancia - Produccion Nacional,Infantil,Tapa Alcancía Personalizada | Marketing B2B Ecuador,51,OK,1,1,Conecta con tu audiencia en Ecuador. Personaliza tapas alcancía para campañas B2B y marketing promocional. ¡Solicita tu cotización hoy mismo!,141,OK,1,1,0.50,false,
set-de-4-mini-marcadores-tinta-lavable-9415,Set de 4 Mini Marcadores Tinta Lavable,Infantil,Mini Marcadores Lavables Personalizados | Ecuador,49,OK,1,1,Fortalece tu marca con nuestro set de 4 mini marcadores lavables personalizados. Perfectos para branding infantil en Ecuador. ¡Cotiza ya!,137,OK,1,1,0.75,false,
set-paint-9814,Set Paint,Infantil,Set Paint Personalizado | Regalo Infantil Ecuador,49,OK,1,2,Personaliza tu Set Paint y fortalece lazos. Un regalo único para niños y clientes en Ecuador. ¡Cotiza ahora y sorprende!,120,OK,1,1,1.00,false,
set-de-colores-annie-10157,Set de Colores Annie,Infantil,Set de Colores Annie Personalizado | Ecuador,44,OK,1,614,Personaliza Sets de Colores Annie para tu marca en Ecuador. Crea conexiones emocionales duraderas con regalos promocionales únicos. ¡Cotiza ahora!,146,OK,1,1,1.00,false,
set-de-juegos-pelkat-9886,Set de Juegos Pelkat,Juegos,Set de Juegos Pelkat Personalizado | Regalos Ecuador,52,OK,1,16,Impacta con el Set de Juegos Pelkat personalizado para tu empresa. Elige este regalo corporativo estratégico en Ecuador. ¡Cotiza ahora!,135,OK,1,1,1.00,false,
botilito-wave-pvc-640ml-produccion-nacional-7763,Botilito Wave Pvc 640ml - Produccion Nacional,Tomatodos y Botilitos Personalizados,Botilito Wave 640ml Personalizado - Produccion Nacional Ecuador,63,OK,1,1,Botilito Wave 640ml personalizado con tu logo. Produccion nacional ecuatoriana ideal para merchandising corporativo y marcas familiares.,136,OK,1,1,1.00,false,
botilito-murray-700ml-8665,Botilito Murray 700ml,Tomatodos y Botilitos Personalizados,Botilito Murray 700ml Personalizado para Empresas en Ecuador,60,OK,1,6,Botilito Murray 700ml con personalizacion de logo. Regalo corporativo funcional para fidelizar clientes en Ecuador. Hidratacion con identidad de marca.,151,OK,1,1,1.00,false,
resaltador-magico-en-cera-flower-4-colores-7243,Resaltador Magico en Cera Flower - 4 Colores,Infantil,Resaltador Mágico Cera Flower 4 Colores | Ecuador,49,OK,1,1,Personaliza Resaltadores Mágicos en Cera Flower para tu marca. Un detalle único e innovador para promocionar en Ecuador. ¡Cotiza ahora!,135,OK,1,1,1.00,false,
set-de-escritorio-office-8718,Set de Escritorio Office,Infantil,Set de Escritorio Office Personalizado | Ecuador,48,OK,1,614,Personaliza tu Set de Escritorio Office infantil en Ecuador. Ideal para empresas. ¡Cotiza ahora y conecta con las familias!,123,OK,1,1,1.00,false,
clip-marcador-de-hojas-oferta-9039,Clip Marcador de Hojas - Oferta,Infantil,Clip Marcador de Hojas - Oferta Personalizado | Ecuador,55,OK,1,614,Mantén tu marca presente. Personaliza Clips Marcadores de Hojas con tu logo en Ecuador. Pide tu cotización y destaca en cada página.,132,OK,1,1,1.00,false,
sticky-set-separador-de-hojas-10102,Sticky Set Separador de Hojas,Médicos,Sticky Set Separador de Hojas Personalizado | Ecuador,53,OK,1,614,Personaliza tu Sticky Set Separador de Hojas para tu marca. Ofrecemos soluciones prácticas y de organización para empresas en Ecuador. ¡Cotiza hoy!,147,OK,1,1,1.00,false,
vaso-pitillo-balon-720ml-produccion-nacional-4094,Vaso Pitillo Balon 720ml-produccion Nacional,Vasos Personalizados,Vasos Pitillo Balon 720ml Personalizados - Produccion Ecuador,61,OK,1,1,Vasos balón 720ml personalizados con tu logo. Fabricacion nacional ecuatoriana ideal para promocionar tu marca con funcionalidad.,129,OK,1,1,0.60,false,
lonchera-multifuncion-produccion-nacional-3280,Lonchera Multifunción - Produccion Nacional,Infantil,Lonchera Multifunción Personalizada | Ecuador,45,OK,1,1,Conecta con tu público en Ecuador con loncheras multifunción personalizadas. Un regalo estratégico para todas las edades. ¡Cotiza ahora!,136,OK,1,1,0.50,false,
juego-triqui-10651,Juego Triqui,Juegos,Juego Triqui Personalizado | Regalos Empresariales Ecuador,58,OK,1,4,Impulsa tu marca con juegos Triqui personalizados. Estrategia y diversión en Ecuador. ¡Cotiza ahora tus promocionales!,118,OK,1,1,1.00,false,
coca-tradicional-produccion-nacional-13174,Coca Tradicional - Produccion Nacional,Juegos,Coca Tradicional Personalizada | Juegos para Empresas Ecuador,61,OK,1,1,Coca Tradicional personalizable para equipos en Ecuador. Fomenta la conexión y el bienestar. ¡Cotiza para tu empresa!,117,OK,1,1,0.50,false,
set-de-resaltadores-trumix-13292,Set de Resaltadores Trumix,Infantil,Set de Resaltadores Trumix Personalizado | Ecuador,50,OK,1,614,Personaliza tu Set de Resaltadores Trumix para tu marca en Ecuador. Herramienta versátil y creativa. ¡Solicita tu cotización ahora!,131,OK,1,1,1.00,false,
resaltador-triple-13310,Resaltador Triple,Infantil,Resaltador Triple Personalizado | Branding Corporativo Ecuador,62,OK,1,1,"Fortalece tu marca en Ecuador con resaltadores personalizados. Herramienta de branding eficaz, va más allá de su uso común. ¡Cotiza hoy!",136,OK,1,1,1.00,false,
estuche-en-silicona-lybra-13429,Estuche en Silicona Lybra,Infantil,Estuche en Silicona Lybra Personalizado | Ecuador,49,OK,1,614,Personaliza el estuche Lybra para niños. Ideal como regalo promocional en Ecuador. ¡Cotiza tu diseño hoy!,105,OK,1,1,1.00,false,
tangram-eco-13498,Tangram Eco,Juegos,Tangram Eco Personalizado para Empresas | Ecuador,49,OK,1,12,"Descubre el Tangram Eco sostenible, el regalo corporativo ideal. Personaliza tu rompecabezas en Ecuador y solicita tu cotización hoy mismo.",139,OK,1,1,1.00,false,
juego-de-madera-win-13508,Juego de Madera Win,Juegos,Juego de Madera Win Personalizado | Ecuador,43,OK,1,614,Personaliza el Juego de Madera Win para tu marca. Ideal para incentivos y regalos corporativos en Ecuador. ¡Cotiza hoy mismo!,125,OK,1,1,1.00,false,
juego-brain-nuevo-13550,Juego Brain Nuevo,Juegos,Juego Brain Nuevo Personalizado | Ecuador,41,OK,1,614,Personaliza tu Juego Brain Nuevo. Fortalece tu marca en Ecuador con este obsequio estratégico. ¡Cotiza ahora y potencia tu engagement!,134,OK,1,1,1.00,false,
juego-de-dados-nuevo-13546,Juego de Dados Nuevo,Juegos,Juego de Dados Nuevo Personalizado | Ecuador,44,OK,1,614,"Personaliza tu Juego de Dados Nuevo para marketing. Ideal para empresas en Ecuador, cotiza ahora y fortalece tus lazos comerciales.",131,OK,1,1,1.00,false,
tajalapiz-con-borrador-run-nuevo-13551,Tajálapiz Con Borrador Run Nuevo,Infantil,Tajálapiz Con Borrador Run Nuevo Personalizado | Ecuador,56,OK,1,614,Realza tu marca con el Tajálapiz Con Borrador Run Nuevo. Personalízalo para promociones en Ecuador. Cotiza hoy mismo y potencia tu visibilidad.,143,OK,1,1,1.00,false,
set-kramer-nuevo-13562,Set Kramer Nuevo,Infantil,Set Kramer Nuevo Personalizado | Promocionales Ecuador,54,OK,1,49,Humaniza tu marca con el Set Kramer Nuevo. Regalo infantil ideal para personalización en Ecuador. ¡Cotiza tu pedido hoy!,120,OK,1,1,1.00,false,
torre-de-madera-skill-2-11151,Torre de Madera Skill 2,Juegos,Torre de Madera Skill 2 Personalizada | Ecuador,47,OK,1,82,Personaliza tu Torre de Madera Skill 2 para engagement empresarial en Ecuador. ¡Cotiza este juego promocional para tu marca hoy mismo!,134,OK,1,1,1.00,false,
set-de-juego-en-madera-3-1-9715,Set de Juego en Madera 3-1,Juegos,Set de Juego en Madera 3-1 Personalizado | Ecuador,50,OK,1,614,Ofrece un regalo corporativo excepcional. Personaliza tu set de juego en madera 3-1 en Ecuador. ¡Cotiza ahora y destaca!,120,OK,1,1,1.00,false,
juego-de-raquetas-wood-beach-10380,Juego de Raquetas Wood Beach,Juegos,Juego de Raquetas Wood Beach Personalizado | Ecuador,52,OK,1,614,"Personaliza tu Juego de Raquetas Wood Beach. Ideal para empresas en Ecuador, promociona el bienestar. ¡Cotiza tu pedido hoy!",124,OK,1,1,1.00,false,
set-de-cartas-eco-10379,Set de Cartas Eco,Juegos,Set de Cartas Eco Personalizado | Juegos en Ecuador,51,OK,1,1,Descubre el Set de Cartas Eco para engagement de marca. Personalízalo para tu empresa en Ecuador. ¡Cotiza ahora!,112,OK,1,1,1.00,false,
mini-cancha-basket-10347,Mini Cancha Básket,Juegos,Mini Cancha Básquet Personalizada | Ecuador,43,OK,1,1,Crea momentos únicos con Mini Canchas de Básquet personalizadas para tu empresa en Ecuador. ¡Cotiza ahora y sorprende a tu equipo!,130,OK,1,1,0.67,false,
golf-tees-7cm-10988,Golf Tees 7cm,Juegos,Golf Tees 7cm Personalizados | Regalos Corporativos Ecuador,59,OK,1,1,Personaliza Golf Tees de 7cm para tu marca. Ideal para eventos y marketing en Ecuador. ¡Cotiza tus productos promocionales hoy!,127,OK,1,1,1.00,false,
golf-tees-7cm-bamboo-10989,Golf Tees 7cm Bamboo,Juegos,Golf Tees 7cm Bamboo Personalizados | Ecuador,45,OK,1,9,Tees de bambú 7cm personalizados para tu marca en Ecuador. Destaca con un regalo sofisticado y sostenible. ¡Cotiza ahora!,121,OK,1,1,1.00,false,
lapiz-golf-pencil-11005,Lápiz Golf Pencil,Juegos,Lápiz Golf Pencil Personalizado | Promocionales Ecuador,55,OK,1,49,Impacta con lápices Golf Pencil personalizados en Ecuador. Ideal para eventos y regalos promocionales. ¡Cotiza ahora y destaca tu marca!,136,OK,1,1,1.00,false,
juego-cartas-y-domino-eco-11013,Juego Cartas y Dominó Eco,Juegos,Juego Cartas y Dominó Eco Personalizado | Ecuador,49,OK,1,614,Personaliza tu Juego de Cartas y Dominó Eco. Fomenta el engagement de tu marca en Ecuador. ¡Cotiza ahora y deja un recuerdo positivo!,133,OK,1,1,1.00,false,
juego-triqui-box-eco-11031,Juego Triqui Box Eco,Juegos,Juego Triqui Box Eco Personalizado | Ecuador,44,OK,1,614,Personaliza tu Triqui Box Eco en Ecuador. Ideal para marketing y RRHH. ¡Cotiza ahora y sorprende a tus clientes!,112,OK,1,1,1.00,false,
set-de-juego-chessman-11067,Set de Juego Chessman,Juegos,Set de Juego Chessman Personalizado | Ecuador,45,OK,1,614,Personaliza el Set de Juego Chessman para tu marca en Ecuador. Un regalo estratégico para impactar. ¡Cotiza ahora y destaca!,124,OK,1,1,1.00,false,
set-de-juegos-genium-9961,Set de Juegos Genium,Juegos,Set de Juegos Genium Personalizado | Regalos Ecuador,52,OK,1,16,"Impulsa tu marca con el Set de Juegos Genium personalizado. Ideal para empresas en Ecuador, fomenta interacción y el engagement. ¡Cotiza el tuyo ahora!",151,OK,1,1,1.00,false,
set-de-poker-13401,Set de Poker,Juegos,Set de Póker Personalizado para Empresas | Ecuador,50,OK,1,1,Impulsa tu marca con un set de póker personalizado. Herramienta de engagement para tu empresa en Ecuador. ¡Cotiza tu diseño único hoy!,134,OK,1,1,1.00,false,
juego-ruleta-nuevo-13331,Juego Ruleta Nuevo,Juegos,Juego Ruleta Nuevo Personalizado para Empresas en Ecuador,57,OK,1,6,Transforma tu evento corporativo con la Ruleta Personalizada. ¡Genera interacción y emoción en Ecuador! Cotiza ahora tus promocionales.,135,OK,1,1,1.00,false,
juego-triqui-eco-13315,Juego Triqui Eco,Juegos,Juego Triqui Eco Personalizado | Regalos Corporativos Ecuador,61,OK,1,30,Personaliza tu Juego Triqui Eco para promocionar tu marca. Destaca en eventos de Guayaquil con este regalo sostenible. ¡Cotiza ahora!,133,OK,1,1,1.00,false,
domino-bamboo-nuevo-13306,Domino Bamboo Nuevo,Juegos,Domino Bamboo Nuevo Personalizado | Ecuador,43,OK,1,614,Personaliza el Domino Bamboo Nuevo para tu marca en Ecuador. Un juego ecológico y memorable para engagement. ¡Cotiza ahora y destaca!,133,OK,1,1,1.00,false,
mini-balon-de-futbol-inter-no-1-13374,Mini Balón de Fútbol Inter No. 1,Juegos,Mini Balón Fútbol Inter No. 1 Personalizado | Ecuador,53,OK,1,1,Crea impacto con el Mini Balón de Fútbol Inter No. 1 personalizado. Ideal para eventos en Ecuador. ¡Cotiza tu diseño hoy mismo!,127,OK,1,1,1.00,false,
balon-de-futbol-united-no-5-13372,Balón de Fútbol United No. 5,Juegos,Balón de Fútbol United No. 5 Personalizado | Ecuador,52,OK,1,614,Personaliza tu Balón de Fútbol United No. 5 en Ecuador. Ideal para marcas. Cotiza ahora y lleva tu mensaje a cada cancha.,121,OK,1,1,1.00,false,
balon-de-futbol-manchester-no-5-13373,Balón de Fútbol Manchester No. 5,Juegos,Balón Fútbol Manchester No. 5 | Ecuador,39,OK,1,1,Personaliza tu Balón de Fútbol Manchester No. 5 para empresas en Ecuador. Fortalece lazos y genera recordación de marca. ¡Cotiza ya!,132,OK,1,1,1.00,false,
llavero-con-nivelador-magnet-11129,Llavero Con Nivelador Magnet,Master Line,Llavero Con Nivelador Magnet Personalizado | Ecuador,52,OK,1,614,Personaliza tu llavero con nivelador magnético en Ecuador. Fusiona utilidad y marca. ¡Cotiza tu diseño único y potencia tu estrategia de marketing!,147,OK,1,1,1.00,false,
llavero-silver-ml-259-4790,Llavero Silver Ml-259,Master Line,Llavero Silver Ml-259 Personalizado | Ecuador,45,OK,1,614,Fortalece tu marca con el Llavero Silver Ml-259 personalizado. Ideal para empresas en Ecuador. ¡Cotiza ahora y destaca!,119,OK,1,1,1.00,false,
set-ml-398-10077,Set Ml-398,Master Line,Set Ml-398 Personalizado | Regalos Corporativos Ecuador,55,OK,1,30,Sorprende con el Set Ml-398 Master-Line personalizado para clientes VIP en Ecuador. Impulsa tu marca con obsequios exclusivos. ¡Cotiza ahora!,141,OK,1,1,1.00,false,
llavero-ml-103-1572,Llavero Ml-103,Master Line,Llavero Ml-103 Personalizado | Promocionales Ecuador,52,OK,1,49,Personaliza el llavero Ml-103 Master-Line para tu marca en Ecuador. Un detalle duradero que lleva tu logo a todas partes. ¡Cotiza hoy!,134,OK,1,1,1.00,false,
llavero-silver-ml-145-2257,Llavero Silver Ml-145,Master Line,Llavero Silver Ml-145 Personalizado | Ecuador,45,OK,1,614,Impacta con llaveros personalizados en Ecuador. Cotiza el Llavero Silver Ml-145 para branding único y duradero.,111,OK,1,1,1.00,false,
llavero-car-ii-3204,Llavero Car ii,Master Line,Llavero Car ii Personalizado | Ecuador,38,OK,1,614,Personaliza el Llavero Car ii para tu marca en Ecuador. Un promocional efectivo para fidelizar clientes. ¡Cotiza hoy mismo!,123,OK,1,1,1.00,false,
llavero-silver-ml-196-3359,Llavero Silver Ml-196,Master Line,Llavero Silver Ml-196 Personalizado | Promocionales Ecuador,59,OK,1,49,Fortalece tu marca en Ecuador con el Llavero Silver Ml-196. Personaliza con tu logo y cotiza hoy mismo tu pedido.,113,OK,1,1,1.00,false,
llavero-silver-ml-262-4793,Llavero Silver Ml-262,Master Line,Llavero Silver Ml-262 Personalizado | Ecuador,45,OK,1,614,Potencia tu marca con el llavero Silver Ml-262. Personalízalo para tus clientes en Ecuador. ¡Cotiza ahora y destaca!,116,OK,1,1,1.00,false,
llavero-ml-294-5454,Llavero Ml-294,Master Line,Llavero ML-294 Master-Line Personalizado | Ecuador,50,OK,1,1,Potencia tu marca con el llavero ML-294 personalizado. Ideal para empresas en Ecuador. ¡Cotiza ahora y destaca tu mensaje!,122,OK,1,1,1.00,false,
llavero-silver-ml-217-3549,Llavero Silver Ml-217,Master Line,Llavero Silver Ml-217 Personalizado para Empresas | Ecuador,59,OK,1,12,Mantén tu marca visible en Ecuador con llaveros Silver Ml-217 personalizados. Un regalo corporativo estratégico. ¡Cotiza ahora y destaca!,137,OK,1,1,1.00,false,
llavero-silver-ml-241-4417,Llavero Silver Ml-241,Master Line,Llavero Silver Ml-241 Personalizado | Ecuador,45,OK,1,614,"Personaliza tu Llavero Silver Ml-241 en Ecuador. La presencia de tu marca, garantizada. ¡Cotiza hoy mismo!",106,OK,1,1,1.00,false,
placa-metalica-con-pin-ml-332-7438,Placa Metalica Con Pin Ml-332,Master Line,Placa Metálica Con Pin ML-332 Personalizado | Ecuador,53,OK,1,1,Realza tu marca con placas metálicas personalizadas ML-332. Un toque distintivo para tu empresa en Ecuador. ¡Cotiza ahora!,122,OK,1,1,1.00,false,
llavero-ml-379-9174,Llavero Ml-379,Master Line,Llavero ML-379 Personalizado | Ecuador,38,OK,1,614,Mantén tu marca presente. Personaliza el llavero ML-379 para tu negocio en Ecuador. Un detalle duradero y efectivo. ¡Solicita tu cotización ahora!,146,OK,1,1,1.00,false,
soporte-para-moviles-ml-382-oferta-9177,Soporte Para Moviles Ml-382 - Oferta,Master Line,Soporte Para Móviles ML-382 Oferta | Promocionales Ecuador,58,OK,1,1,Personaliza tu Soporte Móvil ML-382 con logo. Ideal para marketing en Ecuador. ¡Cotiza tu pedido ahora!,103,OK,1,1,1.00,false,
llavero-multiusos-metalico-touch-free-ml-386-oferta-9490,Llavero Multiusos Metalico Touch Free Ml-386 - Oferta,Master Line,Llavero Multiusos Metalico Touch Free Ml-386 - Ecuador,54,OK,1,1,Llavero Touch Free ML-386 personalizable para tu marca en Ecuador. Un objeto promocional versátil y duradero. ¡Cotiza hoy!,122,OK,1,1,0.86,false,
llavero-ml-399-10078,Llavero Ml-399,Master Line,Llavero ML-399 Personalizado | Ecuador,38,OK,1,614,Impulsa tu marca con el llavero ML-399 personalizado. Ideal para marketing en Ecuador. Cotiza hoy y destaca tu negocio.,119,OK,1,1,1.00,false,
llavero-ml-417-13523,Llavero Ml-417,Master Line,Llavero Ml-417 Personalizado | Promocionales Ecuador,52,OK,1,49,Personaliza el Llavero Ml-417 para tu marca en Ecuador. Un regalo promocional efectivo para fidelizar clientes. ¡Cotiza el tuyo ahora!,134,OK,1,1,1.00,false,
llavero-ml-416-13522,Llavero Ml-416,Master Line,Llavero Ml-416 Personalizado | Promocionales en Ecuador,55,OK,1,5,Impacta con llaveros Ml-416 personalizados para tu marca en Ecuador. Cotiza hoy mismo y eleva tu estrategia de marketing.,121,OK,1,1,1.00,false,
llavero-bamboo-round-13494,Llavero Bamboo Round,Master Line,Llavero Bamboo Round Personalizado | Ecuador,44,OK,1,614,Personaliza el Llavero Bamboo Round para tu marca. Ideal para promoción en Ecuador. Cotiza hoy mismo y potencia tu visibilidad.,127,OK,1,1,1.00,false,
llavero-bamboo-square-13496,Llavero Bamboo Square,Master Line,Llavero Bamboo Square Personalizado | Ecuador,45,OK,1,614,Personaliza tu Llavero Bamboo Square en Ecuador y destaca tu marca. Un detalle funcional que refuerza tu imagen corporativa. ¡Cotiza ahora!,139,OK,1,1,1.00,false,
llavero-ml-419-13395,Llavero Ml-419,Master Line,Llavero Ml-419 Personalizado | Ecuador,38,OK,1,614,Impulsa tu marca en Ecuador con el llavero ML-419. Personaliza con tu logo y mantente presente. Solicita tu cotización hoy mismo.,129,OK,1,1,1.00,false,
llavero-ml-418-13394,Llavero Ml-418,Master Line,Llavero Ml-418 Personalizado para Empresas en Ecuador,53,OK,1,6,"Descubre el llavero Ml-418, ideal para personalizar y fortalecer tu marca en Ecuador. ¡Cotiza tu pedido hoy mismo!",114,OK,1,1,1.00,false,
llavero-portacelular-nook-13323,Llavero Portacelular Nook,Master Line,Llavero Portacelular Nook Personalizado | Ecuador,49,OK,1,614,Personaliza tu Llavero Portacelular Nook para Ecuador. ¡Un regalo master-line que tus clientes amarán! Cotiza ahora y destaca.,126,OK,1,1,1.00,false,
liquido-antibacterial-pump-spray-10ml-produccion-nacional-9619,Liquido Antibacterial Pump Spray 10ml-produccion Nacional,Médicos,Liquido Antibacterial Pump Spray 10ml Personalizado | Ecuador,61,OK,1,1,Ofrezca salud y bienestar. Personalice su spray antibacterial en Ecuador. Un detalle útil para sus clientes. ¡Cotice hoy!,121,OK,1,1,0.67,false,
espejo-maxx-9146,Espejo Maxx,Médicos,Espejo Maxx Personalizado | Regalos Médicos Ecuador,51,OK,1,1,"Descubre el Espejo Maxx, un detalle que transforma tu marca. Personaliza este obsequio para fidelizar clientes en Ecuador. ¡Cotiza ahora!",137,OK,1,1,1.00,false,
boligrafo-medic-7022,Boligrafo Medic,Médicos,Bolígrafo Medic Personalizado | Ecuador,39,OK,1,1,Personaliza tu Bolígrafo Medic para profesionales de la salud en Ecuador. Transmite confianza y profesionalismo. ¡Cotiza ahora!,127,OK,1,1,1.00,false,
portaidentificador-para-cinta-portacarnet-redondo-8875,Portaidentificador Para Cinta Portacarnet Redondo,Médicos,Portaidentificador Para Cinta Redondo Personalizado | Ecuador,61,OK,1,1,Personaliza tus portaidentificadores redondos en Ecuador. Optimiza la imagen de tu marca y mejora la seguridad. ¡Cotiza ahora!,126,OK,1,1,0.80,false,
tabla-metrica-produccion-nacional-3869,Tabla Métrica - Producción Nacional,Médicos,Tabla Métrica Personalizada - Producción Nacional | Ecuador,59,OK,1,1,Tablas métricas personalizadas para empresas. Un regalo corporativo funcional y duradero. Cotiza tu diseño en Ecuador.,118,OK,1,1,1.00,false,
mini-resaltador-de-cera-ver-of-376eof-376j-5884,Mini Resaltador de Cera (ver Of-376e/of-376j),Médicos,Mini Resaltador de Cera Personalizado | Ecuador,47,OK,1,1,Impulsa tu marca con mini resaltadores de cera personalizados. Elige el tuyo en Ecuador y cotiza para tu próxima campaña promocional.,133,OK,1,1,0.60,false,
portatacos-frost-con-portatarjetas-produccion-nacional-2547,Portatacos Frost Con Portatarjetas - Produccion Nacional,Médicos,Portatacos Frost Con Portatarjetas Personalizado | Ecuador,58,OK,1,1,Portatacos Frost personalizable para profesionales médicos en Ecuador. Ideal para tu marca. ¡Solicita tu cotización ahora!,122,OK,1,1,0.60,false,
resaltador-en-cera-adam-7491,Resaltador en Cera Adam,Médicos,Resaltador en Cera Adam Personalizado | Ecuador,47,OK,1,614,Personaliza el Resaltador en Cera Adam para tu marca en Ecuador. Un artículo promocional único y duradero. Cotiza ahora y destaca.,130,OK,1,1,1.00,false,
estuche-para-2-resaltadores-en-cera-adam-7492,Estuche Para 2 Resaltadores en Cera Adam,Médicos,Estuche 2 Resaltadores en Cera Adam Personalizado | Ecuador,59,OK,1,1,Personaliza tu estuche para resaltadores en cera Adam y potencia tu marca en Ecuador. ¡Cotiza hoy mismo tus artículos promocionales!,132,OK,1,1,0.80,false,
calendario-perpetuo-plastico-7500,Calendario Perpetuo Plástico,Médicos,Calendario Perpetuo Plástico Personalizado | Ecuador,52,OK,1,614,Impulsa tu marca con calendarios perpetuos plásticos personalizados. Soluciones duraderas para empresas en Ecuador. ¡Cotiza el tuyo!,132,OK,1,1,1.00,false,
set-de-resaltadores-en-cera-quattro-7507,Set de Resaltadores en Cera Quattro,Médicos,Set de Resaltadores Cera Quattro Personalizados | Ecuador,57,OK,1,1,Distingue tu marca con resaltadores en cera Quattro personalizados. Impacta en Ecuador con un obsequio original. ¡Cotiza ahora tus productos promocionales!,155,OK,1,1,1.00,false,
calendario-perpetuo-produccion-nacional-7513,Calendario Perpetuo - Producción Nacional,Médicos,Calendario Perpetuo Personalizado | Producción Nacional Ecuador,63,OK,1,1,Calendarios perpetuos personalizados para empresas en Ecuador. Un embajador duradero de su marca. ¡Cotiza tu diseño hoy mismo!,126,OK,1,1,1.00,false,
portaidentificador-de-carnet-home-oferta-8440,Portaidentificador de Carnet Home Oferta,Médicos,Portaidentificador Carnet Home Oferta Personalizado | Ecuador,61,OK,1,1,Personaliza tu portaidentificador de carnet para empresas en Ecuador. Un elemento clave para la seguridad y marca. ¡Cotiza hoy!,127,OK,1,1,1.00,false,
cinta-para-portacarnet-kunel-9892,Cinta Para Portacarnet Kunel,Médicos,Cinta Para Portacarnet Kunel Personalizado | Ecuador,52,OK,1,614,Personaliza Cintas Portacarnet Kunel para tu marca en Ecuador. Un embajador constante de tu empresa. ¡Cotiza hoy!,113,OK,1,1,1.00,false,
calendario-perpetuo-wood-9983,Calendario Perpetuo Wood,Médicos,Calendario Perpetuo Wood | Artículos Personalizados Ecuador,59,OK,1,1,Calendario Perpetuo Wood personalizable para empresas en Ecuador. Un objeto de escritorio que representa solidez y calidad. ¡Cotiza hoy!,136,OK,1,1,1.00,false,
tablero-spock-6931,Tablero Spock,Médicos,Tablero Spock Promocional | Ecuador,35,OK,1,9,Tablero Spock personalizado para tu marca. Ideal para empresas en Ecuador que buscan herramientas de precisión. ¡Cotiza tu diseño hoy mismo!,140,OK,1,1,1.00,false,
dispensador-de-notas-medic-8150,Dispensador de Notas Medic,Médicos,Dispensador de Notas Medic Personalizado | Ecuador,50,OK,1,614,Personaliza tu Dispensador de Notas Medic para Ecuador. Refuerza tu marca con funcionalidad y visibilidad diaria. ¡Cotiza hoy mismo!,132,OK,1,1,1.00,false,
antiestres-doctor-8858,Antiestres Doctor,Médicos,Antiestrés Doctor Personalizado | Ecuador,41,OK,1,1,Personaliza antiestrés Doctor para tu marca. Alivia el estrés de tus clientes y empleados en Ecuador. ¡Cotiza ya!,113,OK,1,1,1.00,false,
bolsa-plegable-medic-8954,Bolsa Plegable Medic,Médicos,Bolsa Plegable Medic Personalizada | Promocionales Ecuador,58,OK,1,21,Impulsa tu marca con la Bolsa Plegable Medic. Personaliza tu logo para Ecuador. Solicita tu cotización hoy mismo.,113,OK,1,1,1.00,false,
pastillero-en-bambu-nuevo-13544,Pastillero en Bambú Nuevo,Médicos,Pastillero Bambú Nuevo Personalizado | Ecuador,46,OK,1,1,Pastillero en bambú personalizable para fortalecer su marca en Ecuador. Un detalle único y práctico. ¡Cotice ahora!,115,OK,1,1,1.00,false,
memoria-usb-mini-bamboo-precio-neto-10322,Memoria Usb Mini Bamboo Precio Neto,Memorias USB,Memoria USB Mini Bamboo Personalizada | Ecuador,47,OK,1,1,Memoria USB Mini Bamboo personalizada: el regalo corporativo ideal. Solicita tu cotización para Ecuador y lleva tu marca al siguiente nivel.,140,OK,1,1,0.60,false,
reloj-de-arena-petit-4-minutos-7753,Reloj de Arena Petit 4 Minutos,Relojes,Reloj de Arena Petit 4 Minutos Personalizado | Ecuador,54,OK,1,614,Personaliza este reloj de arena para tu marca en Ecuador. Fomenta la gestión del tiempo y la productividad. ¡Solicita tu cotización ahora!,138,OK,1,1,1.00,false,
botilito-plastico-fruit-600ml-nuevo-13575,"Botilito Plástico, Fruit 600ml Nuevo",Tomatodos y Botilitos Personalizados,Botilito Fruit 600ml Personalizado para Empresas Ecuador,56,OK,1,1,"Botilito personalizado 600ml con logo corporativo. Ideal para merchandising empresarial, eventos y campanas de branding en Ecuador.",131,OK,1,1,0.60,false,
botilito-metalico-concord-negro-550ml-nuevo-13578,Botilito Metálico Concord Negro 550ml Nuevo,Tomatodos y Botilitos Personalizados,Botilito Metalico Concord Negro 550ml Personalizado Ecuador,59,OK,1,1,Botilito metalico negro 550ml para personalizar con tu logo. Ideal para merchandising corporativo y regalos empresariales en Ecuador con alta durabilidad.,154,OK,1,1,0.83,false,
botilito-metalico-concord-550ml-nuevo-13579,Botilito Metálico Concord 550ml Nuevo,Tomatodos y Botilitos Personalizados,Botilitos Metalicos 550ml Personalizados | Ecuador,50,OK,1,1,Botilitos metalicos personalizados de 550ml para empresas en Ecuador. Merchandising corporativo sostenible con grabado de logo. Ideal para branding.,148,OK,1,1,0.60,false,
botilito-metalico-cuppa-600ml-nuevo-13571,Botilito Metálico Cuppa 600ml Nuevo,Tomatodos y Botilitos Personalizados,Botilito Metalico Cuppa 600ml Personalizado para Empresas Ecuador,65,OK,1,1,Botilito metalico Cuppa 600ml con personalizacion de logo. Fortalece la imagen corporativa de tu empresa ecuatoriana con este producto sostenible y funcional.,158,OK,1,1,0.80,false,
mug-metalico-para-sublimacion-kup-550-ml-nuevo-13572,Mug Metálico Para Sublimacion Kup 550 ml Nuevo,Novedades,Mug Metálico Sublimación Kup 550ml Personalizado | Ecuador,58,OK,1,1,Fortalece tu marca en Ecuador con el Mug Metálico Kup 550ml. Ideal para personalizar y regalar. Solicita tu cotización hoy mismo.,129,OK,1,1,0.50,false,
morral-backpack-taos-nuevo-13585,Morral Backpack Taos Nuevo,Novedades,Morral Backpack Taos Nuevo Personalizado | Ecuador,50,OK,1,614,"Descubre el Morral Backpack Taos Nuevo, ideal para fortalecer tu marca. Personalízalo para tu empresa en Ecuador. ¡Cotiza ahora!",128,OK,1,1,1.00,false,
morral-backpack-barbour-nuevo-13586,Morral Backpack Barbour Nuevo,Novedades,Morral Backpack Barbour Personalizado | Ecuador,47,OK,1,1,Impulsa tu marca con el Morral Backpack Barbour personalizado en Ecuador. Ideal para colaboradores. ¡Cotiza ahora y destaca!,124,OK,1,1,0.75,false,
mug-metalico-dewar-400-ml-nuevo-13577,Mug Metálico Dewar 400 ml Nuevo,Novedades,Mug Metálico Dewar 400 ml Nuevo Personalizado | Ecuador,55,OK,1,614,Impacta con el Mug Metálico Dewar de 400 ml en Ecuador. Personalízalo con tu marca y eleva tu estrategia promocional. ¡Cotiza ahora!,132,OK,1,1,1.00,false,
bolsa-en-cambrel-con-fuelle-para-sublimacion-nuevo-13587,Bolsa en Cambrel Con Fuelle Para Sublimación Nuevo,Novedades,Bolsa Cambrel Con Fuelle Sublimación Personalizada Ecuador,58,OK,1,1,Personaliza tu bolsa en Cambrel con fuelle para sublimación. Ideal para promocionales en Ecuador. ¡Cotiza ahora y destaca tu marca!,131,OK,1,1,0.67,false,
bolsa-en-cambrel-arcadia-para-sublimacion-nuevo-13591,Bolsa en Cambrel Arcadia Para Sublimación Nuevo,Novedades,Bolsa Cambrel Arcadia Sublimación Personalizada Ecuador,55,OK,1,1,"Personaliza tu Bolsa Cambrel Arcadia en Ecuador. Ideal para sublimación, refuerza tu marca. ¡Cotiza tu pedido hoy!",114,OK,1,1,0.67,false,
boligrafo-castell-nuevo-13588,Bolígrafo Castell Nuevo,Novedades,Bolígrafo Castell Nuevo Personalizado | Ecuador,47,OK,1,614,"Personaliza el Bolígrafo Castell Nuevo para tu marca en Ecuador. Ideal para marketing B2B, fortalece tu presencia. ¡Cotiza ahora!",129,OK,1,1,1.00,false,
nevera-cooler-origin-rpet-nuevo-13561,Nevera Cooler Origin Rpet Nuevo,Novedades,Nevera Cooler Origin Rpet Nuevo Personalizado | Ecuador,55,OK,1,614,Sorprende con una Nevera Cooler Origin Rpet personalizada. Ideal para regalos corporativos en Ecuador. ¡Cotiza tu diseño ahora!,127,OK,1,1,1.00,false,
portarretrato-kids-nuevo-13563,Portarretrato Kids Nuevo,Novedades,Portarretrato Kids Personalizado | Ecuador,42,OK,1,1,Humaniza tu marca con el Portarretrato Kids Nuevo. Personalización única para tus campañas en Ecuador. ¡Cotiza ahora!,117,OK,1,1,0.67,false,
pila-recargable-byte-2200-mah-nuevo-13565,Pila Recargable Byte 2200 Mah Nuevo,Novedades,Pila Recargable Byte 2200 Mah Nuevo Personalizado | Ecuador,59,OK,1,614,Personaliza tu Pila Recargable Byte 2200 Mah. Ideal para regalos corporativos en Ecuador. ¡Cotiza ahora y mantén la conectividad!,129,OK,1,1,1.00,false,
pila-recargable-kode-5000-mah-rpet-nuevo-13566,Pila Recargable Kode 5000 Mah Rpet Nuevo,Novedades,Pila Recargable Kode 5000 Mah RPET Personalizada | Ecuador,58,OK,1,1,"Descubre la pila recargable Kode 5000 mAh RPET, ideal para regalos corporativos. Personalización exclusiva para tu marca en Ecuador. ¡Cotiza ahora!",147,OK,1,1,0.83,false,
cepillo-de-dientes-bambu-nuevo-13567,Cepillo de Dientes Bambú Nuevo,Novedades,Cepillo de Dientes Bambú Personalizado | Ecuador,48,OK,1,1,Impacta con cepillos de bambú personalizados para tu marca. Ofrece un regalo ecológico en Ecuador. ¡Cotiza ahora y destaca!,123,OK,1,1,0.75,false,
cepillo-de-dientes-travel-nuevo-13568,Cepillo de Dientes Travel Nuevo,Novedades,Cepillo de Dientes Travel Nuevo Personalizado | Ecuador,55,OK,1,614,Descubre nuestro Cepillo de Dientes Travel personalizable. Ideal para empresas en Ecuador que buscan impacto. ¡Cotiza tu diseño ahora!,134,OK,1,1,1.00,false,
speaker-bluetooth-soccer-man-nuevo-13389,Speaker Bluetooth Soccer Man Nuevo,Novedades,Speaker Bluetooth Soccer Man Nuevo Personalizado | Ecuador,58,OK,1,614,Sorprende con el Speaker Bluetooth Soccer Man. Regalos promocionales personalizados para tu marca en Ecuador. ¡Cotiza ya!,121,OK,1,1,1.00,false,
cobija-en-fleece-con-velcro-nuevo-6313,Cobija en Fleece Con Velcro Nuevo,Novedades,Cobija Fleece con Velcro Personalizada | Ecuador,48,OK,1,1,Personaliza tu Cobija Fleece con Velcro. Ideal para obsequios promocionales en Ecuador. ¡Cotiza ahora y fortalece tu marca!,123,OK,1,1,0.75,false,
botilito-plastico-vita-600ml-rpet-nuevo-13246,Botilito Plástico Vita 600ml Rpet Nuevo,Tomatodos y Botilitos Personalizados,Botilitos Vita 600ml rPET Personalizados para Empresas Ecuador,62,OK,1,1,"Botilitos rPET 600ml personalizados con tu logo para empresas en Ecuador. Material reciclado, diseno moderno y compromiso con sostenibilidad ambiental.",151,OK,1,1,0.67,false,
cargador-inalambrico-element-nuevo-13541,Cargador Inalámbrico Element Nuevo,Novedades,Cargador Inalámbrico Element Nuevo Personalizado | Ecuador,58,OK,1,614,Personaliza tu Cargador Inalámbrico Element Nuevo. Un detalle corporativo ideal para clientes y colaboradores en Ecuador. ¡Cotiza el tuyo!,138,OK,1,1,1.00,false,
set-vera-nuevo-13542,Set Vera Nuevo,Novedades,Set Vera Nuevo Personalizado | Promocionales en Ecuador,55,OK,1,5,Descubre el Set Vera Nuevo: termo y libreta personalizados para tu marca. Ideal para incentivos en Ecuador. ¡Cotiza el tuyo ahora!,130,OK,1,1,1.00,false,
cepillo-exfoliante-skin-nuevo-13543,Cepillo Exfoliante Skin Nuevo,Novedades,Cepillo Exfoliante Skin Nuevo Personalizado | Ecuador,53,OK,1,614,"Descubre el Cepillo Exfoliante Skin Nuevo, ideal para branding. Personaliza tu marca en Ecuador. ¡Solicita tu cotización ahora!",127,OK,1,1,1.00,false,
set-de-cubiertos-craft-nuevo-13545,Set de Cubiertos Craft Nuevo,Novedades,Set Cubiertos Craft Nuevo Personalizado | Ecuador,49,OK,1,1,"Cubiertos Craft Nuevo, perfectos para tu marca en Ecuador. Personaliza y promueve la sostenibilidad. ¡Cotiza tu pedido hoy!",123,OK,1,1,1.00,false,
joyero-en-algodon-200-gr-nuevo-13547,Joyero en Algodón (200 Gr) Nuevo,Novedades,Joyero en Algodón (200 Gr) Nuevo Personalizado | Ecuador,56,OK,1,614,Joyero de algodón 200gr personalizable para empresas en Ecuador. Un detalle elegante y práctico para sus clientes. ¡Cotiza el tuyo hoy!,135,OK,1,1,1.00,false,
speaker-bluetooth-soccer-ball-13276,Speaker Bluetooth Soccer Ball,Novedades,Speaker Bluetooth Soccer Ball Personalizado | Ecuador,53,OK,1,614,Sorprende con el Speaker Bluetooth Soccer Ball. Personalízalo como obsequio corporativo en Ecuador. ¡Cotiza tu regalo innovador ahora!,134,OK,1,1,1.00,false,
speaker-bluetooth-aqua-13277,Speaker Bluetooth Aqua,Novedades,Speaker Bluetooth Aqua Personalizado | Ecuador,46,OK,1,614,Impulsa tu marca con el Speaker Bluetooth Aqua personalizado. Ideal para regalos corporativos en Ecuador. ¡Cotiza ahora y destaca!,130,OK,1,1,1.00,false,
puerto-usb-syntra-13303,Puerto Usb Syntra,Novedades,Puerto USB Syntra Personalizado | Ecuador,41,OK,1,614,Optimiza tu conectividad corporativa con el Puerto USB Syntra. Personalízalo y mejora tu productividad en Ecuador. ¡Cotiza ahora!,129,OK,1,1,1.00,false,
mug-metalico-vinga-eco-350-ml-13313,Mug Metálico Vinga Eco 350 ml,Novedades,Mug Metálico Vinga Eco 350 ml Personalizado | Ecuador,53,OK,1,614,Personaliza tu Mug Metálico Vinga Eco para promocionar tu marca en Ecuador. Un detalle único y sostenible para tus clientes. ¡Cotiza ahora!,139,OK,1,1,1.00,false,
botilito-metalico-drover-650ml-13314,Botilito Metalico Drover 650ml,Tomatodos y Botilitos Personalizados,Botilito Metalico Drover 650ml Personalizados Ecuador,53,OK,1,1,"Botilito metalico 650ml para empresas en Ecuador. Personaliza con tu logo y refuerza marca. Duradero, elegante y perfecto para regalos corporativos.",148,OK,1,1,1.00,false,
pila-recargable-digital-display5000-mah-13316,Pila Recargable Digital Display5000 Mah,Novedades,Pila Recargable Digital Display 5000 mAh Personalizada | Ecuador,64,OK,1,1,Potencia tu marca con pilas recargables personalizadas. Ideal para regalos corporativos en Ecuador. ¡Cotiza ahora y destaca!,124,OK,1,1,0.75,false,
pila-recargable-nomu-5000mah-13317,Pila Recargable Nomu 5000mah,Novedades,Pila Recargable Nomu 5000mAh Personalizada | Ecuador,52,OK,1,82,Mantén a tus equipos conectados. Personaliza la Pila Recargable Nomu 5000mAh para tu marca en Ecuador. ¡Cotiza ahora!,117,OK,1,1,1.00,false,
set-de-herramientas-hammer-13325,Set de Herramientas Hammer,Novedades,Set de Herramientas Hammer Personalizado | Ecuador,50,OK,1,614,Descubre el Set de Herramientas Hammer. Personalízalo como regalo corporativo en Ecuador para fortalecer tu marca. ¡Cotiza ahora!,129,OK,1,1,1.00,false,
set-de-herramientas-bamboo-13326,Set de Herramientas Bamboo,Novedades,Set de Herramientas Bamboo Personalizado | Regalos Ecuador,58,OK,1,16,Ofrece un regalo corporativo único y sostenible. Personaliza tu set de herramientas bamboo en Ecuador. ¡Cotiza ahora!,117,OK,1,1,1.00,false,
cargador-inalambrico-heston-13328,Cargador Inalambrico Heston,Novedades,Cargador Inalámbrico Heston Personalizado | Ecuador,51,OK,1,1,Personaliza tu Cargador Inalámbrico Heston. Impulsa tu marca en Ecuador con un regalo corporativo innovador. ¡Cotiza ahora y destaca!,133,OK,1,1,1.00,false,
portacomidas-wing-eco-13329,Portacomidas Wing Eco,Novedades,Portacomidas Wing Eco Personalizado | Regalos Ecuador,53,OK,1,16,"Descubre el Portacomidas Wing Eco, una novedad ideal para personalización. Regalo promocional sostenible para tu empresa en Ecuador. ¡Cotiza hoy!",145,OK,1,1,1.00,false,
mini-herramientero-kronus-13335,Mini Herramientero Kronus,Novedades,Mini Herramientero Kronus Personalizado | Regalos Ecuador,57,OK,1,16,"Descubre el Mini Herramientero Kronus, el regalo promocional ideal para clientes y colaboradores en Ecuador. Personalízalo y fortalece tu marca. ¡Cotiza ahora!",159,OK,1,1,1.00,false,
audifonos-tekflow-13339,Audifonos Tekflow,Novedades,Audífonos Tekflow Personalizados | Ecuador,42,OK,1,1,Descubre los Audífonos Tekflow personalizables. Fortalece tu marca en Ecuador. Cotiza hoy mismo para tus clientes y colaboradores.,130,OK,1,1,1.00,false,
llavero-metro-tools-13351,Llavero Metro Tools,Novedades,Llavero Metro Tools Personalizado | Ecuador,43,OK,1,614,Personaliza el Llavero Metro Tools para tu marca en Ecuador. Herramienta versátil para tus clientes. ¡Cotiza ahora!,115,OK,1,1,1.00,false,
llavero-metro-3-1-13354,Llavero Metro 3-1,Novedades,Llavero Metro 3-1 Personalizado | Ecuador,41,OK,1,614,"Fortalece tu marca en Ecuador. Personaliza el llavero Metro 3-1, útil y estratégico para tus clientes y colaboradores. ¡Cotiza hoy!",131,OK,1,1,1.00,false,
mug-plastico-voltra-400ml-13247,Mug Plastico Voltra 400ml,Novedades,Mug Plástico Voltra 400ml Personalizado | Ecuador,49,OK,1,1,Impacta con mugs plásticos Voltra 400ml personalizados. Ideal para tu marca en Ecuador. Cotiza hoy mismo y potencia tu visibilidad corporativa.,143,OK,1,1,1.00,false,
portacomidas-stora-eco-13242,Portacomidas Stora Eco,Novedades,Portacomidas Stora Eco Personalizado | Ecuador,46,OK,1,614,Obsequia el Portacomidas Stora Eco personalizado. Ideal para bienestar corporativo en Ecuador. ¡Cotiza tu pedido hoy!,117,OK,1,1,1.00,false,
botilito-plastico-napper-800ml-13243,Botilito Plastico Napper 800ml,Tomatodos y Botilitos Personalizados,Botilito Napper 800ml Personalizado Ecuador - Marca tu Logo,59,OK,1,1,"Botilito plastico 800ml personalizado con tu logo. Ideal para empresas ecuatorianas, eventos y regalos corporativos. Impacto diario garantizado.",144,OK,1,1,0.75,false,
botilito-plastico-griply-rpet-700ml-13244,Botilito Plastico Griply Rpet 700ml,Tomatodos y Botilitos Personalizados,Botilitos Personalizados 700ml RPET | KS Promocionales Ecuador,62,OK,1,1,Botilitos de 700ml en RPET reciclado con logo personalizado. Ideal para empresas en Ecuador que buscan merchandising sostenible y funcional.,140,OK,1,1,0.60,false,
mug-plastico-glimm-eco-300ml-13245,Mug Plastico Glimm Eco 300ml,Novedades,Mug Plástico Glimm Eco 300ml Personalizado | Ecuador,52,OK,1,1,Personaliza el Mug Plástico Glimm Eco de 300ml con tu logo. Ideal para branding y eventos en Ecuador. ¡Cotiza ahora!,116,OK,1,1,1.00,false,
molde-para-paletas-13270,Molde Para Paletas,Novedades,Molde Paletas Personalizado | Ecuador Regalo B2B,48,OK,1,1,Transforma tu marca con moldes para paletas personalizados. Regala creatividad y conexión en Ecuador. ¡Cotiza para tu campaña B2B!,130,OK,1,1,0.67,false,
set-glim-13272,Set Glim,Novedades,Set Glim Personalizado | Obsequios Corporativos Ecuador,55,OK,1,2,"Descubre el Set Glim, ideal para obsequios corporativos personalizados en Ecuador. Fortalece tu marca con sofisticación. ¡Solicita tu cotización!",145,OK,1,1,1.00,false,
set-sos-13273,Set Sos,Novedades,Set SOS Corporativo Personalizado | Regalos en Ecuador,54,OK,1,1,Sorprende con un Set SOS personalizado. Demuestra cuidado y previsión a tus clientes y equipo en Ecuador. ¡Cotiza el tuyo hoy!,126,OK,1,1,1.00,false,
llavero-destapador-truck-13257,Llavero Destapador Truck,Novedades,Llavero Destapador Truck Personalizado | Ecuador,48,OK,1,614,Personaliza Llaveros Destapador Truck para tu marca en Ecuador. Un detalle práctico y memorable. ¡Cotiza tu pedido hoy!,119,OK,1,1,1.00,false,
llavero-destapador-motorbike-13258,Llavero Destapador Motorbike,Novedades,Llavero Destapador Motorbike Personalizado | Ecuador,52,OK,1,614,Fortalece tu marca con llaveros destapadores Motorbike personalizados. Ideales para promociones en Ecuador. ¡Cotiza ahora!,122,OK,1,1,1.00,false,
llavero-destapador-broq-13259,Llavero Destapador Broq,Novedades,Llavero Destapador Broq Personalizado | Ecuador,47,OK,1,614,Impulsa tu marca con llaveros destapador Broq personalizados. Regalo práctico y duradero para clientes en Ecuador. ¡Cotiza el tuyo hoy!,135,OK,1,1,1.00,false,
botilito-jormi-1000ml-13217,Botilito Jormi 1000ml,Tomatodos y Botilitos Personalizados,Botilito Jormi 1000ml Personalizado para Empresas Ecuador,57,OK,1,3,Botilito Jormi 1000ml con personalización de logo. Ideal para empresas ecuatorianas que desean fortalecer marca y promover hidratacion diaria.,142,OK,1,1,1.00,false,
botilito-metalico-plivi-660ml-13218,Botilito Metalico Plivi 660ml,Tomatodos y Botilitos Personalizados,Botilito Metalico 660ml Personalizado Ecuador | Obsequios,57,OK,1,1,Botilito metalico Plivi 660ml personalizado para empresas ecuatorianas. Impresiona clientes con este obsequio corporativo funcional y de calidad.,145,OK,1,1,0.75,false,
mug-ethio-cofee-473-ml-13219,Mug Ethio Cofee 473 ml,Novedades,Mug Ethio Coffee 473 ml Personalizado | Regalos Ecuador,55,OK,1,1,Fortalece tu marca en Ecuador con el Mug Ethio Coffee 473 ml personalizado. Ideal para clientes y colaboradores. ¡Cotiza el tuyo hoy!,133,OK,1,1,0.50,false,
multicargador-con-puertos-fast-35w-13225,Multicargador Con Puertos Fast 35w,Novedades,Multicargador Fast 35w Personalizado | Ecuador,46,OK,1,1,"Multicargador Fast 35w, ideal para empresas. Personaliza con tu marca en Ecuador. Cotiza hoy tu solución de carga promocional.",126,OK,1,1,0.67,false,
cooler-para-botellas-13232,Cooler Para Botellas,Novedades,Cooler Para Botellas Personalizado | Ecuador,44,OK,1,614,"Impacta en Ecuador con coolers personalizados. En lanzamientos o eventos, tu marca destacará. ¡Cotiza tu diseño hoy!",116,OK,1,1,1.00,false,
botilito-plastico-pvc-runny-690ml-produccion-nacional-13236,Botilito Plástico Pvc Runny 690ml - Producción Nacional,Tomatodos y Botilitos Personalizados,Botilitos PVC Runny 690ml Personalizados para Empresas Ecuador,62,OK,1,1,"Botilito Runny 690ml con tu logo personalizado. Produccion nacional, presencia diaria de marca. Ideal para regalos corporativos en Ecuador.",139,OK,1,1,0.50,false,
mug-metalico-lumix-600-ml-13237,Mug Metálico Lumix 600 ml,Novedades,Mug Metálico Lumix 600 ml Personalizado | Ecuador,49,OK,1,614,Personaliza el Mug Metálico Lumix de 600 ml para tu marca. Ideal para empresas en Ecuador. ¡Cotiza ahora y destaca!,115,OK,1,1,1.00,false,
set-de-mugs-metalicos-stylor-200-ml-13238,Set de Mugs Metálicos Stylor 200 ml,Novedades,Set de Mugs Metálicos Stylor 200 ml Personalizado | Ecuador,59,OK,1,614,Personaliza tus Mugs Metálicos Stylor 200 ml para promociones en Ecuador. Deja una huella memorable. ¡Cotiza ahora tus regalos corporativos!,140,OK,1,1,1.00,false,
botilito-metalico-swivo-750ml-13239,Botilito Metalico Swivo 750ml,Tomatodos y Botilitos Personalizados,Botilito Metalico Swivo 750ml Personalizado | KS Ecuador,56,OK,1,20,Botilito metalico de 750ml con tapa giratoria. Personaliza con tu logo y refuerza tu marca en Ecuador. Ideal para regalos corporativos.,135,OK,1,1,1.00,false,
mini-aspiradora-lautus-13515,Mini Aspiradora Lautus,Novedades,Mini Aspiradora Lautus Personalizada | Regalos Ecuador,54,OK,1,3,Agrega valor con la Mini Aspiradora Lautus personalizada. Ideal para obsequios corporativos en Ecuador. ¡Cotiza tu pedido hoy!,126,OK,1,1,1.00,false,
mini-herramientero-clipin-13518,Mini Herramientero Clipin,Novedades,Mini Herramientero Clipin Personalizado | Ecuador,49,OK,1,614,Descubre el Mini Herramientero Clipin personalizado para tu marca. Ideal para regalos corporativos en Ecuador. ¡Cotiza tu pedido ahora!,135,OK,1,1,1.00,false,
destapador-house-bamboo-13519,Destapador House Bamboo,Novedades,Destapador House Bamboo Personalizado | Ecuador,47,OK,1,614,Fortalece tu marca con destapadores personalizados en Ecuador. Conexiones genuinas con tus clientes y colaboradores. ¡Cotiza ahora!,131,OK,1,1,1.00,false,
botilito-metalico-glider-520ml-13520,Botilito Metalico Glider 520ml,Tomatodos y Botilitos Personalizados,Botilito Metalico Glider 520ml Personalizado Ecuador,52,OK,1,59,"Botilito metalico personalizado 520ml para empresas Ecuador. Marca tu logo, distribuye en eventos y posiciona tu negocio con merchandising duradero.",148,OK,1,1,1.00,false,
mug-metalico-lumora-300ml-13524,Mug Metálico Lumora 300ml,Novedades,Mug Metálico Lumora 300ml Personalizado | Ecuador,49,OK,1,614,"Destaca tu marca con el Mug Metálico Lumora 300ml. Ideal para empresas en Ecuador, personalízalo y pide tu cotización hoy mismo.",128,OK,1,1,1.00,false,
botilito-metalico-plugsy-750ml-13525,Botilito Metalico Plugsy 750ml,Tomatodos y Botilitos Personalizados,Botilito Metalico 750ml Personalizado | Regalos Corporativos Ecuador,68,TOO_LONG_TRUNCATION_RISK,1,1,Botilito Plugsy 750ml personalizable con logo. Regalo corporativo perfecto para empresas en Ecuador. Hydratacion y branding en uno.,131,OK,1,1,0.75,false,
mug-plastico-atom-370-ml-produccion-nacional-13530,Mug Plastico Atom 370 ml - Producción Nacional,Novedades,Mug Plástico Atom 370ml - Producción Nacional Personalizado | Ecuador,69,TOO_LONG_TRUNCATION_RISK,1,1,"Fortalece tu marca en Ecuador con el Mug Plástico Atom personalizable. Ideal para publicidad, eventos o regalos corporativos. ¡Cotiza ahora!",140,OK,1,1,1.00,false,
cable-multicargador-spectra-13390,Cable Multicargador Spectra,Novedades,Cable Multicargador Spectra Personalizado | Ecuador,51,OK,1,614,Personaliza tu Cable Multicargador Spectra para empresas en Ecuador. La solución ideal para tus regalos corporativos. ¡Cotiza ahora!,132,OK,1,1,1.00,false,
mouse-inalambrico-zenith-eco-13391,Mouse Inalambrico Zenith Eco,Novedades,Mouse Inalámbrico Zenith Eco Personalizado | Ecuador,52,OK,1,1,Potencia tu marca con el Mouse Inalámbrico Zenith Eco. Personaliza para tu empresa en Ecuador y cotiza ahora tu estrategia promocional.,135,OK,1,1,1.00,false,
soporte-para-movil-nyro-13392,Soporte Para Movil Nyro,Novedades,Soporte Para Móvil Nyro Personalizado | Ecuador,47,OK,1,1,Potencia la productividad de tus clientes con el Soporte Para Móvil Nyro. Personaliza este versátil regalo promocional en Ecuador. ¡Cotiza ahora!,145,OK,1,1,1.00,false,
soporte-para-movil-chair-13393,Soporte Para Movil Chair,Novedades,Soporte Móvil Chair Personalizado | Ecuador,43,OK,1,1,Soporte Para Móvil Chair personalizable para tu marca en Ecuador. Un accesorio innovador para tus clientes. ¡Cotiza el tuyo hoy!,128,OK,1,1,0.75,false,
soporte-para-celular-magmount-eco-13397,Soporte Para Celular Magmount Eco,Novedades,Soporte Para Celular Magmount Eco Personalizado | Ecuador,57,OK,1,614,Impulsa tu marca con el Soporte Magmount Eco personalizado. Ideal para regalos corporativos en Ecuador. ¡Cotiza el tuyo!,120,OK,1,1,1.00,false,
cargador-inalambrico-con-tablero-13388,Cargador Inalámbrico Con Tablero,Novedades,Cargador Inalámbrico con Tablero | Promocionales Ecuador,56,OK,1,5,Personaliza tu cargador inalámbrico con tablero en Ecuador. Potencia tu marca y productividad con este regalo tecnológico único. ¡Solicita tu cotización hoy!,157,OK,1,1,1.00,false,
cable-multicargador-fast-65w-13364,Cable Multicargador Fast 65w,Novedades,Cable Multicargador Fast 65w | Personalizado Ecuador,52,OK,1,1,Personaliza cables multicargador fast 65W para tu empresa en Ecuador. Ofrece un regalo tecnológico y funcional. ¡Cotiza tu pedido hoy!,134,OK,1,1,1.00,false,
cable-multicargador-eco-fast-65w-13365,Cable Multicargador Eco Fast 65w,Novedades,Cable Multicargador Eco Fast 65W Personalizado | Ecuador,56,OK,1,614,Conecta tu marca con el Cable Multicargador Eco Fast 65W personalizado. Ideal para tus clientes en Ecuador. ¡Cotiza tu diseño hoy mismo!,136,OK,1,1,1.00,false,
mug-metalico-terra-720ml-13367,Mug Metálico Terra 720ml,Novedades,Mug Metálico Terra 720ml Personalizado | Ecuador,48,OK,1,614,Fortalece tu marca con el Mug Metálico Terra personalizable. Ideal para empresas en Ecuador. ¡Cotiza y destaca tu visibilidad!,126,OK,1,1,1.00,false,
portacomidas-novus-13368,Portacomidas Novus,Novedades,Portacomidas Novus Personalizado | Regalos Corporativos Ecuador,63,OK,1,30,Portacomidas Novus personalizado para tu marca en Ecuador. Un detalle funcional que eleva tu visibilidad. ¡Cotiza el tuyo y marca la diferencia!,144,OK,1,1,1.00,false,
portacomidas-triton-13369,Portacomidas Triton,Novedades,Portacomidas Triton Promocional | Ecuador,41,OK,1,9,Personaliza el portacomidas Triton para tu marca. Ideal para empresas en Ecuador. ¡Cotiza tu pedido hoy y sorprende a tus clientes!,131,OK,1,1,1.00,false,
portacomidas-jolt-13370,Portacomidas Jolt,Novedades,Portacomidas Jolt Personalizado | Regalos Corporativos Ecuador,62,OK,1,30,"Descubre el portacomidas Jolt, ideal para regalos corporativos personalizados en Ecuador. Promueve el bienestar y practicidad. ¡Cotiza hoy!",139,OK,1,1,1.00,false,
mug-metalico-micron-800ml-13371,Mug Metálico Micron 800ml,Novedades,Mug Metálico Micron 800ml Personalizado | Ecuador,49,OK,1,614,Fortalece tu marca en Ecuador con el Mug Metálico Micron de 800ml. Personalízalo con tu logo y cotiza hoy mismo tu pedido promocional.,134,OK,1,1,1.00,false,
audifonos-bluetooth-con-traductor-13379,Audífonos Bluetooth Con Traductor,Novedades,Audífonos Bluetooth Con Traductor Personalizado | Ecuador,57,OK,1,614,"Regala innovación con audífonos Bluetooth con traductor, personalizables para empresas. Mejora la comunicación corporativa en Ecuador. ¡Cotiza hoy!",147,OK,1,1,1.00,false,
audifonos-bluetooth-kynor-13381,Audífonos Bluetooth Kynor,Novedades,Audífonos Bluetooth Kynor Personalizados | Ecuador,50,OK,1,9,Fortalece tu marca con Audífonos Bluetooth Kynor personalizados. Impulsa la conexión con tus equipos y clientes en Ecuador. ¡Cotiza ahora!,138,OK,1,1,1.00,false,
audifonos-bluetooth-screen-13382,Audífonos Bluetooth Screen,Novedades,Audífonos Bluetooth Screen Personalizados | Ecuador,51,OK,1,9,Conectividad y estilo para tu marca. Personaliza Audífonos Bluetooth Screen en Ecuador y potencia tus relaciones. ¡Cotiza ya!,125,OK,1,1,1.00,false,
audifonos-bluetooth-devola-13383,Audífonos Bluetooth Devola,Novedades,Audífonos Bluetooth Devola Personalizados | Ecuador,51,OK,1,9,Sorprende con audífonos Bluetooth Devola personalizados para tu marca en Ecuador. Un regalo corporativo de valor. ¡Cotiza ahora!,128,OK,1,1,1.00,false,
mini-proyector-lcd-13384,Mini Proyector Lcd,Novedades,Mini Proyector LCD Personalizado | Regalos Corporativos Ecuador,63,OK,1,30,Impacta en tus presentaciones con un Mini Proyector LCD personalizado. Impulsa tu marca en Ecuador. ¡Cotiza el tuyo ahora y lleva tu mensaje lejos!,147,OK,1,1,1.00,false,
audifonos-bluetooth-soccer-ball-13385,Audífonos Bluetooth Soccer Ball,Novedades,Audífonos Bluetooth Soccer Ball Personalizados | Ecuador,56,OK,1,9,Personaliza Audífonos Bluetooth Soccer Ball para eventos corporativos en Ecuador. Un regalo promocional único que destaca tu marca. ¡Cotiza hoy!,144,OK,1,1,1.00,false,
cargador-inalambrico-bamboo-clock-13404,Cargador Inalámbrico Bamboo Clock,Novedades,Cargador Inalámbrico Bamboo Clock Personalizado | Ecuador,57,OK,1,614,Personaliza el Cargador Inalámbrico Bamboo Clock para tus campañas promocionales en Ecuador. Funcionalidad y estilo se unen. ¡Cotiza hoy!,137,OK,1,1,1.00,false,
set-de-limpieza-nomi-13408,Set de Limpieza Nomi,Novedades,Set de Limpieza Nomi Personalizado | Ecuador,44,OK,1,614,Demuestra cuidado con el Set de Limpieza Nomi personalizable. Ideal para empresas en Ecuador. ¡Cotiza ahora y proyecta modernidad!,130,OK,1,1,1.00,false,
cable-tipo-c-1mt-13410,Cable Tipo c 1mt,Novedades,Cable Tipo C 1mt Personalizado | Promocionales Ecuador,54,OK,1,49,Cables Tipo C personalizados para empresas en Ecuador. Potencia tu marca con soluciones de conectividad eficientes. ¡Cotiza ahora!,130,OK,1,1,1.00,false,
pila-recargable-powerbank-astro-2000mah-13411,Pila Recargable Powerbank Astro 2000mah,Novedades,Pila Recargable Powerbank Astro 2000mah Personalizado | Ecuador,63,OK,1,614,Powerbank Astro 2000mAh personalizado. Mantén conectados a tus clientes en Ecuador. ¡Cotiza ahora para tu empresa!,114,OK,1,1,1.00,false,
puerto-usb-apex-13414,Puerto Usb Apex,Novedades,Hub USB Apex Personalizado | Solución de Conectividad en Ecuador,64,OK,1,1,Simplifica la conectividad de tus dispositivos con el Hub USB Apex. Personaliza tu concentrador en Ecuador. ¡Cotiza ahora!,122,OK,1,1,0.50,false,
pila-recargable-nevol-2000mah-13421,Pila Recargable Nevol 2000mah,Novedades,Pila Recargable Nevol 2000mah Personalizada | Ecuador,53,OK,1,82,Pilas recargables Nevol 2000mah personalizadas para potenciar tu marca en Ecuador. ¡Cotiza para tus clientes o colaboradores!,125,OK,1,1,1.00,false,
pila-recargable-zyma10000mah-13422,Pila Recargable Zyma10000mah,Novedades,Pila Recargable Zyma10000mah Personalizada | Ecuador,52,OK,1,82,Personaliza la Pila Recargable Zyma10000mah para tu marca. Soluciones de energía móvil para negocios en Ecuador. ¡Cotiza hoy!,125,OK,1,1,1.00,false,
bolsa-en-algodon-y-yute-13436,Bolsa en Algodón y Yute,Novedades,Bolsa Algodón y Yute Personalizada | Ecuador,44,OK,1,1,"Impacta con bolsas en algodón y yute personalizadas para tu marca. Materiales sostenibles, perfectas para eventos en Ecuador. ¡Cotiza ahora!",140,OK,1,1,1.00,false,
portacomidas-puzzle-13437,Portacomidas Puzzle,Novedades,Portacomidas Puzzle Personalizado para Empresas | Ecuador,57,OK,1,12,Personaliza tu Portacomidas Puzzle para empresas en Ecuador. Un regalo promocional innovador y funcional. ¡Cotiza ahora y destaca tu marca!,139,OK,1,1,1.00,false,
set-de-cocina-trattoria-13433,Set de Cocina Trattoria,Novedades,Set de Cocina Trattoria Personalizado | Ecuador,47,OK,1,614,Personaliza el Set de Cocina Trattoria para tu marca en Ecuador. Un regalo ideal para el hogar. ¡Cotiza ahora!,110,OK,1,1,1.00,false,
vaso-en-silicona-muggo-13434,Vaso en Silicona Muggo,Vasos Personalizados,Vasos Muggo Personalizados en Silicona para Empresas Ecuador,60,OK,1,1,Vaso reutilizable Muggo en silicona con personalizacion de logos. Ideal para regalos corporativos y branding empresarial en Ecuador con diseno eco amigable.,156,OK,1,1,1.00,false,
cable-multicargador-gauss-eco-13444,Cable Multicargador Gauss Eco,Novedades,Cable Multicargador Gauss Eco Personalizado | Ecuador,53,OK,1,614,Conectividad total para tu marca. Personaliza el Cable Multicargador Gauss Eco para empresas en Ecuador. ¡Cotiza hoy!,117,OK,1,1,1.00,false,
mug-metalico-juggy-880ml-13450,Mug Metálico Juggy 880ml,Novedades,Mug Metálico Juggy 880ml Personalizado | Ecuador,48,OK,1,614,Fortalece tu marca con el Mug Metálico Juggy personalizado. Ideal para clientes y colaboradores en Ecuador. ¡Cotiza ahora!,122,OK,1,1,1.00,false,
botilito-metalico-warp-700ml-13451,Botilito Metálico Warp 700ml,Tomatodos y Botilitos Personalizados,Botilito Metalico Warp 700ml Personalizado para Empresas Ecuador,64,OK,1,3,Botilito metalico Warp 700ml con personalizacion de logo. Visibilidad de marca diaria. Resiste uso intensivo. Envíos a todo Ecuador.,132,OK,1,1,1.00,false,
masajeador-roller-2-1-13452,Masajeador Roller 2-1,Novedades,Masajeador Roller 2-1 Personalizado para Empresas | Ecuador,59,OK,1,12,Descubre el Masajeador Roller 2 en 1. Personalízalo para tu marca en Ecuador y ofrece bienestar a tus clientes. ¡Cotiza ahora!,126,OK,1,1,1.00,false,
portacelular-elephant-13453,Portacelular Elephant,Novedades,Portacelular Elephant Personalizado | Regalos Corporativos Ecuador,66,TOO_LONG_TRUNCATION_RISK,1,30,Portacelular Elephant: el obsequio práctico y diferenciador para tu marca en Ecuador. Personalízalo y solicita tu cotización hoy mismo.,135,OK,1,1,1.00,false,
clip-magnetico-2-1-13455,Clip Magnetico 2-1,Novedades,Clip Magnético 2 en 1 Personalizado | Promocionales Ecuador,59,OK,1,1,Organiza con estilo. Personaliza el Clip Magnético 2 en 1 para tu marca en Ecuador. Un regalo práctico y visible. ¡Cotiza hoy!,126,OK,1,1,1.00,false,
martillo-reflex-13456,Martillo Reflex,Novedades,Martillo Reflex Personalizado | Regalos Ecuador,47,OK,1,16,"Martillo Reflex, símbolo de soluciones y construcción para tu marca. Personaliza tu obsequio corporativo en Ecuador. ¡Cotiza hoy!",129,OK,1,1,1.00,false,
mug-metalico-noma-chili-900ml-13459,Mug Metálico Noma Chili 900ml,Novedades,Mug Metálico Noma Chili 900ml Personalizado | Ecuador,53,OK,1,614,Fortalece tu marca con el Mug Metálico Noma Chili de 900ml. Personalízalo para tus clientes VIP en Ecuador. ¡Cotiza ahora y destaca!,132,OK,1,1,1.00,false,
botilito-metalico-klak-chili-1l-13460,Botilito Metálico Klak Chili 1l,Tomatodos y Botilitos Personalizados,Botilito Metalico Personalizado Klak Chili 1L Ecuador,53,OK,1,1,Botilito metalico de 1 litro con personalizacion de logo para empresas. Diseno moderno y sostenible. Ideal para promociones corporativas en Ecuador.,148,OK,1,1,1.00,false,
speaker-bluetooth-fyra-13466,Speaker Bluetooth Fyra,Novedades,Speaker Bluetooth Fyra Personalizado | Promocionales Ecuador,60,OK,1,49,Fortalece tu marca con el Speaker Bluetooth Fyra personalizado. Calidad de sonido premium y branding impactante. ¡Cotiza hoy en Ecuador!,136,OK,1,1,1.00,false,
botilito-metalico-kolvo-urban-travel-440ml-13467,Botilito Metálico Kolvo Urban Travel 440ml,Tomatodos y Botilitos Personalizados,Botilito Metalico Personalizado 440ml Kolvo Urban Travel Ecuador,64,OK,1,1,"Botilito metalico 440ml personalizable con logo. Ideal para regalos corporativos en Ecuador. Diseño moderno, resistente y ecofriendly para empresas",147,OK,1,1,1.00,false,
mug-metalico-avenix380-ml-13468,Mug Metálico Avenix380 ml,Novedades,Mug Metálico Avenix 380 ml Personalizado | Ecuador,50,OK,1,1,Fortalece tu marca con el Mug Metálico Avenix personalizado. Ideal para regalos corporativos en Ecuador. ¡Cotiza el tuyo hoy!,125,OK,1,1,0.50,false,
speaker-bluetooth-bambino-3-1-13470,Speaker Bluetooth Bambino 3-1,Novedades,Speaker Bluetooth Bambino 3-1 Personalizado | Ecuador,53,OK,1,614,Personaliza tu Speaker Bambino 3-1 en Ecuador. Regalos corporativos únicos y funcionales para impactar a tus clientes. ¡Cotiza ahora!,133,OK,1,1,1.00,false,
speaker-bluetooth-auralux-13471,Speaker Bluetooth Auralux,Novedades,Speaker Bluetooth Auralux Personalizado | Regalos Ecuador,57,OK,1,16,Fortalece tu marca con el Speaker Bluetooth Auralux personalizado. Un regalo corporativo de alto valor percibido en Ecuador. ¡Cotiza ahora!,139,OK,1,1,1.00,false,
botilito-hoola-rpet-750ml-13473,Botilito Hoola Rpet 750ml,Tomatodos y Botilitos Personalizados,Botilito Hoola Rpet 750ml Personalizado para Empresas Ecuador,61,OK,1,3,Botilito 750ml en plastico reciclado Rpet con personalizacion de logo para negocios en Ecuador. Sostenible y durable.,117,OK,1,1,1.00,false,
mug-plastico-quovo-500ml-13474,Mug Plastico Quovo 500ml,Novedades,Mug Plástico Quovo 500ml Personalizado | Ecuador,48,OK,1,1,Potencia tu marca con el Mug Plástico Quovo de 500ml personalizado. Ideal para marketing en Ecuador. ¡Cotiza hoy!,113,OK,1,1,1.00,false,
cargador-inalambrico-voss-13475,Cargador Inalambrico Voss,Novedades,Cargador Inalámbrico Voss Personalizado | Ecuador,49,OK,1,1,Personaliza tu Cargador Inalámbrico Voss. Impacta en Ecuador con un regalo moderno y funcional. ¡Cotiza ahora!,110,OK,1,1,1.00,false,
cable-multicargador-voss-13476,Cable Multicargador Voss,Novedades,Cable Multicargador Voss Personalizado | Ecuador,48,OK,1,614,Conecta tus dispositivos sin interrupciones. Personaliza el Cable Multicargador Voss para tu marca en Ecuador. ¡Cotiza ahora y potencia tu productividad!,153,OK,1,1,1.00,false,
cargador-inalambrico-con-cables-4-1-13478,Cargador Inalambrico Con Cables 4-1,Novedades,Cargador Inalámbrico 4-1 Personalizado | Ecuador,48,OK,1,1,Personaliza tu cargador inalámbrico 4-1 con logo para tu empresa en Ecuador. Ofrece conectividad y branding. ¡Solicita tu cotización ahora!,139,OK,1,1,0.67,false,
mug-metalico-camper-urban-travel-1100-ml-13479,Mug Metálico Camper Urban Travel 1100 ml,Novedades,Mug Metálico Camper Urban Travel 1100 ml | Ecuador,50,OK,1,52,Personaliza tu Mug Metálico Camper Urban Travel en Ecuador. Regalo corporativo de alto valor. ¡Cotiza hoy mismo!,112,OK,1,1,1.00,false,
botilito-metalico-gulpy-790-ml-13480,Botilito Metalico Gulpy 790 ml,Tomatodos y Botilitos Personalizados,Botilito Metalico Gulpy 790ml Personalizado Ecuador,51,OK,1,1,"Botilito metalico Gulpy personalizado con tu logo. Ideal para branding empresarial en Ecuador. 790ml, resistente y elegante. Pedidos al por mayor.",146,OK,1,1,1.00,false,
mug-en-ceramica-earth-450ml-13482,Mug en Ceramica Earth 450ml,Novedades,Mug Cerámica Earth 450ml Personalizado | Ecuador,48,OK,1,1,Fortalece tu marca con el Mug Cerámica Earth 450ml personalizado. Ideal para clientes y colaboradores en Ecuador. ¡Cotiza hoy!,126,OK,1,1,1.00,false,
mug-en-ceramica-rubber-325ml-13483,Mug en Ceramica Rubber 325ml,Novedades,Mug en Cerámica Rubber 325ml Personalizado | Ecuador,52,OK,1,1,Impacta con mugs personalizados en Ecuador. Un obsequio que posiciona tu marca diariamente. ¡Cotiza ahora y destaca!,116,OK,1,1,1.00,false,
botilito-dual-rpet-700-ml-13487,Botilito Dual Rpet 700 ml,Tomatodos y Botilitos Personalizados,Botilito Dual RPET 700ml Personalizado | KS Promocionales Ecuador,65,OK,1,1,Botilito personalizado con doble compartimento en RPET. Ideal para marcas en Ecuador que buscan sostenibilidad y funcionalidad en obsequios corporativos.,153,OK,1,1,1.00,false,
mug-kolly-500-ml-13488,Mug Kolly 500 ml,Novedades,Mug Kolly 500 ml Personalizado | Novedades Ecuador,50,OK,1,1,"Descubre el Mug Kolly 500 ml, ideal para promocionar tu marca en Ecuador. Personalízalo con tu logo y cotiza hoy mismo.",119,OK,1,1,1.00,false,
mug-metalico-boof-600-ml-13489,Mug Metálico Boof 600 ml,Novedades,Mug Metálico Boof 600 ml Personalizado | Ecuador,48,OK,1,614,Fortalece tu marca con nuestro Mug Metálico Boof 600 ml. Personalización de alta calidad para equipos y clientes en Ecuador. ¡Cotiza hoy!,137,OK,1,1,1.00,false,
mug-metalico-tasso-500ml-13463,Mug Metálico Tasso 500ml,Novedades,Mug Metálico Tasso 500ml Personalizado | Ecuador,48,OK,1,614,Fortalece tu marca en Ecuador con el Mug Metálico Tasso personalizado. Ideal para fidelizar. ¡Cotiza tu diseño hoy!,115,OK,1,1,1.00,false,
mug-metalico-brumo-1200ml-13464,Mug Metálico Brumo 1200ml,Novedades,Mug Metálico Brumo 1200ml Personalizado | Ecuador,49,OK,1,614,Impacta con el Mug Metálico Brumo 1200ml. Personalízalo para tu marca en Ecuador. Cotiza hoy tu producto promocional.,117,OK,1,1,1.00,false,
coge-ollas-con-silicona-13497,Coge Ollas Con Silicona,Novedades,Coge Ollas Silicona Personalizado | Promocionales Ecuador,57,OK,1,1,Ofrece un coge ollas con silicona personalizado como regalo promocional útil en Ecuador. Refuerza tu marca a diario. ¡Cotiza hoy!,129,OK,1,1,1.00,false,
funda-para-mouse-13493,Funda Para Mouse,Novedades,Funda Para Mouse Personalizado | KS Promocionales Ecuador,57,OK,1,4,Protege tu mouse con estilo. Personaliza fundas para mouse en Ecuador y eleva tu marca. ¡Cotiza ya para tu equipo!,114,OK,1,1,1.00,false,
botilito-metalico-lumo-550ml-13511,Botilito Metalico Lumo 550ml,Tomatodos y Botilitos Personalizados,Botilito Metalico Lumo 550ml Personalizado Ecuador | KS Promocionales,69,TOO_LONG_TRUNCATION_RISK,1,1,"Botilito metalico de 550ml con personalizacion de logo para empresas en Ecuador. Sostenible, duradero y perfecto como obsequio corporativo.",139,OK,1,1,1.00,false,
costurero-valen-13340,Costurero Valen,Novedades,Costurero Valen Personalizado | Regalos Corporativos Ecuador,60,OK,1,30,Ofrece una solución práctica con el Costurero Valen. Personalízalo para tus clientes en Ecuador. ¡Cotiza ahora y destaca tu marca!,130,OK,1,1,1.00,false,
set-de-mini-frascos-travel-13330,Set de Mini Frascos Travel,Novedades,Set de Mini Frascos Travel Personalizado | Ecuador,50,OK,1,614,Personaliza tus regalos corporativos en Ecuador. El Set de Mini Frascos Travel es perfecto para equipos en movimiento. ¡Cotiza ahora!,133,OK,1,1,1.00,false,
llavero-pop-it-bolt-13321,Llavero Pop it Bolt,Novedades,Llavero Pop it Bolt Personalizado para Empresas | Ecuador,57,OK,1,12,Personaliza Llaveros Pop it Bolt para promocionar tu marca en Ecuador. Un obsequio innovador para tus clientes. ¡Cotiza ahora!,126,OK,1,1,1.00,false,
apoya-munecas-pop-it-13322,Apoya Muñecas Pop it,Novedades,Apoya Muñecas Pop it Personalizado | Ecuador,44,OK,1,614,Apoya Muñecas Pop it personalizables para el bienestar en tu empresa. Mejora la ergonomía en Ecuador. ¡Cotiza tu diseño exclusivo hoy!,134,OK,1,1,1.00,false,
antiestres-pop-it-13318,Antiestres Pop it,Novedades,Antiestrés Pop It Personalizado | Novedades en Ecuador,54,OK,1,1,Descubre el Antiestrés Pop It personalizado para empresas en Ecuador. Fomenta el bienestar y la concentración. ¡Cotiza el tuyo hoy!,131,OK,1,1,1.00,false,
paraguas-comforella-20-13283,Paraguas Comforella 20,Novedades,Paraguas Comforella 20 Personalizado | Ecuador,46,OK,1,614,Descubre el paraguas Comforella 20 personalizado para tu marca en Ecuador. Un regalo útil y visible para tus clientes. ¡Cotiza ahora!,133,OK,1,1,1.00,false,
paraguas-easyroll-23-13285,Paraguas Easyroll 23,Novedades,Paraguas Easyroll 23 Personalizado | Ecuador,44,OK,1,614,"Descubre el Paraguas Easyroll 23, ideal para branding en Ecuador. Personaliza con tu logo y protege a tus clientes. ¡Cotiza hoy!",128,OK,1,1,1.00,false,
paraguas-voltus-27-urban-travel-13233,Paraguas Voltus 27'' Urban Travel,Novedades,Paraguas Voltus 27'' Urban Travel Personalizado | Ecuador,57,OK,1,614,"Paraguas Voltus 27'' Urban Travel, ideal para empresas en Ecuador. Personalízalo con tu marca y ofrece un obsequio práctico y duradero. ¡Solicita tu cotización ahora!",166,TOO_LONG_TRUNCATION_RISK,1,1,1.00,false,
mini-paraguas-hook-21-urban-travel-13234,Mini Paraguas Hook 21'' Urban Travel,Novedades,Mini Paraguas Hook 21'' Urban Travel Personalizado | Ecuador,60,OK,1,614,Personaliza tu Mini Paraguas Hook 21'' Urban Travel para tus clientes en Ecuador. ¡Cotiza ahora y destaca tu marca!,115,OK,1,1,1.00,false,
mini-paraguas-super-light-21-urban-travel-13235,Mini Paraguas Super Light 21' Urban Travel,Novedades,Mini Paraguas Super Light 21' Personalizado | Ecuador,53,OK,1,1,Impacta con tu marca en lluvias inesperadas. Personaliza el Mini Paraguas Super Light para tus clientes en Ecuador. ¡Cotiza ahora!,130,OK,1,1,0.67,false,
manilla-pocket-13249,Manilla Pocket,Novedades,Manilla Pocket Personalizada | Novedades Promocionales Ecuador,62,OK,1,1,Manilla Pocket personalizable para tu marca en Ecuador. Fortalece tu presencia corporativa con este innovador promocional. ¡Cotiza hoy!,135,OK,1,1,1.00,false,
banda-head-13250,Banda Head,Novedades,Banda Head Personalizada | Artículos Promocionales Ecuador,58,OK,1,1,Personaliza tu Banda Head con el logo de tu marca. Ideal para eventos deportivos o bienestar en Ecuador. ¡Cotiza tu pedido hoy!,127,OK,1,1,1.00,false,
set-de-manicure-zeldra-13491,Set de Manicure Zeldra,Novedades,Set Manicure Zeldra Personalizado | Regalos Corporativos Ecuador,64,OK,1,1,Fortalece tu marca con el Set Manicure Zeldra personalizado. Ideal para clientes y empleados en Ecuador. ¡Cotiza ahora!,119,OK,1,1,1.00,false,
balaca-para-maquillaje-13484,Balaca Para Maquillaje,Novedades,Balaca Para Maquillaje Personalizada | Novedades en Ecuador,59,OK,1,1,Personaliza balacas para maquillaje con tu marca. Un detalle útil y original para tus clientes en Ecuador. ¡Cotiza ahora!,121,OK,1,1,1.00,false,
toalla-cooltech-13481,Toalla Cooltech,Novedades,Toalla Cooltech Personalizada | Promocionales Ecuador,53,OK,1,21,Destaca tu marca con la Toalla Cooltech personalizada. Ideal para empresas en Ecuador que buscan innovación. ¡Cotiza tu pedido hoy mismo!,137,OK,1,1,1.00,false,
tijeras-plasticas-13454,Tijeras Plasticas,Novedades,Tijeras Plásticas Promocionales | Ecuador,41,OK,1,1,Personaliza tijeras plásticas para tu marca en Ecuador. Un artículo de oficina útil y duradero para promocionar tu negocio. ¡Cotiza hoy!,136,OK,1,1,1.00,false,
cepillo-en-silicona-eco-13430,Cepillo en Silicona Eco,Novedades,Cepillo en Silicona Eco Personalizado | Ecuador,47,OK,1,614,Fortalece tu marca en Ecuador con un Cepillo en Silicona Eco personalizado. Regalo sostenible para clientes. ¡Cotiza el tuyo hoy!,129,OK,1,1,1.00,false,
set-de-maquillaje-tasking-13432,Set de Maquillaje Tasking,Novedades,Set de Maquillaje Tasking Personalizado | Ecuador,49,OK,1,614,Eleva tu marca con el Set de Maquillaje Tasking personalizado. Un regalo sofisticado y empoderador en Ecuador. ¡Cotiza el tuyo hoy!,131,OK,1,1,1.00,false,
espejo-con-luz-garda-13413,Espejo Con Luz Garda,Novedades,Espejo Con Luz Garda Personalizado | Promocionales Ecuador,58,OK,1,49,"Descubre el Espejo Garda con luz LED, ideal para tu marca. Personalización disponible en Ecuador. ¡Cotiza el tuyo y destaca!",124,OK,1,1,1.00,false,
espejo-shower-13419,Espejo Shower,Novedades,Espejo Shower Personalizado | Promocionales Ecuador,51,OK,1,49,Diferencia tu marca en Ecuador con el Espejo Shower personalizado. Un obsequio innovador que genera impacto. ¡Cotiza ahora!,123,OK,1,1,1.00,false,
espejo-flex-square-13420,Espejo Flex Square,Novedades,Espejo Flex Square Personalizado | Ecuador,42,OK,1,614,Personaliza el Espejo Flex Square con tu marca. Un promocional ideal para cuidado personal y profesionalismo en Ecuador. ¡Cotiza hoy!,133,OK,1,1,1.00,false,
set-de-brochas-mirror-light-13409,Set de Brochas Mirror Light,Novedades,Set de Brochas Mirror Light Personalizado | Ecuador,51,OK,1,614,Impacta con el Set de Brochas Mirror Light personalizado. Un regalo corporativo sofisticado para tu empresa en Ecuador. ¡Cotiza ahora!,134,OK,1,1,1.00,false,
masajeador-brandon-13521,Masajeador Brandon,Novedades,Masajeador Brandon Personalizado | Obsequio para Empresas en Ecuador,68,TOO_LONG_TRUNCATION_RISK,1,1,"Descubre el Masajeador Brandon personalizable, el regalo promocional ideal en Ecuador. Mejora el bienestar de tu equipo. ¡Cotiza hoy!",133,OK,1,1,1.00,false,
memo-pad-con-destapador-13337,Memo Pad Con Destapador,Novedades,Memo Pad Con Destapador Personalizado | Ecuador,47,OK,1,614,"Descubre el Memo Pad con Destapador, ideal para tu marca. Personalización exclusiva para empresas en Ecuador. ¡Cotiza el tuyo hoy!",130,OK,1,1,1.00,false,
set-de-viaje-icarus-13348,Set de Viaje Icarus,Novedades,Set de Viaje Icarus Personalizado | Regalos Corporativos Ecuador,64,OK,1,30,Eleva tu marca con el Set de Viaje Icarus. Personaliza este regalo promocional ideal para empresas en Ecuador. ¡Cotiza hoy!,123,OK,1,1,1.00,false,
cepillo-para-mascota-13427,Cepillo Para Mascota,Novedades,Cepillo Para Mascota Personalizado | Promocionales Ecuador,58,OK,1,49,Conecta con clientes en Ecuador. Personaliza cepillos para mascotas con tu marca. Un artículo promocional único y efectivo. ¡Cotiza hoy!,136,OK,1,1,1.00,false,
identificador-de-maletas-en-pvc-13490,Identificador de Maletas en Pvc,Novedades,Identificador de Maletas PVC Personalizado | Ecuador,52,OK,1,1,Destaca tu marca con identificadores de maletas PVC personalizados para viajes de negocios en Ecuador. ¡Cotiza tu diseño ideal hoy!,131,OK,1,1,1.00,false,
set-travel-lock-13274,Set Travel Lock,Novedades,Set Travel Lock Personalizado | Seguridad para Viajes en Ecuador,64,OK,1,1,Ofrece tranquilidad a tus colaboradores con el Set Travel Lock. Personaliza este regalo promocional en Ecuador. ¡Cotiza ahora!,126,OK,1,1,1.00,false,
pito-5-1-nuevo-13304,Pito 5 - 1 Nuevo,Novedades,Pito 5 - 1 Nuevo Personalizado | Ecuador,40,OK,1,614,Descubre el Pito 5 - 1 Nuevo personalizable para tu marca en Ecuador. Crea conexiones duraderas con un regalo funcional. ¡Cotiza hoy!,133,OK,1,1,1.00,false,
set-midas-13336,Set Midas,Novedades,Set Midas Personalizado | Regalos Corporativos Ecuador,54,OK,1,30,Impacta a tus clientes VIP con el Set Midas personalizado en Ecuador. Un detalle de alta calidad para fortalecer relaciones. ¡Cotiza ahora!,139,OK,1,1,1.00,false,
morral-backpack-circuit-urban-travel-13341,Morral Backpack Circuit Urban Travel,Novedades,Morral Backpack Circuit Urban Travel Personalizado | Ecuador,60,OK,1,614,Morral Backpack Circuit Urban Travel: personaliza este regalo práctico para tu marca en Ecuador. ¡Cotiza ahora y destaca!,121,OK,1,1,1.00,false,
morral-backpack-quasar-urban-travel-13342,Morral Backpack Quasar Urban Travel,Novedades,Morral Backpack Quasar Urban Travel | Promocional Ecuador,57,OK,1,1,Personaliza el Morral Backpack Quasar Urban Travel para tu marca en Ecuador. Fortalece la lealtad y reconocimiento con un producto de impacto. ¡Cotiza ahora!,157,OK,1,1,1.00,false,
libreta-klivor-13305,Libreta Klivor,Novedades,Libreta Klivor Personalizada | Ecuador,38,OK,1,82,Libretas Klivor personalizadas para potenciar tu marca. Descubre opciones de branding y solicita tu cotización en Ecuador. ¡Impacta ahora!,138,OK,1,1,1.00,false,
ventilador-veltra-13301,Ventilador Veltra,Novedades,Ventilador Veltra Personalizado | Ecuador,41,OK,1,614,Descubre el Ventilador Veltra. Un regalo promocional útil y con estilo. Personaliza tu marca en Ecuador. ¡Cotiza ahora!,119,OK,1,1,1.00,false,
ventilador-skylon-13302,Ventilador Skylon,Novedades,Ventilador Skylon Personalizado | Promocionales Ecuador,55,OK,1,49,Ventilador Skylon: el regalo corporativo ideal para bienestar en Ecuador. Personalízalo con tu marca. ¡Cotiza ahora!,116,OK,1,1,1.00,false,
morral-backpack-kazomi-13311,Morral Backpack Kazomi,Novedades,Morral Backpack Kazomi Personalizado | Ecuador,46,OK,1,614,Personaliza tu Morral Backpack Kazomi con tu logo. Ideal para empresas en Ecuador que buscan impacto. ¡Cotiza ahora y destaca tu marca!,135,OK,1,1,1.00,false,
libreta-inker-rpet-13241,Libreta Inker Rpet,Novedades,Libreta Inker Rpet Personalizada | Ecuador,42,OK,1,82,"Fortalece tu marca con la Libreta Inker Rpet personalizada. Ideal para empresas en Ecuador, cotiza ahora y destaca en tus eventos.",130,OK,1,1,1.00,false,
set-ecologico-demin-13278,Set Ecologico Demin,Novedades,Set Ecológico Demin | Regalos Corporativos Ecuador,50,OK,1,1,Personaliza tu Set Ecológico Demin en Ecuador. Impulsa tu marca con regalos sostenibles. ¡Cotiza hoy y deja una impresión duradera!,131,OK,1,1,1.00,false,
set-ecologico-element-13279,Set Ecologico Element,Novedades,Set Ecológico Element Personalizado | Ecuador,45,OK,1,1,Personaliza tu Set Ecológico Element. Ideal para marketing y RRHH en Ecuador. Cotiza hoy mismo tu regalo promocional sostenible.,128,OK,1,1,1.00,false,
sticky-set-home-13281,Sticky Set Home,Novedades,Sticky Set Home Personalizado | Ecuador,39,OK,1,614,Optimiza la productividad en Ecuador con el Sticky Set Home. Personaliza tu kit de notas adhesivas ideal. ¡Cotiza ahora y organiza tu trabajo!,142,OK,1,1,1.00,false,
sticky-set-con-regla-13282,Sticky Set Con Regla,Novedades,Sticky Set Con Regla Personalizado | Ecuador,44,OK,1,614,Personaliza tu Sticky Set con Regla para potenciar tu marca en Ecuador. ¡Cotiza ahora y optimiza tu organización!,113,OK,1,1,1.00,false,
calculadora-con-tablero-13275,Calculadora Con Tablero,Novedades,Calculadora Con Tablero | Promocional para Empresas en Ecuador,62,OK,1,1,Personaliza tu Calculadora Con Tablero y sorprende a tus clientes. Eficiencia y sostenibilidad para tu marca en Ecuador. ¡Cotiza hoy!,133,OK,1,1,1.00,false,
morral-backpack-omni-13268,Morral Backpack Omni,Novedades,Morral Backpack Omni Personalizado | Promocionales Ecuador,58,OK,1,49,Potencia tu marca con el Morral Backpack Omni. Personaliza este obsequio estratégico para tu empresa en Ecuador. ¡Cotiza ahora y destaca!,137,OK,1,1,1.00,false,
sticky-set-thunder-13265,Sticky Set Thunder,Novedades,Sticky Set Thunder Personalizado | Oficinas Ecuador,51,OK,1,1,Optimiza tu oficina con Sticky Set Thunder personalizado. Herramienta clave de productividad para equipos en Ecuador. ¡Solicita tu cotización!,142,OK,1,1,1.00,false,
silla-compact-flex-13251,Silla Compact Flex,Novedades,Silla Compact Flex Personalizada | Ecuador,42,OK,1,82,Silla Compact Flex personalizable para tus eventos corporativos en Ecuador. Un regalo que proyecta modernidad. ¡Cotiza ahora!,125,OK,1,1,1.00,false,
tabla-clip-bamboo-13499,Tabla Clip Bamboo,Novedades,Tabla Clip Bamboo Personalizada | KS Promocionales Ecuador,58,OK,1,2,Personaliza tu Tabla Clip Bamboo para eventos o regalos corporativos en Ecuador. Solicita tu cotización y fortalece tu marca con estilo.,136,OK,1,1,1.00,false,
tabla-anotadora-box-nuevo-13486,Tabla Anotadora Box Nuevo,Novedades,Tabla Anotadora Box Nuevo | Productos Promocionales Ecuador,59,OK,1,1,Personaliza tu Tabla Anotadora Box Nuevo para destacar tu marca. Proyecta profesionalismo en Ecuador. ¡Cotiza ahora!,116,OK,1,1,1.00,false,
memo-pad-milk-13504,Memo Pad Milk,Novedades,Memo Pad Milk Personalizado | Regalos Corporativos Ecuador,58,OK,1,30,"Personaliza tu Memo Pad Milk y fortalece tu marca. Ideal para empresas en Ecuador, este regalo promocional encantará a tus clientes. ¡Cotiza ahora!",147,OK,1,1,1.00,false,
sticky-set-milk-13505,Sticky Set Milk,Novedades,Sticky Set Milk Personalizado | Ecuador,39,OK,1,614,Fortalece tu marca con el Sticky Set Milk personalizado en Ecuador. Un regalo original y memorable. ¡Cotiza ahora y destaca!,124,OK,1,1,1.00,false,
sticky-set-oval-milk-13506,Sticky Set Oval Milk,Novedades,Sticky Set Oval Milk Personalizado | Ecuador,44,OK,1,614,Optimiza la productividad de tu empresa con el Sticky Set Oval Milk personalizado. Ideal para equipos en Ecuador. ¡Cotiza el tuyo hoy!,134,OK,1,1,1.00,false,
cordon-para-portacelular-bamboo-eco-13507,Cordon Para Portacelular Bamboo Eco,Novedades,Cordón Portacelular Bamboo Eco Personalizado | Ecuador,54,OK,1,1,Personaliza tu Cordón Portacelular Bamboo Eco. La mejor opción promocional ecológica para tu empresa en Ecuador. ¡Cotiza ahora!,127,OK,1,1,0.75,false,
camion-antiestres-13492,Camion Antiestres,Novedades,Camión Antiestrés Personalizado para Empresas | Ecuador,55,OK,1,1,Descubre el Camión Antiestrés personalizado para empresas en Ecuador. Un regalo promocional único que reduce el estrés. ¡Cotiza el tuyo hoy!,140,OK,1,1,1.00,false,
portaboligrafos-en-bamboo-360-13442,Portaboligrafos en Bamboo 360,Novedades,Portaboligrafos en Bamboo 360 Personalizado | Ecuador,53,OK,1,614,Portabolígrafos en bamboo 360 para destacar tu marca. Personaliza con tu logo en Ecuador. Cotiza hoy tus productos promocionales sostenibles.,141,OK,1,1,1.00,false,
calendario-perpetuo-pad-bamboo-13443,Calendario Perpetuo Pad Bamboo,Novedades,Calendario Perpetuo Pad Bamboo Personalizado | Ecuador,54,OK,1,614,Personaliza tu Calendario Perpetuo Pad Bamboo. Refuerza tu marca en Ecuador con regalos corporativos únicos. ¡Cotiza hoy!,121,OK,1,1,1.00,false,
sticky-set-micron-13445,Sticky Set Micron,Novedades,Sticky Set Micron Personalizado | Novedades en Ecuador,54,OK,1,5,Optimiza la productividad de tu empresa con el Sticky Set Micron. Personaliza tu branding en Ecuador. ¡Cotiza ahora y destaca!,126,OK,1,1,1.00,false,
mini-set-goblet-eco-13446,Mini Set Goblet Eco,Novedades,Mini Set Goblet Eco Personalizado | Regalos Corporativos Ecuador,64,OK,1,30,Fortalece tu marca con el Mini Set Goblet Eco. Personalízalo y crea una impresión duradera en Ecuador. ¡Cotiza hoy tu pedido!,125,OK,1,1,1.00,false,
morral-backpack-luno-master-ocean-13457,Morral Backpack Luno Master Ocean,Novedades,Morral Backpack Luno Master Ocean Personalizado | Ecuador,57,OK,1,614,Fortalece tu marca con el Morral Backpack Luno Master Ocean en Ecuador. Personalización premium y estratégica. ¡Cotiza ahora!,125,OK,1,1,1.00,false,
libreta-astralis-cork-13469,Libreta Astralis Cork,Novedades,Libreta Astralis Cork Personalizada | Regalos Ecuador,53,OK,1,3,Personaliza tu Libreta Astralis Cork para potenciar tu marca en Ecuador. Un detalle único que distingue. ¡Cotiza ahora!,119,OK,1,1,1.00,false,
joyero-krono-13431,Joyero Krono,Novedades,Joyero Krono Personalizado | Regalos VIP Ecuador,48,OK,1,2,Joyero Krono personalizable para empresas en Ecuador. Un detalle exclusivo que comunica valor y aprecio. Solicita tu cotización ahora.,134,OK,1,1,1.00,false,
set-jorka-urban-business-13425,Set Jorka Urban Business,Novedades,Set Jorka Urban Business Personalizado | Ecuador,48,OK,1,614,Personaliza el Set Jorka Urban Business. El regalo ideal para colaboradores y clientes en Ecuador. ¡Cotiza hoy mismo!,117,OK,1,1,1.00,false,
set-bantik-urban-business-13426,Set Bantik Urban Business,Novedades,Set Bantik Urban Business Personalizado | Ecuador,49,OK,1,614,Impacta con el Set Bantik Urban Business personalizado. Ideal para empresas en Ecuador. Fortalece tu marca corporativa. ¡Cotiza ahora!,134,OK,1,1,1.00,false,
organizador-de-escritorio-bamboo-13415,Organizador de Escritorio Bamboo,Novedades,Organizador de Escritorio Bamboo Personalizado | Ecuador,56,OK,1,614,Personaliza tu Organizador de Escritorio Bamboo para potenciar la marca en Ecuador. ¡Solicita tu cotización hoy mismo!,118,OK,1,1,1.00,false,
repelente-de-insectos-13412,Repelente de Insectos,Novedades,Repelente de Insectos Personalizado para Empresas | Ecuador,59,OK,1,12,Fortalece tu marca con repelentes de insectos personalizados para empresas en Ecuador. Un regalo útil y visible. ¡Cotiza el tuyo!,129,OK,1,1,1.00,false,
morral-backpack-swiss-peak-buzz-13398,Morral Backpack Swiss Peak Buzz,Novedades,Morral Backpack Swiss Peak Buzz | Artículos Promocionales Ecuador,65,OK,1,2,Personaliza tu Morral Backpack Swiss Peak Buzz en Ecuador para tu marca. Calidad y estilo en cada detalle. ¡Cotiza ahora!,121,OK,1,1,1.00,false,
morral-backpack-krum-13399,Morral Backpack Krum,Novedades,Morral Backpack Krum Personalizado | Ecuador,44,OK,1,614,Fortalece tu marca con el Morral Backpack Krum personalizado. Ideal para regalos corporativos en Ecuador. ¡Cotiza tu pedido hoy!,128,OK,1,1,1.00,false,
cobija-manta-de-viaje-travel-produccion-nacional-13528,Cobija / Manta de Viaje Travel - Producción Nacional,Novedades,Cobija / Manta de Viaje Travel Personalizada | Ecuador,54,OK,1,1,Personaliza tu Cobija/Manta de Viaje Travel de producción nacional en Ecuador. Conecta con clientes y colaboradores. ¡Cotiza hoy!,129,OK,1,1,0.67,false,
organizador-de-escritorio-crunch-produccion-nacional-13529,Organizador de Escritorio Crunch - Producción Nacional,Novedades,Organizador Escritorio Crunch Personalizado | Ecuador,53,OK,1,1,Optimiza tu espacio y marca con el Organizador de Escritorio Crunch. Personalizable para empresas en Ecuador. ¡Cotiza ahora!,124,OK,1,1,0.60,false,
bolsa-en-yute-mirka-13526,Bolsa en Yute Mirka,Novedades,Bolsa Yute Mirka Personalizada | Promocionales Ecuador,54,OK,1,1,Personaliza tu Bolsa Yute Mirka en Ecuador. Una alternativa eco-amigable para tu marca. ¡Cotiza tu pedido hoy mismo!,116,OK,1,1,1.00,false,
nevera-cooler-glidex-13361,Nevera Cooler Glidex,Novedades,Nevera Cooler Glidex Personalizado | Ecuador,44,OK,1,614,Personaliza tu Nevera Cooler Glidex con tu logo. Estrategia de marca efectiva en Ecuador. Cotiza hoy tu producto promocional.,125,OK,1,1,1.00,false,
morral-backpack-metrix-13375,Morral Backpack Metrix,Novedades,Morral Backpack Metrix Personalizado | Regalo Ecuador,53,OK,1,1,"Descubre el Morral Backpack Metrix, el regalo promocional ideal para tus colaboradores. Personaliza en Ecuador y fortalece tu marca. ¡Cotiza hoy!",145,OK,1,1,1.00,false,
nevera-cooler-kael-13376,Nevera Cooler Kael,Novedades,Nevera Cooler Kael Personalizada | Regalo Promocional Ecuador,61,OK,1,1,Personaliza tu Nevera Cooler Kael para tus clientes en Ecuador. Un regalo promocional de alto impacto para tu marca. ¡Solicita tu cotización!,141,OK,1,1,1.00,false,
bolsa-organizador-glinter-13428,Bolsa Organizador Glinter,Novedades,Bolsa Organizador Glinter Personalizado | Ecuador,49,OK,1,614,Personaliza la Bolsa Organizador Glinter para tus equipos en Ecuador. Ideal para orden y eficiencia. ¡Solicita tu cotización hoy mismo!,135,OK,1,1,1.00,false,
morral-backpack-templi-13424,Morral Backpack Templi,Novedades,Morral Backpack Templi Personalizado | Ecuador,46,OK,1,614,Personaliza tu Morral Backpack Templi para fortalecer tu marca en Ecuador. Crea conexiones duraderas y tangibles. ¡Cotiza ahora!,128,OK,1,1,1.00,false,
organizador-womp-master-ocean-13458,Organizador Womp Master Ocean,Novedades,Organizador Womp Master Ocean | Promocionales Ecuador,53,OK,1,5,Personaliza tu Organizador Womp Master Ocean. Mejora la eficiencia de tu equipo en Ecuador. ¡Cotiza ahora y optimiza tu espacio!,128,OK,1,1,1.00,false,
estuche-sencillo-magnetic-13447,Estuche Sencillo Magnetic,Novedades,Estuche Sencillo Magnetic Personalizado | Ecuador,49,OK,1,614,Potencia tu marca con estuches magnéticos personalizados. Ideales para regalos corporativos en Ecuador. ¡Cotiza tu diseño exclusivo hoy!,136,OK,1,1,1.00,false,
estuche-doble-magnetic-13448,Estuche Doble Magnetic,Novedades,Estuche Doble Magnetic Personalizado | Novedades en Ecuador,59,OK,1,5,Eleva tu marca con el Estuche Doble Magnetic. Personalízalo para eventos y regalos corporativos en Ecuador. ¡Cotiza ahora y destaca!,132,OK,1,1,1.00,false,
maletin-en-cambrel-13509,Maletin en Cambrel,Novedades,Maletín en Cambrel Personalizado | Promocionales Ecuador,56,OK,1,1,Maletines en Cambrel personalizables para empresas en Ecuador. Fortalece tu marca y visibilidad. ¡Cotiza tu diseño hoy!,119,OK,1,1,1.00,false,
bolsa-ember-13503,Bolsa Ember,Novedades,Bolsa Ember Personalizada | Kits Corporativos Ecuador,53,OK,1,1,Descubre la Bolsa Ember personalizable para kits de bienvenida en Ecuador. Realza tu marca y sorprende. ¡Cotiza ahora!,118,OK,1,1,1.00,false,
organizador-dalia-13252,Organizador Dalia,Novedades,Organizador Dalia Personalizado | Ecuador,41,OK,1,614,Potencia tu marca con el Organizador Dalia. Personalización y eficiencia para tu empresa en Ecuador. ¡Cotiza tu pedido hoy!,123,OK,1,1,1.00,false,
morral-backpack-galko-13254,Morral Backpack Galko,Novedades,Morral Backpack Galko Personalizado | Regalos Ecuador,53,OK,1,16,Morral Backpack Galko para tu marca. Personaliza este obsequio promocional en Ecuador y lleva tu visibilidad a otro nivel. ¡Cotiza ahora!,137,OK,1,1,1.00,false,
bolsa-en-cambrel-clento-13255,Bolsa en Cambrel Clento,Novedades,Bolsa Cambrel Clento Personalizada | Promocionales Ecuador,58,OK,1,1,Fortalece tu marca con la Bolsa en Cambrel Clento. Personaliza para tus eventos en Ecuador. Cotiza hoy mismo tu pedido.,119,OK,1,1,1.00,false,
bolsa-en-cambrel-vest-13256,Bolsa en Cambrel Vest,Novedades,Bolsa Cambrel Vest Personalizada | Ecuador,42,OK,1,1,Fortalece tu marca en Ecuador con bolsas Cambrel Vest personalizadas. Calidad y versatilidad para tu empresa. ¡Cotiza ahora!,124,OK,1,1,1.00,false,
set-de-resaltadores-heart-13260,Set de Resaltadores Heart,Novedades,Set de Resaltadores Heart Personalizados | Ecuador,50,OK,1,9,Impacta con resaltadores Heart personalizados. Fortalece conexiones en Ecuador con este estratégico artículo promocional. ¡Cotiza hoy!,134,OK,1,1,1.00,false,
set-de-resaltadores-square-13261,Set de Resaltadores Square,Novedades,Set Resaltadores Square Personalizados | Ecuador,48,OK,1,1,Realza tu marca con resaltadores Square personalizados. Un detalle práctico que impacta en Ecuador. ¡Cotiza ahora!,114,OK,1,1,1.00,false,
morral-backpack-zylos-13266,Morral Backpack Zylos,Novedades,Morral Backpack Zylos Personalizado | Regalo Corporativo Ecuador,64,OK,1,8,Impulsa tu marca con el Morral Backpack Zylos personalizado. Ideal para colaboradores y clientes en Ecuador. ¡Cotiza ahora y destaca!,133,OK,1,1,1.00,false,
nevera-cooler-cassian-13267,Nevera Cooler Cassian,Novedades,Nevera Cooler Cassian Personalizado | Ecuador,45,OK,1,614,Impacta con la Nevera Cooler Cassian personalizada. El obsequio ideal en Ecuador para clientes y aliados. ¡Cotiza ahora!,120,OK,1,1,1.00,false,
nevera-cooler-dapper-13269,Nevera Cooler Dapper,Novedades,Nevera Cooler Dapper Personalizado | Ecuador,44,OK,1,614,Neveras Cooler Dapper personalizadas. Recompensa lealtad en Ecuador con utilidad y distinción. ¡Cotiza tu diseño exclusivo hoy!,127,OK,1,1,1.00,false,
nevera-cooler-champ-13229,Nevera Cooler Champ,Novedades,Nevera Cooler Champ Personalizado | Ecuador,43,OK,1,614,Impacta con la Nevera Cooler Champ personalizada. Ideal para eventos y regalos empresariales en Ecuador. Cotiza hoy mismo tu cooler promocional.,144,OK,1,1,1.00,false,
portadocumentos-de-viaje-y-de-cables-lumen-13230,Portadocumentos de Viaje y de Cables Lumen,Novedades,Portadocumentos de Viaje y Cables Lumen Personalizado | Ecuador,63,OK,1,1,Portadocumentos Lumen personalizable para viajes de negocio. Organiza y profesionaliza tu marca en Ecuador. ¡Solicita tu cotización!,132,OK,1,1,1.00,false,
cosmetiquera-kovina-13231,Cosmetiquera Kovina,Novedades,Cosmetiquera Kovina Personalizado | Ecuador,43,OK,1,614,"Descubre la Cosmetiquera Kovina, el regalo promocional ideal. Personalízala para tu marca en Ecuador. ¡Cotiza ahora y destaca!",126,OK,1,1,1.00,false,
organizador-liloz-13240,Organizador Liloz,Novedades,Organizador Liloz Personalizado | Regalos Corporativos Ecuador,62,OK,1,30,"Descubre el Organizador Liloz, ideal para personalizar. Proyecta orden y eficiencia. ¡Cotiza tu regalo corporativo en Ecuador!",126,OK,1,1,1.00,false,
set-de-resaltadores-luban-13221,Set de Resaltadores Luban,Novedades,Set de Resaltadores Luban Personalizado | Ecuador,49,OK,1,614,Destaca tus ideas con los resaltadores Luban. Personalízalos para tu empresa en Ecuador. ¡Cotiza hoy y eleva tu marca!,118,OK,1,1,1.00,false,
morral-backpack-radeon-13209,Morral Backpack Radeon,Novedades,Morral Backpack Radeon Personalizado | Ecuador,46,OK,1,614,Personaliza tu Morral Backpack Radeon y fortalece tu marca. Un embajador móvil en Ecuador. ¡Cotiza ahora!,105,OK,1,1,1.00,false,
nevera-cooler-fluent-13289,Nevera Cooler Fluent,Novedades,Nevera Cooler Fluent Personalizada | Ecuador,44,OK,1,82,Personaliza tu Nevera Cooler Fluent para promociones exclusivas en Ecuador. Impulsa tu marca con un regalo corporativo único. ¡Cotiza ahora!,140,OK,1,1,1.00,false,
nevera-cooler-midas-13290,Nevera Cooler Midas,Novedades,Nevera Cooler Midas Personalizada | Ecuador,43,OK,1,82,Personaliza tu Nevera Cooler Midas para eventos y promociones en Ecuador. Fortalece tu marca y crea conexiones. ¡Cotiza ahora!,126,OK,1,1,1.00,false,
organizador-kappa-urban-travel-13343,Organizador Kappa Urban Travel,Novedades,Organizador Kappa Urban Travel Personalizado | Ecuador,54,OK,1,614,Organiza tus viajes con el Organizador Kappa Urban Travel. Personalízalo para tu empresa en Ecuador. Solicita tu cotización hoy mismo.,134,OK,1,1,1.00,false,
boligrafo-dash-solido-13344,Boligrafo Dash Solido,Novedades,Bolígrafo Dash Sólido Personalizado | Ecuador,45,OK,1,1,Impulse su marca con bolígrafos Dash Sólido personalizados para empresas en Ecuador. Un detalle efectivo que eleva su presencia. ¡Cotice hoy mismo!,147,OK,1,1,1.00,false,
boligrafo-dash-frost-13345,Boligrafo Dash Frost,Novedades,Bolígrafo Dash Frost Personalizado | Ecuador,44,OK,1,1,"Descubre el Bolígrafo Dash Frost, ideal para promocionar tu marca. Personalízalo y solicita tu cotización en Ecuador. ¡Impacta con cada escritura!",146,OK,1,1,1.00,false,
boligrafo-summit-metal-13346,Boligrafo Summit Metal,Novedades,Bolígrafo Summit Metal Personalizado | Ecuador,46,OK,1,1,Realza tu marca con el Bolígrafo Summit Metal. Personaliza este elegante bolígrafo metálico y potencia tu presencia en Ecuador. ¡Cotiza ahora!,142,OK,1,1,1.00,false,
boligrafo-swift-eco-13347,Boligrafo Swift Eco,Novedades,Bolígrafo Swift Eco Personalizado | Ecuador,43,OK,1,1,Fortalece tu marca con el Bolígrafo Swift Eco personalizado. Una herramienta estratégica para empresas en Ecuador. ¡Cotiza ahora!,129,OK,1,1,1.00,false,
boligrafo-allegro-13355,Bolígrafo Allegro,Novedades,Bolígrafo Allegro Personalizado | Ecuador,41,OK,1,614,"Descubre el Bolígrafo Allegro, ideal para marketing corporativo en Ecuador. Personaliza y refuerza tu marca. ¡Solicita tu cotización ahora!",139,OK,1,1,1.00,false,
boligrafo-clasp-borrable-13356,Bolígrafo Clasp Borrable,Novedades,Bolígrafo Clasp Borrable | Novedad Promocional Ecuador,54,OK,1,1,"Descubre el bolígrafo Clasp borrable, perfecto para regalos corporativos personalizados. Cotiza esta novedad sostenible en Ecuador.",131,OK,1,1,1.00,false,
set-de-boligrafos-emblem-13357,Set de Bolígrafos Emblem,Novedades,Set de Bolígrafos Emblem Personalizado | Ecuador,48,OK,1,614,Distinción y aprecio con el Set de Bolígrafos Emblem personalizado para tu empresa en Ecuador. ¡Cotiza ahora y eleva tu marca!,126,OK,1,1,1.00,false,
boligrafo-helix-bamboo-13358,Bolígrafo Helix Bamboo,Novedades,Bolígrafo Helix Bamboo Personalizado | Ecuador,46,OK,1,614,Impulsa tu marca en Ecuador con el Bolígrafo Helix Bamboo. Personalízalo para tus campañas y eventos. ¡Cotiza el tuyo hoy!,122,OK,1,1,1.00,false,
boligrafo-nest-13359,Bolígrafo Nest,Novedades,Bolígrafo Nest Personalizado | Promocionales Ecuador,52,OK,1,49,Personaliza el Bolígrafo Nest para tu marca en Ecuador. Un detalle moderno y funcional. ¡Cotiza tu pedido hoy!,110,OK,1,1,1.00,false,
boligrafo-nest-eco-13360,Bolígrafo Nest Eco,Novedades,Bolígrafo Nest Eco Personalizado | Regalos Corporativos Ecuador,63,OK,1,30,Impulsa tu marca en Ecuador con el Bolígrafo Nest Eco personalizado. Un detalle sostenible que comunica tus valores empresariales. ¡Cotiza ahora!,145,OK,1,1,1.00,false,
roller-nimbus-13309,Roller Nimbus,Novedades,Roller Nimbus Personalizado | Elegancia en Ecuador,50,OK,1,1,"Descubre el Roller Nimbus, un bolígrafo roller personalizable para tu marca. Cotiza ahora este distintivo detalle corporativo en Ecuador.",137,OK,1,1,1.00,false,
boligrafo-lynx-solido-13312,Boligrafo Lynx Solido,Novedades,Bolígrafo Lynx Sólido Personalizado | Promocionales Ecuador,59,OK,1,1,Impulsa tu marca con el bolígrafo Lynx Sólido personalizado. Ideal para empresas en Ecuador. ¡Cotiza ahora y destaca!,117,OK,1,1,1.00,false,
boligrafo-lynx-frost-13307,Boligrafo Lynx Frost,Novedades,Bolígrafo Lynx Frost Personalizado | Ecuador,44,OK,1,1,Descubre el Bolígrafo Lynx Frost. Personalízalo con tu marca en Ecuador para impactar a tus clientes. ¡Cotiza ahora y fortalece tu presencia!,141,OK,1,1,1.00,false,
boligrafo-rompecabezas-13295,Boligrafo Rompecabezas,Novedades,Bolígrafo Rompecabezas Personalizado | Novedades en Ecuador,59,OK,1,1,Diferénciate con el Bolígrafo Rompecabezas personalizable. Una herramienta interactiva para tu marca en Ecuador. ¡Cotiza el tuyo ahora!,135,OK,1,1,1.00,false,
boligrafo-grasp-13286,Boligrafo Grasp,Novedades,Bolígrafo Grasp Personalizado | Promocionales Ecuador,53,OK,1,1,Personaliza el Bolígrafo Grasp con tu logo para promocionar tu marca en Ecuador. Un detalle elegante y funcional. ¡Cotiza hoy mismo!,132,OK,1,1,1.00,false,
boligrafo-x-tool-6-en-1-13288,Boligrafo X-tool 6 en 1,Novedades,Bolígrafo X-tool 6 en 1 Personalizado | Ecuador,47,OK,1,1,"Descubre el Bolígrafo X-tool 6 en 1, el regalo corporativo innovador para tu empresa en Ecuador. Personalízalo y solicita tu cotización hoy mismo.",146,OK,1,1,1.00,false,
boligrafo-vinnie-pastel-13214,Boligrafo Vinnie Pastel,Novedades,Bolígrafo Vinnie Pastel Personalizado | Ecuador,47,OK,1,1,Personaliza el Bolígrafo Vinnie Pastel para tu marca. Un marketing sutil y efectivo en Ecuador. ¡Cotiza el tuyo hoy!,116,OK,1,1,1.00,false,
boligrafo-summit-metal-cork-13215,Boligrafo Summit Metal Cork,Novedades,Bolígrafo Summit Metal Cork Personalizado | Ecuador,51,OK,1,1,Personaliza tu Bolígrafo Summit Metal Cork para tu marca en Ecuador. Un embajador tangible que deja impresión. ¡Cotiza ahora!,125,OK,1,1,1.00,false,
boligrafo-glimmer-13216,Boligrafo Glimmer,Novedades,Bolígrafo Glimmer Personalizado | Promocionales Ecuador,55,OK,1,1,"Descubre el Bolígrafo Glimmer personalizado para impactar. Ideal para branding en Ecuador, cotiza ahora y eleva tu marca.",121,OK,1,1,1.00,false,
boligrafo-mystic-13220,Boligrafo Mystic,Novedades,Bolígrafo Mystic Personalizado | Ecuador,40,OK,1,1,Impacta con el Bolígrafo Mystic personalizado. Ideal para eventos en Ecuador. Un embajador silencioso de tu marca. ¡Cotiza ahora y destaca!,139,OK,1,1,1.00,false,
set-jolt-13271,Set Jolt,Novedades,Set Jolt Personalizado | Novedades en Ecuador,45,OK,1,5,Potencia tu marca con el Set Jolt personalizado. Herramientas tecnológicas de última generación para profesionales en Ecuador. ¡Cotiza ahora!,141,OK,1,1,1.00,false,
boligrafo-shimmer-13263,Bolígrafo Shimmer,Novedades,Bolígrafo Shimmer Personalizado | Regalos en Ecuador,52,OK,1,1,Personaliza el Bolígrafo Shimmer para tu marca. Un obsequio corporativo único para empresas en Ecuador. ¡Cotiza hoy mismo!,122,OK,1,1,1.00,false,
roller-shimmer-13264,Roller Shimmer,Novedades,Roller Shimmer Personalizado | Regalo Corporativo Ecuador,57,OK,1,8,Personaliza tu Roller Shimmer y eleva la imagen de tu marca en Ecuador. Un obsequio corporativo único para causar una impresión duradera. ¡Cotiza hoy!,150,OK,1,1,1.00,false,
set-de-boligrafos-vector-13465,Set de Bolígrafos Vector,Novedades,Set de Bolígrafos Vector Personalizado para Empresas | Ecuador,62,OK,1,12,Impacta con el Set de Bolígrafos Vector. Personaliza para tu marca en Ecuador. Un detalle que comunica profesionalismo y aprecio. ¡Cotiza ahora!,144,OK,1,1,1.00,false,
estuche-black-carton-13449,Estuche Black Carton,Novedades,Estuche Black Carton Personalizado | Regalos Ecuador,52,OK,1,16,Personaliza el Estuche Black Carton para tus regalos corporativos en Ecuador. Fortalece tu marca y deja una impresión duradera. ¡Cotiza hoy!,140,OK,1,1,1.00,false,
vector-roller-13461,Vector Roller,Novedades,Vector Roller Personalizado | Novedades en Ecuador,50,OK,1,5,"Descubre el Vector Roller, un roller de nueva generación para fortalecer tu marca en Ecuador. Personalízalo y cotiza hoy mismo.",127,OK,1,1,1.00,false,
boligrafo-cork-stand-13462,Bolígrafo Cork Stand,Novedades,Bolígrafo Cork Stand Personalizado | Ecuador,44,OK,1,614,Diseño innovador y sostenible para tu marca. Personaliza tu Bolígrafo Cork Stand y destaca en Ecuador. ¡Cotiza ahora!,117,OK,1,1,1.00,false,
boligrafo-blink-13438,Boligrafo Blink,Novedades,Bolígrafo Blink Personalizado | Promocionales Ecuador,53,OK,1,1,"Personaliza tu Bolígrafo Blink para impactar en Ecuador. Ideal para marketing, RRHH y emprendedores. ¡Cotiza el tuyo hoy!",121,OK,1,1,1.00,false,
boligrafo-delphi-13439,Boligrafo Delphi,Novedades,Bolígrafo Delphi Personalizado | Artículos Promocionales,56,OK,1,1,Personaliza el Bolígrafo Delphi con tu logo en Ecuador. Un embajador silencioso para tu marca. ¡Cotiza y destaca en el mercado!,127,OK,1,1,1.00,false,
boligrafo-roller-delphi-13440,Boligrafo Roller Delphi,Novedades,Bolígrafo Roller Delphi Personalizado | Regalos Corporativos Ecuador,68,TOO_LONG_TRUNCATION_RISK,1,1,"Descubre el Bolígrafo Roller Delphi, ideal para regalos corporativos. Personaliza con tu marca y eleva tu imagen en Ecuador. ¡Cotiza hoy mismo!",143,OK,1,1,1.00,false,
boligrafo-vinnie-grip-13441,Boligrafo Vinnie Grip,Novedades,Bolígrafo Vinnie Grip Personalizado | Promocionales Ecuador,59,OK,1,1,Personaliza el Bolígrafo Vinnie Grip para tu marca en Ecuador. Excelente herramienta promocional para dar visibilidad. ¡Cotiza ahora!,133,OK,1,1,1.00,false,
set-de-boligrafo-y-portaminas-stanley-13416,Set de Bolígrafo y Portaminas Stanley,Novedades,Set Bolígrafo y Portaminas Stanley Personalizado | Ecuador,58,OK,1,1,Personaliza el Set de Bolígrafo y Portaminas Stanley para tu empresa en Ecuador. Proyecta excelencia y durabilidad. ¡Cotiza hoy!,128,OK,1,1,1.00,false,
boligrafo-artisan-13417,Bolígrafo Artisan,Novedades,Bolígrafo Artisan Personalizado | Ecuador,41,OK,1,614,Personaliza el Bolígrafo Artisan para tu marca en Ecuador. Ideal para marketing corporativo. ¡Cotiza hoy y destaca!,115,OK,1,1,1.00,false,
boligrafo-avert-13418,Bolígrafo Avert,Novedades,Bolígrafo Avert Personalizado | Ecuador,39,OK,1,614,Personaliza tu Bolígrafo Avert para impactar en Ecuador. Destaca tu marca con calidad y visibilidad constante. ¡Cotiza ahora!,125,OK,1,1,1.00,false,
set-de-boligrafos-baltimore-vinga-eco-13400,Set de Boligrafos Baltimore Vinga Eco,Novedades,Set Bolígrafos Baltimore Vinga Eco Personalizado | Ecuador,58,OK,1,1,Personaliza el Set de Bolígrafos Baltimore Vinga Eco para tu marca en Ecuador. Un detalle elegante y ecológico para fortalecer tu imagen. ¡Cotiza ahora!,152,OK,1,1,1.00,false,
organizador-multiusos-monet-produccion-nacional-13403,Organizador Multiusos Monet - Producción Nacional,Novedades,Organizador Multiusos Monet - Producción Nacional | Ecuador,59,OK,1,52,Descubre el Organizador Multiusos Monet. Personaliza este regalo corporativo nacional en Ecuador para eficiencia y orden en tu empresa. ¡Cotiza hoy!,148,OK,1,1,1.00,false,
mug-shaker-nyro-600ml-13248,Mug Shaker Nyro 600ml,Novedades,Mug Shaker Nyro 600ml Personalizado | Ecuador,45,OK,1,614,Fortalece tu marca con el Mug Shaker Nyro 600ml personalizado. Ideal para marketing en Ecuador. Cotiza tu shaker promocional hoy.,129,OK,1,1,1.00,false,
boligrafo-abanico-13293,Boligrafo Abanico,Novedades,Bolígrafo Abanico Personalizado | Promocionales Ecuador,55,OK,1,1,Diferénciate con el Bolígrafo Abanico. Personaliza tu marca en Ecuador con este innovador promocional. ¡Cotiza el tuyo hoy!,123,OK,1,1,1.00,false,
rastreador-airtag-seek-13203,Rastreador Airtag Seek,Novedades,Rastreador Airtag Seek Personalizado | Ecuador,46,OK,1,614,"Evita pérdidas con el Rastreador Airtag Seek personalizable. Ideal para empresas en Ecuador, cotiza ahora y protege tus activos.",128,OK,1,1,1.00,false,
rastreador-airtag-vibe-13204,Rastreador Airtag Vibe,Novedades,Rastreador Airtag Vibe Personalizado | Ecuador,46,OK,1,614,Rastreador Airtag Vibe personalizable para potenciar tu marca. Ofrece seguridad y valor a tus clientes en Ecuador. ¡Cotiza ahora!,129,OK,1,1,1.00,false,
boligrafo-vinnie-13386,Boligrafo Vinnie,Novedades,Bolígrafo Vinnie Personalizado | Artículos Promocionales Ecuador,64,OK,1,1,Mantén tu marca presente con el Bolígrafo Vinnie personalizado. Ideal para marketing en Ecuador. ¡Cotiza ahora y destaca!,121,OK,1,1,1.00,false,
alcancia-piggy-max-13495,Alcancia Piggy Max,Novedades,Alcancia Piggy Max Personalizada | Regalos Corporativos Ecuador,63,OK,1,5,Personaliza la Alcancia Piggy Max con tu marca. Un regalo corporativo que inspira ahorro y responsabilidad en Ecuador. ¡Cotiza ahora!,133,OK,1,1,1.00,false,
boligrafo-mini-dwell-13512,Boligrafo Mini Dwell,Novedades,Bolígrafo Mini Dwell Personalizado | Ecuador,44,OK,1,1,"Diseña bolígrafos Mini Dwell con tu logo para promociones en Ecuador. Compactos y elegantes, ¡cotiza ahora!",107,OK,1,1,1.00,false,
cobija-pillow-13501,Cobija Pillow,Novedades,Cobija Pillow Promocional | Ecuador,35,OK,1,9,Personaliza tu Cobija Pillow para empresas en Ecuador. Un detalle único que proyecta cuidado y confort de marca. ¡Pide tu cotización hoy!,137,OK,1,1,1.00,false,
sporty-bag-garda-rpet-13502,Sporty Bag Garda Rpet,Novedades,Sporty Bag Garda Rpet Personalizado | Ecuador,45,OK,1,614,Impulsa tu marca con la Sporty Bag Garda Rpet. Artículos promocionales personalizados para tu empresa en Ecuador. ¡Cotiza ahora!,128,OK,1,1,1.00,false,
bolsa-en-algodon-solara-240gr-13207,Bolsa en Algodón Solara (240gr),Novedades,Bolsa en Algodón Solara (240gr) Personalizada | Ecuador,55,OK,1,82,Destaca tu marca con la Bolsa Solara de algodón personalizable. Ideal para eventos y campañas en Ecuador. ¡Cotiza tu diseño hoy mismo!,134,OK,1,1,1.00,false,
sporty-bag-en-algodon-zetta-100gr-13208,Sporty Bag en Algodón Zetta (100gr),Novedades,Sporty Bag Algodón Zetta (100gr) Personalizado | Ecuador,56,OK,1,1,Personaliza tu Sporty Bag en Algodón Zetta (100gr) en Ecuador. Ideal para promociones. ¡Cotiza ahora y destaca tu marca!,120,OK,1,1,1.00,false,
botilito-oasis-800ml-prod-nacional-13194,Botilito Oasis 800ml - Prod. Nacional,Tomatodos y Botilitos Personalizados,Botilito Oasis 800ml Personalizado | Promocionales Ecuador,58,OK,1,1,"Botilito Oasis 800ml con logo personalizado. Produccion nacional, material ecologico y alta visibilidad. Ideal para empresas que apuestan por sostenibilidad.",157,OK,1,1,0.60,false,
boligrafo-ecopetite-13196,Bolígrafo Ecopetite,Novedades,Bolígrafo Ecopetite Personalizado | Novedades en Ecuador,56,OK,1,5,Personaliza el bolígrafo Ecopetite para tu marca en Ecuador. Un detalle eco-amigable y elegante para tus clientes. ¡Cotiza ahora!,129,OK,1,1,1.00,false,
mug-metalico-star-350ml-13197,Mug Metálico Star 350ml,Novedades,Mug Metálico Star 350ml Personalizado | Ecuador,47,OK,2,614,"Fortalece tu marca con el Mug Metálico Star de 350ml. Ideal para empresas en Ecuador, personalízalo con tu logo y cotiza ya en KS Promocionales.",144,OK,1,1,1.00,false,
bolsa-en-cambrel-baxter-para-sublimacion-80gr-13198,Bolsa en Cambrel Baxter Para Sublimación (80gr),Novedades,Bolsa Cambrel Baxter Sublimación (80gr) Personalizada | Ecuador,63,OK,1,1,Realza tu marca con nuestra Bolsa en Cambrel Baxter (80gr) personalizable. Ideal para promociones en Ecuador. ¡Solicita tu cotización ahora!,140,OK,1,1,0.83,false,
sporty-bag-en-cambrel-ewok-sublimacion-80gr-13199,Sporty Bag en Cambrel Ewok Sublimación (80gr),Novedades,Sporty Bag Sublimado (80gr) Personalizado | Ecuador,51,OK,1,1,Sporty Bag en Cambrel Ewok personalizable para tu marca. Destaca en Ecuador con un diseño único. ¡Cotiza tu Sporty Bag sublimado hoy!,133,OK,1,1,0.40,true,
portarretrato-digital-frame-13206,Portarretrato Digital Frame,Novedades,Portarretrato Digital Frame Personalizado | Ecuador,51,OK,1,614,Portarretratos Digitales personalizados para empresas en Ecuador. Captura momentos y proyecta tu marca. ¡Cotiza tu regalo corporativo hoy!,138,OK,1,1,1.00,false,
mug-plastico-willow-350ml-13195,Mug Plástico Willow 350ml,Novedades,Mug Plástico Willow 350ml Personalizado | Ecuador,49,OK,1,614,Personaliza el Mug Plástico Willow 350ml para tus eventos en Ecuador. Visibilidad de marca garantizada. ¡Cotiza tu pedido hoy!,126,OK,1,1,1.00,false,
boligrafo-crystal-2-1-13173,Boligrafo Crystal 2-1,Novedades,Bolígrafo Crystal 2-1 Personalizado | Ecuador,45,OK,1,1,"Descubre el Bolígrafo Crystal 2-1, ideal para personalizar y potenciar tu marca en Ecuador. Solicita tu cotización hoy y destaca en cualquier evento.",149,OK,1,1,1.00,false,
boligrafo-big-bang-13175,Bolígrafo Big Bang,Novedades,Bolígrafo Big Bang Personalizado | Ecuador,42,OK,1,614,Personaliza tu Bolígrafo Big Bang en Ecuador. Deja una huella memorable con tu marca. ¡Cotiza hoy mismo!,104,OK,1,1,1.00,false,
boligrafo-multi-metal-4-1-13176,Bolígrafo Multi Metal 4-1,Novedades,Bolígrafo Multi Metal 4-1 | Regalo Corporativo Ecuador,54,OK,1,2,Impacta con el Bolígrafo Multi Metal 4-1 personalizado. Proyecta una imagen de vanguardia en Ecuador. ¡Cotiza el tuyo ahora!,124,OK,1,1,1.00,false,
cordon-portacelular-con-cables-chili-13177,Cordón Portacelular Con Cables Chili,Novedades,Cordón Portacelular Cables Chili Personalizado | Ecuador,56,OK,1,1,Personaliza tu Cordón Portacelular Cables Chili en Ecuador. Ideal para marketing y RRHH. ¡Cotiza ya tus productos promocionales!,128,OK,1,1,1.00,false,
set-de-botilitos-trio-13180,Set de Botilitos Trio,Tomatodos y Botilitos Personalizados,Set Botilitos Personalizados Trio para Empresas Ecuador,55,OK,1,1,Botilitos personalizados con logo empresarial. Set Trio reutilizable para equipos corporativos en Ecuador.,106,OK,1,1,1.00,false,
cafetera-en-vidrio-y-bambu-600ml-13181,Cafetera en Vidrio y Bambú 600ml,Novedades,Cafetera en Vidrio y Bambú 600ml Personalizado | Ecuador,56,OK,1,614,Sorprende con una cafetera de vidrio y bambú personalizada en Ecuador. Un regalo corporativo elegante y práctico. ¡Cotiza ahora!,128,OK,1,1,1.00,false,
set-de-botellas-de-viaje-13184,Set de Botellas de Viaje,Novedades,Set de Botellas de Viaje Personalizado | Ecuador,48,OK,1,614,Ofrece un regalo práctico y sostenible. Personaliza tu set de botellas de viaje para tu marca en Ecuador. ¡Cotiza ahora y destaca!,130,OK,1,1,1.00,false,
set-de-bano-vanity-13186,Set de Baño Vanity,Novedades,Set de Baño Vanity Personalizado | Promocionales Ecuador,56,OK,1,49,Impacta a tus clientes con el Set de Baño Vanity personalizado. Fortalece tu marca en Ecuador. ¡Cotiza ahora y sorprende!,121,OK,1,1,1.00,false,
mug-sparkle-296ml-13188,Mug Sparkle 296ml,Novedades,Mug Sparkle 296ml Personalizado | Ecuador,41,OK,1,614,Fortalece tu marca en Ecuador con mugs Sparkle 296ml personalizados. Ideales para fidelización de clientes y colaboradores. ¡Cotiza ahora!,138,OK,1,1,1.00,false,
bolsa-en-cambrel-nevada-7767,Bolsa en Cambrel Nevada,Ecología,Bolsa en Cambrel Nevada Personalizada | Ecuador,47,OK,1,82,Fortalece tu marca con Bolsas en Cambrel Nevada personalizadas. Una declaración de valores para tu empresa en Ecuador. ¡Cotiza hoy!,131,OK,1,1,1.00,false,
bolsa-en-cambrel-winter-8191,Bolsa en Cambrel Winter,Ecología,Bolsa Cambrel Winter Personalizada | Ecuador,44,OK,1,1,Fortalece tu marca con la Bolsa en Cambrel Winter personalizada. Cotiza en Ecuador para tus promocionales ecológicos.,117,OK,1,1,1.00,false,
bolsa-en-cambrel-petit-8206,Bolsa en Cambrel Petit,Ecología,Bolsa Cambrel Petit Personalizada | Ecuador,43,OK,1,1,Personaliza tu Bolsa Cambrel Petit para eventos y promociones en Ecuador. Impulsa tu marca de forma sostenible. ¡Cotiza ahora!,126,OK,1,1,1.00,false,
sticky-set-milla-9229,Sticky Set Milla,Ecología,Sticky Set Milla Ecológico | Promocionales en Ecuador,53,OK,1,1,Personaliza tu Sticky Set Milla ecológico para impacto en Ecuador. Un regalo sostenible para tu marca. ¡Cotiza hoy!,115,OK,1,1,1.00,false,
sticky-set-kerry-9230,Sticky Set Kerry,Ecología,Sticky Set Kerry Ecológico | Personalizado en Ecuador,53,OK,1,1,Sticky Set Kerry personalizado para tu marca. Solución sostenible y eficiente para empresas en Ecuador. ¡Cotiza ahora tus productos promocionales!,146,OK,1,1,1.00,false,
memo-sticky-set-clapton-9095,Memo Sticky Set Clapton,Ecología,Memo Sticky Set Clapton Personalizado | Promocionales Ecuador,61,OK,1,49,Personaliza tu Memo Sticky Set Clapton en Ecuador. Mantén tu marca presente de forma consciente y práctica. ¡Cotiza ahora!,122,OK,1,1,1.00,false,
boligrafo-bamboo-9317,Boligrafo Bamboo,Ecología,Bolígrafo Bamboo Personalizado | Ecuador Ecológicos,51,OK,1,1,Impacta con bolígrafos de bamboo personalizados para tu marca en Ecuador. Material ecológico y diseño único. Cotiza ahora y fortalece tu imagen.,144,OK,1,1,1.00,false,
libreta-con-boligrafo-button-reciclable-7207,Libreta Con Bolígrafo Button Reciclable,Ecología,Libreta Con Bolígrafo Button Reciclable | Ecuador,49,OK,1,52,Personaliza tu libreta reciclable con bolígrafo en Ecuador. Impacta a tus clientes con un regalo ecológico y funcional. ¡Cotiza ahora!,134,OK,1,1,1.00,false,
libreta-futbol-produccion-nacional-5633,Libreta Futbol - Producción Nacional,Ecología,Libreta Fútbol Ecológica Personalizada - Ecuador,48,OK,1,1,Libretas Fútbol con tu logo en Ecuador. Promociona tu marca con un regalo corporativo único y sostenible. ¡Cotiza ya!,117,OK,1,1,0.50,false,
boligrafo-bamboo-clip-eco-9675,Bolígrafo Bamboo Clip Eco,Ecología,Bolígrafo Bamboo Clip Eco Personalizado | Ecuador,49,OK,1,614,Personaliza tu Bolígrafo Bamboo Clip Eco. Ideal para empresas en Ecuador. Un detalle sostenible que potencia tu marca. ¡Cotiza hoy!,131,OK,1,1,1.00,false,
boligrafo-geometric-eco-9676,Bolígrafo Geometric Eco,Ecología,Bolígrafo Geometric Eco Personalizado | Ecuador,47,OK,1,614,Descubre el Bolígrafo Geometric Eco. Personaliza para tu marca en Ecuador. Un aliado estratégico en promocionales sostenibles. ¡Cotiza hoy!,139,OK,1,1,1.00,false,
botilito-metalico-troy-700ml-oferta-9773,Botilito Metálico Troy 700ml Oferta,Tomatodos y Botilitos Personalizados,Botilito Metalico Troy 700ml Personalizado Ecuador,50,OK,1,1,"Botilito metalico Troy 700ml con personalización de logo. Ideal para merchandising empresarial en Ecuador. Sostenible, resistente y funcional.",142,OK,1,1,0.80,false,
mug-metalico-bamboo-eco-350ml-9779,Mug Metálico Bamboo Eco 350ml,Ecología,Mug Metálico Bamboo Eco 350ml Personalizado | Ecuador,53,OK,1,614,Impacta con este mug eco personalizable. Refleja valores sostenibles para tu marca en Ecuador. ¡Cotiza y destaca!,113,OK,1,1,1.00,false,
set-de-escritorio-sticky-calendar-9785,Set de Escritorio Sticky Calendar,Ecología,Set Escritorio Sticky Calendar Personalizado | Ecuador,54,OK,1,1,Impulsa tu marca en Ecuador con el Set de Escritorio Sticky Calendar personalizado. Sostenibilidad y eficiencia para tu equipo. ¡Cotiza ahora!,142,OK,1,1,1.00,false,
boligrafo-forest-bamboo-9837,Bolígrafo Forest Bamboo,Ecología,Bolígrafo Forest Bamboo Personalizado | Ecuador,47,OK,1,614,Personaliza tu bolígrafo ecológico Forest Bamboo para potenciar tu marca en Ecuador. Un regalo sostenible y de alto impacto. ¡Cotiza ahora!,139,OK,1,1,1.00,false,
boligrafo-lolly-bamboo-eco-9913,Bolígrafo Lolly Bamboo Eco,Ecología,Bolígrafo Lolly Bamboo Eco Personalizado | Ecuador,50,OK,1,614,Personaliza el Bolígrafo Lolly Bamboo Eco en Ecuador. Un regalo promocional ecológico y duradero. ¡Solicita tu cotización ahora!,128,OK,1,1,1.00,false,
boligrafo-cartoon-mini-10015,Bolígrafo Cartoon Mini,Ecología,Bolígrafo Cartoon Mini Personalizado | Ecuador,46,OK,1,614,Personaliza el Bolígrafo Cartoon Mini ecológico en Ecuador. Fortalece tu marca con un detalle consciente. ¡Cotiza ahora y destaca!,130,OK,1,1,1.00,false,
boligrafo-vardis-bamboo-10044,Bolígrafo Vardis Bamboo,Ecología,Bolígrafo Vardis Bamboo Personalizado | Ecuador,47,OK,1,614,Personaliza el Bolígrafo Vardis Bamboo para tu marca. Un detalle ecológico y elegante para tu empresa en Ecuador. ¡Cotiza ahora!,128,OK,1,1,1.00,false,
set-mirror-eco-10047,Set Mirror Eco,Ecología,Set Mirror Eco Personalizado | Regalos Corporativos Ecuador,59,OK,1,30,Comunique sus valores de sostenibilidad. Personalice el Set Mirror Eco para su empresa en Ecuador. ¡Cotice ahora sus regalos ecológicos!,136,OK,1,1,1.00,false,
carpeta-folder-con-cargador-inalambrico-cork-10114,Carpeta Folder Con Cargador Inalámbrico Cork,Ecología,Carpeta Folder Con Cargador Inalámbrico Cork | Ecuador,54,OK,1,52,Carpeta ecológica personalizable con cargador inalámbrico. Ideal para regalos corporativos en Ecuador. ¡Cotiza tu diseño exclusivo hoy!,135,OK,1,1,1.00,false,
set-de-herramientas-maxton-10053,Set de Herramientas Maxton,Ecología,Set de Herramientas Maxton | Regalos Ecológicos Ecuador,55,OK,1,1,Personaliza el Set de Herramientas Maxton para tu marca. Un regalo sostenible para empresas en Ecuador. ¡Cotiza tu pedido hoy!,126,OK,1,1,1.00,false,
metro-bamboo-10007,Metro Bamboo,Ecología,Metro Bamboo Personalizado | Promocionales Ecuador,50,OK,1,49,Fortalece tu marca con el Metro Bamboo personalizado. Herramienta ingeniosa y sostenible para marketing en Ecuador. ¡Cotiza ahora y destaca!,140,OK,1,1,1.00,false,
set-de-cubiertos-natura-eco-10066,Set de Cubiertos Natura Eco,Ecología,Set Cubiertos Natura Eco Personalizado | Ecuador,48,OK,1,1,Impulsa tu marca con cubiertos ecológicos personalizados para empresas. Sostenibilidad y estilo en cada bocado. ¡Cotiza para Ecuador!,133,OK,1,1,1.00,false,
bolsa-metalizada-mate-10236,Bolsa Metalizada Mate,Ecología,Bolsa Metalizada Mate Personalizada | Ecuador,45,OK,1,82,Impacta con bolsas metalizadas mate personalizadas. Impulsa tu marca en Ecuador. Cotiza hoy y mejora tu unboxing experience.,124,OK,1,1,1.00,false,
pitillo-reutilizable-metalico-9160,Pitillo Reutilizable Metalico,Ecología,Pitillo Reutilizable Metálico Personalizado | Ecuador,53,OK,1,1,Personaliza tu pitillo metálico reutilizable en Ecuador. Ideal para marketing sostenible. Cotiza ahora y fortalece tu marca con KS Promocionales.,145,OK,1,1,1.00,false,
espejo-bamboo-9737,Espejo Bamboo,Ecología,Espejo Bamboo Personalizado | Promocionales Ecuador,51,OK,1,49,Fortalece tu marca con el Espejo Bamboo personalizado. Destaca en Ecuador con este detalle ecológico. ¡Cotiza ahora!,116,OK,1,1,1.00,false,
set-manicure-cork-10048,Set Manicure Cork,Ecología,Set Manicure Cork Personalizado | Ecuador,41,OK,1,614,Fortalece tu marca con el Set Manicure Cork personalizado. Un obsequio ecológico ideal para clientes y colaboradores en Ecuador. ¡Cotiza ahora!,143,OK,1,1,1.00,false,
set-de-cubiertos-bamboo-9384,Set de Cubiertos Bamboo,Ecología,Set de Cubiertos Bamboo Personalizado | Ecuador,47,OK,1,614,Demuestra tu compromiso ecológico con cubiertos de bamboo personalizados. Cotiza para tu empresa en Ecuador y deja una huella verde.,132,OK,1,1,1.00,false,
carpeta-de-carton-reciclable-ii-9908,Carpeta de Cartón Reciclable ii,Ecología,Carpeta Cartón Reciclable ii Personalizada | Ecuador,52,OK,1,1,Diseña tu Carpeta de Cartón Reciclable ii personalizada para tu empresa en Ecuador. Mejora tu imagen corporativa. ¡Cotiza ahora!,128,OK,1,1,1.00,false,
libreta-con-boligrafo-bamboo-9683,Libreta Con Bolígrafo Bamboo,Ecología,Libreta Con Bolígrafo Bamboo Personalizado | Ecuador,52,OK,1,614,Libreta ecológica con bolígrafo de bamboo. Personaliza para tu marca en Ecuador. Un regalo corporativo sostenible. ¡Cotiza ahora!,129,OK,1,1,1.00,false,
sticky-set-bamboo-eco-9949,Sticky Set Bamboo Eco,Ecología,Sticky Set Bamboo Eco Personalizado | Regalos Empresariales Ecuador,67,TOO_LONG_TRUNCATION_RISK,1,4,Impulsa tu marca con el Sticky Set Bamboo Eco personalizado. Destaca en Ecuador con un regalo corporativo ecológico y funcional. ¡Cotiza ahora!,143,OK,1,1,1.00,false,
libreta-vincent-10095,Libreta Vincent,Ecología,Libreta Vincent Personalizada | Promocionales Ecuador,53,OK,1,21,Personaliza tu Libreta Vincent ecológica para potenciar tu marca en Ecuador. Un artículo promocional con impacto sostenible. ¡Cotiza ahora!,139,OK,1,1,1.00,false,
cargador-inalambrico-bamboo-ii-9893,Cargador Inalambrico Bamboo ii,Ecología,Cargador Inalámbrico Bamboo ii Personalizado | Ecuador,54,OK,1,1,Impulsa tu marca con el Cargador Inalámbrico Bamboo ii personalizado. Ideal para marketing sostenible en Ecuador. ¡Cotiza el tuyo!,130,OK,1,1,1.00,false,
cargador-inalambrico-bamboo-square-oferta-9979,Cargador Inalambrico Bamboo Square Oferta,Ecología,Cargador Inalambrico Bamboo Square Oferta | Ecuador,51,OK,1,52,Personaliza este cargador inalámbrico de bamboo para tus clientes o colaboradores en Ecuador. Cotiza hoy tu regalo corporativo sostenible.,138,OK,1,1,1.00,false,
speaker-bluetooth-onyx-oferta-10135,Speaker Bluetooth Onyx - Oferta,Ecología,Speaker Bluetooth Onyx - Oferta Personalizado | Ecuador,55,OK,1,614,Personaliza el Speaker Bluetooth Onyx con tu logo. Refuerza tu marca en Ecuador con este regalo corporativo. ¡Cotiza ahora y destaca!,133,OK,1,1,1.00,false,
speaker-bluetooth-mack-10137,Speaker Bluetooth Mack,Ecología,Speaker Bluetooth Mack Personalizado | Regalo Ecológico Ecuador,63,OK,1,2,"Sorprende con Speakers Bluetooth Mack personalizados, el regalo corporativo ecológico ideal en Ecuador. ¡Cotiza tu diseño único ahora!",134,OK,1,1,1.00,false,
cargador-inalambrico-nembar-10278,Cargador Inalámbrico Nembar,Ecología,Cargador Inalámbrico Nembar | Personalizado en Ecuador,54,OK,1,1,Cargadores Nembar personalizados para empresas en Ecuador. Fortalece tu marca con este obsequio ecológico y práctico. ¡Cotiza ahora!,132,OK,1,1,1.00,false,
libreta-igor-bamboo-10309,Libreta Igor Bamboo,Ecología,Libreta Igor Bamboo Personalizada | Ecuador,43,OK,1,82,Fortalece tu marca con la Libreta Igor Bamboo personalizada. Impacta a tus clientes en Ecuador. ¡Cotiza ahora y destaca!,120,OK,1,1,1.00,false,
puerto-usb-rpet-10494,Puerto Usb Rpet,Ecología,Hub USB RPET Personalizado para Empresas en Ecuador,51,OK,1,1,Conecta múltiples dispositivos con nuestro Hub USB RPET ecológico. Personalízalo con tu marca en Ecuador. ¡Cotiza ahora y optimiza tu espacio!,142,OK,1,1,0.50,false,
cable-multicargador-3-1-bamboo-10473,Cable Multicargador 3-1 Bamboo,Ecología,Cable Multicargador 3-1 Bamboo Personalizado | Ecuador,54,OK,1,614,Personaliza tu Cable Multicargador 3-1 Bamboo para tu empresa en Ecuador. Soluciona la carga de tus dispositivos y refuerza tu marca. ¡Cotiza ya!,145,OK,1,1,1.00,false,
soporte-para-celular-note-10579,Soporte Para Celular Note,Ecología,Soporte Para Celular Note Personalizado | Ecuador,49,OK,1,614,Personaliza tu Soporte para Celular Note en Ecuador. Mejora la experiencia digital de tus clientes. ¡Cotiza hoy mismo!,118,OK,1,1,1.00,false,
soporte-para-moviles-nixon-bamboo-10339,Soporte Para Móviles Nixon Bamboo,Ecología,Soporte Móvil Nixon Bamboo Ecológico Personalizado | Ecuador,60,OK,1,1,Personaliza el Soporte Móvil Nixon Bamboo para tu marca. Un regalo corporativo sostenible en Ecuador. ¡Cotiza ahora!,116,OK,1,1,0.60,false,
soporte-magnetico-para-moviles-bamboo-10509,Soporte Magnético Para Móviles Bamboo,Ecología,Soporte Magnético Móviles Bamboo | Eco Personalizado Ecuador,60,OK,1,1,Personaliza tu soporte magnético de bamboo para móviles en Ecuador. Sostenibilidad y marca unidas. ¡Cotiza hoy tu pedido para tu empresa!,137,OK,1,1,0.80,false,
espejo-bamboo-max-10323,Espejo Bamboo Max,Ecología,Espejo Bamboo Max Personalizado | Promocionales Ecuador,55,OK,1,49,Espejo Bamboo Max: el obsequio ecológico perfecto. Personalízalo para tu marca en Ecuador. ¡Cotiza tu pedido hoy mismo!,119,OK,1,1,1.00,false,
joyero-eco-bamboo-10439,Joyero Eco Bamboo,Ecología,Joyero Eco Bamboo Personalizado | Regalos Sostenibles Ecuador,61,OK,1,2,Diferencia tu marca con el Joyero Eco Bamboo personalizado. Regalo sostenible en Ecuador que fusiona estética y compromiso ambiental. ¡Cotiza hoy!,146,OK,1,1,1.00,false,
espejo-joyero-bamboo-10377,Espejo Joyero Bamboo,Ecología,Espejo Joyero Bamboo Personalizado | Ecuador,44,OK,1,614,Diferénciate con espejos joyeros de bamboo personalizados. Un obsequio ecológico y único para clientes en Ecuador. ¡Cotiza el tuyo hoy!,135,OK,1,1,1.00,false,
cepillo-eco-bamboo-10437,Cepillo Eco Bamboo,Ecología,Cepillo Eco Bamboo Personalizado | KS Promocionales Ecuador,59,OK,1,4,"Impulsa tu marca con el Cepillo Eco Bamboo, un producto sostenible y personalizable. Fortalece tu impacto en Ecuador. ¡Cotiza hoy!",130,OK,1,1,1.00,false,
set-de-pelotas-cork-10434,Set de Pelotas Cork,Antiestrés,Set de Pelotas Cork Personalizado | Anti estrés Ecuador,55,OK,1,1,"Promueve el bienestar con pelotas antiestrés personalizadas. Descubre nuestro set de pelotas Cork, ideal para empresas en Ecuador. ¡Cotiza hoy!",143,OK,1,1,1.00,false,
botilito-metalico-murphy-750ml-10503,Botilito Metálico Murphy 750ml,Tomatodos y Botilitos Personalizados,Botilito Metalico Murphy 750ml Personalizado Ecuador | KS,57,OK,1,1,Botilito metalico Murphy 750ml con personalizacion de logo. Ideal para merchandising corporativo y campanas de bienestar en Ecuador.,132,OK,1,1,1.00,false,
portacelular-2-1-eco-10436,Portacelular 2-1 Eco,Ecología,Portacelular 2-1 Eco Personalizado | Ecuador,44,OK,1,614,Portacelular 2-1 Eco personalizado para tu marca. Ideal para Ecuador. Impulsa tu imagen corporativa. ¡Cotiza el tuyo ahora!,123,OK,1,1,1.00,false,
boligrafo-aston-cartoon-10534,Bolígrafo Aston-cartoon,Ecología,Bolígrafo Aston-cartoon Personalizado | Regalo Ecológico Ecuador,64,OK,1,2,"Descubre el bolígrafo Aston-cartoon, ideal para personalizar y comunicar tus valores sostenibles. Cotiza tu obsequio eco-amigable en Ecuador.",141,OK,1,1,1.00,false,
boligrafo-sawyer-10515,Bolígrafo Sawyer,Ecología,Bolígrafo Sawyer Personalizado | Promocionales Ecuador,54,OK,1,49,Impulsa tu marca con el bolígrafo Sawyer ecológico. Personalización de alta calidad para empresas en Ecuador. ¡Cotiza el tuyo hoy!,130,OK,1,1,1.00,false,
vaso-plegable-eco-10820,Vaso Plegable Eco,Vasos Personalizados,Vasos Plegables Personalizados Eco para Empresas Ecuador,56,OK,1,1,Vasos plegables ecologicos personalizados con tu logo. Ideal para empresas Ecuador que buscan promocion sostenible y recordacion de marca,137,OK,1,1,1.00,false,
eco-pet-9391,Eco Pet,Ecología,Eco Pet Personalizado | Ecuador,31,OK,1,614,Personaliza tu Eco Pet y demuestra el compromiso ambiental de tu marca. ¡Cotiza tu botella reutilizable en Ecuador hoy!,119,OK,1,1,1.00,false,
summit-eco-9416,Summit Eco,Ecología,Summit Eco | Artículos Ecológicos Personalizados en Ecuador,59,OK,1,1,Proyecta una imagen responsable con el Summit Eco. Personaliza obsequios ecológicos para tu empresa en Ecuador. ¡Cotiza ahora y destaca!,136,OK,1,1,1.00,false,
boligrafo-coffee-eco-9677,Bolígrafo Coffee Eco,Ecología,Bolígrafo Coffee Eco Personalizado | Sostenibilidad Ecuador,59,OK,1,1,Personaliza tu Bolígrafo Coffee Eco y demuestra tu compromiso ecológico en Ecuador. ¡Cotiza ahora y marca la diferencia!,120,OK,1,1,1.00,false,
boligrafo-hollow-cartoon-9839,Bolígrafo Hollow Cartoon,Ecología,Bolígrafo Hollow Cartoon Personalizado | Ecuador,48,OK,1,614,Personaliza tu Bolígrafo Hollow Cartoon ecológico. Un embajador sostenible para tu marca en Ecuador. Cotiza ahora y destaca.,124,OK,1,1,1.00,false,
boligrafo-hollow-eco-oferta-9840,Bolígrafo Hollow Eco Oferta,Ecología,Bolígrafo Hollow Eco Oferta Personalizado | Ecuador,51,OK,1,614,Personaliza tu Bolígrafo Hollow Eco Oferta. Una herramienta sostenible para tu marca en Ecuador. Cotiza ahora y destaca tu compromiso ecológico.,144,OK,1,1,1.00,false,
boligrafo-jovi-eco-9844,Bolígrafo Jovi Eco,Ecología,Bolígrafo Jovi Eco Personalizado | Regalos Corporativos Ecuador,63,OK,1,30,Personaliza el Bolígrafo Jovi Eco para tu marca. Ideal para marketing B2B en Ecuador. Cotiza tu pedido hoy mismo.,113,OK,1,1,1.00,false,
boligrafo-ventura-eco-bamboo-9849,Bolígrafo Ventura Eco Bamboo,Ecología,Bolígrafo Ventura Eco Bamboo Personalizado | Ecuador,52,OK,1,614,Personaliza tu bolígrafo Ventura Eco Bamboo en Ecuador. Un detalle ecológico para tu marca. ¡Cotiza ahora!,106,OK,1,1,1.00,false,
boligrafo-infinity-2-1-oferta-9962,Boligrafo Infinity 2-1 Oferta,Ecología,Bolígrafo Infinity 2-1 Oferta Personalizado | Ecuador,53,OK,1,1,Impacta con el Bolígrafo Infinity 2-1 personalizado. Proyecta tu marca con sostenibilidad en Ecuador. ¡Cotiza ahora!,116,OK,1,1,1.00,false,
boligrafo-ventura-bamboo-natural-9905,Bolígrafo Ventura Bamboo Natural,Ecología,Bolígrafo Ventura Bamboo Natural Personalizado | Ecuador,56,OK,1,614,Personaliza tu bolígrafo Ventura Bamboo Natural. Un regalo ecológico que proyecta tu marca en Ecuador. ¡Cotiza ahora y destaca!,127,OK,1,1,1.00,false,
boligrafo-ventura-eco-fibra-de-trigo-9947,Bolígrafo Ventura Eco Fibra de Trigo,Ecología,Bolígrafo Ventura Eco Trigo Personalizado | Ecuador,51,OK,1,1,Personaliza el Bolígrafo Ventura Eco Fibra de Trigo para tu marca. Impacta en Ecuador con un detalle sostenible. ¡Cotiza hoy!,125,OK,1,1,0.75,false,
boligrafo-grayson-stylus-cork-10018,Bolígrafo Grayson Stylus Cork,Ecología,Bolígrafo Grayson Stylus Cork Personalizado | Ecuador,53,OK,1,614,Diferencia tu marca con el bolígrafo Grayson Stylus Cork. Personalización única en Ecuador. Cotiza ahora tu artículo promocional sostenible.,140,OK,1,1,1.00,false,
boligrafo-lit-10025,Bolígrafo Lit,Ecología,Bolígrafo Lit Personalizado | Promocionales Ecuador,51,OK,1,49,Descubre el Bolígrafo Lit personalizado para tu marca. Proyecta valores sólidos en Ecuador. Cotiza tu pedido hoy mismo.,119,OK,1,1,1.00,false,
set-de-boligrafos-cork-10039,Set de Bolígrafos Cork,Ecología,Set Bolígrafos Cork Personalizados | Eco-Regalos Ecuador,56,OK,1,1,Personaliza tus bolígrafos Cork en Ecuador. Proyecta los valores de tu empresa con obsequios únicos y sostenibles. ¡Cotiza ahora!,129,OK,1,1,1.00,false,
boligrafo-alden-10441,Bolígrafo Alden,Ecología,Bolígrafo Alden Ecológico Personalizado | Ecuador,49,OK,1,3,Personaliza el bolígrafo Alden ecológico para tu marca en Ecuador. Un regalo promocional con propósito. ¡Cotiza ahora!,118,OK,1,1,1.00,false,
boligrafo-ashby-10428,Bolígrafo Ashby,Ecología,Bolígrafo Ashby Ecológico Personalizado | Ecuador,49,OK,1,3,Personaliza tu bolígrafo Ashby ecológico en Ecuador. Un detalle único que conecta con tu marca y el medio ambiente. ¡Cotiza el tuyo ahora!,138,OK,1,1,1.00,false,
boligrafo-foster-10440,Bolígrafo Foster,Ecología,Bolígrafo Foster Personalizado | Ecuador,40,OK,1,614,Personaliza el Bolígrafo Foster ecológico para tu marca en Ecuador. Un embajador silencioso de tu empresa. ¡Cotiza el tuyo hoy!,127,OK,1,1,1.00,false,
boligrafo-vinnie-coffee-10545,Bolígrafo Vinnie-coffee,Ecología,Bolígrafo Vinnie-coffee Ecológico | Regalos Corporativos Ecuador,64,OK,1,1,Personaliza tu bolígrafo Vinnie-coffee ecológico en Ecuador. Proyecta imagen moderna y responsable. ¡Cotiza ahora!,114,OK,1,1,1.00,false,
boligrafo-vinnie-eco-10546,Bolígrafo Vinnie Eco,Ecología,Bolígrafo Vinnie Eco Personalizado | Promocionales Ecuador,58,OK,1,49,Personaliza el Bolígrafo Vinnie Eco con tu marca en Ecuador. Una opción sostenible y efectiva para tus campañas. ¡Cotiza ahora!,127,OK,1,1,1.00,false,
set-alter-boligrafo-y-portaminas-9847,Set Alter Bolígrafo y Portaminas,Artículos de Escritura,Set Alter Bolígrafo y Portaminas Personalizado | Ecuador,56,OK,1,614,Ofrezca un regalo empresarial memorable. Personalice su Set Alter en Ecuador con grabado. Cotice ahora su set de escritura promocional.,135,OK,1,1,1.00,false,
funda-para-boligrafos-rpet-10443,Funda Para Bolígrafos Rpet,Artículos de Escritura,Funda Bolígrafos Rpet Personalizada | Ecuador,45,OK,1,1,Protege tus bolígrafos con estilo sostenible. Personaliza tu funda RPET para empresa en Ecuador. Cotiza hoy tu branding eco-amigable.,133,OK,1,1,0.75,false,
boligrafo-merrick-10444,Bolígrafo Merrick,Artículos de Escritura,Bolígrafo Merrick Personalizado | Ecuador,41,OK,1,614,Realza tu marca con el bolígrafo Merrick personalizado. Un embajador tangible para tu empresa en Ecuador. ¡Cotiza hoy mismo!,124,OK,1,1,1.00,false,
set-de-paraguas-luxury-13190,Set de Paraguas Luxury,Artículos de Escritura,Set de Paraguas Luxury Personalizado | Ecuador,46,OK,1,614,Personaliza tu Set de Paraguas Luxury para destacar en Ecuador. Un regalo promocional premium que refuerza tu marca. ¡Cotiza el tuyo hoy!,137,OK,1,1,1.00,false,
bowl-plastico-liso-produccion-nacional-8731,Bowl Plástico Liso - Produccion Nacional,Hogar,Bowl Plástico Liso Promocional | Ecuador,40,OK,1,1,Impacta con bowls plásticos lisos personalizados. Fortalece tu marca en Ecuador. Cotiza hoy tu artículo promocional ideal.,122,OK,1,1,0.60,false,
bowl-plastico-con-base-produccion-nacional-8730,Bowl Plástico Con Base - Produccion Nacional,Hogar,Bowl Plástico Con Base Personalizado | Ecuador,46,OK,1,1,Impulsa tu marca con bowls plásticos personalizados para tu hogar o empresa. Calidad nacional en Ecuador. ¡Cotiza tu pedido hoy!,128,OK,1,1,0.60,false,
bolsa-en-cambrel-fest-oferta-8372,Bolsa en Cambrel Fest Oferta,Hogar,Bolsa en Cambrel Fest Oferta Personalizado | Ecuador,52,OK,1,614,Descubre la versatilidad de la Bolsa en Cambrel Fest Oferta. Personaliza con tu marca para eventos y kits en Ecuador. ¡Cotiza ahora y destaca!,142,OK,1,1,1.00,false,
bolsa-plegable-neon-emma-8535,Bolsa Plegable Neón Emma,Hogar,Bolsa Plegable Neón Emma Personalizada | Ecuador,48,OK,1,82,Personaliza la Bolsa Plegable Neón Emma para tu marca en Ecuador. Un regalo práctico y eco-amigable. Cotiza ahora y destaca tu negocio.,135,OK,1,1,1.00,false,
globo-terraqueo-antique-oferta-9144,Globo Terraqueo Antique - Oferta,Hogar,Globo Terráqueo Antique Oferta | Ecuador,40,OK,1,1,"Globo Terráqueo Antique, personalizable para tu marca en Ecuador. Un regalo sofisticado que proyecta visión global. ¡Cotiza hoy!",128,OK,1,1,1.00,false,
colgador-de-botellas-con-carabinero-oferta-9116,Colgador de Botellas Con Carabinero - Oferta,Hogar,Colgador de Botellas con Carabinero - Oferta | Ecuador,54,OK,1,52,Personaliza tu colgador de botellas con carabinero para promocionar tu marca en Ecuador. Un regalo práctico y sostenible. ¡Cotiza hoy!,134,OK,1,1,1.00,false,
set-de-tablas-cuisine-oferta-9749,Set de Tablas Cuisine Oferta,Hogar,Set Tablas Cuisine Oferta Personalizado | Ecuador,49,OK,1,1,Personaliza tu Set de Tablas Cuisine Oferta para tu marca en Ecuador. Un regalo práctico y elegante. ¡Cotiza ahora!,115,OK,1,1,1.00,false,
funda-portabotella-con-destapador-oferta-10183,Funda Portabotella Con Destapador Oferta,Hogar,Funda Portabotella Destapador Oferta Personalizada | Ecuador,60,OK,1,1,Personaliza tu funda portabotella con destapador en Ecuador. Ideal para eventos y marketing. ¡Cotiza ahora para tu marca!,121,OK,1,1,1.00,false,
cafetera-en-vidrio-compact-350ml-9560,Cafetera en Vidrio Compact 350ml,Hogar,Cafetera Vidrio Compact 350ml Personalizada | Ecuador,53,OK,1,1,Personaliza la Cafetera Vidrio Compact 350ml para tu marca en Ecuador. Un detalle sofisticado y útil para tus clientes. ¡Cotiza ahora!,134,OK,1,1,1.00,false,
cafetera-en-vidrio-600ml-9866,Cafetera en Vidrio 600ml,Hogar,Cafetera en Vidrio 600ml Personalizada | Ecuador,48,OK,1,82,Fortalece tu marca con nuestra cafetera de vidrio personalizada. Impulsa tu branding en Ecuador. ¡Cotiza ahora y destaca!,121,OK,1,1,1.00,false,
mug-metalico-stabby-380ml-10203,Mug Metálico Stabby 380ml,Hogar,Mug Metálico Stabby 380ml Personalizado | Ecuador,49,OK,1,614,Fortalece tu marca con mugs metálicos Stabby personalizados. Impulsa tu presencia en Ecuador. ¡Cotiza ahora para tus clientes y equipo!,135,OK,1,1,1.00,false,
mug-plastico-coffee-plus-12oz-produccion-nacional-10215,Mug Plastico Coffee Plus 12oz- Producción Nacional,Hogar,Mug Plástico Coffee Plus 12oz Personalizado | Ecuador,53,OK,1,1,Transforma tu marca con mugs Coffee Plus personalizados en Ecuador. Calidad y diseño para tu empresa. ¡Cotiza hoy!,114,OK,1,1,0.50,false,
portacomidas-celebrity-10535,Portacomidas Celébrity,Hogar,Portacomidas Celébrity Personalizado | Ecuador,46,OK,1,614,Portacomidas Celébrity: Promociona tu marca con artículos personalizados en Ecuador. Cotiza soluciones innovadoras para tus colaboradores.,138,OK,1,1,1.00,false,
portacomidas-spencer-10334,Portacomidas Spéncer,Hogar,Portacomidas Spéncer Personalizado | Ecuador,44,OK,1,614,Portacomidas Spéncer: el regalo corporativo que promueve hábitos saludables. Personalízalo y cotiza hoy en Ecuador.,115,OK,1,1,1.00,false,
set-de-cubiertos-metalicos-rpet-10435,Set de Cubiertos Metálicos Rpet,Hogar,Set Cubiertos Metálicos Rpet Personalizado | Ecuador,52,OK,1,1,Ofrece un regalo sostenible y de marca. Personaliza tu set de cubiertos metálicos Rpet en Ecuador. ¡Cotiza ahora para tu empresa!,129,OK,1,1,1.00,false,
mini-pano-microfibra-5390,Mini Paño Microfibra,Hogar,Mini Paño Microfibra Personalizado | Ecuador,44,OK,1,614,"Personaliza mini paños de microfibra en Ecuador. Ideales para empresas, eventos o regalos. Cotiza tu diseño exclusivo hoy mismo.",128,OK,1,1,1.00,false,
bolso-mindy-oferta-7575,Bolso Mindy - Oferta,Hogar,Bolso Mindy - Oferta Personalizado | Regalos VIP en Ecuador,59,OK,1,1,Personaliza el Bolso Mindy para fortalecer lazos con clientes y equipos en Ecuador. Un detalle estratégico que impacta. ¡Cotiza hoy!,132,OK,1,1,1.00,false,
florero-inox-produccion-nacional-oferta-8375,Florero Inox - Produccion Nacional - Oferta,Hogar,Florero Inox - Producción Nacional - Oferta | Ecuador,53,OK,1,1,Eleva tu marca con el Florero Inox personalizado. Un toque de sofisticación para tu empresa en Ecuador. ¡Cotiza tu pedido hoy mismo!,132,OK,1,1,1.00,false,
joyero-produccion-nacional-8712,Joyero - Produccion Nacional,Hogar,Joyero Personalizado - Producción Nacional | Ecuador,52,OK,1,1,Joyeros personalizados para empresas en Ecuador. Un obsequio que comunica tu marca y crea una experiencia memorable. ¡Cotiza tu diseño hoy!,139,OK,1,1,1.00,false,
set-de-viaje-pillow-produccion-nacional-8722,Set de Viaje Pillow - Produccion Nacional,Hogar,Set de Viaje Pillow Personalizado | Ecuador,43,OK,1,1,Impulsa tu marca con el Set de Viaje Pillow personalizado. Un detalle corporativo exclusivo para tus clientes en Ecuador. ¡Cotiza ya!,133,OK,1,1,0.50,false,
carrito-para-mercado-shopper-8787,Carrito Para Mercado Shopper,Hogar,Carrito Para Mercado Shopper Personalizado | Ecuador,52,OK,1,614,Personaliza tu Carrito Para Mercado Shopper en Ecuador. Fortalece la lealtad de clientes con un regalo útil y significativo. ¡Cotiza ahora!,139,OK,1,1,1.00,false,
cojin-de-viaje-doble-uso-plush-produccion-nacional-8871,Cojin de Viaje Doble Uso Plush-produccion Nacional,Hogar,Cojín Viaje Doble Uso Plush Personalizado | Ecuador,51,OK,1,1,Fortalece tu marca con nuestro Cojín de Viaje Doble Uso Plush personalizado. Ideal para regalos corporativos en Ecuador. ¡Cotiza hoy!,133,OK,1,1,0.60,false,
nevera-cooler-bag-pocket-9401,Nevera Cooler Bag Pocket,Hogar,Nevera Cooler Bag Pocket Personalizada | Ecuador,48,OK,1,82,"Personaliza tu Nevera Cooler Bag Pocket. Ideal para promocionales en Ecuador, fortalece tu marca. ¡Cotiza ahora y destaca!",122,OK,1,1,1.00,false,
portacomidas-con-cubiertos-jakarta-produccion-nacional-9403,Portacomidas Con Cubiertos Jakarta - Produccion Nacional,Hogar,Portacomidas Con Cubiertos Jakarta - Personalizado Ecuador,58,OK,1,1,"Portacomidas Jakarta con cubiertos, de producción nacional. Personaliza para tu empresa en Ecuador. ¡Cotiza ahora y refuerza tu marca!",134,OK,1,1,0.60,false,
protector-en-silicona-para-cepillo-de-dientes-oferta-9529,Protector en Silicona Para Cepillo de Dientes - Oferta,Hogar,Protector Silicona Cepillo Dientes Personalizado | Ecuador,58,OK,1,1,Dale a tu marca un toque único. Personaliza protectores de cepillos de dientes en Ecuador. Cotiza hoy tus productos promocionales.,130,OK,1,1,0.67,false,
bolsa-ecologica-laminada-en-rpet-9608,Bolsa Ecologica Laminada en Rpet,Hogar,Bolsa Ecológica Laminada RPET Personalizada | Ecuador,53,OK,1,1,Impacta con bolsas RPET personalizadas para tu marca. Ofrecemos sostenibilidad y calidad en Ecuador. ¡Cotiza tu pedido hoy!,123,OK,1,1,1.00,false,
bolsa-ecologica-recycled-rpet-9615,Bolsa Ecologica Recycled Rpet,Hogar,Bolsa Ecológica Recycled RPET Personalizada | Ecuador,53,OK,1,1,Imprima su logo en bolsas ecológicas RPET personalizadas. Ideal para Quito. Cotice sus bolsas recicladas para marketing sostenible.,131,OK,1,1,1.00,false,
limpiador-de-pantallas-sticky-roll-9605,Limpiador de Pantallas Sticky Roll,Hogar,Sticky Roll Limpiador de Pantallas Personalizado | Ecuador,58,OK,1,1,Personaliza tu Sticky Roll en Ecuador. Mantén pantallas impecables. Cotiza ahora y mejora la imagen de tu marca con este útil promocional.,138,OK,1,1,1.00,false,
dispensador-de-bolsas-dog-9606,Dispensador de Bolsas Dog,Hogar,Dispensador de Bolsas Dog | Artículos Promocionales Ecuador,59,OK,1,2,Personaliza tu Dispensador de Bolsas Dog para fortalecer lazos. Un regalo útil y original para clientes en Ecuador. ¡Cotiza hoy!,128,OK,1,1,1.00,false,
dispensador-de-bolsas-bone-material-antibacteriano-9695,Dispensador de Bolsas Bone Material Antibacteriano,Hogar,Dispensador Bolsas Bone Antibacteriano Personalizado | Ecuador,62,OK,1,1,Promociona tu marca en Ecuador con el dispensador de bolsas Bone personalizado. Un regalo útil y seguro. ¡Cotiza tu pedido hoy!,127,OK,1,1,0.80,false,
espejo-plegable-2-1-9709,Espejo Plegable 2-1,Hogar,Espejo Plegable 2-1 Personalizado | Regalos Corporativos Ecuador,64,OK,1,30,Ofrece espejos plegables 2-1 personalizados para tu marca en Ecuador. Un detalle útil y elegante. ¡Cotiza ahora tus regalos promocionales!,138,OK,1,1,1.00,false,
bolsa-plegable-reflect-9822,Bolsa Plegable Reflect,Hogar,Bolsa Plegable Reflect Personalizada | Ecuador,46,OK,1,82,Promociona tu marca con bolsas plegables reflectantes personalizadas. Un obsequio útil y visible en Ecuador. ¡Cotiza ahora y destaca!,133,OK,1,1,1.00,false,
nevera-cooler-bag-ava-oferta-9833,Nevera Cooler Bag Ava Oferta,Hogar,Nevera Cooler Bag Ava Oferta Personalizada | Ecuador,52,OK,1,82,Personaliza tu Nevera Cooler Bag Ava para promociones en Ecuador. Impulsa tu marca con estilo y practicidad. ¡Cotiza ahora y destaca!,133,OK,1,1,1.00,false,
limpiador-pantallas-30ml-con-microfibra-produccion-nacional-9729,Limpiador Pantallas 30ml Con Microfibra - Produccion Nacional,Hogar,Limpiador Pantallas 30ml con Microfibra Personalizado | Ecuador,63,OK,1,1,Limpiador de pantallas 30ml con microfibra de producción nacional. Personaliza para tu marca en Ecuador. ¡Cotiza ya!,116,OK,1,1,0.67,false,
pesa-digital-feet-9882,Pesa Digital Feet,Hogar,Pesa Digital Feet Personalizada | Promocionales Ecuador,55,OK,1,21,"Pesa Digital Feet, el regalo promocional que eleva tu marca. Personaliza tu logo en Ecuador y conecta con tus clientes. ¡Cotiza hoy mismo!",138,OK,1,1,1.00,false,
espejo-comby-2-1-9907,Espejo Comby 2-1,Hogar,Espejo Comby 2-1 Promocional | Artículos Ecuador,48,OK,1,1,Personaliza tu Espejo Comby 2-1 para tu marca. Ideal para regalos corporativos en Ecuador. Solicita tu cotización hoy mismo.,124,OK,1,1,1.00,false,
set-de-belleza-halston-9710,Set de Belleza Halston,Hogar,Set Belleza Halston Personalizado | Ecuador,43,OK,1,1,Personaliza el Set de Belleza Halston. Ideal para fortalecer tu marca en Ecuador. ¡Cotiza hoy y deja una impresión duradera!,124,OK,1,1,1.00,false,
bandeja-portatil-para-laptop-ryper-oferta-9935,Bandeja Portatil Para Laptop Ryper Oferta,Hogar,Bandeja Portátil Laptop Ryper Oferta Personalizada | Ecuador,60,OK,1,1,Demuestra aprecio con bandejas para laptop Ryper personalizadas. Mejora la comodidad y productividad de tus clientes en Ecuador. ¡Cotiza ahora!,143,OK,1,1,0.83,false,
bolsa-plegable-gibson-10187,Bolsa Plegable Gibson,Hogar,Bolsa Plegable Gibson Personalizada | Promocionales Ecuador,59,OK,1,21,Personaliza la Bolsa Plegable Gibson para tu marca en Ecuador. Ideal como artículo promocional. ¡Solicita tu cotización hoy!,124,OK,1,1,1.00,false,
organizador-multiusos-tech-10192,Organizador-multiusos-tech,Hogar,Organizador Multiusos Tech Personalizado | Ecuador,50,OK,1,1,Personaliza tu Organizador Multiusos Tech para promocionar tu marca en Ecuador. Un regalo corporativo estratégico. ¡Cotiza ahora!,129,OK,1,1,0.00,true,
protector-solar-para-carro-sunshade-10312,Protector Solar Para Carro Sunshade,Hogar,Protector Solar Para Carro Sunshade Personalizado | Ecuador,59,OK,1,614,Protege el interior de tu vehículo con protectores solares Sunshade personalizados. Cotiza hoy mismo en Ecuador para tu empresa.,128,OK,1,1,1.00,false,
adaptador-universal-travel-10459,Adaptador Universal Travel,Hogar,Adaptador Universal Travel Personalizado | Ecuador,50,OK,1,614,Personaliza tu Adaptador Universal Travel para tus clientes en Ecuador. Un regalo práctico para viajeros. ¡Cotiza hoy!,118,OK,1,1,1.00,false,
morral-backpack-bemot-produccion-nacional-8539,Morral Backpack Bemot - Produccion Nacional,Maletines,Morral Backpack Bemot Personalizado - Producción Nacional | Ecuador,67,TOO_LONG_TRUNCATION_RISK,1,1,Morral Backpack Bemot personalizable para su marca en Ecuador. Fortalezca la visibilidad de su empresa con un regalo promocional de calidad. ¡Cotice hoy!,153,OK,1,1,1.00,false,
morral-backpack-randy-9820,Morral Backpack Randy,Maletines,Morral Backpack Randy Personalizado | Ecuador,45,OK,1,614,Morral Backpack Randy: embajador de marca silencioso y efectivo. Personalízalo para tu empresa en Ecuador. ¡Cotiza hoy tu morral!,129,OK,1,1,1.00,false,
maletin-deportivo-soccer-oferta-9930,Maletín Deportivo Soccer Oferta,Maletines,Maletín Deportivo Soccer Personalizado | Ecuador,48,OK,1,1,Personaliza tu Maletín Deportivo Soccer Oferta para tus campañas promocionales en Ecuador. Calidad y estilo. ¡Cotiza ahora!,123,OK,1,1,0.75,false,
maletin-neo-urban-travel-10550,Maletín Neo Urban Travel,Maletines,Maletín Neo Urban Travel Personalizado | Ecuador,48,OK,1,614,Proyecta profesionalismo con el Maletín Neo Urban Travel. Personaliza para tu marca en Ecuador. ¡Cotiza tu pedido hoy!,118,OK,1,1,1.00,false,
canguro-athos-rpet-10418,Canguro Athos Rpet,Maletines,Canguro Athos Rpet Personalizado | Ecuador,42,OK,1,614,Fortalece tu marca con el Canguro Athos Rpet. Personalízalo en Ecuador para un engagement único. ¡Cotiza ahora!,111,OK,1,1,1.00,false,
canguro-snap-rpet-10419,Canguro Snap Rpet,Maletines,Canguro Snap Rpet Personalizado | Ecuador,41,OK,1,614,Personaliza tu Canguro Snap Rpet en Ecuador. Ideal para empresas que buscan sostenibilidad y visibilidad. ¡Cotiza ahora!,120,OK,1,1,1.00,false,
canguro-sandy-10569,Canguro Sandy,Maletines,Canguro Sandy Personalizado | Promocionales en Ecuador,54,OK,1,5,Fortalece tu marca con el Canguro Sandy personalizado. Proyecta una imagen dinámica para tus colaboradores en Ecuador. ¡Cotiza hoy!,131,OK,1,1,1.00,false,
morral-backpack-alpha-10333,Morral Backpack Alpha,Maletines,Morral Backpack Alpha Personalizado | Ecuador,45,OK,1,614,Morral Backpack Alpha personalizable para empresas en Ecuador. Impulsa tu marca y fideliza clientes. ¡Cotiza ahora!,115,OK,1,1,1.00,false,
morral-backpack-mush-2-10487,Morral Backpack Mush-2,Maletines,Morral Backpack Mush-2 Personalizado | Ecuador,46,OK,1,614,"Personaliza tu Morral Backpack Mush-2 en Ecuador. Ideal para tu marca, clientes y colaboradores. ¡Cotiza ahora!",111,OK,1,1,1.00,false,
estuche-dry-bag-25l-10517,Estuche Dry Bag 2.5l,Maletines,Estuche Dry Bag 2.5l Personalizado | Regalo Corporativo Ecuador,63,OK,1,8,Protege equipos en cualquier aventura. Personaliza tu Dry Bag 2.5l con logo para empresas en Ecuador. ¡Cotiza y destaca tu marca!,129,OK,1,1,1.00,false,
bolso-compacto-con-carabinero-produccion-nacional-3256,Bolso Compacto Con Carabinero - Produccion Nacional,Producción Nacional,Bolso Compacto Carabinero Personalizado | Ecuador,49,OK,1,1,Fortalece tu marca con este bolso compacto personalizado. Ideal para regalos corporativos en Ecuador. ¡Solicita tu cotización ahora!,132,OK,1,1,0.60,false,
llavero-ml-414-10771,Llavero Ml-414,Llaveros,Llavero ML-414 Personalizado | Ecuador,38,OK,1,614,"Descubre el llavero ML-414, una herramienta de marketing estratégica para tu marca. Personaliza el tuyo en Ecuador. ¡Cotiza ahora!",130,OK,1,1,1.00,false,
llavero-ml-415-10772,Llavero Ml-415,Llaveros,Llavero Ml-415 Personalizado | Promocionales Ecuador,52,OK,1,49,Impacta con llaveros Ml-415 personalizados para tu marca en Ecuador. Un detalle de bajo costo con gran impacto. ¡Cotiza hoy!,124,OK,1,1,1.00,false,
tapa-pestana-para-botilito-saturno-7686,Tapa Pestaña Para Botilito Saturno,Tomatodos y Botilitos Personalizados,Tapa Pestaña Botilito Saturno Personalizado Ecuador,51,OK,1,1,Tapa pestaña personalizada para botilito Saturno. Ideal para empresas ecuatorianas que buscan reforzar marca con accesorios funcionales y duraderos.,148,OK,1,1,0.80,false,
botilito-energy-pvc-produccion-nacional-stock-telefonicamente-7793,Botilito Energy Pvc Producción Nacional - Stock Telefonicamente,Tomatodos y Botilitos Personalizados,Botilito Energy PVC Personalizado | Promocionales Ecuador,57,OK,1,1,Botilito Energy PVC hecho en Ecuador. Personaliza con tu logo corporativo. Stock disponible. Ideal para regalos empresariales y promociones.,140,OK,1,1,0.33,true,
botilito-en-pet-granada-760ml-produccion-nacional-nuevo-9357,Botilito en Pet Granada 760ml -produccion Nacional Nuevo,Tomatodos y Botilitos Personalizados,Botilitos Personalizados 760ml PET - Produccion Nacional Ecuador,64,OK,1,1,"Botilitos de 760ml personalizados con tu logo, produccion nacional ecuatoriana. Ideal para empresas que buscan merchandising corporativo de calidad",147,OK,1,1,0.50,false,
botilito-logomax-750ml-produccion-naltapa-mu-90-9889,Botilito Logomax 750ml -produccion Nal(tapa Mu-90),Tomatodos y Botilitos Personalizados,Botilito Logomax 750ml Personalizado | Tomatodos Ecuador,56,OK,1,1,Botilito 750ml de fabricacion nacional con tapa Mu-90. Personaliza tu logo para campanas promocionales efectivas en empresas ecuatorianas.,138,OK,1,1,0.50,false,
botilito-astron-800ml-vaso-produccion-nacional-2380,Botilito Astron 800ml - Vaso - Producción Nacional,Tomatodos y Botilitos Personalizados,Botilito Astron 800ml Personalizado - Producción Ecuador,56,OK,1,1,"Botilito 800ml con logo personalizado fabricado en Ecuador. Ideal para promociones corporativas, eventos y obsequios empresariales con visibilidad de marca.",156,OK,1,1,0.67,false,
botilito-maxi-supra-pet-890ml-produccion-nacional-10616,Botilito Maxi Supra Pet 890ml- Produccion Nacional,Tomatodos y Botilitos Personalizados,Botilito Maxi Supra 890ml Personalizado Ecuador - Produccion Nacional,69,TOO_LONG_TRUNCATION_RISK,1,1,"Botilito de 890ml fabricado en Ecuador con personalizacion de logo. Ideal para empresas, equipos deportivos y eventos con impacto visual garantizado.",149,OK,1,1,0.83,false,
libreta-milky-oferta-10108,Libreta Milky Oferta,Ecología,Libreta Milky Oferta Personalizada | Promocionales Ecuador,58,OK,1,21,"Libretas Milky Oferta personalizadas, ideales para marketing y RRHH en Ecuador. Un embajador de marca único. ¡Cotiza ahora!",123,OK,1,1,1.00,false,
libreta-legend-rpet-10096,Libreta Legend Rpet,Ecología,Libreta Legend Rpet Personalizada | Ecuador,43,OK,1,82,Impacta con la Libreta Legend Rpet personalizada para tu marca. Un artículo ecológico ideal para regalos corporativos en Ecuador. ¡Cotiza hoy!,142,OK,1,1,1.00,false,
estuche-con-portacelular-rpet-10433,Estuche Con Portacelular Rpet,Ecología,Estuche Con Portacelular RPET Personalizado | Ecuador,53,OK,1,614,"Estuches RPET personalizados para empresas. Funcionales y sostenibles, ideales para marketing en Ecuador. ¡Cotiza tu diseño hoy!",128,OK,1,1,1.00,false,
cordon-para-portacelular-holder-eco-10511,Cordón Para Portacelular Holder Eco,Ecología,Cordón Para Portacelular Holder Eco Personalizado | Ecuador,59,OK,1,614,Portacelulares ecológicos personalizados para empresas en Ecuador. Mantén tu marca visible y tu equipo conectado. ¡Cotiza hoy!,126,OK,1,1,1.00,false,
base-para-escritorio-multiple-produccion-nacional-2008,Base Para Escritorio Multiple - Produccion Nacional,Producción Nacional,Base Escritorio Multiple Personalizado | Ecuador,48,OK,1,1,Base para escritorio múltiple de producción nacional. Personalizable para tu equipo. Cotiza ahora en Ecuador. Organiza todos tus dispositivos.,142,OK,1,1,0.50,false,"base para escritorio multiple - produccion nacional, base para escritorio multiple - produccion nacional personalizado, base para escritorio multiple - produccion nacional promocional, base para escritorio multiple - produccion nacional con logo, base para escritorio multiple - produccion nacional ecuador, base para escritorio multiple - produccion nacional corporativo, oficina, regalo corporativo ecuador, merchandising quito, productos promocionales guayaquil, ks promocionales, artículos publicitarios"
libreta-con-boligrafo-kadens-produccion-nacional-8090,Libreta Con Bolígrafo Kadens - Producción Nacional,Producción Nacional,Libreta Con Bolígrafo Kadens - Producción Nacional | Ecuador,60,OK,1,52,Fortalece tu marca con la Libreta Kadens. Personaliza este conjunto funcional para impulsar tu imagen corporativa en Ecuador. ¡Cotiza hoy!,138,OK,1,1,1.00,false,
libreta-wave-produccion-nacional-8097,Libreta Wave - Produccion Nacional,Producción Nacional,Libreta Wave Personalizada para Empresas | Ecuador,50,OK,1,1,Fortalece tu marca con la Libreta Wave personalizada. Un producto nacional ideal para Quito. ¡Cotiza ahora tus libretas corporativas!,133,OK,1,1,0.50,false,
libreta-arco-produccion-nacional-8098,Libreta Arco - Produccion Nacional,Producción Nacional,Libreta Arco Personalizada Nacional | Ecuador,45,OK,1,1,Personaliza tu Libreta Arco de producción nacional. Herramienta clave para tu marca en Ecuador. ¡Cotiza ahora y destaca!,120,OK,1,1,0.75,false,
libreta-spyro-produccion-nacional-8099,Libreta Spyro - Produccion Nacional,Producción Nacional,Libreta Spyro | Producción Nacional Personalizada Ecuador,57,OK,1,1,"Libreta Spyro, la herramienta clave para tu marca. Personaliza tu libreta con logo y cotiza ahora mismo en Ecuador.",115,OK,1,1,1.00,false,
libreta-dots-produccion-nacional-8096,Libreta Dots - Produccion Nacional,Producción Nacional,Libreta Dots - Producción Nacional Personalizada | Ecuador,58,OK,1,1,Personaliza tu Libreta Dots de Producción Nacional para equipos innovadores en Ecuador. Fortalece tu marca con creatividad. ¡Cotiza ahora!,138,OK,1,1,1.00,false,
cinta-blanca-especial-para-sublimacion-produccion-nacional-sobre-pedido-5744,Cinta Blanca Especial Para Sublimación - Producción Nacional Sobre Pedido,Producción Nacional,Cinta Blanca Sublimación: Producción Nacional - Ecuador,55,OK,1,1,Cintas blancas personalizadas para sublimación en Ecuador. Ideal para marketing y RRHH. Eleva tu marca con diseños únicos. ¡Cotiza hoy!,135,OK,1,1,0.56,false,
mini-libreta-memphis-produccion-nacional-9353,Mini Libreta Memphis - Produccion Nacional,Producción Nacional,Mini Libreta Memphis Personalizada - Prod. Nacional Ecuador,59,OK,1,1,"Descubre la Mini Libreta Memphis, ideal para branding en Ecuador. Personaliza con tu logo y cotiza hoy mismo para tus campañas promocionales.",141,OK,1,1,0.80,false,
libreta-rectangular-produccion-nacional-8363,Libreta Rectangular - Produccion Nacional,Producción Nacional,Libreta Rectangular Producción Nacional Personalizada | Ecuador,63,OK,1,1,Personaliza libretas rectangulares de producción nacional para tu marca en Ecuador. Un detalle estratégico y duradero. ¡Cotiza ahora y fortalece tu presencia!,158,OK,1,1,1.00,false,
mini-libreta-like-it-eco-produccion-nacional-10101,Mini Libreta Like it Eco- Producción Nacional,Producción Nacional,Mini Libreta Like it Eco - Producción Nacional Personalizada | Ecuador,70,TOO_LONG_TRUNCATION_RISK,1,1,"Fortalece tu marca con la Mini Libreta Like it Eco, personalizable para empresas en Ecuador. Un obsequio práctico y accesible. ¡Cotiza ahora!",141,OK,1,1,0.83,false,
funda-en-silicona-para-cp-242-colapsible-de-60ml-oferta-9492,Funda en Silicona Para Cp-242 Colapsible de 60ml Oferta,Cuidado Personal,Funda Silicona Cp-242 60ml Personalizada | Ecuador,50,OK,1,1,Fortalece tu marca con la funda silicona para Cp-242 de 60ml. Personaliza tu oferta en Ecuador y solicita una cotización hoy.,125,OK,1,1,0.57,false,
alcancia-esfera-produccion-nacional-8211,Alcancía Esfera - Producción Nacional,Producción Nacional,Alcancía Esfera - Producción Nacional Personalizado | Ecuador,61,OK,1,614,Personaliza tu Alcancía Esfera de producción nacional para empresas en Ecuador. Un regalo corporativo que simboliza metas. ¡Cotiza ahora!,137,OK,1,1,1.00,false,
maraca-grande-unidad-produccion-nacional-8370,Maraca Grande Unidad - Produccion Nacional,Producción Nacional,Maraca Grande Producción Nacional Personalizada | Ecuador,57,OK,1,1,Personaliza tu Maraca Grande de producción nacional para eventos y regalos corporativos en Ecuador. ¡Cotiza ahora en KS Promocionales!,134,OK,1,1,0.80,false,
mini-monedero-en-pvc-produccion-nacional-6237,Mini Monedero en Pvc - Producción Nacional,Producción Nacional,Mini Monedero PVC - Producción Nacional Personalizado | Ecuador,63,OK,1,1,Personaliza tu Mini Monedero en PVC. Un producto promocional útil y efectivo para tu marca en Ecuador. ¡Cotiza hoy mismo tu diseño!,131,OK,1,1,1.00,false,
boligrafo-ballpop-oferta-10014,Bolígrafo Ballpop Oferta,Antiestrés,Bolígrafo Ballpop Oferta Personalizado | Promocionales Ecuador,62,OK,1,49,"Bolígrafo Ballpop, el antiestrés ideal. Personaliza con tu logo y deja huella en Ecuador. ¡Cotiza hoy tu pedido y destaca tu marca!",131,OK,1,1,1.00,false,
portatarjetas-pop-10149,Portatarjetas Pop,Antiestrés,Portatarjetas Pop Personalizado Antiestrés | Ecuador,52,OK,1,1,Portatarjetas Pop personalizables: visibilidad de marca y alivio antiestrés. Un regalo corporativo ideal para tus clientes en Ecuador. ¡Cotiza hoy!,147,OK,1,1,1.00,false,
mug-metalico-arrow-600-ml-nuevo-13569,Mug Metálico Arrow 600 ml Nuevo,Mugs y Termos,Mug Metálico Arrow 600 ml Nuevo Personalizado | Ecuador,55,OK,1,614,Fortalece tu marca con el Mug Metálico Arrow 600 ml en Ecuador. Personalízalo con tu logo. ¡Solicita tu cotización hoy!,119,OK,1,1,1.00,false,"mug metálico arrow 600 ml nuevo, mug metálico arrow 600 ml nuevo personalizado, mug metálico arrow 600 ml nuevo promocional, mug metálico arrow 600 ml nuevo con logo, mug metálico arrow 600 ml nuevo ecuador, mug metálico arrow 600 ml nuevo corporativo, novedades, regalo corporativo ecuador, merchandising quito, productos promocionales guayaquil, ks promocionales, artículos publicitarios"
mug-metalico-gillan-500-ml-nuevo-13570,Mug Metálico Gillan 500 ml Nuevo,Mugs y Termos,Mug Metálico Gillan 500 ml Personalizado | Ecuador,50,OK,1,1,Fortalece tu marca con el Mug Metálico Gillan 500 ml. Personalízalo para tus clientes en Ecuador. ¡Cotiza tu pedido hoy mismo!,126,OK,1,1,0.67,false,"mug metálico gillan 500 ml nuevo, mug metálico gillan 500 ml nuevo personalizado, mug metálico gillan 500 ml nuevo promocional, mug metálico gillan 500 ml nuevo con logo, mug metálico gillan 500 ml nuevo ecuador, mug metálico gillan 500 ml nuevo corporativo, novedades, regalo corporativo ecuador, merchandising quito, productos promocionales guayaquil, ks promocionales, artículos publicitarios"
resaltador-de-cera-seren-nuevo-13539,Resaltador de Cera Seren Nuevo,Artículos de Escritura,Resaltador de Cera Seren Nuevo Personalizado | Ecuador,54,OK,1,614,Realza tu marca con el Resaltador de Cera Seren Nuevo. Personaliza para empresas en Ecuador. ¡Cotiza ahora y destaca!,117,OK,1,1,1.00,false,"resaltador de cera seren nuevo, resaltador de cera seren nuevo personalizado, resaltador de cera seren nuevo promocional, resaltador de cera seren nuevo con logo, resaltador de cera seren nuevo ecuador, resaltador de cera seren nuevo corporativo, novedades, regalo corporativo ecuador, merchandising quito, productos promocionales guayaquil, ks promocionales, artículos publicitarios"
lapiz-infinito-gemini-nuevo-13540,Lápiz Infinito Gemini Nuevo,Artículos de Escritura,Lápiz Infinito Gemini Nuevo Personalizado | Ecuador,51,OK,1,614,Personaliza tu Lápiz Infinito Gemini Nuevo para campañas únicas en Ecuador. Cotiza hoy mismo para un regalo corporativo innovador y sostenible.,143,OK,1,1,1.00,false,"lápiz infinito gemini nuevo, lápiz infinito gemini nuevo personalizado, lápiz infinito gemini nuevo promocional, lápiz infinito gemini nuevo con logo, lápiz infinito gemini nuevo ecuador, lápiz infinito gemini nuevo corporativo, novedades, regalo corporativo ecuador, merchandising quito, productos promocionales guayaquil, ks promocionales, artículos publicitarios"
bolsa-en-cambrel-soot-nuevo-13553,Bolsa en Cambrel Soot Nuevo,Maletines,Bolsa Cambrel Soot Nuevo Personalizada | Ecuador,48,OK,1,1,Impulsa tu marca con la Bolsa en Cambrel Soot Nuevo personalizada. Perfecta para eventos corporativos en Ecuador. ¡Cotiza ahora y destaca!,138,OK,1,1,1.00,false,"bolsa en cambrel soot nuevo, bolsa en cambrel soot nuevo personalizado, bolsa en cambrel soot nuevo promocional, bolsa en cambrel soot nuevo con logo, bolsa en cambrel soot nuevo ecuador, bolsa en cambrel soot nuevo corporativo, novedades, regalo corporativo ecuador, merchandising quito, productos promocionales guayaquil, ks promocionales, artículos publicitarios"
bolsa-en-algodon-y-yute-nativ-300-gm-nuevo-13554,Bolsa en Algodón y Yute Nativ (300 Gm) Nuevo,Maletines,Bolsa Algodón Yute Nativ (300 Gm) Personalizada | Ecuador,57,OK,1,1,"Fortalece tu marca con la Bolsa Nativ en Algodón y Yute, ideal para eventos y regalos corporativos en Ecuador. Solicita tu cotización personalizada.",148,OK,1,1,0.83,false,"bolsa en algodón y yute nativ (300 gm) nuevo, bolsa en algodón y yute nativ (300 gm) nuevo personalizado, bolsa en algodón y yute nativ (300 gm) nuevo promocional, bolsa en algodón y yute nativ (300 gm) nuevo con logo, bolsa en algodón y yute nativ (300 gm) nuevo ecuador, bolsa en algodón y yute nativ (300 gm) nuevo corporativo, novedades, regalo corporativo ecuador, merchandising quito, productos promocionales guayaquil, ks promocionales, artículos publicitarios"
bolsa-en-algodon-basic-300-gm-nuevo-13555,Bolsa en Algodón Basic (300 Gm) Nuevo,Maletines,Bolsa en Algodón Basic (300 Gm) Nuevo Personalizado | Ecuador,61,OK,1,614,Personaliza tu Bolsa en Algodón Basic (300 Gm) para eventos en Ecuador. Una opción sostenible para visibilidad de marca. ¡Cotiza hoy!,133,OK,1,1,1.00,false,"bolsa en algodón basic (300 gm) nuevo, bolsa en algodón basic (300 gm) nuevo personalizado, bolsa en algodón basic (300 gm) nuevo promocional, bolsa en algodón basic (300 gm) nuevo con logo, bolsa en algodón basic (300 gm) nuevo ecuador, bolsa en algodón basic (300 gm) nuevo corporativo, novedades, regalo corporativo ecuador, merchandising quito, productos promocionales guayaquil, ks promocionales, artículos publicitarios"
planeador-semanal-week-nuevo-13556,Planeador Semanal Week Nuevo,Oficina,Planeador Semanal Week Nuevo Personalizado | Ecuador,52,OK,1,614,Optimiza tu tiempo con nuestro Planeador Semanal Week Nuevo personalizado. Herramienta esencial para la productividad en Ecuador. ¡Cotiza hoy!,142,OK,1,1,1.00,false,"planeador semanal week nuevo, planeador semanal week nuevo personalizado, planeador semanal week nuevo promocional, planeador semanal week nuevo con logo, planeador semanal week nuevo ecuador, planeador semanal week nuevo corporativo, novedades, regalo corporativo ecuador, merchandising quito, productos promocionales guayaquil, ks promocionales, artículos publicitarios"
mug-lume-350-ml-nuevo-13559,Mug Lume 350 ml Nuevo,Mugs y Termos,Mug Lume 350 ml Nuevo Personalizado | Ecuador,45,OK,1,614,Fortalece tu marca en Ecuador con el Mug Lume 350 ml. ¡Personalízalo y cotiza hoy para impactar a tus clientes!,111,OK,1,1,1.00,false,"mug lume 350 ml nuevo, mug lume 350 ml nuevo personalizado, mug lume 350 ml nuevo promocional, mug lume 350 ml nuevo con logo, mug lume 350 ml nuevo ecuador, mug lume 350 ml nuevo corporativo, novedades, regalo corporativo ecuador, merchandising quito, productos promocionales guayaquil, ks promocionales, artículos publicitarios"
paraguas-balan-23-13560,Paraguas Balan 23,Paraguas,Paraguas Balan 23 Personalizado | Regalos Corporativos Ecuador,62,OK,1,30,Fortalece tu marca en Ecuador con el Paraguas Balan 23 personalizado. Ideal como regalo corporativo estratégico. ¡Cotiza el tuyo hoy!,133,OK,1,1,1.00,false,"paraguas balan 23, paraguas balan 23 personalizado, paraguas balan 23 promocional, paraguas balan 23 con logo, paraguas balan 23 ecuador, paraguas balan 23 corporativo, novedades, regalo corporativo ecuador, merchandising quito, productos promocionales guayaquil, ks promocionales, artículos publicitarios"
medidor-de-presion-para-neumaticos-13297,Medidor de Presión Para Neumaticos,Herramientas,Medidor de Presión Neumáticos Personalizado | Ecuador,53,OK,1,1,Medidores de presión para neumáticos personalizados. Un regalo corporativo seguro y práctico en Ecuador. ¡Cotiza tu diseño hoy!,127,OK,1,1,0.75,false,"medidor de presión para neumaticos, medidor de presión para neumaticos personalizado, medidor de presión para neumaticos promocional, medidor de presión para neumaticos con logo, medidor de presión para neumaticos ecuador, medidor de presión para neumaticos corporativo, novedades, regalo corporativo ecuador, merchandising quito, productos promocionales guayaquil, ks promocionales, artículos publicitarios"
speaker-bluetooth-novark-13298,Speaker Bluetooth Novark,Ecología,Speaker Bluetooth Novark Ecológico | Ecuador,44,OK,1,5,Personaliza tu Speaker Novark y destaca tu marca en Ecuador. Un regalo sostenible que proyecta innovación. ¡Cotiza ahora y fortalece tus relaciones!,148,OK,1,1,1.00,false,"speaker bluetooth novark, speaker bluetooth novark personalizado, speaker bluetooth novark promocional, speaker bluetooth novark con logo, speaker bluetooth novark ecuador, speaker bluetooth novark corporativo, novedades, regalo corporativo ecuador, merchandising quito, productos promocionales guayaquil, ks promocionales, artículos publicitarios"
teclado-bluetooth-orbi-13299,Teclado Bluetooth Orbi,Tecnología,Teclado Bluetooth Orbi Personalizado | Regalo Corporativo Ecuador,65,OK,1,8,Transforma tu trabajo móvil. Personaliza el Teclado Bluetooth Orbi para tu empresa en Ecuador. Cotiza hoy tu obsequio corporativo ideal.,136,OK,1,1,1.00,false,"teclado bluetooth orbi, teclado bluetooth orbi personalizado, teclado bluetooth orbi promocional, teclado bluetooth orbi con logo, teclado bluetooth orbi ecuador, teclado bluetooth orbi corporativo, novedades, regalo corporativo ecuador, merchandising quito, productos promocionales guayaquil, ks promocionales, artículos publicitarios"
mouse-inalambrico-lumo-13300,Mouse Inalambrico Lumo,Tecnología,Mouse Inalámbrico Lumo Personalizado | Ecuador,46,OK,1,1,Personaliza tu Mouse Inalámbrico Lumo para empresas en Ecuador. Mejora la productividad y solicita tu cotización hoy mismo.,123,OK,1,1,1.00,false,"mouse inalambrico lumo, mouse inalambrico lumo personalizado, mouse inalambrico lumo promocional, mouse inalambrico lumo con logo, mouse inalambrico lumo ecuador, mouse inalambrico lumo corporativo, novedades, regalo corporativo ecuador, merchandising quito, productos promocionales guayaquil, ks promocionales, artículos publicitarios"
soporte-para-celular-pop-it-13320,Soporte Para Celular Pop it,Antiestrés,Soporte Celular Pop it Personalizado | Ecuador,46,OK,1,1,Fortalece tu marca con soportes Pop it personalizados. Ideal para empresas en Ecuador. ¡Cotiza ahora y mejora la experiencia de tus clientes!,141,OK,1,1,0.67,false,"soporte para celular pop it, soporte para celular pop it personalizado, soporte para celular pop it promocional, soporte para celular pop it con logo, soporte para celular pop it ecuador, soporte para celular pop it corporativo, novedades, regalo corporativo ecuador, merchandising quito, productos promocionales guayaquil, ks promocionales, artículos publicitarios"
reloj-de-arena-doble-13333,Reloj de Arena Doble,Hogar,Reloj de Arena Doble Personalizado | Ecuador,44,OK,1,614,Impulsa tu marca con un reloj de arena doble personalizado en Ecuador. Ideal para gestión del tiempo. ¡Cotiza ahora!,116,OK,1,1,1.00,false,"reloj de arena doble, reloj de arena doble personalizado, reloj de arena doble promocional, reloj de arena doble con logo, reloj de arena doble ecuador, reloj de arena doble corporativo, novedades, regalo corporativo ecuador, merchandising quito, productos promocionales guayaquil, ks promocionales, artículos publicitarios"
pastillero-radion-13332,Pastillero Radion,Cuidado Personal,Pastillero Radion Personalizado | Artículos Promocionales Ecuador,65,OK,1,11,Personaliza tu Pastillero Radion en Ecuador. Un artículo esencial para el cuidado personal que refuerza tu marca. ¡Solicita tu cotización hoy!,142,OK,1,1,1.00,false,"pastillero radion, pastillero radion personalizado, pastillero radion promocional, pastillero radion con logo, pastillero radion ecuador, pastillero radion corporativo, novedades, regalo corporativo ecuador, merchandising quito, productos promocionales guayaquil, ks promocionales, artículos publicitarios"
portadocumentos-de-viajes-y-de-cables-neox-rpet-13362,Portadocumentos de Viajes y de Cables Neox Rpet,Maletines,Portadocumentos Neox Rpet Personalizado | Ecuador,49,OK,1,1,Optimiza tus viajes de negocio con el portadocumentos Neox Rpet personalizado. Organiza tus cables y documentos. Cotiza en Ecuador.,131,OK,1,1,0.60,false,"portadocumentos de viajes y de cables neox rpet, portadocumentos de viajes y de cables neox rpet personalizado, portadocumentos de viajes y de cables neox rpet promocional, portadocumentos de viajes y de cables neox rpet con logo, portadocumentos de viajes y de cables neox rpet ecuador, portadocumentos de viajes y de cables neox rpet corporativo, novedades, regalo corporativo ecuador, merchandising quito, productos promocionales guayaquil, ks promocionales, artículos publicitarios"
cosmetiquera-terra-13500,Cosmetiquera Terra,Cuidado Personal,Cosmetiquera Terra Personalizado | Ecuador,42,OK,1,614,Cosmetiquera Terra personalizada con tu logo. Ideal para regalo corporativo. Cotiza ahora en Ecuador. ¡Envíos a Quito!,118,OK,1,1,1.00,false,"cosmetiquera terra, cosmetiquera terra personalizado, cosmetiquera terra promocional, cosmetiquera terra con logo, cosmetiquera terra ecuador, cosmetiquera terra corporativo, novedades, regalo corporativo ecuador, merchandising quito, productos promocionales guayaquil, ks promocionales, artículos publicitarios"
mini-bolsa-en-algodon-100gms-13253,Mini Bolsa en Algodón 100gms,Maletines,Mini Bolsa Algodón 100gms Personalizada | Ecuador,49,OK,1,1,Mini bolsa de algodón personalizable para tu marca en Ecuador. Destaca con un producto sostenible. Cotiza tu diseño ahora.,122,OK,1,1,1.00,false,"mini bolsa en algodón 100gms, mini bolsa en algodón 100gms personalizado, mini bolsa en algodón 100gms promocional, mini bolsa en algodón 100gms con logo, mini bolsa en algodón 100gms ecuador, mini bolsa en algodón 100gms corporativo, novedades, regalo corporativo ecuador, merchandising quito, productos promocionales guayaquil, ks promocionales, artículos publicitarios"
resaltadores-jeringa-13262,Resaltadores Jeringa,Artículos de Escritura,Resaltadores Jeringa Personalizados | Promocionales Ecuador,59,OK,1,1,Impacta con Resaltadores Jeringa personalizados para tu marca. Ofrecemos opciones únicas para eventos y marketing en Ecuador. ¡Cotiza hoy!,138,OK,1,1,1.00,false,"resaltadores jeringa, resaltadores jeringa personalizado, resaltadores jeringa promocional, resaltadores jeringa con logo, resaltadores jeringa ecuador, resaltadores jeringa corporativo, novedades, regalo corporativo ecuador, merchandising quito, productos promocionales guayaquil, ks promocionales, artículos publicitarios"
portadocumentos-vintra-13308,Portadocumentos Vintra,Maletines,Portadocumentos Vintra Personalizado | Ecuador,46,OK,1,614,Portadocumentos Vintra: profesionalismo y organización para tu empresa. Personalízalo en Ecuador para potenciar tu marca. ¡Solicita tu cotización!,146,OK,1,1,1.00,false,"portadocumentos vintra, portadocumentos vintra personalizado, portadocumentos vintra promocional, portadocumentos vintra con logo, portadocumentos vintra ecuador, portadocumentos vintra corporativo, novedades, regalo corporativo ecuador, merchandising quito, productos promocionales guayaquil, ks promocionales, artículos publicitarios"
boligrafo-scroll-13294,Boligrafo Scroll,Artículos de Escritura,Bolígrafo Scroll Personalizado | Promocionales Ecuador,54,OK,1,1,"Descubra el Bolígrafo Scroll personalizado, la herramienta promocional ideal para su marca en Ecuador. ¡Cotice ahora y destaque!",128,OK,1,1,1.00,false,"boligrafo scroll, boligrafo scroll personalizado, boligrafo scroll promocional, boligrafo scroll con logo, boligrafo scroll ecuador, boligrafo scroll corporativo, novedades, regalo corporativo ecuador, merchandising quito, productos promocionales guayaquil, ks promocionales, artículos publicitarios"
rastreador-airtag-boomtag-13210,Rastreador Airtag Boomtag,Tecnología,Rastreador Airtag Boomtag | Solución Empresarial Ecuador,56,OK,1,1,Protege tus activos con Airtag Boomtag personalizado. Mejora la seguridad y eficiencia de tu empresa en Ecuador. ¡Cotiza ya!,124,OK,1,1,1.00,false,"rastreador airtag boomtag, rastreador airtag boomtag personalizado, rastreador airtag boomtag promocional, rastreador airtag boomtag con logo, rastreador airtag boomtag ecuador, rastreador airtag boomtag corporativo, novedades, regalo corporativo ecuador, merchandising quito, productos promocionales guayaquil, ks promocionales, artículos publicitarios"
rastreador-airtag-boomcard-13211,Rastreador Airtag Boomcard,Tecnología,Rastreador Airtag Boomcard Personalizado | Ecuador,50,OK,1,614,Personaliza el Rastreador Airtag Boomcard para tus clientes en Ecuador. Un regalo tecnológico útil que destaca tu marca. ¡Cotiza hoy!,133,OK,1,1,1.00,false,"rastreador airtag boomcard, rastreador airtag boomcard personalizado, rastreador airtag boomcard promocional, rastreador airtag boomcard con logo, rastreador airtag boomcard ecuador, rastreador airtag boomcard corporativo, novedades, regalo corporativo ecuador, merchandising quito, productos promocionales guayaquil, ks promocionales, artículos publicitarios"
audifonos-bluetooth-anc-13212,Audifonos Bluetooth Anc,Tecnología,Audífonos Bluetooth ANC Personalizados | Ecuador,48,OK,1,1,Eleva la productividad de tu equipo con audífonos Bluetooth ANC personalizables. Ideales para empresas en Ecuador. ¡Cotiza tu pedido hoy!,137,OK,1,1,1.00,false,"audifonos bluetooth anc, audifonos bluetooth anc personalizado, audifonos bluetooth anc promocional, audifonos bluetooth anc con logo, audifonos bluetooth anc ecuador, audifonos bluetooth anc corporativo, novedades, regalo corporativo ecuador, merchandising quito, productos promocionales guayaquil, ks promocionales, artículos publicitarios"
speaker-bluetooth-beach-35-boompods-13213,Speaker Bluetooth Beach 35 Boompods,Tecnología,Speaker Bluetooth Beach 35 Boompods Personalizado | Ecuador,59,OK,1,614,Impulsa tu marca con el Speaker Bluetooth Beach 35 Boompods en Ecuador. Personalízalo ahora y solicita tu cotización.,117,OK,1,1,1.00,false,"speaker bluetooth beach 35 boompods, speaker bluetooth beach 35 boompods personalizado, speaker bluetooth beach 35 boompods promocional, speaker bluetooth beach 35 boompods con logo, speaker bluetooth beach 35 boompods ecuador, speaker bluetooth beach 35 boompods corporativo, novedades, regalo corporativo ecuador, merchandising quito, productos promocionales guayaquil, ks promocionales, artículos publicitarios"
bbq-grill-soccer-cook-13202,Bbq Grill Soccer Cook,Hogar,Bbq Grill Soccer Cook Personalizado | Promocionales Ecuador,59,OK,1,49,Personaliza tu Bbq Grill Soccer Cook. La parrilla portátil ideal para eventos en Ecuador. ¡Cotiza ahora y destaca tu marca!,123,OK,1,1,1.00,false,"bbq grill soccer cook, bbq grill soccer cook personalizado, bbq grill soccer cook promocional, bbq grill soccer cook con logo, bbq grill soccer cook ecuador, bbq grill soccer cook corporativo, novedades, regalo corporativo ecuador, merchandising quito, productos promocionales guayaquil, ks promocionales, artículos publicitarios"
masajeador-hyper-eco-13338,Masajeador Hyper Eco,Cuidado Personal,Masajeador Hyper Eco Personalizado | Regalos Corporativos Ecuador,65,OK,1,30,Personaliza el Masajeador Hyper Eco para tus obsequios corporativos en Ecuador. Ofrece bienestar a tus empleados y clientes. ¡Cotiza ahora y destaca!,149,OK,1,1,1.00,false,"masajeador hyper eco, masajeador hyper eco personalizado, masajeador hyper eco promocional, masajeador hyper eco con logo, masajeador hyper eco ecuador, masajeador hyper eco corporativo, novedades, regalo corporativo ecuador, merchandising quito, productos promocionales guayaquil, ks promocionales, artículos publicitarios"
abanico-en-madera-11142,Abanico en Madera,Variedades,Abanico en Madera Personalizado | Promocionales Ecuador,55,OK,1,49,Ofrece comodidad y sofisticación. Personaliza tu abanico en madera como regalo promocional en Ecuador. ¡Cotiza ahora!,117,OK,1,1,1.00,false,"abanico en madera, abanico en madera personalizado, abanico en madera promocional, abanico en madera con logo, abanico en madera ecuador, abanico en madera corporativo, variedades, regalo corporativo ecuador, merchandising quito, productos promocionales guayaquil, ks promocionales, artículos publicitarios"
correa-para-mascota-10815,Correa Para Mascota,Variedades,Correa Para Mascota Personalizada | Promocionales Ecuador,57,OK,1,21,Personaliza correas para mascota con tu logo. Refuerza tu marca en Ecuador. Cotiza hoy mismo y crea conexiones emocionales duraderas.,133,OK,1,1,1.00,false,"correa para mascota, correa para mascota personalizado, correa para mascota promocional, correa para mascota con logo, correa para mascota ecuador, correa para mascota corporativo, variedades, regalo corporativo ecuador, merchandising quito, productos promocionales guayaquil, ks promocionales, artículos publicitarios"
ventilador-niklas-10817,Ventilador Niklas,Variedades,Ventilador Niklas Personalizado | Promocionales Ecuador,55,OK,1,49,Personaliza el Ventilador Niklas para tu marca. Un regalo útil y efectivo para clientes y colaboradores en Ecuador. ¡Cotiza ahora!,130,OK,1,1,1.00,false,"ventilador niklas, ventilador niklas personalizado, ventilador niklas promocional, ventilador niklas con logo, ventilador niklas ecuador, ventilador niklas corporativo, variedades, regalo corporativo ecuador, merchandising quito, productos promocionales guayaquil, ks promocionales, artículos publicitarios"
set-de-12-colores-eco-kraft-10996,Set de 12 Colores Eco Kraft,Variedades,Set 12 Colores Eco Kraft Personalizado | Ecuador,48,OK,1,1,Personaliza tu Set de 12 Colores Eco Kraft para tu marca en Ecuador. ¡Cotiza ahora tus productos promocionales sostenibles!,123,OK,1,1,1.00,false,"set de 12 colores eco kraft, set de 12 colores eco kraft personalizado, set de 12 colores eco kraft promocional, set de 12 colores eco kraft con logo, set de 12 colores eco kraft ecuador, set de 12 colores eco kraft corporativo, variedades, regalo corporativo ecuador, merchandising quito, productos promocionales guayaquil, ks promocionales, artículos publicitarios"
set-de-12-colores-en-bolsa-10997,Set de 12 Colores en Bolsa,Variedades,Set de 12 Colores en Bolsa Personalizado | Ecuador,50,OK,1,614,Personaliza tu Set de 12 Colores en Bolsa para tu marca. Ofrecemos entregas rápidas en Ecuador. ¡Cotiza hoy mismo!,114,OK,1,1,1.00,false,"set de 12 colores en bolsa, set de 12 colores en bolsa personalizado, set de 12 colores en bolsa promocional, set de 12 colores en bolsa con logo, set de 12 colores en bolsa ecuador, set de 12 colores en bolsa corporativo, variedades, regalo corporativo ecuador, merchandising quito, productos promocionales guayaquil, ks promocionales, artículos publicitarios"
estuche-multiusos-en-silicona-summer-11085,Estuche Multiusos en Silicona Summer,Variedades,Estuche Silicona Summer Personalizado | Ecuador,47,OK,1,1,Estuche multiusos en silicona personalizable para fortalecer tu marca. Ideal para marketing en Ecuador. ¡Cotiza el tuyo hoy!,124,OK,1,1,0.75,false,"estuche multiusos en silicona summer, estuche multiusos en silicona summer personalizado, estuche multiusos en silicona summer promocional, estuche multiusos en silicona summer con logo, estuche multiusos en silicona summer ecuador, estuche multiusos en silicona summer corporativo, variedades, regalo corporativo ecuador, merchandising quito, productos promocionales guayaquil, ks promocionales, artículos publicitarios"
mini-monedero-en-silicona-city-10906,Mini Monedero en Silicona City,Variedades,Mini Monedero en Silicona City | Regalo Publicitario Ecuador,60,OK,1,1,Personaliza tu Mini Monedero en Silicona City para eventos en Ecuador. Un obsequio promocional útil y con estilo. ¡Cotiza el tuyo ahora!,136,OK,1,1,1.00,false,"mini monedero en silicona city, mini monedero en silicona city personalizado, mini monedero en silicona city promocional, mini monedero en silicona city con logo, mini monedero en silicona city ecuador, mini monedero en silicona city corporativo, variedades, regalo corporativo ecuador, merchandising quito, productos promocionales guayaquil, ks promocionales, artículos publicitarios"
identificador-de-maletas-nesus-10930,Identificador de Maletas Nesus,Variedades,Identificador de Maletas Nesus | Promocionales Ecuador,54,OK,1,5,Personaliza el Identificador de Maletas Nesus para tu empresa en Ecuador. Refuerza tu marca en cada viaje. ¡Cotiza hoy mismo!,125,OK,1,1,1.00,false,"identificador de maletas nesus, identificador de maletas nesus personalizado, identificador de maletas nesus promocional, identificador de maletas nesus con logo, identificador de maletas nesus ecuador, identificador de maletas nesus corporativo, variedades, regalo corporativo ecuador, merchandising quito, productos promocionales guayaquil, ks promocionales, artículos publicitarios"
juego-para-mascotas-10931,Juego Para Mascotas,Variedades,Juego Para Mascotas Personalizado | Promocionales Ecuador,57,OK,1,49,Fortalece lazos con Juegos para Mascotas personalizados. Un regalo emotivo y único para tus clientes en Ecuador. ¡Cotiza hoy!,125,OK,1,1,1.00,false,"juego para mascotas, juego para mascotas personalizado, juego para mascotas promocional, juego para mascotas con logo, juego para mascotas ecuador, juego para mascotas corporativo, variedades, regalo corporativo ecuador, merchandising quito, productos promocionales guayaquil, ks promocionales, artículos publicitarios"
gafas-bamboo-eco-10933,Gafas Bamboo Eco,Variedades,Gafas Bamboo Eco Personalizadas | Promocionales Ecuador,55,OK,1,2,Destaca tu marca con gafas Bamboo Eco personalizables. Ideales para empresas en Ecuador que buscan impacto y sostenibilidad. ¡Cotiza ahora!,139,OK,1,1,1.00,false,"gafas bamboo eco, gafas bamboo eco personalizado, gafas bamboo eco promocional, gafas bamboo eco con logo, gafas bamboo eco ecuador, gafas bamboo eco corporativo, variedades, regalo corporativo ecuador, merchandising quito, productos promocionales guayaquil, ks promocionales, artículos publicitarios"
poncho-en-bolsa-rpet-10936,Poncho en Bolsa Rpet,Variedades,Poncho en Bolsa RPET Personalizado | Ecuador,44,OK,1,614,Protege a tus clientes de la lluvia con ponchos RPET personalizados. Regalo promocional práctico y ecológico en Ecuador. ¡Cotiza el tuyo hoy!,141,OK,1,1,1.00,false,"poncho en bolsa rpet, poncho en bolsa rpet personalizado, poncho en bolsa rpet promocional, poncho en bolsa rpet con logo, poncho en bolsa rpet ecuador, poncho en bolsa rpet corporativo, variedades, regalo corporativo ecuador, merchandising quito, productos promocionales guayaquil, ks promocionales, artículos publicitarios"
funda-portacelular-marathon-11118,Funda Portacelular Marathon,Variedades,Funda Portacelular Marathon Personalizado | Ecuador,51,OK,1,614,Personaliza tu Funda Portacelular Marathon en Ecuador. Una herramienta estratégica para tu marca. ¡Cotiza ahora y destaca!,122,OK,1,1,1.00,false,"funda portacelular marathon, funda portacelular marathon personalizado, funda portacelular marathon promocional, funda portacelular marathon con logo, funda portacelular marathon ecuador, funda portacelular marathon corporativo, variedades, regalo corporativo ecuador, merchandising quito, productos promocionales guayaquil, ks promocionales, artículos publicitarios"
alcancia-cork-11125,Alcancía Cork,Oficina,Alcancía Cork Personalizada | Regalos Corporativos Ecuador,58,OK,1,5,Personaliza tu Alcancía Cork para promociones en Ecuador. Fortalece tu marca con regalos corporativos. ¡Cotiza ahora!,117,OK,1,1,1.00,false,"alcancía cork, alcancía cork personalizado, alcancía cork promocional, alcancía cork con logo, alcancía cork ecuador, alcancía cork corporativo, variedades, regalo corporativo ecuador, merchandising quito, productos promocionales guayaquil, ks promocionales, artículos publicitarios"
dispensador-de-bolsas-string-11127,Dispensador de Bolsas String,Variedades,Dispensador de Bolsas String Personalizado | Ecuador,52,OK,1,614,Personaliza tu Dispensador de Bolsas String en Ecuador. Una herramienta promocional funcional y ecológica. ¡Cotiza el tuyo ahora!,129,OK,1,1,1.00,false,"dispensador de bolsas string, dispensador de bolsas string personalizado, dispensador de bolsas string promocional, dispensador de bolsas string con logo, dispensador de bolsas string ecuador, dispensador de bolsas string corporativo, variedades, regalo corporativo ecuador, merchandising quito, productos promocionales guayaquil, ks promocionales, artículos publicitarios"
bola-antiestres-neon-67cm-10947,"Bola Antiestrés Neón 6,7cm",Variedades,"Bola Antiestrés Neón 6,7cm Personalizada | Ecuador",50,OK,1,82,"Personaliza tu Bola Antiestrés Neón 6,7cm para empresas en Ecuador. Un detalle único que reduce el estrés. ¡Cotiza tu pedido hoy mismo!",135,OK,1,1,1.00,false,"bola antiestrés neón 6, 7cm, 7cm personalizado, 7cm promocional, 7cm con logo, 7cm ecuador, 7cm corporativo, variedades, regalo corporativo ecuador, merchandising quito, productos promocionales guayaquil, ks promocionales, artículos publicitarios"
bowl-para-mascota-9813,Bowl Para Mascota,Variedades,Bowl Para Mascota Personalizado | Ecuador,41,OK,1,614,Bowl personalizado para mascotas con tu logo. Ideal para regalos corporativos en Ecuador. Cotiza ahora y sorprende a tus clientes.,130,OK,1,1,1.00,false,"bowl para mascota, bowl para mascota personalizado, bowl para mascota promocional, bowl para mascota con logo, bowl para mascota ecuador, bowl para mascota corporativo, variedades, regalo corporativo ecuador, merchandising quito, productos promocionales guayaquil, ks promocionales, artículos publicitarios"
protector-solar-para-carro-1442,Protector Solar Para Carro,Automóvil,Protector Solar Para Carro Personalizado | Ecuador,50,OK,1,614,Protege el interior de tu vehículo y promociona tu marca. Personaliza protectores solares para carro en Ecuador. ¡Cotiza ahora!,127,OK,1,1,1.00,false,"protector solar para carro, protector solar para carro personalizado, protector solar para carro promocional, protector solar para carro con logo, protector solar para carro ecuador, protector solar para carro corporativo, variedades, regalo corporativo ecuador, merchandising quito, productos promocionales guayaquil, ks promocionales, artículos publicitarios"
banderitas-magic-index-722,Banderitas Magic Index,Oficina,Banderitas Magic Index Personalizadas | Ecuador,47,OK,1,2,Banderitas Magic Index personalizadas para organizar documentos. Disponibles en Ecuador. Cotiza ahora y optimiza tu oficina.,124,OK,1,1,1.00,false,"banderitas magic index, banderitas magic index personalizado, banderitas magic index promocional, banderitas magic index con logo, banderitas magic index ecuador, banderitas magic index corporativo, variedades, regalo corporativo ecuador, merchandising quito, productos promocionales guayaquil, ks promocionales, artículos publicitarios"
banderitas-magic-index-ii-2576,Banderitas Magic Index ii,Oficina,Banderitas Magic Index II Personalizado | Ecuador,49,OK,1,614,Banderitas Magic Index II personalizadas para oficinas en Ecuador. Marca documentos sin dañar con adhesivo reutilizable. Cotiza tu pedido hoy.,142,OK,1,1,1.00,false,"banderitas magic index ii, banderitas magic index ii personalizado, banderitas magic index ii promocional, banderitas magic index ii con logo, banderitas magic index ii ecuador, banderitas magic index ii corporativo, variedades, regalo corporativo ecuador, merchandising quito, productos promocionales guayaquil, ks promocionales, artículos publicitarios"
tapa-chupo-para-va-160-mu-53-mu-07-6310,Tapa Chupo Para Va-160 / Mu-53 / Mu-07,Producción Nacional,Tapa Chupo Va-160 / Mu-53 / Mu-07 Personalizado Ecuador,55,OK,1,1,Tapa chupo personalizable para bebidas calientes. Promociona tu marca en Ecuador. Cotiza ahora tus tapas personalizadas con logo.,129,OK,1,1,0.83,false,"tapa chupo para va-160 / mu-53 / mu-07, tapa chupo para va-160 / mu-53 / mu-07 personalizado, tapa chupo para va-160 / mu-53 / mu-07 promocional, tapa chupo para va-160 / mu-53 / mu-07 con logo, tapa chupo para va-160 / mu-53 / mu-07 ecuador, tapa chupo para va-160 / mu-53 / mu-07 corporativo, variedades, regalo corporativo ecuador, merchandising quito, productos promocionales guayaquil, ks promocionales, artículos publicitarios"
identificador-de-maletas-flat-7296,Identificador de Maletas Flat,Variedades,Identificador de Maletas Flat Personalizado | Ecuador,53,OK,1,614,Realza tu marca con identificadores de maletas flat personalizados. Perfectos para ejecutivos en Ecuador. ¡Cotiza tu diseño exclusivo hoy!,138,OK,1,1,1.00,false,"identificador de maletas flat, identificador de maletas flat personalizado, identificador de maletas flat promocional, identificador de maletas flat con logo, identificador de maletas flat ecuador, identificador de maletas flat corporativo, variedades, regalo corporativo ecuador, merchandising quito, productos promocionales guayaquil, ks promocionales, artículos publicitarios"
aspiradora-para-carro-7410,Aspiradora Para Carro,Automóvil,Aspiradora Para Carro Personalizado | Ecuador,45,OK,1,614,Aspiradora para carro personalizada con tu logo. Ideal para empresas de logística y servicios automotrices. Cotiza ahora en Ecuador.,132,OK,1,1,1.00,false,"aspiradora para carro, aspiradora para carro personalizado, aspiradora para carro promocional, aspiradora para carro con logo, aspiradora para carro ecuador, aspiradora para carro corporativo, variedades, regalo corporativo ecuador, merchandising quito, productos promocionales guayaquil, ks promocionales, artículos publicitarios"
alcancia-house-8154,Alcancia House,Variedades,Alcancía House Personalizada | Ecuador,38,OK,1,1,Potencia tu marca con Alcancía House personalizada. Herramienta de branding que comunica estabilidad y prosperidad en Ecuador. ¡Cotiza ya!,138,OK,1,1,1.00,false,"alcancia house, alcancia house personalizado, alcancia house promocional, alcancia house con logo, alcancia house ecuador, alcancia house corporativo, variedades, regalo corporativo ecuador, merchandising quito, productos promocionales guayaquil, ks promocionales, artículos publicitarios"
bolsa-plegable-market-8192,Bolsa Plegable Market,Maletines,Bolsa Plegable Market Personalizada | Ecuador,45,OK,1,82,Bolsas Plegables Market personalizadas para tu marca en Ecuador. Diseño práctico y sostenible. ¡Cotiza tu pedido hoy!,117,OK,1,1,1.00,false,"bolsa plegable market, bolsa plegable market personalizado, bolsa plegable market promocional, bolsa plegable market con logo, bolsa plegable market ecuador, bolsa plegable market corporativo, variedades, regalo corporativo ecuador, merchandising quito, productos promocionales guayaquil, ks promocionales, artículos publicitarios"
bolsa-en-cambrel-multiusos-vita-prod-nacional-9364,Bolsa en Cambrel Multiusos Vita - Prod Nacional,Automóvil,Bolsa Cambrel Vita Personalizada | Promocionales Ecuador,56,OK,1,1,Personaliza la Bolsa Cambrel Multiusos Vita para tu marca. Ideal para promociones en Ecuador. ¡Cotiza ahora y fortalece tu conexión!,132,OK,1,1,0.50,false,"bolsa en cambrel multiusos vita - prod nacional, bolsa en cambrel multiusos vita - prod nacional personalizado, bolsa en cambrel multiusos vita - prod nacional promocional, bolsa en cambrel multiusos vita - prod nacional con logo, bolsa en cambrel multiusos vita - prod nacional ecuador, bolsa en cambrel multiusos vita - prod nacional corporativo, variedades, regalo corporativo ecuador, merchandising quito, productos promocionales guayaquil, ks promocionales, artículos publicitarios"
monedero-en-silicona-backpack-9086,Monedero en Silicona Backpack,Variedades,Monedero Silicona Backpack Personalizado | Ecuador,50,OK,1,1,"Obsequia nuestro monedero en silicona tipo mochila, personalizable con tu marca. Ideal para promoción en Ecuador. ¡Cotiza tu pedido hoy!",136,OK,1,1,1.00,false,"monedero en silicona backpack, monedero en silicona backpack personalizado, monedero en silicona backpack promocional, monedero en silicona backpack con logo, monedero en silicona backpack ecuador, monedero en silicona backpack corporativo, variedades, regalo corporativo ecuador, merchandising quito, productos promocionales guayaquil, ks promocionales, artículos publicitarios"
cojin-de-viaje-triple-uso-produccion-nacional-9333,Cojín de Viaje Triple Uso - Produccion Nacional,Automóvil,Cojín de Viaje Triple Uso Personalizado | Ecuador,49,OK,1,1,"Descubre el Cojín de Viaje Triple Uso, ideal para branding en Ecuador. Personalízalo con tu logo y fortalece tu marca. ¡Cotiza ahora!",133,OK,1,1,0.60,false,"cojín de viaje triple uso - produccion nacional, cojín de viaje triple uso - produccion nacional personalizado, cojín de viaje triple uso - produccion nacional promocional, cojín de viaje triple uso - produccion nacional con logo, cojín de viaje triple uso - produccion nacional ecuador, cojín de viaje triple uso - produccion nacional corporativo, variedades, regalo corporativo ecuador, merchandising quito, productos promocionales guayaquil, ks promocionales, artículos publicitarios"
bolsa-en-algodon-corcho-135gr-9103,Bolsa en Algodón Corcho (135gr),Maletines,Bolsa Algodón Corcho Personalizada | Ecuador,44,OK,1,1,Fortalece tu marca con bolsas personalizadas en algodón y corcho. Impulsa tu branding en Ecuador. ¡Cotiza ahora!,112,OK,1,1,0.75,false,"bolsa en algodón corcho (135gr), bolsa en algodón corcho (135gr) personalizado, bolsa en algodón corcho (135gr) promocional, bolsa en algodón corcho (135gr) con logo, bolsa en algodón corcho (135gr) ecuador, bolsa en algodón corcho (135gr) corporativo, variedades, regalo corporativo ecuador, merchandising quito, productos promocionales guayaquil, ks promocionales, artículos publicitarios"
bolsa-plegable-sunday-9216,Bolsa Plegable Sunday,Maletines,Bolsa Plegable Sunday Personalizada | Ecuador,45,OK,1,82,Impulsa tu marca con bolsas plegables Sunday personalizadas para publicidad en Ecuador. Cotiza hoy tu solución sostenible y de alto impacto.,140,OK,1,1,1.00,false,"bolsa plegable sunday, bolsa plegable sunday personalizado, bolsa plegable sunday promocional, bolsa plegable sunday con logo, bolsa plegable sunday ecuador, bolsa plegable sunday corporativo, variedades, regalo corporativo ecuador, merchandising quito, productos promocionales guayaquil, ks promocionales, artículos publicitarios"
yoga-mat-9609,Yoga Mat,Hogar,Yoga Mat Personalizado | Ecuador,32,OK,1,614,Promueve el bienestar con Yoga Mats personalizados para tu marca. Calidad premium en Ecuador. ¡Cotiza ahora y destaca!,118,OK,1,1,1.00,false,"yoga mat, yoga mat personalizado, yoga mat promocional, yoga mat con logo, yoga mat ecuador, yoga mat corporativo, variedades, regalo corporativo ecuador, merchandising quito, productos promocionales guayaquil, ks promocionales, artículos publicitarios"
alcancia-piggy-con-portacelular-9661,Alcancia Piggy Con Portacelular,Variedades,Alcancía Piggy con Portacelular Personalizada | Ecuador,55,OK,1,1,Fortalece tu marca en Ecuador con alcancías Piggy personalizadas. Un promocional útil que conecta con tu audiencia. ¡Cotiza ahora!,130,OK,1,1,1.00,false,"alcancia piggy con portacelular, alcancia piggy con portacelular personalizado, alcancia piggy con portacelular promocional, alcancia piggy con portacelular con logo, alcancia piggy con portacelular ecuador, alcancia piggy con portacelular corporativo, variedades, regalo corporativo ecuador, merchandising quito, productos promocionales guayaquil, ks promocionales, artículos publicitarios"
cuerpo-plastico-para-abanico-tela-impresa-prod-nal-9439,Cuerpo Plastico Para Abanico (tela Impresa Prod Nal),Producción Nacional,Cuerpo Plástico Para Abanico Personalizado | Ecuador,52,OK,1,1,Abanico con tela impresa personalizable para tu marca. Producto nacional de calidad. Cotiza ahora en Ecuador con KS Promocionales.,130,OK,1,1,0.50,false,"cuerpo plastico para abanico (tela impresa prod nal), cuerpo plastico para abanico (tela impresa prod nal) personalizado, cuerpo plastico para abanico (tela impresa prod nal) promocional, cuerpo plastico para abanico (tela impresa prod nal) con logo, cuerpo plastico para abanico (tela impresa prod nal) ecuador, cuerpo plastico para abanico (tela impresa prod nal) corporativo, variedades, regalo corporativo ecuador, merchandising quito, productos promocionales guayaquil, ks promocionales, artículos publicitarios"
carrito-shopping-bag-zipper-9867,Carrito Shopping Bag Zipper,Maletines,Carrito Shopping Bag Zipper Personalizado Ecuador,49,OK,1,59,Carrito Shopping Bag Zipper personalizado para tu marca en Ecuador. Cotiza ahora y sorprende a tus clientes con un regalo funcional.,132,OK,1,1,1.00,false,"carrito shopping bag zipper, carrito shopping bag zipper personalizado, carrito shopping bag zipper promocional, carrito shopping bag zipper con logo, carrito shopping bag zipper ecuador, carrito shopping bag zipper corporativo, variedades, regalo corporativo ecuador, merchandising quito, productos promocionales guayaquil, ks promocionales, artículos publicitarios"
identificador-de-maletas-cork-10357,Identificador de Maletas Cork,Maletines,Identificador de Maletas Cork Personalizado | Ecuador,53,OK,1,614,Personaliza identificadores de maletas Cork para tu marca. Distinción y estrategia para empresas en Ecuador. ¡Cotiza tu pedido hoy!,131,OK,1,1,1.00,false,"identificador de maletas cork, identificador de maletas cork personalizado, identificador de maletas cork promocional, identificador de maletas cork con logo, identificador de maletas cork ecuador, identificador de maletas cork corporativo, variedades, regalo corporativo ecuador, merchandising quito, productos promocionales guayaquil, ks promocionales, artículos publicitarios"
identificador-de-maletas-murdock-10541,Identificador de Maletas Murdock,Maletines,Identificador de Maletas Murdock Personalizado | Ecuador,56,OK,1,614,Destaca tu marca con identificadores de maletas Murdock personalizados. Ideal para empresas en Ecuador. ¡Cotiza ahora y refuerza tu imagen!,139,OK,1,1,1.00,false,"identificador de maletas murdock, identificador de maletas murdock personalizado, identificador de maletas murdock promocional, identificador de maletas murdock con logo, identificador de maletas murdock ecuador, identificador de maletas murdock corporativo, variedades, regalo corporativo ecuador, merchandising quito, productos promocionales guayaquil, ks promocionales, artículos publicitarios"
portatarjetas-myles-rpet-10445,Portatarjetas Myles Rpet,Maletines,Portatarjetas Myles Rpet Personalizado | Ecuador,48,OK,1,614,Organiza tus tarjetas con estilo. Personaliza el Portatarjetas Myles Rpet en Ecuador. ¡Cotiza ahora para tu empresa!,116,OK,1,1,1.00,false,"portatarjetas myles rpet, portatarjetas myles rpet personalizado, portatarjetas myles rpet promocional, portatarjetas myles rpet con logo, portatarjetas myles rpet ecuador, portatarjetas myles rpet corporativo, variedades, regalo corporativo ecuador, merchandising quito, productos promocionales guayaquil, ks promocionales, artículos publicitarios"
morral-backpack-limit-10488,Morral Backpack Límit,Maletines,Morral Backpack Límit Personalizado | Ecuador,45,OK,1,614,Morral Backpack Límit personalizable para empresas en Ecuador. Lleva tu marca a todas partes. ¡Cotiza ahora y destaca!,118,OK,1,1,1.00,false,"morral backpack límit, morral backpack límit personalizado, morral backpack límit promocional, morral backpack límit con logo, morral backpack límit ecuador, morral backpack límit corporativo, variedades, regalo corporativo ecuador, merchandising quito, productos promocionales guayaquil, ks promocionales, artículos publicitarios"
bolsa-en-algodon-botanik-135gr-7533,Bolsa en Algodón Botanik (135gr),Maletines,Bolsa Algodón Botanik 135gr Personalizado Ecuador,49,OK,1,1,Bolsa de algodón Botanik personalizada con tu logo. Ideal para promociones en Ecuador. Cotiza ahora tu pedido corporativo.,122,OK,1,1,0.75,false,"bolsa en algodón botanik (135gr), bolsa en algodón botanik (135gr) personalizado, bolsa en algodón botanik (135gr) promocional, bolsa en algodón botanik (135gr) con logo, bolsa en algodón botanik (135gr) ecuador, bolsa en algodón botanik (135gr) corporativo, variedades, regalo corporativo ecuador, merchandising quito, productos promocionales guayaquil, ks promocionales, artículos publicitarios"
dispensador-de-bolsas-bone-13179,Dispensador de Bolsas Bone,Variedades,Dispensador de Bolsas Bone Personalizado Ecuador,48,OK,1,59,Dispensador de Bolsas Bone personalizado para empresas en Ecuador. Ideal para oficinas y veterinarias. ¡Cotiza ahora!,117,OK,1,1,1.00,false,"dispensador de bolsas bone, dispensador de bolsas bone personalizado, dispensador de bolsas bone promocional, dispensador de bolsas bone con logo, dispensador de bolsas bone ecuador, dispensador de bolsas bone corporativo, variedades, regalo corporativo ecuador, merchandising quito, productos promocionales guayaquil, ks promocionales, artículos publicitarios"
soporte-para-moviles-y-tablets-bamboo-13182,Soporte Para Móviles y Tablets Bamboo,Variedades,Soporte Bamboo para Móviles y Tablets | Ecuador,47,OK,1,1,Soporte personalizado para móviles y tablets de bamboo. Perfecto para equipos en Ecuador. Cotiza tu pedido hoy mismo.,117,OK,1,1,1.00,false,"soporte para móviles y tablets bamboo, soporte para móviles y tablets bamboo personalizado, soporte para móviles y tablets bamboo promocional, soporte para móviles y tablets bamboo con logo, soporte para móviles y tablets bamboo ecuador, soporte para móviles y tablets bamboo corporativo, variedades, regalo corporativo ecuador, merchandising quito, productos promocionales guayaquil, ks promocionales, artículos publicitarios"
cepillo-con-espejo-ulys-11123,Cepillo Con Espejo Ulys,Cuidado Personal,Cepillo Con Espejo Ulys Personalizado | Ecuador,47,OK,1,614,Impulsa tu marca con el cepillo con espejo Ulys personalizado. Un regalo promocional útil en Ecuador. ¡Cotiza ahora!,116,OK,1,1,1.00,false,"cepillo con espejo ulys, cepillo con espejo ulys personalizado, cepillo con espejo ulys promocional, cepillo con espejo ulys con logo, cepillo con espejo ulys ecuador, cepillo con espejo ulys corporativo, hogar, regalo corporativo ecuador, merchandising quito, productos promocionales guayaquil, ks promocionales, artículos publicitarios"
set-de-portavasos-cork-10969,Set de Portavasos Cork,Hogar,Set de Portavasos Cork Personalizado | Ecuador,46,OK,1,614,Personaliza tus portavasos Cork para un branding efectivo en Ecuador. Cotiza sets de portavasos ideales para regalos corporativos y promociones.,144,OK,1,1,1.00,false,"set de portavasos cork, set de portavasos cork personalizado, set de portavasos cork promocional, set de portavasos cork con logo, set de portavasos cork ecuador, set de portavasos cork corporativo, hogar, regalo corporativo ecuador, merchandising quito, productos promocionales guayaquil, ks promocionales, artículos publicitarios"
portacomidas-attila-10818,Portacomidas Attila,Hogar,Portacomidas Attila Personalizado | Ecuador,43,OK,1,614,Portacomidas Attila personalizable para tu marca en Ecuador. Fomenta bienestar y sostenibilidad. ¡Cotiza ahora y fortalece tu equipo!,133,OK,1,1,1.00,false,"portacomidas attila, portacomidas attila personalizado, portacomidas attila promocional, portacomidas attila con logo, portacomidas attila ecuador, portacomidas attila corporativo, hogar, regalo corporativo ecuador, merchandising quito, productos promocionales guayaquil, ks promocionales, artículos publicitarios"
set-de-cubiertos-dimitri-10822,Set de Cubiertos Dimitri,Hogar,Set de Cubiertos Dimitri Personalizado | Ecuador,48,OK,1,614,Eleva tu marca con el Set de Cubiertos Dimitri. Personalízalos para tu empresa en Ecuador. ¡Cotiza ahora y destaca tu compromiso!,129,OK,1,1,1.00,false,"set de cubiertos dimitri, set de cubiertos dimitri personalizado, set de cubiertos dimitri promocional, set de cubiertos dimitri con logo, set de cubiertos dimitri ecuador, set de cubiertos dimitri corporativo, hogar, regalo corporativo ecuador, merchandising quito, productos promocionales guayaquil, ks promocionales, artículos publicitarios"
set-de-fondue-petra-10990,Set de Fondue Petra,Hogar,Set de Fondue Petra Personalizado | Ecuador,43,OK,1,614,Descubre el Set de Fondue Petra personalizable para branding en Ecuador. Una herramienta estratégica para fidelizar. ¡Cotiza ahora!,131,OK,1,1,1.00,false,"set de fondue petra, set de fondue petra personalizado, set de fondue petra promocional, set de fondue petra con logo, set de fondue petra ecuador, set de fondue petra corporativo, hogar, regalo corporativo ecuador, merchandising quito, productos promocionales guayaquil, ks promocionales, artículos publicitarios"
set-de-fondue-queralt-10991,Set de Fondue Queralt,Hogar,Set de Fondue Queralt Personalizado | Ecuador,45,OK,1,614,Conecta con tu marca. Personaliza tu Set de Fondue Queralt para empresas en Ecuador. ¡Cotiza ahora para un regalo único!,120,OK,1,1,1.00,false,"set de fondue queralt, set de fondue queralt personalizado, set de fondue queralt promocional, set de fondue queralt con logo, set de fondue queralt ecuador, set de fondue queralt corporativo, hogar, regalo corporativo ecuador, merchandising quito, productos promocionales guayaquil, ks promocionales, artículos publicitarios"
portacomidas-albus-eco-11030,Portacomidas Albus Eco,Hogar,Portacomidas Albus Eco Personalizado | Promocionales Ecuador,60,OK,1,49,Personaliza tu Portacomidas Albus Eco para tu marca en Ecuador. Un artículo promocional sostenible y práctico. ¡Cotiza hoy!,123,OK,1,1,1.00,false,"portacomidas albus eco, portacomidas albus eco personalizado, portacomidas albus eco promocional, portacomidas albus eco con logo, portacomidas albus eco ecuador, portacomidas albus eco corporativo, hogar, regalo corporativo ecuador, merchandising quito, productos promocionales guayaquil, ks promocionales, artículos publicitarios"
set-de-queso-annika-11056,Set de Queso Annika,Hogar,Set de Queso Annika Personalizado | Ecuador,43,OK,1,614,Set de Queso Annika personalizado para regalos corporativos. Disponible en Ecuador. Cotiza tu pedido hoy y sorprende a tus clientes.,132,OK,1,1,1.00,false,"set de queso annika, set de queso annika personalizado, set de queso annika promocional, set de queso annika con logo, set de queso annika ecuador, set de queso annika corporativo, hogar, regalo corporativo ecuador, merchandising quito, productos promocionales guayaquil, ks promocionales, artículos publicitarios"
reloj-de-arena-skai-eco-11062,Reloj de Arena Skai Eco,Hogar,Reloj de Arena Skai Eco Personalizado | Ecuador,47,OK,1,614,Personaliza tu Reloj de Arena Skai Eco. Símbolo de gestión eficiente y sostenibilidad para empresas en Ecuador. ¡Cotiza ahora!,126,OK,1,1,1.00,false,"reloj de arena skai eco, reloj de arena skai eco personalizado, reloj de arena skai eco promocional, reloj de arena skai eco con logo, reloj de arena skai eco ecuador, reloj de arena skai eco corporativo, hogar, regalo corporativo ecuador, merchandising quito, productos promocionales guayaquil, ks promocionales, artículos publicitarios"
set-de-queso-beret-10896,Set de Queso Beret,Hogar,Set de Queso Beret Personalizado | Obsequios Corporativos Ecuador,65,OK,1,2,Impacta con el Set de Queso Beret personalizado. Ideal para regalos corporativos en Ecuador. ¡Cotiza tu diseño único ahora!,123,OK,1,1,1.00,false,"set de queso beret, set de queso beret personalizado, set de queso beret promocional, set de queso beret con logo, set de queso beret ecuador, set de queso beret corporativo, hogar, regalo corporativo ecuador, merchandising quito, productos promocionales guayaquil, ks promocionales, artículos publicitarios"
molde-de-hielo-nook-10907,Molde de Hielo Nook,Hogar,Molde de Hielo Nook Personalizado | Regalos Corporativos Ecuador,64,OK,1,30,Impacta con el Molde de Hielo Nook personalizado. Un regalo corporativo sofisticado para empresas en Ecuador. ¡Cotiza hoy mismo!,128,OK,1,1,1.00,false,"molde de hielo nook, molde de hielo nook personalizado, molde de hielo nook promocional, molde de hielo nook con logo, molde de hielo nook ecuador, molde de hielo nook corporativo, hogar, regalo corporativo ecuador, merchandising quito, productos promocionales guayaquil, ks promocionales, artículos publicitarios"
portaliquido-metalico-chunky-420ml-11093,Portalíquido Metálico Chunky 420ml,Hogar,Portalíquido Metálico Chunky 420ml | Ecuador,44,OK,1,52,Personaliza tu Portalíquido Chunky Metálico de 420ml. Impacta tu marca en Ecuador con un regalo útil y duradero. ¡Pide tu cotización hoy!,137,OK,1,1,1.00,false,"portalíquido metálico chunky 420ml, portalíquido metálico chunky 420ml personalizado, portalíquido metálico chunky 420ml promocional, portalíquido metálico chunky 420ml con logo, portalíquido metálico chunky 420ml ecuador, portalíquido metálico chunky 420ml corporativo, hogar, regalo corporativo ecuador, merchandising quito, productos promocionales guayaquil, ks promocionales, artículos publicitarios"
set-de-cubiertos-en-acero-11096,Set de Cubiertos en Acero,Hogar,Set de Cubiertos en Acero Personalizado | Ecuador,49,OK,1,614,Eleva tu marca con cubiertos en acero personalizados. Regalos promocionales de alta calidad en Ecuador. ¡Cotiza hoy!,116,OK,1,1,1.00,false,"set de cubiertos en acero, set de cubiertos en acero personalizado, set de cubiertos en acero promocional, set de cubiertos en acero con logo, set de cubiertos en acero ecuador, set de cubiertos en acero corporativo, hogar, regalo corporativo ecuador, merchandising quito, productos promocionales guayaquil, ks promocionales, artículos publicitarios"
portacomidas-anton-eco-11097,Portacomidas Anton Eco,Hogar,Portacomidas Anton Eco Personalizado | Ecuador,46,OK,1,614,Personaliza tu Portacomidas Anton Eco para tu marca. Ofrece bienestar y sostenibilidad en Ecuador. ¡Cotiza y destaca hoy!,121,OK,1,1,1.00,false,"portacomidas anton eco, portacomidas anton eco personalizado, portacomidas anton eco promocional, portacomidas anton eco con logo, portacomidas anton eco ecuador, portacomidas anton eco corporativo, hogar, regalo corporativo ecuador, merchandising quito, productos promocionales guayaquil, ks promocionales, artículos publicitarios"
cobija-spark-10937,Cobija Spark,Hogar,Cobija Spark Personalizada | Promocionales Ecuador,50,OK,1,21,Fortalece lazos con clientes en Ecuador. Personaliza la Cobija Spark para tu marca. ¡Cotiza ahora y fideliza!,109,OK,1,1,1.00,false,"cobija spark, cobija spark personalizado, cobija spark promocional, cobija spark con logo, cobija spark ecuador, cobija spark corporativo, hogar, regalo corporativo ecuador, merchandising quito, productos promocionales guayaquil, ks promocionales, artículos publicitarios"
mezclador-coffee-mixer-10946,Mezclador Coffee Mixer,Hogar,Mezclador Coffee Mixer Personalizado | Regalos Ecuador,54,OK,1,16,Mejora la experiencia de tus clientes con el Mezclador Coffee Mixer personalizado. Ideal para regalos corporativos en Ecuador. ¡Cotiza ya!,138,OK,1,1,1.00,false,"mezclador coffee mixer, mezclador coffee mixer personalizado, mezclador coffee mixer promocional, mezclador coffee mixer con logo, mezclador coffee mixer ecuador, mezclador coffee mixer corporativo, hogar, regalo corporativo ecuador, merchandising quito, productos promocionales guayaquil, ks promocionales, artículos publicitarios"
portacomidas-lagoon-10887,Portacomidas Lagoon,Hogar,Portacomidas Lagoon Personalizado | Ecuador,43,OK,1,614,Portacomidas Lagoon personalizado con logo empresarial. Ideal para obsequios corporativos. Cotiza tu pedido en Ecuador.,119,OK,1,1,1.00,false,"portacomidas lagoon, portacomidas lagoon personalizado, portacomidas lagoon promocional, portacomidas lagoon con logo, portacomidas lagoon ecuador, portacomidas lagoon corporativo, hogar, regalo corporativo ecuador, merchandising quito, productos promocionales guayaquil, ks promocionales, artículos publicitarios"
mezclador-en-madera-10912,Mezclador en Madera,Hogar,Mezclador en Madera Personalizado | Ecuador,43,OK,1,614,Mezclador en madera personalizado con tu logo. Ideal para regalos corporativos. Cotiza ahora en Ecuador con KS Promocionales.,125,OK,1,1,1.00,false,"mezclador en madera, mezclador en madera personalizado, mezclador en madera promocional, mezclador en madera con logo, mezclador en madera ecuador, mezclador en madera corporativo, hogar, regalo corporativo ecuador, merchandising quito, productos promocionales guayaquil, ks promocionales, artículos publicitarios"
mug-metalico-con-prensa-francesa-450ml-10824,Mug Metálico Con Prensa Francesa 450ml,Hogar,Mug Metálico Prensa Francesa 450ml | Personalizado Ecuador,58,OK,1,1,Mug Metálico con Prensa Francesa 450ml personalizado para tu marca en Ecuador. Un regalo corporativo funcional y elegante. ¡Cotiza el tuyo!,139,OK,1,1,1.00,false,"mug metálico con prensa francesa 450ml, mug metálico con prensa francesa 450ml personalizado, mug metálico con prensa francesa 450ml promocional, mug metálico con prensa francesa 450ml con logo, mug metálico con prensa francesa 450ml ecuador, mug metálico con prensa francesa 450ml corporativo, hogar, regalo corporativo ecuador, merchandising quito, productos promocionales guayaquil, ks promocionales, artículos publicitarios"
llavero-destapador-campello-4808,Llavero Destapador Campello,Bar y Vino,Llavero Destapador Campello Personalizado Ecuador,49,OK,1,59,Llavero destapador Campello personalizado para tu marca. Cotiza ahora en Ecuador. Ideal para regalos corporativos y promocionales.,130,OK,1,1,1.00,false,"llavero destapador campello, llavero destapador campello personalizado, llavero destapador campello promocional, llavero destapador campello con logo, llavero destapador campello ecuador, llavero destapador campello corporativo, hogar, regalo corporativo ecuador, merchandising quito, productos promocionales guayaquil, ks promocionales, artículos publicitarios"
speaker-bluetooth-plant-10555,Speaker Bluetooth Plant,Tecnología,Speaker Bluetooth Plant Personalizado | Ecuador,47,OK,1,614,Speaker Bluetooth Plant personalizado para empresas en Ecuador. Tecnología eco-friendly para regalos corporativos. Cotiza ahora tu pedido.,138,OK,1,1,1.00,false,"speaker bluetooth plant, speaker bluetooth plant personalizado, speaker bluetooth plant promocional, speaker bluetooth plant con logo, speaker bluetooth plant ecuador, speaker bluetooth plant corporativo, hogar, regalo corporativo ecuador, merchandising quito, productos promocionales guayaquil, ks promocionales, artículos publicitarios"
boligrafo-kord-bamboo-10841,Bolígrafo Kord Bamboo,Oficina,Bolígrafo Kord Bamboo Personalizado | Ecuador,45,OK,1,614,"Bolígrafo Kord Bamboo personalizado, sostenible y corporativo. Perfecta para empresas en Ecuador. ¡Cotiza tu pedido ahora!",122,OK,1,1,1.00,false,"bolígrafo kord bamboo, bolígrafo kord bamboo personalizado, bolígrafo kord bamboo promocional, bolígrafo kord bamboo con logo, bolígrafo kord bamboo ecuador, bolígrafo kord bamboo corporativo, oficina, regalo corporativo ecuador, merchandising quito, productos promocionales guayaquil, ks promocionales, artículos publicitarios"
lapiz-rojo-check-para-contabilidad-11000,Lápiz Rojo Check (para Contabilidad),Oficina,Lápiz Rojo Check Contabilidad Personalizado | Ecuador,53,OK,1,1,Lápiz rojo personalizado para contadores y auditores. Ideal para oficina en Ecuador. Cotiza tu pedido hoy con descuentos por volumen.,133,OK,1,1,0.60,false,"lápiz rojo check (para contabilidad), lápiz rojo check (para contabilidad) personalizado, lápiz rojo check (para contabilidad) promocional, lápiz rojo check (para contabilidad) con logo, lápiz rojo check (para contabilidad) ecuador, lápiz rojo check (para contabilidad) corporativo, oficina, regalo corporativo ecuador, merchandising quito, productos promocionales guayaquil, ks promocionales, artículos publicitarios"
set-resaltador-fingers-ii-eco-10720,Set Resaltador Fingers ii Eco,Oficina,Set Resaltador Fingers II Eco Personalizado Ecuador,51,OK,1,59,Resaltadores personalizados Fingers II Eco para oficinas en Ecuador. Cotiza tu set promocional hoy y promociona tu marca.,121,OK,1,1,1.00,false,"set resaltador fingers ii eco, set resaltador fingers ii eco personalizado, set resaltador fingers ii eco promocional, set resaltador fingers ii eco con logo, set resaltador fingers ii eco ecuador, set resaltador fingers ii eco corporativo, oficina, regalo corporativo ecuador, merchandising quito, productos promocionales guayaquil, ks promocionales, artículos publicitarios"
resaltador-raff-rpet-ii-11048,Resaltador Raff Rpet ii,Oficina,Resaltador Raff Rpet ii Personalizado | Ecuador,47,OK,1,614,Resaltador Raff Rpet ii personalizado para empresas en Ecuador. Cotiza ahora y lleva tu marca a cada escritorio.,112,OK,1,1,1.00,false,"resaltador raff rpet ii, resaltador raff rpet ii personalizado, resaltador raff rpet ii promocional, resaltador raff rpet ii con logo, resaltador raff rpet ii ecuador, resaltador raff rpet ii corporativo, oficina, regalo corporativo ecuador, merchandising quito, productos promocionales guayaquil, ks promocionales, artículos publicitarios"
set-de-clips-cork-10383,Set de Clips Cork,Oficina,Set de Clips Cork Personalizado | Ecuador,41,OK,1,614,Set de clips cork personalizado para tu empresa. Organiza documentos con estilo en Ecuador. Cotiza tu pedido ahora y lleva tu marca a cada escritorio.,150,OK,1,1,1.00,false,"set de clips cork, set de clips cork personalizado, set de clips cork promocional, set de clips cork con logo, set de clips cork ecuador, set de clips cork corporativo, oficina, regalo corporativo ecuador, merchandising quito, productos promocionales guayaquil, ks promocionales, artículos publicitarios"
planeador-semanal-cartoon-10345,Planeador Semanal Cartoon,Oficina,Planeador Semanal Cartoon Personalizado Ecuador,47,OK,1,59,Planeador semanal Cartoon personalizado para equipos. Estructura y creatividad en uno. Cotiza ahora en Ecuador.,111,OK,1,1,1.00,false,"planeador semanal cartoon, planeador semanal cartoon personalizado, planeador semanal cartoon promocional, planeador semanal cartoon con logo, planeador semanal cartoon ecuador, planeador semanal cartoon corporativo, oficina, regalo corporativo ecuador, merchandising quito, productos promocionales guayaquil, ks promocionales, artículos publicitarios"
cordon-portacelular-chili-10520,Cordón Portacelular Chili,Oficina,Cordón Portacelular Chili Personalizado | Ecuador,49,OK,1,614,Cordón portacelular Chili personalizado con tu logo. Publicidad móvil para tu marca en Ecuador. Cotiza ahora y promociona tu negocio.,133,OK,1,1,1.00,false,"cordón portacelular chili, cordón portacelular chili personalizado, cordón portacelular chili promocional, cordón portacelular chili con logo, cordón portacelular chili ecuador, cordón portacelular chili corporativo, oficina, regalo corporativo ecuador, merchandising quito, productos promocionales guayaquil, ks promocionales, artículos publicitarios"
libreta-plastica-klio-60-hojas-10559,Libreta Plástica Klio 60 Hojas,Oficina,Libreta Plástica Klio 60 Hojas | Ecuador,40,OK,1,52,Libreta Plástica Klio 60 hojas personalizable para profesionales. Cotiza tu libreta corporativa en Ecuador. ¡Solicita hoy!,122,OK,1,1,1.00,false,"libreta plástica klio 60 hojas, libreta plástica klio 60 hojas personalizado, libreta plástica klio 60 hojas promocional, libreta plástica klio 60 hojas con logo, libreta plástica klio 60 hojas ecuador, libreta plástica klio 60 hojas corporativo, oficina, regalo corporativo ecuador, merchandising quito, productos promocionales guayaquil, ks promocionales, artículos publicitarios"
libreta-attis-80-hojas-10561,Libreta Attis 80 Hojas,Oficina,Libreta Attis 80 Hojas Personalizada | Promocionales Ecuador,60,OK,1,21,"Libreta Attis 80 Hojas, ideal para branding en Ecuador. Personaliza con tu logo. ¡Cotiza ahora y destaca tu marca!",114,OK,1,1,1.00,false,"libreta attis 80 hojas, libreta attis 80 hojas personalizado, libreta attis 80 hojas promocional, libreta attis 80 hojas con logo, libreta attis 80 hojas ecuador, libreta attis 80 hojas corporativo, oficina, regalo corporativo ecuador, merchandising quito, productos promocionales guayaquil, ks promocionales, artículos publicitarios"
libreta-mouse-pad-80-hojas-10375,Libreta Mouse Pad 80 Hojas,Oficina,Libreta Mouse Pad 80 Hojas Personalizado | Ecuador,50,OK,1,614,Libreta Mouse Pad 80 Hojas personalizada para oficina. Promocional 2 en 1 con diseño único. Cotiza tu pedido en Ecuador ahora.,126,OK,1,1,1.00,false,"libreta mouse pad 80 hojas, libreta mouse pad 80 hojas personalizado, libreta mouse pad 80 hojas promocional, libreta mouse pad 80 hojas con logo, libreta mouse pad 80 hojas ecuador, libreta mouse pad 80 hojas corporativo, oficina, regalo corporativo ecuador, merchandising quito, productos promocionales guayaquil, ks promocionales, artículos publicitarios"
libreta-narnia-80-hojas-10580,Libreta Narnia 80 Hojas,Oficina,Libreta Narnia 80 Hojas Personalizada | Ecuador,47,OK,1,82,Libreta Narnia 80 hojas personalizable con tu logo. Ideal para empresas en Ecuador. Cotiza ahora tu pedido de libretas promocionales.,133,OK,1,1,1.00,false,"libreta narnia 80 hojas, libreta narnia 80 hojas personalizado, libreta narnia 80 hojas promocional, libreta narnia 80 hojas con logo, libreta narnia 80 hojas ecuador, libreta narnia 80 hojas corporativo, oficina, regalo corporativo ecuador, merchandising quito, productos promocionales guayaquil, ks promocionales, artículos publicitarios"
carpeta-folder-flap-10329,Carpeta Folder Flap,Oficina,Carpeta Folder Flap Personalizada | Ecuador,43,OK,1,82,Carpeta Folder Flap personalizada para tu marca. Ideal para presentaciones corporativas. Cotiza ahora en Ecuador.,113,OK,1,1,1.00,false,"carpeta folder flap, carpeta folder flap personalizado, carpeta folder flap promocional, carpeta folder flap con logo, carpeta folder flap ecuador, carpeta folder flap corporativo, oficina, regalo corporativo ecuador, merchandising quito, productos promocionales guayaquil, ks promocionales, artículos publicitarios"
libreta-everest-rpet-80-hojas-10331,Libreta Everest Rpet 80 Hojas,Oficina,Libreta Everest Rpet 80 Hojas Personalizada Ecuador,51,OK,1,3,Libreta Everest Rpet 80 hojas personalizada para tu marca. Ideal para oficina y eventos. Cotiza ahora en Ecuador.,113,OK,1,1,1.00,false,"libreta everest rpet 80 hojas, libreta everest rpet 80 hojas personalizado, libreta everest rpet 80 hojas promocional, libreta everest rpet 80 hojas con logo, libreta everest rpet 80 hojas ecuador, libreta everest rpet 80 hojas corporativo, oficina, regalo corporativo ecuador, merchandising quito, productos promocionales guayaquil, ks promocionales, artículos publicitarios"
libreta-multifuncional-rpet-bamboo-urban-business-10792,Libreta Multifuncional Rpet Bamboo Urban Business,Oficina,Libreta Rpet Bamboo Urban Business | Ecuador,44,OK,1,1,Libreta Multifuncional Rpet Bamboo personalizada para empresas. Promocional ecológico. Cotiza ahora en Ecuador.,111,OK,1,1,0.83,false,"libreta multifuncional rpet bamboo urban business, libreta multifuncional rpet bamboo urban business personalizado, libreta multifuncional rpet bamboo urban business promocional, libreta multifuncional rpet bamboo urban business con logo, libreta multifuncional rpet bamboo urban business ecuador, libreta multifuncional rpet bamboo urban business corporativo, oficina, regalo corporativo ecuador, merchandising quito, productos promocionales guayaquil, ks promocionales, artículos publicitarios"
carpeta-folder-velvet-rpet-10793,Carpeta Folder Velvet Rpet,Oficina,Carpeta Folder Velvet RPET Personalizada Ecuador,48,OK,1,3,Carpeta Folder Velvet RPET personalizada para tus documentos. Textura premium en Ecuador. Cotiza ahora tu pedido corporativo.,125,OK,1,1,1.00,false,"carpeta folder velvet rpet, carpeta folder velvet rpet personalizado, carpeta folder velvet rpet promocional, carpeta folder velvet rpet con logo, carpeta folder velvet rpet ecuador, carpeta folder velvet rpet corporativo, oficina, regalo corporativo ecuador, merchandising quito, productos promocionales guayaquil, ks promocionales, artículos publicitarios"
libreta-velvet-rpet-10794,Libreta Velvet Rpet,Oficina,Libreta Velvet Rpet Personalizada | Ecuador,43,OK,1,82,Libreta Velvet Rpet personalizada en poliéster reciclado. Perfecta para promocionar tu marca en Ecuador. Cotiza ahora con nosotros.,131,OK,1,1,1.00,false,"libreta velvet rpet, libreta velvet rpet personalizado, libreta velvet rpet promocional, libreta velvet rpet con logo, libreta velvet rpet ecuador, libreta velvet rpet corporativo, oficina, regalo corporativo ecuador, merchandising quito, productos promocionales guayaquil, ks promocionales, artículos publicitarios"
resaltador-relaxy-10838,Resaltador Relaxy,Oficina,Resaltador Relaxy Personalizado | Ecuador,41,OK,1,614,Resaltador Relaxy personalizado para oficinas en Ecuador. Ideal para documentos importantes. ¡Cotiza ahora y destaca lo que importa!,132,OK,1,1,1.00,false,"resaltador relaxy, resaltador relaxy personalizado, resaltador relaxy promocional, resaltador relaxy con logo, resaltador relaxy ecuador, resaltador relaxy corporativo, oficina, regalo corporativo ecuador, merchandising quito, productos promocionales guayaquil, ks promocionales, artículos publicitarios"
portaboligrafos-konstantin-bamboo-10986,Portabolígrafos Konstantin Bamboo,Oficina,Konstantin Bamboo: Portabolígrafos Personalizado Ecuador,56,OK,1,1,"Portabolígrafos de bambú ecológico, personalizable para tu marca en Ecuador. Cotiza hoy mismo y eleva tu imagen corporativa.",124,OK,1,1,1.00,false,"portabolígrafos konstantin bamboo, portabolígrafos konstantin bamboo personalizado, portabolígrafos konstantin bamboo promocional, portabolígrafos konstantin bamboo con logo, portabolígrafos konstantin bamboo ecuador, portabolígrafos konstantin bamboo corporativo, oficina, regalo corporativo ecuador, merchandising quito, productos promocionales guayaquil, ks promocionales, artículos publicitarios"
calendario-perpetuo-loic-bamboo-10987,Calendario Perpetuo Loic Bamboo,Oficina,Calendario Perpetuo Loic Bamboo Personalizado Ecuador,53,OK,1,59,Calendario Perpetuo Loic Bamboo personalizado para tu marca. Ideal para oficina en Ecuador. Cotiza ahora tu promocional ecológico.,130,OK,1,1,1.00,false,"calendario perpetuo loic bamboo, calendario perpetuo loic bamboo personalizado, calendario perpetuo loic bamboo promocional, calendario perpetuo loic bamboo con logo, calendario perpetuo loic bamboo ecuador, calendario perpetuo loic bamboo corporativo, oficina, regalo corporativo ecuador, merchandising quito, productos promocionales guayaquil, ks promocionales, artículos publicitarios"
set-romain-urban-business-10992,Set Romain Urban Business,Oficina,Set Romain Urban Business Personalizado | Ecuador,49,OK,1,614,Set Romain Urban Business personalizado para tu oficina en Ecuador. Promocional corporativo de calidad. ¡Cotiza ahora con nosotros!,131,OK,1,1,1.00,false,"set romain urban business, set romain urban business personalizado, set romain urban business promocional, set romain urban business con logo, set romain urban business ecuador, set romain urban business corporativo, oficina, regalo corporativo ecuador, merchandising quito, productos promocionales guayaquil, ks promocionales, artículos publicitarios"
libreta-saskia-urban-business-10994,Libreta Saskia Urban Business,Oficina,Libreta Saskia Urban Business Personalizada | Ecuador,53,OK,1,82,Libreta Saskia Urban Business personalizada para empresas en Ecuador. Cotiza tu obsequio corporativo de calidad premium ahora.,126,OK,1,1,1.00,false,"libreta saskia urban business, libreta saskia urban business personalizado, libreta saskia urban business promocional, libreta saskia urban business con logo, libreta saskia urban business ecuador, libreta saskia urban business corporativo, oficina, regalo corporativo ecuador, merchandising quito, productos promocionales guayaquil, ks promocionales, artículos publicitarios"
borrador-school-10999,Borrador School,Oficina,Borrador School Personalizado | Ecuador,39,OK,1,614,Borrador School personalizado con tu logo. Herramienta de branding para oficina. Cotiza ahora en Ecuador con descuentos especiales.,131,OK,1,1,1.00,false,"borrador school, borrador school personalizado, borrador school promocional, borrador school con logo, borrador school ecuador, borrador school corporativo, oficina, regalo corporativo ecuador, merchandising quito, productos promocionales guayaquil, ks promocionales, artículos publicitarios"
set-cyrus-eco-11006,Set Cyrus Eco,Oficina,Set Cyrus Eco Personalizado | Ecuador,37,OK,1,614,Set Cyrus Eco personalizado con logo para oficina. Bolígrafos y marcatextos promocionales. Cotiza tu pedido en Ecuador hoy.,123,OK,1,1,1.00,false,"set cyrus eco, set cyrus eco personalizado, set cyrus eco promocional, set cyrus eco con logo, set cyrus eco ecuador, set cyrus eco corporativo, oficina, regalo corporativo ecuador, merchandising quito, productos promocionales guayaquil, ks promocionales, artículos publicitarios"
set-de-escritorio-lynx-eco-11011,Set de Escritorio Lynx Eco,Oficina,Set de Escritorio Lynx Eco Personalizado | Ecuador,50,OK,1,614,Set de Escritorio Lynx Eco personalizado para tu marca. Funcionalidad y estilo en Quito y Guayaquil. Cotiza ahora y sorprende a tus clientes.,141,OK,1,1,1.00,false,"set de escritorio lynx eco, set de escritorio lynx eco personalizado, set de escritorio lynx eco promocional, set de escritorio lynx eco con logo, set de escritorio lynx eco ecuador, set de escritorio lynx eco corporativo, oficina, regalo corporativo ecuador, merchandising quito, productos promocionales guayaquil, ks promocionales, artículos publicitarios"
set-de-resaltadores-perseus-11016,Set de Resaltadores Perseus,Oficina,Set de Resaltadores Perseus Personalizado | Ecuador,51,OK,1,614,Set de Resaltadores Perseus personalizado para tu empresa en Ecuador. Ideal para oficinas corporativas. ¡Cotiza ahora y mejora la productividad!,144,OK,1,1,1.00,false,"set de resaltadores perseus, set de resaltadores perseus personalizado, set de resaltadores perseus promocional, set de resaltadores perseus con logo, set de resaltadores perseus ecuador, set de resaltadores perseus corporativo, oficina, regalo corporativo ecuador, merchandising quito, productos promocionales guayaquil, ks promocionales, artículos publicitarios"
set-de-reglas-metalicas-11021,Set de Reglas Metálicas,Oficina,Set de Reglas Metálicas Personalizado | Ecuador,47,OK,1,614,Set de reglas metálicas personalizadas con tu logo. Perfecta herramienta promocional para oficina. Cotiza ahora en Ecuador.,123,OK,1,1,1.00,false,"set de reglas metálicas, set de reglas metálicas personalizado, set de reglas metálicas promocional, set de reglas metálicas con logo, set de reglas metálicas ecuador, set de reglas metálicas corporativo, oficina, regalo corporativo ecuador, merchandising quito, productos promocionales guayaquil, ks promocionales, artículos publicitarios"
resaltador-round-eco-11029,Resaltador Round Eco,Oficina,Resaltador Round Eco Personalizado | Ecuador,44,OK,1,614,Resaltador Round Eco personalizado para tu empresa. Diseño ergonómico ecológico. Cotiza ahora en Ecuador con KS Promocionales.,126,OK,1,1,1.00,false,"resaltador round eco, resaltador round eco personalizado, resaltador round eco promocional, resaltador round eco con logo, resaltador round eco ecuador, resaltador round eco corporativo, oficina, regalo corporativo ecuador, merchandising quito, productos promocionales guayaquil, ks promocionales, artículos publicitarios"
libreta-bamboo-eco-cover-11032,Libreta Bamboo Eco Cover,Oficina,Libreta Bamboo Eco Cover Personalizado | Ecuador,48,OK,1,614,Personaliza tu Libreta Bamboo Eco Cover para tu marca. Ideal para empresas en Ecuador. Solicita tu cotización y destaca hoy.,124,OK,1,1,1.00,false,"libreta bamboo eco cover, libreta bamboo eco cover personalizado, libreta bamboo eco cover promocional, libreta bamboo eco cover con logo, libreta bamboo eco cover ecuador, libreta bamboo eco cover corporativo, oficina, regalo corporativo ecuador, merchandising quito, productos promocionales guayaquil, ks promocionales, artículos publicitarios"
set-aquarius-10783,Set Aquarius,Oficina,Set Aquarius Personalizado | Ecuador,36,OK,1,614,Set Aquarius personalizado para oficinas en Ecuador. Refuerza tu marca con bolígrafos y libretas. Cotiza ahora con nosotros.,124,OK,1,1,1.00,false,"set aquarius, set aquarius personalizado, set aquarius promocional, set aquarius con logo, set aquarius ecuador, set aquarius corporativo, oficina, regalo corporativo ecuador, merchandising quito, productos promocionales guayaquil, ks promocionales, artículos publicitarios"
libreta-albus-10784,Libreta Albus,Oficina,Libreta Albus Personalizada | Ecuador,37,OK,1,82,Libreta Albus personalizada para tu empresa. Ideal para reuniones y presentaciones. Cotiza ahora en Ecuador.,108,OK,1,1,1.00,false,"libreta albus, libreta albus personalizado, libreta albus promocional, libreta albus con logo, libreta albus ecuador, libreta albus corporativo, oficina, regalo corporativo ecuador, merchandising quito, productos promocionales guayaquil, ks promocionales, artículos publicitarios"
regla-con-aluminio-30cm-11051,Regla Con Aluminio 30cm,Oficina,Regla Con Aluminio 30cm Personalizado | Ecuador,47,OK,1,614,Regla de aluminio 30cm personalizable para oficina. Cotiza tu marca en Ecuador. Perfecta para regalos promocionales empresariales.,130,OK,1,1,1.00,false,"regla con aluminio 30cm, regla con aluminio 30cm personalizado, regla con aluminio 30cm promocional, regla con aluminio 30cm con logo, regla con aluminio 30cm ecuador, regla con aluminio 30cm corporativo, oficina, regalo corporativo ecuador, merchandising quito, productos promocionales guayaquil, ks promocionales, artículos publicitarios"
libreta-folke-eco-11060,Libreta Folke Eco,Oficina,Libreta Folke Eco Personalizada | Ecuador,41,OK,1,82,Personaliza tu Libreta Folke Eco para marketing en Ecuador. Mantén tu marca presente. ¡Solicita tu cotización ahora!,116,OK,1,1,1.00,false,"libreta folke eco, libreta folke eco personalizado, libreta folke eco promocional, libreta folke eco con logo, libreta folke eco ecuador, libreta folke eco corporativo, oficina, regalo corporativo ecuador, merchandising quito, productos promocionales guayaquil, ks promocionales, artículos publicitarios"
set-carlson-eco-11064,Set Carlson Eco,Oficina,Set Carlson Eco Personalizado | Ecuador,39,OK,1,614,Set Carlson Eco sustentable para regalos corporativos. Personaliza tu marca en Ecuador. Cotiza ahora con KS Promocionales.,122,OK,1,1,1.00,false,"set carlson eco, set carlson eco personalizado, set carlson eco promocional, set carlson eco con logo, set carlson eco ecuador, set carlson eco corporativo, oficina, regalo corporativo ecuador, merchandising quito, productos promocionales guayaquil, ks promocionales, artículos publicitarios"
libreta-hakan-eco-11065,Libreta Hakan Eco,Oficina,Libreta Hakan Eco Personalizada | Ecuador,41,OK,1,82,Libreta Hakan Eco personalizada con tu logo. Ideal para promocionar tu marca en Ecuador. Cotiza ahora y sorprende a tus clientes.,129,OK,1,1,1.00,false,"libreta hakan eco, libreta hakan eco personalizado, libreta hakan eco promocional, libreta hakan eco con logo, libreta hakan eco ecuador, libreta hakan eco corporativo, oficina, regalo corporativo ecuador, merchandising quito, productos promocionales guayaquil, ks promocionales, artículos publicitarios"
set-de-escritorio-rolf-eco-11071,Set de Escritorio Rolf Eco,Oficina,Set de Escritorio Rolf Eco Personalizado | Ecuador,50,OK,1,614,Fortalece tu marca en Ecuador con el Set de Escritorio Rolf Eco. Personalízalo con tu logo y deja una impresión duradera. ¡Cotiza ahora!,136,OK,1,1,1.00,false,"set de escritorio rolf eco, set de escritorio rolf eco personalizado, set de escritorio rolf eco promocional, set de escritorio rolf eco con logo, set de escritorio rolf eco ecuador, set de escritorio rolf eco corporativo, oficina, regalo corporativo ecuador, merchandising quito, productos promocionales guayaquil, ks promocionales, artículos publicitarios"
set-flok-urban-business-10901,Set Flok Urban Business,Oficina,Set Flok Urban Business Personalizado | Ecuador,47,OK,1,614,Eleva tu marca con el Set Flok Urban Business personalizado. Ideal para equipos en Ecuador. Cotiza hoy tu kit de bienvenida corporativo.,136,OK,1,1,1.00,false,"set flok urban business, set flok urban business personalizado, set flok urban business promocional, set flok urban business con logo, set flok urban business ecuador, set flok urban business corporativo, oficina, regalo corporativo ecuador, merchandising quito, productos promocionales guayaquil, ks promocionales, artículos publicitarios"
set-henrik-urban-business-10902,Set Henrik Urban Business,Oficina,Set Henrik Urban Business Personalizado | Ecuador,49,OK,1,614,Set Henrik Urban Business personalizado para oficina. Ideal para regalos corporativos. Cotiza ahora en Ecuador con KS Promocionales.,132,OK,1,1,1.00,false,"set henrik urban business, set henrik urban business personalizado, set henrik urban business promocional, set henrik urban business con logo, set henrik urban business ecuador, set henrik urban business corporativo, oficina, regalo corporativo ecuador, merchandising quito, productos promocionales guayaquil, ks promocionales, artículos publicitarios"
libreta-klaus-urban-business-10903,Libreta Klaus Urban Business,Oficina,Libreta Klaus Urban Business Personalizada | Ecuador,52,OK,1,82,Libreta Klaus Urban Business personalizada para ejecutivos. Diseño contemporáneo y calidad premium. Cotiza tu pedido en Ecuador ahora.,134,OK,1,1,1.00,false,"libreta klaus urban business, libreta klaus urban business personalizado, libreta klaus urban business promocional, libreta klaus urban business con logo, libreta klaus urban business ecuador, libreta klaus urban business corporativo, oficina, regalo corporativo ecuador, merchandising quito, productos promocionales guayaquil, ks promocionales, artículos publicitarios"
memo-stickies-house-10881,Memo Stickies House,Oficina,Memo Stickies House Personalizado | Ecuador,43,OK,1,614,Notas adhesivas personalizadas con forma de casa para tu oficina. Ideales para recordatorios visuales. Cotiza tus Memo Stickies House en Ecuador.,145,OK,1,1,1.00,false,"memo stickies house, memo stickies house personalizado, memo stickies house promocional, memo stickies house con logo, memo stickies house ecuador, memo stickies house corporativo, oficina, regalo corporativo ecuador, merchandising quito, productos promocionales guayaquil, ks promocionales, artículos publicitarios"
libreta-astralis-rpet-11094,Libreta Astralis Rpet,Oficina,Libreta Astralis Rpet Personalizado Ecuador,43,OK,1,59,Libreta Astralis Rpet personalizada para tu marca. Ideal para ejecutivos y eventos. Cotiza ahora en Ecuador con KS Promocionales.,129,OK,1,1,1.00,false,"libreta astralis rpet, libreta astralis rpet personalizado, libreta astralis rpet promocional, libreta astralis rpet con logo, libreta astralis rpet ecuador, libreta astralis rpet corporativo, oficina, regalo corporativo ecuador, merchandising quito, productos promocionales guayaquil, ks promocionales, artículos publicitarios"
pila-recargable-goliath-5000mah-10639,Pila Recargable Goliath 5000mah,Tecnología,Pila Recargable Goliath 5000mah | Ecuador,41,OK,1,52,Pila Recargable Goliath 5000mAh personalizada para empresas. Cotiza ahora en Ecuador. Ideal para regalos corporativos y promocionales.,134,OK,1,1,1.00,false,"pila recargable goliath 5000mah, pila recargable goliath 5000mah personalizado, pila recargable goliath 5000mah promocional, pila recargable goliath 5000mah con logo, pila recargable goliath 5000mah ecuador, pila recargable goliath 5000mah corporativo, oficina, regalo corporativo ecuador, merchandising quito, productos promocionales guayaquil, ks promocionales, artículos publicitarios"
mouse-pad-rpet-urban-business-10790,Mouse Pad Rpet Urban Business,Oficina,Mouse Pad Rpet Urban Business Personalizado | Ecuador,53,OK,1,614,Mouse Pad Rpet Urban Business personalizado para tu marca. Ideal para oficina corporativa en Ecuador. Cotiza ahora tu diseño único.,131,OK,1,1,1.00,false,"mouse pad rpet urban business, mouse pad rpet urban business personalizado, mouse pad rpet urban business promocional, mouse pad rpet urban business con logo, mouse pad rpet urban business ecuador, mouse pad rpet urban business corporativo, oficina, regalo corporativo ecuador, merchandising quito, productos promocionales guayaquil, ks promocionales, artículos publicitarios"
puerto-usb-orion-eco-11014,Puerto Usb Orion Eco,Tecnología,Puerto USB Orion Eco Personalizado | Ecuador,44,OK,1,614,Puerto USB Orion Eco personalizado para tu marca. Ideal para oficinas en Ecuador. Cotiza ahora y destaca tu negocio con tecnología promocional.,143,OK,1,1,1.00,false,"puerto usb orion eco, puerto usb orion eco personalizado, puerto usb orion eco promocional, puerto usb orion eco con logo, puerto usb orion eco ecuador, puerto usb orion eco corporativo, oficina, regalo corporativo ecuador, merchandising quito, productos promocionales guayaquil, ks promocionales, artículos publicitarios"
mouse-pad-organizer-eco-11015,Mouse Pad Organizer Eco,Tecnología,Mouse Pad Organizer Eco Personalizado | Ecuador,47,OK,1,614,Mouse Pad Organizer Eco personalizado para tu oficina. Organiza cables y accesorios. Cotiza ahora en Ecuador con KS Promocionales.,130,OK,1,1,1.00,false,"mouse pad organizer eco, mouse pad organizer eco personalizado, mouse pad organizer eco promocional, mouse pad organizer eco con logo, mouse pad organizer eco ecuador, mouse pad organizer eco corporativo, oficina, regalo corporativo ecuador, merchandising quito, productos promocionales guayaquil, ks promocionales, artículos publicitarios"
set-de-mouse-pad-y-mouse-11018,Set de Mouse Pad y Mouse,Tecnología,Set Mouse Pad y Mouse Personalizado | Ecuador,45,OK,1,1,Personaliza tu set de mouse pad y mouse para empresa. Impulsa tu marca en Ecuador. ¡Cotiza hoy mismo tus productos tecnológicos promocionales!,142,OK,1,1,1.00,false,"set de mouse pad y mouse, set de mouse pad y mouse personalizado, set de mouse pad y mouse promocional, set de mouse pad y mouse con logo, set de mouse pad y mouse ecuador, set de mouse pad y mouse corporativo, oficina, regalo corporativo ecuador, merchandising quito, productos promocionales guayaquil, ks promocionales, artículos publicitarios"
cargador-inalambrico-sabik-eco-11020,Cargador Inalámbrico Sabik Eco,Tecnología,Cargador Inalámbrico Sabik Eco Personalizado Ecuador,52,OK,1,59,Cargador inalámbrico Sabik Eco personalizado para tu marca. Cotiza hoy en Ecuador. Ideal para regalos corporativos y promocionales.,131,OK,1,1,1.00,false,"cargador inalámbrico sabik eco, cargador inalámbrico sabik eco personalizado, cargador inalámbrico sabik eco promocional, cargador inalámbrico sabik eco con logo, cargador inalámbrico sabik eco ecuador, cargador inalámbrico sabik eco corporativo, oficina, regalo corporativo ecuador, merchandising quito, productos promocionales guayaquil, ks promocionales, artículos publicitarios"
organizador-de-cables-flex-11028,Organizador de Cables Flex,Tecnología,Organizador de Cables Flex | Promocionales Ecuador,50,OK,1,5,Personaliza tu Organizador de Cables Flex en Ecuador. Promociona tu marca con este útil gadget tecnológico. ¡Cotiza ahora y optimiza tu espacio!,144,OK,1,1,1.00,false,"organizador de cables flex, organizador de cables flex personalizado, organizador de cables flex promocional, organizador de cables flex con logo, organizador de cables flex ecuador, organizador de cables flex corporativo, oficina, regalo corporativo ecuador, merchandising quito, productos promocionales guayaquil, ks promocionales, artículos publicitarios"
mouse-pad-cork-10394,Mouse Pad Cork,Oficina,Mouse Pad Cork Personalizado | Ecuador,38,OK,1,614,Mouse pad de corcho personalizado para tu marca. Sostenible y profesional. Cotiza ahora en Ecuador.,99,OK,1,1,1.00,false,"mouse pad cork, mouse pad cork personalizado, mouse pad cork promocional, mouse pad cork con logo, mouse pad cork ecuador, mouse pad cork corporativo, oficina, regalo corporativo ecuador, merchandising quito, productos promocionales guayaquil, ks promocionales, artículos publicitarios"
estacion-de-trabajo-rpet-urban-business-10796,Estación de Trabajo Rpet Urban Business,Oficina,Estación de Trabajo Rpet Urban Business | Ecuador,49,OK,1,52,Estación de Trabajo Rpet Urban Business personalizada para tu marca. Disponible en Ecuador. Cotiza ahora tu regalo corporativo.,127,OK,1,1,1.00,false,"estación de trabajo rpet urban business, estación de trabajo rpet urban business personalizado, estación de trabajo rpet urban business promocional, estación de trabajo rpet urban business con logo, estación de trabajo rpet urban business ecuador, estación de trabajo rpet urban business corporativo, oficina, regalo corporativo ecuador, merchandising quito, productos promocionales guayaquil, ks promocionales, artículos publicitarios"
boligrafo-ventura-clean-set-10840,Bolígrafo Ventura Clean Set,Oficina,Bolígrafo Ventura Clean Set Personalizado | Ecuador,51,OK,1,614,Personaliza el Bolígrafo Ventura Clean Set para tu marca. Ideal para promoción en Ecuador. Cotiza hoy mismo tu obsequio corporativo.,132,OK,1,1,1.00,false,"bolígrafo ventura clean set, bolígrafo ventura clean set personalizado, bolígrafo ventura clean set promocional, bolígrafo ventura clean set con logo, bolígrafo ventura clean set ecuador, bolígrafo ventura clean set corporativo, oficina, regalo corporativo ecuador, merchandising quito, productos promocionales guayaquil, ks promocionales, artículos publicitarios"
set-harley-10107,Set Harley,Artículos de Escritura,Set Harley: Regalo Promocional de Escritura en Ecuador,54,OK,1,1,Personaliza tu Set Harley de escritura en Ecuador. Ideal para marketing y RRHH. ¡Cotiza ahora y deja una huella duradera!,121,OK,1,1,1.00,false,"set harley, set harley personalizado, set harley promocional, set harley con logo, set harley ecuador, set harley corporativo, oficina, regalo corporativo ecuador, merchandising quito, productos promocionales guayaquil, ks promocionales, artículos publicitarios"
resaltador-raff-rpet-10109,Resaltador Raff Rpet,Artículos de Escritura,Resaltador Raff Rpet Personalizado | Ecuador,44,OK,1,614,Resaltador Raff Rpet personalizado para empresas en Ecuador. Ideal para destacar información importante. ¡Cotiza tu pedido hoy!,127,OK,1,1,1.00,false,"resaltador raff rpet, resaltador raff rpet personalizado, resaltador raff rpet promocional, resaltador raff rpet con logo, resaltador raff rpet ecuador, resaltador raff rpet corporativo, oficina, regalo corporativo ecuador, merchandising quito, productos promocionales guayaquil, ks promocionales, artículos publicitarios"
libreta-scorpius-rpet-10271,Libreta Scorpius Rpet,Oficina,Libreta Scorpius Rpet Personalizada | Ecuador,45,OK,1,82,Libreta Scorpius Rpet personalizable para tu marca en Ecuador. Un detalle corporativo que potencia tu imagen. ¡Cotiza ahora!,124,OK,1,1,1.00,false,"libreta scorpius rpet, libreta scorpius rpet personalizado, libreta scorpius rpet promocional, libreta scorpius rpet con logo, libreta scorpius rpet ecuador, libreta scorpius rpet corporativo, oficina, regalo corporativo ecuador, merchandising quito, productos promocionales guayaquil, ks promocionales, artículos publicitarios"
libreta-atlas-rpet-10272,Libreta Atlas Rpet,Tecnología,Libreta Atlas Rpet Personalizada | Promocionales Ecuador,56,OK,1,21,Libretas Atlas Rpet personalizadas para tu marca en Ecuador. Diseño ecológico y gran impacto. Cotiza ahora tu merchandising corporativo.,136,OK,1,1,1.00,false,"libreta atlas rpet, libreta atlas rpet personalizado, libreta atlas rpet promocional, libreta atlas rpet con logo, libreta atlas rpet ecuador, libreta atlas rpet corporativo, oficina, regalo corporativo ecuador, merchandising quito, productos promocionales guayaquil, ks promocionales, artículos publicitarios"
lacol-cubre-camara-9896,Lacol Cubre Camara,Tecnología,Lacol Cubre Cámara Personalizado | Ecuador,42,OK,1,1,Protege la privacidad de tus clientes con el Lacol Cubre Cámara personalizado. Ideal para empresas en Ecuador. ¡Cotiza hoy mismo!,129,OK,1,1,1.00,false,"lacol cubre camara, lacol cubre camara personalizado, lacol cubre camara promocional, lacol cubre camara con logo, lacol cubre camara ecuador, lacol cubre camara corporativo, oficina, regalo corporativo ecuador, merchandising quito, productos promocionales guayaquil, ks promocionales, artículos publicitarios"
mouse-pad-minet-9900,Mouse Pad Minet,Oficina,Mouse Pad Minet Personalizado | Promocionales en Ecuador,56,OK,1,5,Personaliza tu Mouse Pad Minet con tu logo. Refuerza tu marca en Ecuador. Cotiza hoy tu pedido y destaca en cada escritorio.,124,OK,1,1,1.00,false,"mouse pad minet, mouse pad minet personalizado, mouse pad minet promocional, mouse pad minet con logo, mouse pad minet ecuador, mouse pad minet corporativo, oficina, regalo corporativo ecuador, merchandising quito, productos promocionales guayaquil, ks promocionales, artículos publicitarios"
mini-libreta-duo-produccion-nacional-ver-ref-bolian-6051,Mini Libreta Duo - Producción Nacional (ver Ref Bolian),Producción Nacional,Mini Libreta Duo Personalizada | Ecuador,40,OK,1,1,Personaliza tu Mini Libreta Duo de producción nacional para tu marca en Ecuador. Un detalle estratégico. ¡Cotiza ahora y destaca!,129,OK,1,1,0.33,true,"mini libreta duo - producción nacional (ver ref bolian), mini libreta duo - producción nacional (ver ref bolian) personalizado, mini libreta duo - producción nacional (ver ref bolian) promocional, mini libreta duo - producción nacional (ver ref bolian) con logo, mini libreta duo - producción nacional (ver ref bolian) ecuador, mini libreta duo - producción nacional (ver ref bolian) corporativo, oficina, regalo corporativo ecuador, merchandising quito, productos promocionales guayaquil, ks promocionales, artículos publicitarios"
set-de-resaltadores-de-cera-trio-6524,Set de Resaltadores de Cera Trio,Artículos de Escritura,Set de Resaltadores de Cera Trio Personalizado | Ecuador,56,OK,1,614,Impulsa tu marca en Ecuador con resaltadores de cera personalizados. Ideal para regalos corporativos. ¡Cotiza ahora y destaca!,126,OK,1,1,1.00,false,"set de resaltadores de cera trio, set de resaltadores de cera trio personalizado, set de resaltadores de cera trio promocional, set de resaltadores de cera trio con logo, set de resaltadores de cera trio ecuador, set de resaltadores de cera trio corporativo, oficina, regalo corporativo ecuador, merchandising quito, productos promocionales guayaquil, ks promocionales, artículos publicitarios"
resaltador-magico-en-cera-mega-5152,Resaltador Mágico en Cera Mega,Artículos de Escritura,Resaltador Mágico Cera Mega Personalizado | Ecuador,51,OK,1,1,Impulsa tu marca con resaltadores mágicos personalizados. Apoya la productividad de tus clientes en Ecuador. ¡Cotiza hoy!,121,OK,1,1,1.00,false,"resaltador mágico en cera mega, resaltador mágico en cera mega personalizado, resaltador mágico en cera mega promocional, resaltador mágico en cera mega con logo, resaltador mágico en cera mega ecuador, resaltador mágico en cera mega corporativo, oficina, regalo corporativo ecuador, merchandising quito, productos promocionales guayaquil, ks promocionales, artículos publicitarios"
estuche-para-resaltador-magico-mega-5154,Estuche Para Resaltador Mágico Mega,Artículos de Escritura,Estuche Resaltador Mágico Mega Personalizado Ecuador,52,OK,1,1,Estuche para resaltador mágico personalizado para tu empresa en Ecuador. Cotiza ahora y destaca en tus presentaciones con calidad premium.,138,OK,1,1,0.80,false,"estuche para resaltador mágico mega, estuche para resaltador mágico mega personalizado, estuche para resaltador mágico mega promocional, estuche para resaltador mágico mega con logo, estuche para resaltador mágico mega ecuador, estuche para resaltador mágico mega corporativo, oficina, regalo corporativo ecuador, merchandising quito, productos promocionales guayaquil, ks promocionales, artículos publicitarios"
set-mini-resaltador-de-tinta-6594,Set Mini Resaltador de Tinta,Artículos de Escritura,Set Mini Resaltador de Tinta Personalizado | Ecuador,52,OK,1,614,Personaliza sets mini resaltadores en Ecuador para tu marca. Herramienta corporativa ideal. ¡Cotiza ahora!,106,OK,1,1,1.00,false,"set mini resaltador de tinta, set mini resaltador de tinta personalizado, set mini resaltador de tinta promocional, set mini resaltador de tinta con logo, set mini resaltador de tinta ecuador, set mini resaltador de tinta corporativo, oficina, regalo corporativo ecuador, merchandising quito, productos promocionales guayaquil, ks promocionales, artículos publicitarios"
estuche-rectangular-para-of-376-5886,Estuche Rectangular Para Of-376,Artículos de Escritura,Estuche Rectangular Of-376 Personalizado | Ecuador,50,OK,1,1,Impacta con tu marca. Personaliza el estuche rectangular Of-376 para bolígrafos en Ecuador. Solicita tu cotización hoy mismo.,125,OK,1,1,0.75,false,"estuche rectangular para of-376, estuche rectangular para of-376 personalizado, estuche rectangular para of-376 promocional, estuche rectangular para of-376 con logo, estuche rectangular para of-376 ecuador, estuche rectangular para of-376 corporativo, oficina, regalo corporativo ecuador, merchandising quito, productos promocionales guayaquil, ks promocionales, artículos publicitarios"
estuche-jar-para-of-376-y-of-19-5885,Estuche Jar Para Of-376 y Of-19,Artículos de Escritura,Estuche Jar Para Of-376 y Of-19 Personalizado | Ecuador,55,OK,1,614,Realza tu marca con el estuche Jar OF-376 y OF-19 personalizado. Perfectos para regalos corporativos en Ecuador. ¡Cotiza hoy!,125,OK,1,1,1.00,false,"estuche jar para of-376 y of-19, estuche jar para of-376 y of-19 personalizado, estuche jar para of-376 y of-19 promocional, estuche jar para of-376 y of-19 con logo, estuche jar para of-376 y of-19 ecuador, estuche jar para of-376 y of-19 corporativo, oficina, regalo corporativo ecuador, merchandising quito, productos promocionales guayaquil, ks promocionales, artículos publicitarios"
set-resaltador-fingers-6707,Set Resaltador Fingers,Artículos de Escritura,Set Resaltador Fingers Personalizado | Ecuador,46,OK,1,614,Personaliza el Set Resaltador Fingers para tu marca. Ideal para eventos y oficinas en Ecuador. ¡Cotiza ahora y refuerza tu imagen!,130,OK,1,1,1.00,false,"set resaltador fingers, set resaltador fingers personalizado, set resaltador fingers promocional, set resaltador fingers con logo, set resaltador fingers ecuador, set resaltador fingers corporativo, oficina, regalo corporativo ecuador, merchandising quito, productos promocionales guayaquil, ks promocionales, artículos publicitarios"
marcador-borrable-3999,Marcador Borrable,Oficina,Marcador Borrable Personalizado | Ecuador,41,OK,1,614,Marcador borrable personalizado con tu logo para oficina. Ideal para pizarras blancas. Cotiza hoy en Ecuador.,109,OK,1,1,1.00,false,"marcador borrable, marcador borrable personalizado, marcador borrable promocional, marcador borrable con logo, marcador borrable ecuador, marcador borrable corporativo, oficina, regalo corporativo ecuador, merchandising quito, productos promocionales guayaquil, ks promocionales, artículos publicitarios"
estuche-para-4-resaltadores-en-cera-adam-7493,Estuche Para 4 Resaltadores en Cera Adam,Artículos de Escritura,Estuche 4 Resaltadores Cera Adam Personalizado Ecuador,54,OK,1,1,Estuche para 4 resaltadores en cera Adam personalizado. Perfecta para oficinas en Ecuador. Cotiza tu pedido hoy mismo.,118,OK,1,1,0.80,false,"estuche para 4 resaltadores en cera adam, estuche para 4 resaltadores en cera adam personalizado, estuche para 4 resaltadores en cera adam promocional, estuche para 4 resaltadores en cera adam con logo, estuche para 4 resaltadores en cera adam ecuador, estuche para 4 resaltadores en cera adam corporativo, oficina, regalo corporativo ecuador, merchandising quito, productos promocionales guayaquil, ks promocionales, artículos publicitarios"
libreta-newton-7485,Libreta Newton,Oficina,Libreta Newton Personalizada | Ecuador,38,OK,1,82,Libreta Newton personalizada para empresas en Ecuador. Captura ideas con estilo. Cotiza tu pedido de libretas promocionales hoy.,128,OK,1,1,1.00,false,"libreta newton, libreta newton personalizado, libreta newton promocional, libreta newton con logo, libreta newton ecuador, libreta newton corporativo, oficina, regalo corporativo ecuador, merchandising quito, productos promocionales guayaquil, ks promocionales, artículos publicitarios"
mini-libreta-soker-7748,Mini Libreta Soker,Oficina,Mini Libreta Soker Personalizada | Ecuador,42,OK,1,82,Mini Libreta Soker personalizada para tu empresa. Ideal para captar ideas en cualquier momento. Cotiza ahora en Ecuador.,120,OK,1,1,1.00,false,"mini libreta soker, mini libreta soker personalizado, mini libreta soker promocional, mini libreta soker con logo, mini libreta soker ecuador, mini libreta soker corporativo, oficina, regalo corporativo ecuador, merchandising quito, productos promocionales guayaquil, ks promocionales, artículos publicitarios"
libreta-cedric-oferta-8474,Libreta Cedric - Oferta,Oficina,Libreta Cedric Oferta Personalizada | Ecuador,45,OK,1,1,Personaliza la Libreta Cedric en Ecuador para tu marca. Un embajador tangible. Solicita tu cotización hoy mismo.,112,OK,1,1,1.00,false,"libreta cedric - oferta, libreta cedric - oferta personalizado, libreta cedric - oferta promocional, libreta cedric - oferta con logo, libreta cedric - oferta ecuador, libreta cedric - oferta corporativo, oficina, regalo corporativo ecuador, merchandising quito, productos promocionales guayaquil, ks promocionales, artículos publicitarios"
mini-libreta-niccolo-8640,Mini Libreta Níccolo,Oficina,Mini Libreta Níccolo Personalizada | Ecuador,44,OK,1,82,Mini Libreta Níccolo personalizada para ejecutivos. Refuerza tu marca en reuniones y notas. Cotiza ahora en Ecuador.,116,OK,1,1,1.00,false,"mini libreta níccolo, mini libreta níccolo personalizado, mini libreta níccolo promocional, mini libreta níccolo con logo, mini libreta níccolo ecuador, mini libreta níccolo corporativo, oficina, regalo corporativo ecuador, merchandising quito, productos promocionales guayaquil, ks promocionales, artículos publicitarios"
mini-libreta-neon-ii-8739,Mini Libreta Neón ii,Oficina,Mini Libreta Neón ii Personalizada | Ecuador,44,OK,1,82,Impulsa tu marca con la Mini Libreta Neón ii personalizada. Perfecta para regalos corporativos en Ecuador. ¡Cotiza ahora y destaca!,131,OK,1,1,1.00,false,"mini libreta neón ii, mini libreta neón ii personalizado, mini libreta neón ii promocional, mini libreta neón ii con logo, mini libreta neón ii ecuador, mini libreta neón ii corporativo, oficina, regalo corporativo ecuador, merchandising quito, productos promocionales guayaquil, ks promocionales, artículos publicitarios"
estuche-metalico-avalon-8400,Estuche Metalico Avalon,Oficina,Estuche Metálico Avalon Personalizado Ecuador,45,OK,1,1,Estuche metálico Avalon personalizado para empresas en Ecuador. Cotiza tu pedido y obtén detalles premium para tu marca corporativa.,132,OK,1,1,1.00,false,"estuche metalico avalon, estuche metalico avalon personalizado, estuche metalico avalon promocional, estuche metalico avalon con logo, estuche metalico avalon ecuador, estuche metalico avalon corporativo, oficina, regalo corporativo ecuador, merchandising quito, productos promocionales guayaquil, ks promocionales, artículos publicitarios"
libreta-british-9041,Libreta British,Oficina,Libreta British Personalizada | Ecuador,39,OK,1,82,Libretas British personalizables para empresas en Ecuador. Fortalece tu marca con elegancia. ¡Cotiza ahora tus cuadernos promocionales!,135,OK,1,1,1.00,false,"libreta british, libreta british personalizado, libreta british promocional, libreta british con logo, libreta british ecuador, libreta british corporativo, oficina, regalo corporativo ecuador, merchandising quito, productos promocionales guayaquil, ks promocionales, artículos publicitarios"
libreta-zipper-oferta-9062,Libreta Zipper Oferta,Oficina,Libreta Zipper Oferta Personalizada | Ecuador,45,OK,1,82,Libreta Zipper personalizada para oficina en Ecuador. Ideal para ideas y registros clave. ¡Cotiza tu diseño corporativo hoy!,124,OK,1,1,1.00,false,"libreta zipper oferta, libreta zipper oferta personalizado, libreta zipper oferta promocional, libreta zipper oferta con logo, libreta zipper oferta ecuador, libreta zipper oferta corporativo, oficina, regalo corporativo ecuador, merchandising quito, productos promocionales guayaquil, ks promocionales, artículos publicitarios"
buckingham-roller-9360,Buckingham Roller,Artículos de Escritura,Buckingham Roller Personalizado | Bolígrafos Premium Ecuador,60,OK,1,1,"Personaliza tu Buckingham Roller, un bolígrafo premium que deja huella. Cotiza ahora en Ecuador y eleva la imagen de tu marca.",126,OK,1,1,1.00,false,"buckingham roller, buckingham roller personalizado, buckingham roller promocional, buckingham roller con logo, buckingham roller ecuador, buckingham roller corporativo, oficina, regalo corporativo ecuador, merchandising quito, productos promocionales guayaquil, ks promocionales, artículos publicitarios"
cargador-inalambrico-portadocumentos-8908,Cargador Inalámbrico Portadocumentos,Tecnología,Cargador Inalámbrico Portadocumentos | Ecuador,46,OK,1,52,Cargador Inalámbrico Portadocumentos personalizado para empresas en Ecuador. Proyecta vanguardia con un obsequio corporativo único. ¡Cotiza ahora!,146,OK,1,1,1.00,false,"cargador inalámbrico portadocumentos, cargador inalámbrico portadocumentos personalizado, cargador inalámbrico portadocumentos promocional, cargador inalámbrico portadocumentos con logo, cargador inalámbrico portadocumentos ecuador, cargador inalámbrico portadocumentos corporativo, oficina, regalo corporativo ecuador, merchandising quito, productos promocionales guayaquil, ks promocionales, artículos publicitarios"
mouse-inalambrico-9105,Mouse Inalambrico,Tecnología,Mouse Inalámbrico Personalizado | Promocionales Ecuador,55,OK,1,1,Impulsa tu marca con un mouse inalámbrico personalizado. Ofrecemos opciones innovadoras para empresas en Ecuador. ¡Cotiza el tuyo hoy!,134,OK,1,1,1.00,false,"mouse inalambrico, mouse inalambrico personalizado, mouse inalambrico promocional, mouse inalambrico con logo, mouse inalambrico ecuador, mouse inalambrico corporativo, oficina, regalo corporativo ecuador, merchandising quito, productos promocionales guayaquil, ks promocionales, artículos publicitarios"
calentador-de-mugs-usb-9328,Calentador de Mugs Usb,Tecnología,Calentador de Mugs USB Personalizado | Ecuador,46,OK,1,614,Calentador de mugs USB personalizado para tu oficina. Mantén tus bebidas calientes. Cotiza ahora en Ecuador con KS Promocionales.,129,OK,1,1,1.00,false,"calentador de mugs usb, calentador de mugs usb personalizado, calentador de mugs usb promocional, calentador de mugs usb con logo, calentador de mugs usb ecuador, calentador de mugs usb corporativo, oficina, regalo corporativo ecuador, merchandising quito, productos promocionales guayaquil, ks promocionales, artículos publicitarios"
maui-9248,Maui,Artículos de Escritura,Bolígrafo Maui Personalizado | Promocionales Ecuador,52,OK,1,1,Personaliza tu bolígrafo Maui y potencia tu marca en Ecuador. ¡Cotiza ahora y destaca en cualquier evento promocional!,118,OK,1,1,1.00,false,"maui, maui personalizado, maui promocional, maui con logo, maui ecuador, maui corporativo, oficina, regalo corporativo ecuador, merchandising quito, productos promocionales guayaquil, ks promocionales, artículos publicitarios"
soporte-metalico-para-portatil-aluminium-ii-9868,Soporte Metálico Para Portátil Aluminium ii,Tecnología,Soporte Metálico Aluminium ii Personalizado | Ecuador,53,OK,1,1,Personaliza tu Soporte Metálico Aluminium ii para portátiles. Mejora la ergonomía y productividad en Ecuador. ¡Cotiza ahora!,124,OK,1,1,0.60,false,"soporte metálico para portátil aluminium ii, soporte metálico para portátil aluminium ii personalizado, soporte metálico para portátil aluminium ii promocional, soporte metálico para portátil aluminium ii con logo, soporte metálico para portátil aluminium ii ecuador, soporte metálico para portátil aluminium ii corporativo, oficina, regalo corporativo ecuador, merchandising quito, productos promocionales guayaquil, ks promocionales, artículos publicitarios"
buckingham-boligrafo-9881,Buckingham Bolígrafo,Artículos de Escritura,Buckingham Bolígrafo Personalizado | Ecuador,44,OK,1,614,Personaliza tu bolígrafo Buckingham con el logo de tu marca. Proyecta profesionalismo en Ecuador. ¡Cotiza hoy mismo!,116,OK,1,1,1.00,false,"buckingham bolígrafo, buckingham bolígrafo personalizado, buckingham bolígrafo promocional, buckingham bolígrafo con logo, buckingham bolígrafo ecuador, buckingham bolígrafo corporativo, oficina, regalo corporativo ecuador, merchandising quito, productos promocionales guayaquil, ks promocionales, artículos publicitarios"
cargador-inalambrico-para-moviles-flat-10w-9940,Cargador Inalámbrico Para Móviles Flat 10w,Tecnología,Cargador Inalámbrico Flat 10W Personalizado | Ecuador,53,OK,1,1,Cargador inalámbrico Flat 10W personalizado para tu marca. Disponible en Ecuador. Cotiza ahora y lleva tu logo a los bolsillos de tus clientes.,143,OK,1,1,0.60,false,"cargador inalámbrico para móviles flat 10w, cargador inalámbrico para móviles flat 10w personalizado, cargador inalámbrico para móviles flat 10w promocional, cargador inalámbrico para móviles flat 10w con logo, cargador inalámbrico para móviles flat 10w ecuador, cargador inalámbrico para móviles flat 10w corporativo, oficina, regalo corporativo ecuador, merchandising quito, productos promocionales guayaquil, ks promocionales, artículos publicitarios"
libreta-igor-100-hojas-10198,Libreta Igor 100 Hojas,Oficina,Libreta Igor 100 Hojas Personalizada | Ecuador,46,OK,1,82,Libreta Igor 100 hojas personalizable para profesionales. Ideal para ejecutivos y emprendedores. Cotiza tu pedido en Ecuador.,125,OK,1,1,1.00,false,"libreta igor 100 hojas, libreta igor 100 hojas personalizado, libreta igor 100 hojas promocional, libreta igor 100 hojas con logo, libreta igor 100 hojas ecuador, libreta igor 100 hojas corporativo, oficina, regalo corporativo ecuador, merchandising quito, productos promocionales guayaquil, ks promocionales, artículos publicitarios"
mini-libreta-sevilla-100-hojas-10199,Mini Libreta Sevilla 100 Hojas,Oficina,Mini Libreta Sevilla 100 Hojas Personalizado | Ecuador,54,OK,1,614,Mini Libreta Sevilla 100 Hojas personalizada para tu marca. Ideal para promociones en Ecuador. Cotiza ahora y obtén precios especiales.,135,OK,1,1,1.00,false,"mini libreta sevilla 100 hojas, mini libreta sevilla 100 hojas personalizado, mini libreta sevilla 100 hojas promocional, mini libreta sevilla 100 hojas con logo, mini libreta sevilla 100 hojas ecuador, mini libreta sevilla 100 hojas corporativo, oficina, regalo corporativo ecuador, merchandising quito, productos promocionales guayaquil, ks promocionales, artículos publicitarios"
carpeta-folder-con-cargador-inalambrico-grimm-10115,Carpeta Folder Con Cargador Inalámbrico Grimm,Tecnología,Carpeta Folder Con Cargador Inalámbrico Grimm Personalizada | Ecuador,69,TOO_LONG_TRUNCATION_RISK,1,82,Personaliza la Carpeta Folder Grimm con cargador inalámbrico para tu empresa en Ecuador. Potencia tu marca y solicita tu cotización hoy.,136,OK,1,1,1.00,false,"carpeta folder con cargador inalámbrico grimm, carpeta folder con cargador inalámbrico grimm personalizado, carpeta folder con cargador inalámbrico grimm promocional, carpeta folder con cargador inalámbrico grimm con logo, carpeta folder con cargador inalámbrico grimm ecuador, carpeta folder con cargador inalámbrico grimm corporativo, oficina, regalo corporativo ecuador, merchandising quito, productos promocionales guayaquil, ks promocionales, artículos publicitarios"
libreta-multifuncional-cargador-inalambrico-grimm-10117,Libreta Multifuncional Cargador Inalámbrico Grimm,Tecnología,Libreta Cargador Inalámbrico Grimm | Ecuador,44,OK,1,1,Libreta Multifuncional con cargador inalámbrico personalizado. Ideal para empresas en Ecuador. Cotiza tu pedido hoy mismo.,122,OK,1,1,0.80,false,"libreta multifuncional cargador inalámbrico grimm, libreta multifuncional cargador inalámbrico grimm personalizado, libreta multifuncional cargador inalámbrico grimm promocional, libreta multifuncional cargador inalámbrico grimm con logo, libreta multifuncional cargador inalámbrico grimm ecuador, libreta multifuncional cargador inalámbrico grimm corporativo, oficina, regalo corporativo ecuador, merchandising quito, productos promocionales guayaquil, ks promocionales, artículos publicitarios"
cargador-inalambrico-emmett-10128,Cargador Inalámbrico Emmett,Tecnología,Cargador Inalámbrico Emmett Personalizado | Ecuador,51,OK,1,614,Impulsa tu marca con el Cargador Inalámbrico Emmett. Personalízalo y refuerza tu imagen corporativa en Ecuador. ¡Cotiza hoy!,124,OK,1,1,1.00,false,"cargador inalámbrico emmett, cargador inalámbrico emmett personalizado, cargador inalámbrico emmett promocional, cargador inalámbrico emmett con logo, cargador inalámbrico emmett ecuador, cargador inalámbrico emmett corporativo, oficina, regalo corporativo ecuador, merchandising quito, productos promocionales guayaquil, ks promocionales, artículos publicitarios"
soporte-metalico-premium-10131,Soporte Metálico Premium,Tecnología,Soporte Metálico Premium | Ecuador,34,OK,1,52,Soporte metálico premium personalizado para oficinas. Mejora tu postura en trabajo remoto. Cotiza ahora en Ecuador.,115,OK,1,1,1.00,false,"soporte metálico premium, soporte metálico premium personalizado, soporte metálico premium promocional, soporte metálico premium con logo, soporte metálico premium ecuador, soporte metálico premium corporativo, oficina, regalo corporativo ecuador, merchandising quito, productos promocionales guayaquil, ks promocionales, artículos publicitarios"
soporte-para-moviles-strike-produccion-nacional-10282,Soporte Para Móviles Strike Producción Nacional,Producción Nacional,Soporte Móvil Strike Personalizado | Ecuador,44,OK,1,1,Impulsa tu marca con el Soporte Móvil Strike personalizado. ¡Cotiza ahora en Ecuador y destaca tu empresa!,106,OK,1,1,0.33,true,"soporte para móviles strike producción nacional, soporte para móviles strike producción nacional personalizado, soporte para móviles strike producción nacional promocional, soporte para móviles strike producción nacional con logo, soporte para móviles strike producción nacional ecuador, soporte para móviles strike producción nacional corporativo, oficina, regalo corporativo ecuador, merchandising quito, productos promocionales guayaquil, ks promocionales, artículos publicitarios"
soporte-para-moviles-handy-7550,Soporte Para Moviles Handy,Tecnología,Soporte Para Moviles Handy Personalizado | Ecuador,50,OK,1,614,Soporte para móviles Handy personalizado para empresas. Disponible en Ecuador. Cotiza ahora y mejora la productividad de tu equipo.,131,OK,1,1,1.00,false,"soporte para moviles handy, soporte para moviles handy personalizado, soporte para moviles handy promocional, soporte para moviles handy con logo, soporte para moviles handy ecuador, soporte para moviles handy corporativo, oficina, regalo corporativo ecuador, merchandising quito, productos promocionales guayaquil, ks promocionales, artículos publicitarios"
portatarjetas-en-silicona-con-soporte-9377,Portatarjetas en Silicona Con Soporte,Tecnología,Portatarjetas Silicona Con Soporte | Ecuador,44,OK,1,1,Portatarjetas en silicona con soporte personalizado para tu marca. Ideal para regalo corporativo. Cotiza ahora en Ecuador.,122,OK,1,1,1.00,false,"portatarjetas en silicona con soporte, portatarjetas en silicona con soporte personalizado, portatarjetas en silicona con soporte promocional, portatarjetas en silicona con soporte con logo, portatarjetas en silicona con soporte ecuador, portatarjetas en silicona con soporte corporativo, oficina, regalo corporativo ecuador, merchandising quito, productos promocionales guayaquil, ks promocionales, artículos publicitarios"
portatarjetas-en-silicona-magnet-9378,Portatarjetas en Silicona Magnet,Tecnología,Portatarjetas Silicona Magnet Personalizado | Ecuador,53,OK,1,1,Optimiza tu networking con Portatarjetas Silicona Magnet. Personalízalos para tu marca en Ecuador. Cotiza hoy mismo tu pedido promocional.,138,OK,1,1,1.00,false,"portatarjetas en silicona magnet, portatarjetas en silicona magnet personalizado, portatarjetas en silicona magnet promocional, portatarjetas en silicona magnet con logo, portatarjetas en silicona magnet ecuador, portatarjetas en silicona magnet corporativo, oficina, regalo corporativo ecuador, merchandising quito, productos promocionales guayaquil, ks promocionales, artículos publicitarios"
cargador-inalambrico-credit-card-oferta-9572,Cargador Inalambrico Credit Card - Oferta,Tecnología,Cargador Inalámbrico Credit Card - Oferta Personalizado | Ecuador,65,OK,1,1,Cargadores inalámbricos tipo tarjeta personalizados para tu marca en Ecuador. Mantén a tus clientes conectados. ¡Solicita tu cotización!,136,OK,1,1,1.00,false,"cargador inalambrico credit card - oferta, cargador inalambrico credit card - oferta personalizado, cargador inalambrico credit card - oferta promocional, cargador inalambrico credit card - oferta con logo, cargador inalambrico credit card - oferta ecuador, cargador inalambrico credit card - oferta corporativo, oficina, regalo corporativo ecuador, merchandising quito, productos promocionales guayaquil, ks promocionales, artículos publicitarios"
soporte-plastico-para-portatil-ii-10280,Soporte Plástico Para Portátil ii,Tecnología,Soporte Plástico Para Portátil ii Personalizado | Ecuador,57,OK,1,614,Soporte plástico para portátil personalizado con logo. Ideal para empresas en Ecuador. Cotiza tu orden hoy mismo y cuida el bienestar de tu equipo.,147,OK,1,1,1.00,false,"soporte plástico para portátil ii, soporte plástico para portátil ii personalizado, soporte plástico para portátil ii promocional, soporte plástico para portátil ii con logo, soporte plástico para portátil ii ecuador, soporte plástico para portátil ii corporativo, oficina, regalo corporativo ecuador, merchandising quito, productos promocionales guayaquil, ks promocionales, artículos publicitarios"
cable-multicargador-bamboo-9794,Cable Multicargador Bamboo,Ecología,Cable Multicargador Bamboo Ecológico | Ecuador,46,OK,1,5,Cable multicargador bamboo personalizado para empresas. Carga múltiples dispositivos. Cotiza ahora en Ecuador con diseño sustentable.,133,OK,1,1,1.00,false,"cable multicargador bamboo, cable multicargador bamboo personalizado, cable multicargador bamboo promocional, cable multicargador bamboo con logo, cable multicargador bamboo ecuador, cable multicargador bamboo corporativo, oficina, regalo corporativo ecuador, merchandising quito, productos promocionales guayaquil, ks promocionales, artículos publicitarios"
mouse-pad-con-cargador-inalambrico-mylo-9806,Mouse Pad Con Cargador Inalámbrico Mylo,Tecnología,Mouse Pad Con Cargador Inalámbrico Mylo | Ecuador,49,OK,1,52,Potencia tu marca con el Mouse Pad Mylo personalizado. Impulsa la productividad en Ecuador. ¡Cotiza ahora!,106,OK,1,1,1.00,false,"mouse pad con cargador inalámbrico mylo, mouse pad con cargador inalámbrico mylo personalizado, mouse pad con cargador inalámbrico mylo promocional, mouse pad con cargador inalámbrico mylo con logo, mouse pad con cargador inalámbrico mylo ecuador, mouse pad con cargador inalámbrico mylo corporativo, oficina, regalo corporativo ecuador, merchandising quito, productos promocionales guayaquil, ks promocionales, artículos publicitarios"
portatarjetas-becam-9894,Portatarjetas Becam,Tecnología,Portatarjetas Becam Personalizado | Promocionales Ecuador,57,OK,1,49,"Descubre el Portatarjetas Becam, ideal para la eficiencia y seguridad en tu empresa. Personalízalo para tus clientes en Ecuador. ¡Cotiza ahora!",143,OK,1,1,1.00,false,"portatarjetas becam, portatarjetas becam personalizado, portatarjetas becam promocional, portatarjetas becam con logo, portatarjetas becam ecuador, portatarjetas becam corporativo, oficina, regalo corporativo ecuador, merchandising quito, productos promocionales guayaquil, ks promocionales, artículos publicitarios"
portatarjetas-en-lycra-9910,Portatarjetas en Lycra,Tecnología,Portatarjetas en Lycra Personalizado Ecuador,44,OK,1,59,Portatarjetas en lycra personalizado con tu logo. Protege tus tarjetas profesionales. Cotiza ahora en Ecuador con KS Promocionales.,131,OK,1,1,1.00,false,"portatarjetas en lycra, portatarjetas en lycra personalizado, portatarjetas en lycra promocional, portatarjetas en lycra con logo, portatarjetas en lycra ecuador, portatarjetas en lycra corporativo, oficina, regalo corporativo ecuador, merchandising quito, productos promocionales guayaquil, ks promocionales, artículos publicitarios"
puerto-usb-gyro-oferta-9977,Puerto Usb Gyro Oferta,Tecnología,Puerto USB Gyro Personalizado | Ecuador,39,OK,1,1,Puerto USB Gyro giratorio personalizado para empresas. Protege tu marca con este regalo corporativo. Cotiza ahora en Ecuador.,125,OK,1,1,0.67,false,"puerto usb gyro oferta, puerto usb gyro oferta personalizado, puerto usb gyro oferta promocional, puerto usb gyro oferta con logo, puerto usb gyro oferta ecuador, puerto usb gyro oferta corporativo, oficina, regalo corporativo ecuador, merchandising quito, productos promocionales guayaquil, ks promocionales, artículos publicitarios"
cargador-inalambrico-collin-10136,Cargador Inalámbrico Collin,Ecología,Cargador Inalámbrico Collin Personalizado | Ecuador,51,OK,1,614,Cargador inalámbrico Collin personalizado con tu logo. Ideal para oficinas en Ecuador. Cotiza ahora y promociona tu marca.,122,OK,1,2,1.00,false,"cargador inalámbrico collin, cargador inalámbrico collin personalizado, cargador inalámbrico collin promocional, cargador inalámbrico collin con logo, cargador inalámbrico collin ecuador, cargador inalámbrico collin corporativo, oficina, regalo corporativo ecuador, merchandising quito, productos promocionales guayaquil, ks promocionales, artículos publicitarios"
soporte-para-moviles-miller-10140,Soporte Para Móviles Miller,Tecnología,Soporte Para Móviles Miller | Ecuador,37,OK,1,52,Soporte para móviles Miller personalizado para videollamadas y presentaciones. Disponible en Ecuador. Cotiza tu pedido hoy.,123,OK,1,1,1.00,false,"soporte para móviles miller, soporte para móviles miller personalizado, soporte para móviles miller promocional, soporte para móviles miller con logo, soporte para móviles miller ecuador, soporte para móviles miller corporativo, oficina, regalo corporativo ecuador, merchandising quito, productos promocionales guayaquil, ks promocionales, artículos publicitarios"
portatarjetas-adhesivo-con-boligrafo-oferta-10146,Portatarjetas Adhesivo Con Bolígrafo - Oferta,Artículos de Escritura,Portatarjetas Adhesivo Con Bolígrafo | Ecuador,46,OK,1,1,Portatarjetas adhesivo personalizado con bolígrafo integrado. Cotiza tu oferta en Ecuador. Herramienta de marca para tu escritorio.,131,OK,1,1,0.75,false,"portatarjetas adhesivo con bolígrafo - oferta, portatarjetas adhesivo con bolígrafo - oferta personalizado, portatarjetas adhesivo con bolígrafo - oferta promocional, portatarjetas adhesivo con bolígrafo - oferta con logo, portatarjetas adhesivo con bolígrafo - oferta ecuador, portatarjetas adhesivo con bolígrafo - oferta corporativo, oficina, regalo corporativo ecuador, merchandising quito, productos promocionales guayaquil, ks promocionales, artículos publicitarios"
audifonos-bluetooth-polka-oferta-10147,Audífonos Bluetooth Polka Oferta,Tecnología,Audífonos Bluetooth Polka Oferta | Ecuador,42,OK,1,52,Audífonos Bluetooth Polka personalizados para tu equipo. Cotiza ahora en Ecuador. Herramienta ideal para reuniones virtuales y trabajo remoto.,142,OK,1,1,1.00,false,"audífonos bluetooth polka oferta, audífonos bluetooth polka oferta personalizado, audífonos bluetooth polka oferta promocional, audífonos bluetooth polka oferta con logo, audífonos bluetooth polka oferta ecuador, audífonos bluetooth polka oferta corporativo, oficina, regalo corporativo ecuador, merchandising quito, productos promocionales guayaquil, ks promocionales, artículos publicitarios"
gemini-roller-10304,Gemini Roller,Artículos de Escritura,Gemini Roller Personalizado | Bolígrafos Corporativos Ecuador,61,OK,1,1,Eleva tu marca con el bolígrafo Gemini Roller. Personalización exclusiva para empresas en Ecuador. ¡Cotiza ahora tus regalos corporativos!,138,OK,1,1,1.00,false,"gemini roller, gemini roller personalizado, gemini roller promocional, gemini roller con logo, gemini roller ecuador, gemini roller corporativo, oficina, regalo corporativo ecuador, merchandising quito, productos promocionales guayaquil, ks promocionales, artículos publicitarios"
organizador-de-escritorio-3-1-rpet-10493,Organizador de Escritorio 3-1 Rpet,Tecnología,Organizador de Escritorio 3-1 Rpet Personalizado | Ecuador,58,OK,1,614,Optimiza y personaliza tu espacio de trabajo con nuestro organizador de escritorio Rpet. Ideal para regalos corporativos en Ecuador. ¡Cotiza ahora!,147,OK,1,1,1.00,false,"organizador de escritorio 3-1 rpet, organizador de escritorio 3-1 rpet personalizado, organizador de escritorio 3-1 rpet promocional, organizador de escritorio 3-1 rpet con logo, organizador de escritorio 3-1 rpet ecuador, organizador de escritorio 3-1 rpet corporativo, oficina, regalo corporativo ecuador, merchandising quito, productos promocionales guayaquil, ks promocionales, artículos publicitarios"
cubre-camara-eco-clip-10486,Cubre Cámara Eco Clip,Tecnología,Cubre Cámara Eco Clip | Seguridad Digital Ecuador,49,OK,1,1,Protege tu privacidad con Cubre Cámara Eco Clip personalizado. Ideal para empresas en Ecuador. Cotiza hoy tu solución de seguridad digital.,139,OK,1,1,1.00,false,"cubre cámara eco clip, cubre cámara eco clip personalizado, cubre cámara eco clip promocional, cubre cámara eco clip con logo, cubre cámara eco clip ecuador, cubre cámara eco clip corporativo, oficina, regalo corporativo ecuador, merchandising quito, productos promocionales guayaquil, ks promocionales, artículos publicitarios"
puerto-usb-bamboo-spirit-10311,Puerto Usb Bamboo Spirit,Tecnología,Puerto USB Bamboo Spirit Personalizado | Ecuador,48,OK,1,614,Personaliza tu Puerto USB Bamboo Spirit para impulsar tu marca en Ecuador. Un hub de productividad para tu equipo. ¡Cotiza ahora!,129,OK,1,1,1.00,false,"puerto usb bamboo spirit, puerto usb bamboo spirit personalizado, puerto usb bamboo spirit promocional, puerto usb bamboo spirit con logo, puerto usb bamboo spirit ecuador, puerto usb bamboo spirit corporativo, oficina, regalo corporativo ecuador, merchandising quito, productos promocionales guayaquil, ks promocionales, artículos publicitarios"
soporte-para-moviles-deluxe-10527,Soporte Para Móviles Deluxe,Tecnología,Soporte Móvil Deluxe Personalizado | Ecuador,44,OK,1,1,Soportes para móviles Deluxe personalizados para tu marca. Ofrece ergonomía y estilo en Ecuador. ¡Cotiza ahora y destaca!,121,OK,1,1,0.50,false,"soporte para móviles deluxe, soporte para móviles deluxe personalizado, soporte para móviles deluxe promocional, soporte para móviles deluxe con logo, soporte para móviles deluxe ecuador, soporte para móviles deluxe corporativo, oficina, regalo corporativo ecuador, merchandising quito, productos promocionales guayaquil, ks promocionales, artículos publicitarios"
soporte-para-moviles-gyro-10526,Soporte Para Móviles Gyro,Tecnología,Soporte Móvil Gyro Personalizado | Regalo Corporativo Ecuador,61,OK,1,1,Soporte Gyro personalizado para móviles. Mejora tu marca en Ecuador con un regalo práctico y moderno. ¡Cotiza tu pedido hoy!,124,OK,1,1,0.50,false,"soporte para móviles gyro, soporte para móviles gyro personalizado, soporte para móviles gyro promocional, soporte para móviles gyro con logo, soporte para móviles gyro ecuador, soporte para móviles gyro corporativo, oficina, regalo corporativo ecuador, merchandising quito, productos promocionales guayaquil, ks promocionales, artículos publicitarios"
set-de-libreta-y-boligrafo-2-1-rpet-10330,Set de Libreta y Bolígrafo 2-1 Rpet,Oficina,Set Libreta y Bolígrafo 2-1 Rpet | Ecuador,42,OK,1,1,Set de Libreta y Bolígrafo 2-en-1 RPET personalizado con tu logo. Perfecta para promociones en Ecuador. ¡Cotiza ahora!,118,OK,1,1,1.00,false,"set de libreta y bolígrafo 2-1 rpet, set de libreta y bolígrafo 2-1 rpet personalizado, set de libreta y bolígrafo 2-1 rpet promocional, set de libreta y bolígrafo 2-1 rpet con logo, set de libreta y bolígrafo 2-1 rpet ecuador, set de libreta y bolígrafo 2-1 rpet corporativo, oficina, regalo corporativo ecuador, merchandising quito, productos promocionales guayaquil, ks promocionales, artículos publicitarios"
portaidentificador-de-carnet-con-metro-10624,Portaidentificador de Carnet Con Metro,Herramientas,Portaidentificador de Carnet Con Metro Personalizado | Ecuador,62,OK,1,614,Personaliza tu portaidentificador con metro para tu equipo. Potencia tu marca en Ecuador. ¡Cotiza ahora y optimiza la visibilidad de tu empresa!,144,OK,1,1,1.00,false,"portaidentificador de carnet con metro, portaidentificador de carnet con metro personalizado, portaidentificador de carnet con metro promocional, portaidentificador de carnet con metro con logo, portaidentificador de carnet con metro ecuador, portaidentificador de carnet con metro corporativo, oficina, regalo corporativo ecuador, merchandising quito, productos promocionales guayaquil, ks promocionales, artículos publicitarios"
audifonos-bluetooth-vibe-boompods-10883,Audífonos Bluetooth Vibe Boompods,Tecnología,Audífonos Vibe Boompods Personalizados | Ecuador,48,OK,1,1,Personaliza tus Audífonos Bluetooth Vibe Boompods para fortalecer tu marca en Ecuador. ¡Cotiza ahora y destaca!,111,OK,1,1,0.75,false,"audífonos bluetooth vibe boompods, audífonos bluetooth vibe boompods personalizado, audífonos bluetooth vibe boompods promocional, audífonos bluetooth vibe boompods con logo, audífonos bluetooth vibe boompods ecuador, audífonos bluetooth vibe boompods corporativo, tecnologia, regalo corporativo ecuador, merchandising quito, productos promocionales guayaquil, ks promocionales, artículos publicitarios"
audifonos-bluetooth-sportpods-boompods-10884,Audífonos Bluetooth Sportpods Boompods,Tecnología,Audífonos Bluetooth Sportpods Boompods | Ecuador,48,OK,1,52,Audífonos Bluetooth Sportpods Boompods personalizados para tu marca. Cotiza ahora en Ecuador. Regalos corporativos de calidad.,126,OK,1,1,1.00,false,"audífonos bluetooth sportpods boompods, audífonos bluetooth sportpods boompods personalizado, audífonos bluetooth sportpods boompods promocional, audífonos bluetooth sportpods boompods con logo, audífonos bluetooth sportpods boompods ecuador, audífonos bluetooth sportpods boompods corporativo, tecnologia, regalo corporativo ecuador, merchandising quito, productos promocionales guayaquil, ks promocionales, artículos publicitarios"
speaker-bluetooth-beach-boompods-10885,Speaker Bluetooth Beach Boompods,Tecnología,Speaker Bluetooth Beach Boompods Personalizado Ecuador,54,OK,1,59,Speaker Bluetooth Beach Boompods personalizado para equipos corporativos. Ideal para regalos promocionales en Ecuador. ¡Cotiza ahora!,133,OK,1,1,1.00,false,"speaker bluetooth beach boompods, speaker bluetooth beach boompods personalizado, speaker bluetooth beach boompods promocional, speaker bluetooth beach boompods con logo, speaker bluetooth beach boompods ecuador, speaker bluetooth beach boompods corporativo, tecnologia, regalo corporativo ecuador, merchandising quito, productos promocionales guayaquil, ks promocionales, artículos publicitarios"
reloj-inteligente-korbin-plus-10353,Reloj Inteligente Korbin Plus,Cuidado Personal,Reloj Inteligente Korbin Plus Personalizado | Ecuador,53,OK,1,614,Personaliza el Reloj Inteligente Korbin Plus para tu marca en Ecuador. Un detalle que conecta. ¡Solicita tu cotización ahora!,125,OK,1,1,1.00,false,"reloj inteligente korbin plus, reloj inteligente korbin plus personalizado, reloj inteligente korbin plus promocional, reloj inteligente korbin plus con logo, reloj inteligente korbin plus ecuador, reloj inteligente korbin plus corporativo, tecnologia, regalo corporativo ecuador, merchandising quito, productos promocionales guayaquil, ks promocionales, artículos publicitarios"
pila-recargable-con-cargador-inalambrico-4000mah-10532,Pila Recargable Con Cargador Inalámbrico 4000mah,Tecnología,Pila Recargable Con Cargador Inalámbrico 4000mah | Ecuador,58,OK,1,52,Personaliza tu pila recargable con cargador inalámbrico 4000mAh para empresas en Ecuador. Cotiza hoy mismo.,107,OK,1,1,1.00,false,"pila recargable con cargador inalámbrico 4000mah, pila recargable con cargador inalámbrico 4000mah personalizado, pila recargable con cargador inalámbrico 4000mah promocional, pila recargable con cargador inalámbrico 4000mah con logo, pila recargable con cargador inalámbrico 4000mah ecuador, pila recargable con cargador inalámbrico 4000mah corporativo, tecnologia, regalo corporativo ecuador, merchandising quito, productos promocionales guayaquil, ks promocionales, artículos publicitarios"
speaker-bluetooth-waterproof-ii-10645,Speaker Bluetooth Waterproof ii,Tecnología,Speaker Bluetooth Waterproof ii Personalizado | Ecuador,55,OK,1,614,Personaliza tu Speaker Bluetooth Waterproof ii. Potencia tu marca en Ecuador con este gadget promocional resistente al agua. ¡Cotiza ahora y destaca!,149,OK,1,1,1.00,false,"speaker bluetooth waterproof ii, speaker bluetooth waterproof ii personalizado, speaker bluetooth waterproof ii promocional, speaker bluetooth waterproof ii con logo, speaker bluetooth waterproof ii ecuador, speaker bluetooth waterproof ii corporativo, tecnologia, regalo corporativo ecuador, merchandising quito, productos promocionales guayaquil, ks promocionales, artículos publicitarios"
pila-recargable-en-bamboo-nipax-5000mah-ii-10648,Pila Recargable en Bamboo Nipax 5000mah ii,Ecología,Pila Recargable Bamboo Nipax 5000mAh | Ecuador,46,OK,1,1,Pila recargable ecológica en bamboo personalizable. Ideal para regalos corporativos. Cotiza tu pedido en Ecuador.,113,OK,1,1,1.00,false,"pila recargable en bamboo nipax 5000mah ii, pila recargable en bamboo nipax 5000mah ii personalizado, pila recargable en bamboo nipax 5000mah ii promocional, pila recargable en bamboo nipax 5000mah ii con logo, pila recargable en bamboo nipax 5000mah ii ecuador, pila recargable en bamboo nipax 5000mah ii corporativo, tecnologia, regalo corporativo ecuador, merchandising quito, productos promocionales guayaquil, ks promocionales, artículos publicitarios"
soporte-para-moviles-alarik-ii-10277,Soporte Para Móviles Alarik ii,Tecnología,Soporte Para Móviles Alarik II Personalizado | Ecuador,54,OK,1,614,Eleva tu marca con el Soporte Alarik II. Personaliza este accesorio tecnológico esencial para tu empresa en Ecuador. ¡Cotiza hoy!,129,OK,1,1,1.00,false,"soporte para móviles alarik ii, soporte para móviles alarik ii personalizado, soporte para móviles alarik ii promocional, soporte para móviles alarik ii con logo, soporte para móviles alarik ii ecuador, soporte para móviles alarik ii corporativo, tecnologia, regalo corporativo ecuador, merchandising quito, productos promocionales guayaquil, ks promocionales, artículos publicitarios"
speaker-bluetooth-bentley-10351,Speaker Bluetooth Bentley,Tecnología,Speaker Bluetooth Bentley Personalizado | Ecuador,49,OK,1,614,Speaker Bluetooth Bentley personalizado con tu logo. Ideal para regalos corporativos en Ecuador. Cotiza ahora tu diseño premium.,128,OK,1,1,1.00,false,"speaker bluetooth bentley, speaker bluetooth bentley personalizado, speaker bluetooth bentley promocional, speaker bluetooth bentley con logo, speaker bluetooth bentley ecuador, speaker bluetooth bentley corporativo, tecnologia, regalo corporativo ecuador, merchandising quito, productos promocionales guayaquil, ks promocionales, artículos publicitarios"
speaker-bluetooth-callum-10386,Speaker Bluetooth Callum,Tecnología,Speaker Bluetooth Callum Personalizado | Ecuador,48,OK,1,614,Speaker Bluetooth Callum personalizado para tu marca. Ideal para empresas en Ecuador. Cotiza ahora y obtén tu dispositivo de audio promocional.,143,OK,1,1,1.00,false,"speaker bluetooth callum, speaker bluetooth callum personalizado, speaker bluetooth callum promocional, speaker bluetooth callum con logo, speaker bluetooth callum ecuador, speaker bluetooth callum corporativo, tecnologia, regalo corporativo ecuador, merchandising quito, productos promocionales guayaquil, ks promocionales, artículos publicitarios"
speaker-bluetooth-dallas-10385,Speaker Bluetooth Dallas,Tecnología,Speaker Bluetooth Dallas Personalizado | Ecuador,48,OK,1,614,Speaker Bluetooth Dallas personalizado con tu logo. Ideal para promociones en Ecuador. Cotiza ahora y lleva tu marca a todas partes.,132,OK,1,1,1.00,false,"speaker bluetooth dallas, speaker bluetooth dallas personalizado, speaker bluetooth dallas promocional, speaker bluetooth dallas con logo, speaker bluetooth dallas ecuador, speaker bluetooth dallas corporativo, tecnologia, regalo corporativo ecuador, merchandising quito, productos promocionales guayaquil, ks promocionales, artículos publicitarios"
cargador-inalambrico-magnet-oferta-10482,Cargador Inalámbrico Mágnet Oferta,Tecnología,Cargador Inalámbrico Magnético Personalizado Ecuador,52,OK,1,1,Cargador inalámbrico magnético personalizado con tu logo. Ideal para regalos corporativos en Ecuador. Cotiza ahora y genera recordación.,136,OK,1,1,0.75,false,"cargador inalámbrico mágnet oferta, cargador inalámbrico mágnet oferta personalizado, cargador inalámbrico mágnet oferta promocional, cargador inalámbrico mágnet oferta con logo, cargador inalámbrico mágnet oferta ecuador, cargador inalámbrico mágnet oferta corporativo, tecnologia, regalo corporativo ecuador, merchandising quito, productos promocionales guayaquil, ks promocionales, artículos publicitarios"
soporte-para-moviles-scully-10539,Soporte Para Móviles Scully,Tecnología,Soporte Para Móviles Scully | Ecuador,37,OK,1,52,Soporte Scully personalizado para tu oficina. Reduce fatiga visual y postural. ¡Cotiza ahora en Ecuador!,104,OK,1,1,1.00,false,"soporte para móviles scully, soporte para móviles scully personalizado, soporte para móviles scully promocional, soporte para móviles scully con logo, soporte para móviles scully ecuador, soporte para móviles scully corporativo, tecnologia, regalo corporativo ecuador, merchandising quito, productos promocionales guayaquil, ks promocionales, artículos publicitarios"
speaker-bluetooth-owen-urban-travel-10476,Speaker Bluetooth Owen Urban Travel,Tecnología,Speaker Bluetooth Owen Urban Travel Personalizado Ecuador,57,OK,1,59,Speaker Bluetooth Owen Urban Travel personalizado para tu empresa. Cotiza ahora en Ecuador. Ideal para viajes y oficina móvil.,126,OK,1,1,1.00,false,"speaker bluetooth owen urban travel, speaker bluetooth owen urban travel personalizado, speaker bluetooth owen urban travel promocional, speaker bluetooth owen urban travel con logo, speaker bluetooth owen urban travel ecuador, speaker bluetooth owen urban travel corporativo, tecnologia, regalo corporativo ecuador, merchandising quito, productos promocionales guayaquil, ks promocionales, artículos publicitarios"
cargador-para-carro-dino-10460,Cargador Para Carro Dino,Automóvil,Cargador Para Carro Dino Personalizado | Ecuador,48,OK,1,614,Cargador para carro Dino personalizado para equipos en movimiento. Ideal para empresas en Ecuador. ¡Cotiza ahora y mantén tus dispositivos cargados!,148,OK,1,1,1.00,false,"cargador para carro dino, cargador para carro dino personalizado, cargador para carro dino promocional, cargador para carro dino con logo, cargador para carro dino ecuador, cargador para carro dino corporativo, tecnologia, regalo corporativo ecuador, merchandising quito, productos promocionales guayaquil, ks promocionales, artículos publicitarios"
puerto-usb-6-1-10471,Puerto Usb 6-1,Tecnología,Puerto USB 6-1 Personalizado | Ecuador,38,OK,1,614,Puerto USB 6-1 personalizado para profesionales. Conecta múltiples dispositivos en Quito. Cotiza tu pedido hoy mismo.,117,OK,1,1,1.00,false,"puerto usb 6-1, puerto usb 6-1 personalizado, puerto usb 6-1 promocional, puerto usb 6-1 con logo, puerto usb 6-1 ecuador, puerto usb 6-1 corporativo, tecnologia, regalo corporativo ecuador, merchandising quito, productos promocionales guayaquil, ks promocionales, artículos publicitarios"
soporte-para-moviles-mirror-10649,Soporte Para Móviles Mirror,Tecnología,Soporte Para Móviles Mirror | Ecuador,37,OK,1,52,Soporte para móviles Mirror personalizado para videoconferencias. Cotiza tu pedido en Ecuador. Accesorio tecnológico profesional.,129,OK,1,1,1.00,false,"soporte para móviles mirror, soporte para móviles mirror personalizado, soporte para móviles mirror promocional, soporte para móviles mirror con logo, soporte para móviles mirror ecuador, soporte para móviles mirror corporativo, tecnologia, regalo corporativo ecuador, merchandising quito, productos promocionales guayaquil, ks promocionales, artículos publicitarios"
ventilador-tipo-c-10705,Ventilador Tipo c,Tecnología,Ventilador Tipo C Personalizado | Ecuador,41,OK,1,614,Ventilador Tipo C personalizado para oficinas y empresas. Portátil y silencioso. Cotiza tu pedido en Ecuador con KS Promocionales.,130,OK,1,1,1.00,false,"ventilador tipo c, ventilador tipo c personalizado, ventilador tipo c promocional, ventilador tipo c con logo, ventilador tipo c ecuador, ventilador tipo c corporativo, tecnologia, regalo corporativo ecuador, merchandising quito, productos promocionales guayaquil, ks promocionales, artículos publicitarios"
speaker-bluetooth-groovy-urban-travel-10917,Speaker Bluetooth Groovy Urban Travel,Tecnología,Speaker Bluetooth Groovy Urban Travel | Ecuador,47,OK,1,52,Speaker Bluetooth personalizado para regalos corporativos. 8-12 horas de autonomía. Cotiza tu pedido en Ecuador hoy.,116,OK,1,1,1.00,false,"speaker bluetooth groovy urban travel, speaker bluetooth groovy urban travel personalizado, speaker bluetooth groovy urban travel promocional, speaker bluetooth groovy urban travel con logo, speaker bluetooth groovy urban travel ecuador, speaker bluetooth groovy urban travel corporativo, tecnologia, regalo corporativo ecuador, merchandising quito, productos promocionales guayaquil, ks promocionales, artículos publicitarios"
speaker-bluetooth-vortex-10918,Speaker Bluetooth Vortex,Tecnología,Speaker Bluetooth Vortex Personalizado | Ecuador,48,OK,1,614,Speaker Bluetooth Vortex personalizado para empresas en Ecuador. Cotiza ahora y sorprende a tus clientes con tecnología de calidad.,131,OK,1,1,1.00,false,"speaker bluetooth vortex, speaker bluetooth vortex personalizado, speaker bluetooth vortex promocional, speaker bluetooth vortex con logo, speaker bluetooth vortex ecuador, speaker bluetooth vortex corporativo, tecnologia, regalo corporativo ecuador, merchandising quito, productos promocionales guayaquil, ks promocionales, artículos publicitarios"
pila-recargable-flashlight-5000-mah-10826,Pila Recargable Flashlight 5000 Mah,Tecnología,Pila Recargable Flashlight 5000 mAh | Ecuador,45,OK,1,52,Linterna recargable personalizada 5000 mAh para regalos corporativos. Cotiza tu pedido en Ecuador. Herramienta práctica para emergencias.,137,OK,1,1,1.00,false,"pila recargable flashlight 5000 mah, pila recargable flashlight 5000 mah personalizado, pila recargable flashlight 5000 mah promocional, pila recargable flashlight 5000 mah con logo, pila recargable flashlight 5000 mah ecuador, pila recargable flashlight 5000 mah corporativo, tecnologia, regalo corporativo ecuador, merchandising quito, productos promocionales guayaquil, ks promocionales, artículos publicitarios"
soporte-metalico-atlas-eco-10740,Soporte Metálico Atlas Eco,Tecnología,Soporte Metálico Atlas Eco Personalizado | Ecuador,50,OK,1,614,Mejora tu productividad con el Soporte Metálico Atlas Eco. Personalízalo para tu marca en Ecuador. ¡Cotiza hoy tu solución ergonómica!,134,OK,1,1,1.00,false,"soporte metálico atlas eco, soporte metálico atlas eco personalizado, soporte metálico atlas eco promocional, soporte metálico atlas eco con logo, soporte metálico atlas eco ecuador, soporte metálico atlas eco corporativo, tecnologia, regalo corporativo ecuador, merchandising quito, productos promocionales guayaquil, ks promocionales, artículos publicitarios"
puerto-usb-dante-eco-10741,Puerto Usb Dante Eco,Tecnología,Puerto USB Dante Eco Personalizado | Ecuador,44,OK,1,614,Puerto USB Dante Eco personalizado para empresas en Ecuador. Cotiza tu pedido de puertos USB promocionales con logo corporativo.,128,OK,1,1,1.00,false,"puerto usb dante eco, puerto usb dante eco personalizado, puerto usb dante eco promocional, puerto usb dante eco con logo, puerto usb dante eco ecuador, puerto usb dante eco corporativo, tecnologia, regalo corporativo ecuador, merchandising quito, productos promocionales guayaquil, ks promocionales, artículos publicitarios"
puerto-usb-casiuss-eco-10744,Puerto Usb Casiuss Eco,Tecnología,Puerto USB Casiuss Eco Personalizado | Ecuador,46,OK,1,614,Puerto USB Casiuss Eco personalizado para oficinas. Conectividad confiable en Ecuador. Cotiza tu pedido hoy con descuentos especiales.,134,OK,1,1,1.00,false,"puerto usb casiuss eco, puerto usb casiuss eco personalizado, puerto usb casiuss eco promocional, puerto usb casiuss eco con logo, puerto usb casiuss eco ecuador, puerto usb casiuss eco corporativo, tecnologia, regalo corporativo ecuador, merchandising quito, productos promocionales guayaquil, ks promocionales, artículos publicitarios"
cargador-inalambrico-con-tablero-eco-10745,Cargador Inalámbrico Con Tablero Eco,Tecnología,Cargador Inalámbrico Con Tablero Eco | Ecuador,46,OK,1,52,Cargador inalámbrico personalizado con tablero eco para oficinas modernas en Ecuador. Cotiza tu orden hoy y mantén tus dispositivos energizados.,144,OK,1,1,1.00,false,"cargador inalámbrico con tablero eco, cargador inalámbrico con tablero eco personalizado, cargador inalámbrico con tablero eco promocional, cargador inalámbrico con tablero eco con logo, cargador inalámbrico con tablero eco ecuador, cargador inalámbrico con tablero eco corporativo, tecnologia, regalo corporativo ecuador, merchandising quito, productos promocionales guayaquil, ks promocionales, artículos publicitarios"
cargador-para-carro-eco-10747,Cargador Para Carro Eco,Tecnología,Cargador Para Carro Eco Personalizado | Ecuador,47,OK,1,614,Mantén tus dispositivos cargados en Ecuador. Personaliza este cargador para carro Eco con tu marca. ¡Cotiza ahora y potencia tu negocio!,136,OK,1,1,1.00,false,"cargador para carro eco, cargador para carro eco personalizado, cargador para carro eco promocional, cargador para carro eco con logo, cargador para carro eco ecuador, cargador para carro eco corporativo, tecnologia, regalo corporativo ecuador, merchandising quito, productos promocionales guayaquil, ks promocionales, artículos publicitarios"
speaker-bluetooth-twin-karaoke-10976,Speaker Bluetooth Twin Karaoke,Tecnología,Speaker Bluetooth Twin Karaoke Personalizado Ecuador,52,OK,1,59,Speaker Bluetooth Twin Karaoke personalizado para eventos corporativos. Cotiza tu regalo promocional en Ecuador con descuentos especiales.,138,OK,1,1,1.00,false,"speaker bluetooth twin karaoke, speaker bluetooth twin karaoke personalizado, speaker bluetooth twin karaoke promocional, speaker bluetooth twin karaoke con logo, speaker bluetooth twin karaoke ecuador, speaker bluetooth twin karaoke corporativo, tecnologia, regalo corporativo ecuador, merchandising quito, productos promocionales guayaquil, ks promocionales, artículos publicitarios"
cable-multicargador-lorcan-10977,Cable Multicargador Lorcan,Tecnología,Cable Multicargador Lorcan Personalizado Ecuador,48,OK,1,59,Cable Multicargador Lorcan personalizado para oficinas modernas. Carga múltiples dispositivos simultáneamente. Cotiza ahora en Ecuador.,135,OK,1,1,1.00,false,"cable multicargador lorcan, cable multicargador lorcan personalizado, cable multicargador lorcan promocional, cable multicargador lorcan con logo, cable multicargador lorcan ecuador, cable multicargador lorcan corporativo, tecnologia, regalo corporativo ecuador, merchandising quito, productos promocionales guayaquil, ks promocionales, artículos publicitarios"
cargador-inalambrico-en-aluminio-reciclado-10812,Cargador Inalámbrico en Aluminio Reciclado,Tecnología,Cargador Inalámbrico Aluminio Reciclado | Ecuador,49,OK,1,1,Cargador inalámbrico personalizado en aluminio reciclado para tu marca. Disponible en Ecuador. Cotiza ahora y destaca tu empresa.,129,OK,1,1,1.00,false,"cargador inalámbrico en aluminio reciclado, cargador inalámbrico en aluminio reciclado personalizado, cargador inalámbrico en aluminio reciclado promocional, cargador inalámbrico en aluminio reciclado con logo, cargador inalámbrico en aluminio reciclado ecuador, cargador inalámbrico en aluminio reciclado corporativo, tecnologia, regalo corporativo ecuador, merchandising quito, productos promocionales guayaquil, ks promocionales, artículos publicitarios"
cargador-inalambrico-warmer-10875,Cargador Inalámbrico Warmer,Tecnología,Cargador Inalámbrico Warmer Personalizado Ecuador,49,OK,1,59,Cargador inalámbrico Warmer personalizado con logo de tu empresa. Ideal para promociones en Ecuador. ¡Cotiza ahora tu pedido!,125,OK,1,1,1.00,false,"cargador inalámbrico warmer, cargador inalámbrico warmer personalizado, cargador inalámbrico warmer promocional, cargador inalámbrico warmer con logo, cargador inalámbrico warmer ecuador, cargador inalámbrico warmer corporativo, tecnologia, regalo corporativo ecuador, merchandising quito, productos promocionales guayaquil, ks promocionales, artículos publicitarios"
puerto-usb-hero-10876,Puerto Usb Hero,Tecnología,Puerto USB Hero Personalizado | Ecuador,39,OK,1,614,Puerto USB Hero: solución de conectividad para tu oficina. Personaliza con tu marca en Ecuador. ¡Cotiza ahora y optimiza tu espacio!,132,OK,1,1,1.00,false,"puerto usb hero, puerto usb hero personalizado, puerto usb hero promocional, puerto usb hero con logo, puerto usb hero ecuador, puerto usb hero corporativo, tecnologia, regalo corporativo ecuador, merchandising quito, productos promocionales guayaquil, ks promocionales, artículos publicitarios"
puerto-usb-julius-10877,Puerto Usb Julius,Tecnología,Puerto USB Julius Personalizado | Ecuador,41,OK,1,614,Puerto USB Julius personalizado para tu marca. Herramienta de marketing tangible. Cotiza ahora en Ecuador con descuentos especiales.,132,OK,1,1,1.00,false,"puerto usb julius, puerto usb julius personalizado, puerto usb julius promocional, puerto usb julius con logo, puerto usb julius ecuador, puerto usb julius corporativo, tecnologia, regalo corporativo ecuador, merchandising quito, productos promocionales guayaquil, ks promocionales, artículos publicitarios"
cable-multicargador-kornell-10878,Cable Multicargador Kornell,Tecnología,Cable Multicargador Kornell Personalizado Ecuador,49,OK,1,59,Cable Multicargador Kornell personalizado para empresas. Carga múltiples dispositivos con un solo cable. Cotiza tu pedido en Ecuador hoy.,137,OK,1,1,1.00,false,"cable multicargador kornell, cable multicargador kornell personalizado, cable multicargador kornell promocional, cable multicargador kornell con logo, cable multicargador kornell ecuador, cable multicargador kornell corporativo, tecnologia, regalo corporativo ecuador, merchandising quito, productos promocionales guayaquil, ks promocionales, artículos publicitarios"
cargador-inalambrico-lavinia-10879,Cargador Inalámbrico Lavinia,Tecnología,Cargador Inalámbrico Lavinia Personalizado | Ecuador,52,OK,1,614,Cargador inalámbrico Lavinia personalizado para tu marca. Elimina cables en oficinas de Quito. Cotiza ahora tu promocional tecnológico.,135,OK,1,1,1.00,false,"cargador inalámbrico lavinia, cargador inalámbrico lavinia personalizado, cargador inalámbrico lavinia promocional, cargador inalámbrico lavinia con logo, cargador inalámbrico lavinia ecuador, cargador inalámbrico lavinia corporativo, tecnologia, regalo corporativo ecuador, merchandising quito, productos promocionales guayaquil, ks promocionales, artículos publicitarios"
audifonos-bluetooth-osmin-10897,Audífonos Bluetooth Osmin,Tecnología,Audífonos Bluetooth Osmin Personalizado | Ecuador,49,OK,1,614,Audífonos Bluetooth Osmin personalizados para empresas. Cotiza tu pedido en Ecuador. Ideal para equipos en oficina y home office.,129,OK,1,1,1.00,false,"audífonos bluetooth osmin, audífonos bluetooth osmin personalizado, audífonos bluetooth osmin promocional, audífonos bluetooth osmin con logo, audífonos bluetooth osmin ecuador, audífonos bluetooth osmin corporativo, tecnologia, regalo corporativo ecuador, merchandising quito, productos promocionales guayaquil, ks promocionales, artículos publicitarios"
cable-multicargador-steffen-10898,Cable Multicargador Steffen,Tecnología,Cable Multicargador Steffen Personalizado | Ecuador,51,OK,1,614,"Cable Multicargador Steffen personalizado con USB-C, Lightning y Micro USB. Solicita tu regalo corporativo en Ecuador. Cotiza ahora.",132,OK,1,1,1.00,false,"cable multicargador steffen, cable multicargador steffen personalizado, cable multicargador steffen promocional, cable multicargador steffen con logo, cable multicargador steffen ecuador, cable multicargador steffen corporativo, tecnologia, regalo corporativo ecuador, merchandising quito, productos promocionales guayaquil, ks promocionales, artículos publicitarios"
pila-recargable-olympus-10000mah-10908,Pila Recargable Olympus 10000mah,Tecnología,Pila Recargable Olympus 10000mah | Ecuador,42,OK,1,52,Pila Recargable Olympus 10000mAh personalizada para empresas. Cotiza tu pedido en Ecuador. Solución tecnológica promocional.,124,OK,1,1,1.00,false,"pila recargable olympus 10000mah, pila recargable olympus 10000mah personalizado, pila recargable olympus 10000mah promocional, pila recargable olympus 10000mah con logo, pila recargable olympus 10000mah ecuador, pila recargable olympus 10000mah corporativo, tecnologia, regalo corporativo ecuador, merchandising quito, productos promocionales guayaquil, ks promocionales, artículos publicitarios"
pila-recargable-majestic-5000mah-10909,Pila Recargable Majestic 5000mah,Tecnología,Pila Recargable Majestic 5000mah | Ecuador,42,OK,1,52,Pila Recargable Majestic 5000mah personalizada para empresas. Cotiza tu obsequio corporativo en Ecuador. ¡Solicita hoy!,119,OK,1,1,1.00,false,"pila recargable majestic 5000mah, pila recargable majestic 5000mah personalizado, pila recargable majestic 5000mah promocional, pila recargable majestic 5000mah con logo, pila recargable majestic 5000mah ecuador, pila recargable majestic 5000mah corporativo, tecnologia, regalo corporativo ecuador, merchandising quito, productos promocionales guayaquil, ks promocionales, artículos publicitarios"
set-de-viaje-kinetik-10942,Set de Viaje Kinetik,Tecnología,Set de Viaje Kinetik Personalizado | Ecuador,44,OK,1,614,Set de Viaje Kinetik personalizable para ejecutivos. Cotiza tu promocional en Ecuador. Producto ideal para viajes corporativos.,127,OK,1,1,1.00,false,"set de viaje kinetik, set de viaje kinetik personalizado, set de viaje kinetik promocional, set de viaje kinetik con logo, set de viaje kinetik ecuador, set de viaje kinetik corporativo, tecnologia, regalo corporativo ecuador, merchandising quito, productos promocionales guayaquil, ks promocionales, artículos publicitarios"
reloj-inteligente-timothy-ii-13168,Reloj Inteligente Timothy ii,Tecnología,Reloj Inteligente Timothy ii Personalizado | Ecuador,52,OK,1,614,Personaliza el Reloj Inteligente Timothy ii para tu empresa en Ecuador. Un regalo promocional de alto valor percibido. ¡Cotiza ahora!,133,OK,1,1,1.00,false,"reloj inteligente timothy ii, reloj inteligente timothy ii personalizado, reloj inteligente timothy ii promocional, reloj inteligente timothy ii con logo, reloj inteligente timothy ii ecuador, reloj inteligente timothy ii corporativo, tecnologia, regalo corporativo ecuador, merchandising quito, productos promocionales guayaquil, ks promocionales, artículos publicitarios"
speaker-bluetooth-artix-ii-10220,Speaker Bluetooth Artix ii,Tecnología,Speaker Bluetooth Artix ii Personalizado | Ecuador,50,OK,1,614,Personaliza tu Speaker Bluetooth Artix ii para tu marca. Ideal para promociones en Ecuador. ¡Cotiza tu pedido hoy y amplifica tu mensaje!,137,OK,1,1,1.00,false,"speaker bluetooth artix ii, speaker bluetooth artix ii personalizado, speaker bluetooth artix ii promocional, speaker bluetooth artix ii con logo, speaker bluetooth artix ii ecuador, speaker bluetooth artix ii corporativo, tecnologia, regalo corporativo ecuador, merchandising quito, productos promocionales guayaquil, ks promocionales, artículos publicitarios"
set-de-limpieza-tech-10156,Set de Limpieza Tech,Tecnología,Set de Limpieza Tech Personalizado | Ecuador,44,OK,1,614,Mantén tus dispositivos impecables con el Set de Limpieza Tech personalizable para tu marca en Ecuador. Cotiza y eleva tu profesionalismo.,138,OK,1,1,1.00,false,"set de limpieza tech, set de limpieza tech personalizado, set de limpieza tech promocional, set de limpieza tech con logo, set de limpieza tech ecuador, set de limpieza tech corporativo, tecnologia, regalo corporativo ecuador, merchandising quito, productos promocionales guayaquil, ks promocionales, artículos publicitarios"
mini-set-de-limpieza-tech-10161,Mini Set de Limpieza Tech,Tecnología,Mini Set Limpieza Tech Personalizado | Regalos Ecuador,54,OK,1,1,Personaliza tu Mini Set de Limpieza Tech. Ideal para regalos corporativos en Ecuador. Solicita tu cotización hoy y potencia tu marca.,133,OK,1,1,1.00,false,"mini set de limpieza tech, mini set de limpieza tech personalizado, mini set de limpieza tech promocional, mini set de limpieza tech con logo, mini set de limpieza tech ecuador, mini set de limpieza tech corporativo, tecnologia, regalo corporativo ecuador, merchandising quito, productos promocionales guayaquil, ks promocionales, artículos publicitarios"
organizador-multiusos-con-esterilizador-uvc-led-oferta-9494,Organizador Multiusos Con Esterilizador Uvc Led Oferta,Antimicrobianos,Organizador Esterilizador UV LED | Ecuador,42,OK,1,1,Organizador multiusos con esterilizador UV LED personalizado. Desinfecta y organiza en Quito. Cotiza tu oferta hoy mismo.,121,OK,1,1,0.50,false,"organizador multiusos con esterilizador uvc led oferta, organizador multiusos con esterilizador uvc led oferta personalizado, organizador multiusos con esterilizador uvc led oferta promocional, organizador multiusos con esterilizador uvc led oferta con logo, organizador multiusos con esterilizador uvc led oferta ecuador, organizador multiusos con esterilizador uvc led oferta corporativo, tecnologia, regalo corporativo ecuador, merchandising quito, productos promocionales guayaquil, ks promocionales, artículos publicitarios"
cargador-inalambrico-bamboo-square-ii-13191,Cargador Inalámbrico Bamboo Square ii,Tecnología,Cargador Inalámbrico Bamboo Square ii Personalizado | Ecuador,61,OK,1,614,Cargador Bamboo Square ii personalizable para tu marca en Ecuador. Mejora tu imagen empresarial. ¡Cotiza ahora!,111,OK,1,1,1.00,false,"cargador inalámbrico bamboo square ii, cargador inalámbrico bamboo square ii personalizado, cargador inalámbrico bamboo square ii promocional, cargador inalámbrico bamboo square ii con logo, cargador inalámbrico bamboo square ii ecuador, cargador inalámbrico bamboo square ii corporativo, tecnologia, regalo corporativo ecuador, merchandising quito, productos promocionales guayaquil, ks promocionales, artículos publicitarios"
bolsa-en-algodon-botanik-100gr-10690,Bolsa en Algodón Botanik (100gr),Maletines,Bolsa Algodón Botanik 100gr Personalizada | Ecuador,51,OK,1,1,"Bolsa en algodón Botanik personalizada, ideal para promociones. Ligera y resistente. Cotiza ahora en Ecuador con KS Promocionales.",130,OK,1,1,0.75,false,"bolsa en algodón botanik (100gr), bolsa en algodón botanik (100gr) personalizado, bolsa en algodón botanik (100gr) promocional, bolsa en algodón botanik (100gr) con logo, bolsa en algodón botanik (100gr) ecuador, bolsa en algodón botanik (100gr) corporativo, ecologia, regalo corporativo ecuador, merchandising quito, productos promocionales guayaquil, ks promocionales, artículos publicitarios"
bolsa-en-algodon-con-fuelle-100gr-10691,Bolsa en Algodón Con Fuelle (100gr),Maletines,Bolsa Algodón Con Fuelle Personalizada | Ecuador,48,OK,1,1,Bolsa de algodón con fuelle personalizable para tu marca. Cotiza ahora en Ecuador. Ideal para promocionales empresariales.,122,OK,1,1,0.75,false,"bolsa en algodón con fuelle (100gr), bolsa en algodón con fuelle (100gr) personalizado, bolsa en algodón con fuelle (100gr) promocional, bolsa en algodón con fuelle (100gr) con logo, bolsa en algodón con fuelle (100gr) ecuador, bolsa en algodón con fuelle (100gr) corporativo, ecologia, regalo corporativo ecuador, merchandising quito, productos promocionales guayaquil, ks promocionales, artículos publicitarios"
cartoon-3010,Cartoon,Artículos de Escritura,Cartoon Personalizado | Ecuador,31,OK,1,614,Bolígrafos Cartoon personalizados para tu marca. Herramienta corporativa ideal para ferias y reuniones. Cotiza en Ecuador.,122,OK,1,1,1.00,false,"cartoon, cartoon personalizado, cartoon promocional, cartoon con logo, cartoon ecuador, cartoon corporativo, ecologia, regalo corporativo ecuador, merchandising quito, productos promocionales guayaquil, ks promocionales, artículos publicitarios"
ecologik-8231,Ecologik,Artículos de Escritura,Bolígrafos Ecologik Personalizados | Ecuador,44,OK,1,3,Bolígrafos Ecologik personalizados para tu marca. Sostenibles y funcionales. Cotiza ahora en Ecuador con KS Promocionales.,122,OK,1,1,1.00,false,"ecologik, ecologik personalizado, ecologik promocional, ecologik con logo, ecologik ecuador, ecologik corporativo, ecologia, regalo corporativo ecuador, merchandising quito, productos promocionales guayaquil, ks promocionales, artículos publicitarios"
reloj-led-bamboo-9721,Reloj Led Bamboo,Relojes,Reloj Led Bamboo Personalizado | Ecuador,40,OK,1,614,Reloj Led Bamboo personalizado para regalos corporativos en Ecuador. Cotiza tu diseño exclusivo y sorprende a tus clientes.,123,OK,1,1,1.00,false,"reloj led bamboo, reloj led bamboo personalizado, reloj led bamboo promocional, reloj led bamboo con logo, reloj led bamboo ecuador, reloj led bamboo corporativo, ecologia, regalo corporativo ecuador, merchandising quito, productos promocionales guayaquil, ks promocionales, artículos publicitarios"
bolsa-en-algodon-con-fuelle-135gr-7568,Bolsa en Algodón Con Fuelle (135gr),Maletines,Bolsa Algodón Con Fuelle 135gr | Ecuador,40,OK,1,1,Bolsa de algodón personalizada con fuelle lateral de 135gr. Perfecta para promociones. Cotiza ahora en Ecuador.,111,OK,1,1,0.75,false,"bolsa en algodón con fuelle (135gr), bolsa en algodón con fuelle (135gr) personalizado, bolsa en algodón con fuelle (135gr) promocional, bolsa en algodón con fuelle (135gr) con logo, bolsa en algodón con fuelle (135gr) ecuador, bolsa en algodón con fuelle (135gr) corporativo, ecologia, regalo corporativo ecuador, merchandising quito, productos promocionales guayaquil, ks promocionales, artículos publicitarios"
morral-backpack-telesto-rpet-10414,Morral Backpack Telesto Rpet,Maletines,Morral Backpack Telesto Rpet Personalizado | Ecuador,52,OK,1,614,Morral Backpack Telesto Rpet personalizado con tu logo. Ideal para promocionar tu marca en Ecuador. Cotiza ahora mismo.,119,OK,1,1,1.00,false,"morral backpack telesto rpet, morral backpack telesto rpet personalizado, morral backpack telesto rpet promocional, morral backpack telesto rpet con logo, morral backpack telesto rpet ecuador, morral backpack telesto rpet corporativo, maletines, regalo corporativo ecuador, merchandising quito, productos promocionales guayaquil, ks promocionales, artículos publicitarios"
portadocumentos-de-viaje-y-de-cables-rpet-10420,Portadocumentos de Viaje y de Cables Rpet,Maletines,Portadocumentos de Viaje y Cables Rpet Personalizado | Ecuador,62,OK,1,1,Personaliza portadocumentos de viaje y organizadores de cables RPET. Ideales para empresas en Ecuador. Cotiza tus productos promocionales hoy.,142,OK,1,1,1.00,false,"portadocumentos de viaje y de cables rpet, portadocumentos de viaje y de cables rpet personalizado, portadocumentos de viaje y de cables rpet promocional, portadocumentos de viaje y de cables rpet con logo, portadocumentos de viaje y de cables rpet ecuador, portadocumentos de viaje y de cables rpet corporativo, maletines, regalo corporativo ecuador, merchandising quito, productos promocionales guayaquil, ks promocionales, artículos publicitarios"
organizador-de-viaje-tango-rpet-10421,Organizador de Viaje Tango Rpet,Maletines,Organizador de Viaje Tango Rpet Personalizado | Ecuador,55,OK,1,614,"Organizador de viaje Tango Rpet personalizado para ejecutivos. Protege documentos, cables y accesorios. Cotiza ahora en Ecuador.",128,OK,1,1,1.00,false,"organizador de viaje tango rpet, organizador de viaje tango rpet personalizado, organizador de viaje tango rpet promocional, organizador de viaje tango rpet con logo, organizador de viaje tango rpet ecuador, organizador de viaje tango rpet corporativo, maletines, regalo corporativo ecuador, merchandising quito, productos promocionales guayaquil, ks promocionales, artículos publicitarios"
bolsa-holt-eco-120gr-10422,Bolsa Holt Eco (120gr),Maletines,Bolsa Holt Eco 120gr Personalizada | Ecuador,44,OK,1,1,Bolsa Holt Eco personalizada para eventos corporativos. Sostenible y práctica. Cotiza tu pedido en Ecuador hoy mismo.,117,OK,1,1,0.67,false,"bolsa holt eco (120gr), bolsa holt eco (120gr) personalizado, bolsa holt eco (120gr) promocional, bolsa holt eco (120gr) con logo, bolsa holt eco (120gr) ecuador, bolsa holt eco (120gr) corporativo, maletines, regalo corporativo ecuador, merchandising quito, productos promocionales guayaquil, ks promocionales, artículos publicitarios"
morral-backpack-prince-urban-travel-10548,Morral Backpack Prince Urban Travel,Maletines,Morral Backpack Prince Urban Travel | Ecuador,45,OK,1,52,Morral Backpack Prince Urban Travel personalizado para ejecutivos. Cotiza tu morral con logo en Ecuador. ¡Solicita tu presupuesto hoy!,134,OK,1,1,1.00,false,"morral backpack prince urban travel, morral backpack prince urban travel personalizado, morral backpack prince urban travel promocional, morral backpack prince urban travel con logo, morral backpack prince urban travel ecuador, morral backpack prince urban travel corporativo, maletines, regalo corporativo ecuador, merchandising quito, productos promocionales guayaquil, ks promocionales, artículos publicitarios"
morral-backpack-genesis-urban-travel-10549,Morral Backpack Génesis Urban Travel,Maletines,Morral Backpack Génesis Urban Travel Personalizado | Ecuador,60,OK,1,614,Morral Backpack Génesis Urban Travel. Personaliza con tu marca en Ecuador. Fortalece tu imagen corporativa. ¡Cotiza ahora!,122,OK,1,1,1.00,false,"morral backpack génesis urban travel, morral backpack génesis urban travel personalizado, morral backpack génesis urban travel promocional, morral backpack génesis urban travel con logo, morral backpack génesis urban travel ecuador, morral backpack génesis urban travel corporativo, maletines, regalo corporativo ecuador, merchandising quito, productos promocionales guayaquil, ks promocionales, artículos publicitarios"
bolsa-plastica-ruffus-10584,Bolsa Plástica Ruffus,Maletines,Bolsa Plástica Ruffus Personalizado | Ecuador,45,OK,1,614,Bolsa Plástica Ruffus personalizada para branding corporativo. Ideal para ferias y eventos en Ecuador. Cotiza tu pedido hoy.,124,OK,1,1,1.00,false,"bolsa plástica ruffus, bolsa plástica ruffus personalizado, bolsa plástica ruffus promocional, bolsa plástica ruffus con logo, bolsa plástica ruffus ecuador, bolsa plástica ruffus corporativo, maletines, regalo corporativo ecuador, merchandising quito, productos promocionales guayaquil, ks promocionales, artículos publicitarios"
morral-backpack-river-10363,Morral Backpack River,Maletines,Morral Backpack River Personalizado | Ecuador,45,OK,1,614,Morral Backpack River personalizado para tu marca. Ideal para colaboradores en Quito. Cotiza hoy y lleva tu logo a todas partes.,128,OK,1,1,1.00,false,"morral backpack river, morral backpack river personalizado, morral backpack river promocional, morral backpack river con logo, morral backpack river ecuador, morral backpack river corporativo, maletines, regalo corporativo ecuador, merchandising quito, productos promocionales guayaquil, ks promocionales, artículos publicitarios"
morral-backpack-chest-10370,Morral Backpack Chest,Maletines,Morral Backpack Chest Personalizado Ecuador,43,OK,1,59,Morral Backpack Chest personalizado para profesionales. Ideal para ejecutivos en Ecuador. Cotiza tu mochila corporativa hoy.,124,OK,1,1,1.00,false,"morral backpack chest, morral backpack chest personalizado, morral backpack chest promocional, morral backpack chest con logo, morral backpack chest ecuador, morral backpack chest corporativo, maletines, regalo corporativo ecuador, merchandising quito, productos promocionales guayaquil, ks promocionales, artículos publicitarios"
nevera-cooler-ginko-10371,Nevera Cooler Ginko,Maletines,Nevera Cooler Ginko Personalizado | Ecuador,43,OK,1,614,Nevera Cooler Ginko personalizada con tu logo. Ideal para marketing en viajes y eventos. Cotiza ahora en Ecuador.,113,OK,1,1,1.00,false,"nevera cooler ginko, nevera cooler ginko personalizado, nevera cooler ginko promocional, nevera cooler ginko con logo, nevera cooler ginko ecuador, nevera cooler ginko corporativo, maletines, regalo corporativo ecuador, merchandising quito, productos promocionales guayaquil, ks promocionales, artículos publicitarios"
bolsa-en-algodon-shopper-290gr-10367,Bolsa en Algodón Shopper (290gr),Maletines,Bolsa Algodón Shopper 290gr Personalizada | Ecuador,51,OK,1,1,Bolsa en algodón shopper personalizada con tu logo. Perfecta para merchandising en Ecuador. Cotiza tu pedido hoy mismo.,119,OK,1,1,0.75,false,"bolsa en algodón shopper (290gr), bolsa en algodón shopper (290gr) personalizado, bolsa en algodón shopper (290gr) promocional, bolsa en algodón shopper (290gr) con logo, bolsa en algodón shopper (290gr) ecuador, bolsa en algodón shopper (290gr) corporativo, maletines, regalo corporativo ecuador, merchandising quito, productos promocionales guayaquil, ks promocionales, artículos publicitarios"
estuche-baloo-10372,Estuche Baloo,Maletines,Estuche Baloo Personalizado | Ecuador,37,OK,1,614,Estuche Baloo personalizado con tu logo. Maletín profesional ideal para regalos corporativos. Cotiza ahora en Ecuador.,118,OK,1,1,1.00,false,"estuche baloo, estuche baloo personalizado, estuche baloo promocional, estuche baloo con logo, estuche baloo ecuador, estuche baloo corporativo, maletines, regalo corporativo ecuador, merchandising quito, productos promocionales guayaquil, ks promocionales, artículos publicitarios"
organizador-de-viaje-artemis-10376,Organizador de Viaje Artemis,Maletines,Organizador de Viaje Artemis Personalizado | Ecuador,52,OK,1,614,Personaliza tu Organizador de Viaje Artemis para clientes en Ecuador. Un regalo práctico y elegante. ¡Cotiza tu pedido hoy!,123,OK,1,1,1.00,false,"organizador de viaje artemis, organizador de viaje artemis personalizado, organizador de viaje artemis promocional, organizador de viaje artemis con logo, organizador de viaje artemis ecuador, organizador de viaje artemis corporativo, maletines, regalo corporativo ecuador, merchandising quito, productos promocionales guayaquil, ks promocionales, artículos publicitarios"
organizador-de-viaje-venus-10574,Organizador de Viaje Venus,Maletines,Organizador de Viaje Venus Personalizado | Ecuador,50,OK,1,614,Organizador de viaje Venus personalizado para ejecutivos. Mantén todo organizado en tus desplazamientos. Cotiza ahora en Ecuador.,129,OK,1,1,1.00,false,"organizador de viaje venus, organizador de viaje venus personalizado, organizador de viaje venus promocional, organizador de viaje venus con logo, organizador de viaje venus ecuador, organizador de viaje venus corporativo, maletines, regalo corporativo ecuador, merchandising quito, productos promocionales guayaquil, ks promocionales, artículos publicitarios"
bolsa-compacta-cliff-10576,Bolsa Compacta Cliff,Maletines,Bolsa Compacta Cliff Personalizado | Ecuador,44,OK,1,614,Bolsa Compacta Cliff personalizada para tu empresa. Ideal para clientes y colaboradores. Cotiza ahora en Ecuador.,113,OK,1,1,1.00,false,"bolsa compacta cliff, bolsa compacta cliff personalizado, bolsa compacta cliff promocional, bolsa compacta cliff con logo, bolsa compacta cliff ecuador, bolsa compacta cliff corporativo, maletines, regalo corporativo ecuador, merchandising quito, productos promocionales guayaquil, ks promocionales, artículos publicitarios"
morral-backpack-doom-10332,Morral Backpack Doom,Maletines,Morral Backpack Doom Personalizado | Ecuador,44,OK,1,614,Morral Backpack Doom personalizado para regalos corporativos. Cotiza tu pedido en Ecuador. Maletines de calidad con tu logo.,124,OK,1,1,1.00,false,"morral backpack doom, morral backpack doom personalizado, morral backpack doom promocional, morral backpack doom con logo, morral backpack doom ecuador, morral backpack doom corporativo, maletines, regalo corporativo ecuador, merchandising quito, productos promocionales guayaquil, ks promocionales, artículos publicitarios"
morral-backpack-kallisto-10787,Morral Backpack Kallisto,Maletines,Morral Backpack Kallisto Personalizado | Ecuador,48,OK,1,614,Morral Backpack Kallisto personalizado para ejecutivos. Compañero corporativo con tu marca. Cotiza ahora en Ecuador.,116,OK,1,1,1.00,false,"morral backpack kallisto, morral backpack kallisto personalizado, morral backpack kallisto promocional, morral backpack kallisto con logo, morral backpack kallisto ecuador, morral backpack kallisto corporativo, maletines, regalo corporativo ecuador, merchandising quito, productos promocionales guayaquil, ks promocionales, artículos publicitarios"
morral-backpack-antirrobo-sencillo-armor-ii-10564,Morral Backpack Antirrobo Sencillo Armor ii,Maletines,Morral Backpack Antirrobo Sencillo Armor ii Personalizado | Ecuador,67,TOO_LONG_TRUNCATION_RISK,1,614,Morral Backpack Antirrobo Sencillo Armor II personalizable con tu logo. Regalo corporativo seguro y funcional en Ecuador. ¡Cotiza ya!,133,OK,1,1,1.00,false,"morral backpack antirrobo sencillo armor ii, morral backpack antirrobo sencillo armor ii personalizado, morral backpack antirrobo sencillo armor ii promocional, morral backpack antirrobo sencillo armor ii con logo, morral backpack antirrobo sencillo armor ii ecuador, morral backpack antirrobo sencillo armor ii corporativo, maletines, regalo corporativo ecuador, merchandising quito, productos promocionales guayaquil, ks promocionales, artículos publicitarios"
morral-backpack-tripp-ii-10565,Morral Backpack Tripp ii,Maletines,Morral Backpack Tripp ii Personalizado | Ecuador,48,OK,1,614,Morral Backpack Tripp ii personalizado con tu logo. Ideal para ejecutivos. Cotiza ahora en Ecuador. Presencia de marca garantizada.,131,OK,1,1,1.00,false,"morral backpack tripp ii, morral backpack tripp ii personalizado, morral backpack tripp ii promocional, morral backpack tripp ii con logo, morral backpack tripp ii ecuador, morral backpack tripp ii corporativo, maletines, regalo corporativo ecuador, merchandising quito, productos promocionales guayaquil, ks promocionales, artículos publicitarios"
organizador-de-viaje-nova-urban-travel-9817,Organizador de Viaje Nova Urban Travel,Maletines,Organizador de Viaje Nova Urban Travel | Ecuador,48,OK,1,52,"Organizador de viaje personalizado Nova Urban Travel para ejecutivos. Diseño premium, funcional y elegante. Cotiza ahora en Ecuador.",132,OK,1,1,1.00,false,"organizador de viaje nova urban travel, organizador de viaje nova urban travel personalizado, organizador de viaje nova urban travel promocional, organizador de viaje nova urban travel con logo, organizador de viaje nova urban travel ecuador, organizador de viaje nova urban travel corporativo, maletines, regalo corporativo ecuador, merchandising quito, productos promocionales guayaquil, ks promocionales, artículos publicitarios"
cosmetiquera-judy-produccion-nacional-9825,Cosmetiquera Judy - Produccion Nacional,Producción Nacional,Cosmetiquera Judy Personalizada | Ecuador,41,OK,1,1,Cosmetiquera Judy personalizada para empresas. Ideal para regalos corporativos en Ecuador. Cotiza tu pedido hoy mismo.,118,OK,1,1,0.50,false,"cosmetiquera judy - produccion nacional, cosmetiquera judy - produccion nacional personalizado, cosmetiquera judy - produccion nacional promocional, cosmetiquera judy - produccion nacional con logo, cosmetiquera judy - produccion nacional ecuador, cosmetiquera judy - produccion nacional corporativo, maletines, regalo corporativo ecuador, merchandising quito, productos promocionales guayaquil, ks promocionales, artículos publicitarios"
maletin-avenue-oferta-6161,Maletin Avenue - Oferta,Maletines,Maletín Avenue Personalizado | Ecuador,38,OK,1,1,Maletín Avenue personalizado para ejecutivos. Promocionales de calidad en Guayaquil. Cotiza tu pedido hoy y lleva tu marca.,123,OK,1,1,0.67,false,"maletin avenue - oferta, maletin avenue - oferta personalizado, maletin avenue - oferta promocional, maletin avenue - oferta con logo, maletin avenue - oferta ecuador, maletin avenue - oferta corporativo, maletines, regalo corporativo ecuador, merchandising quito, productos promocionales guayaquil, ks promocionales, artículos publicitarios"
bolsa-clear-trenza-con-ribete-produccion-nacional-6463,Bolsa Clear Trenza Con Ribete - Producción Nacional,Producción Nacional,Bolsa Clear Trenza Con Ribete - Ecuador,39,OK,1,1,Bolsa Clear Trenza con Ribete personalizada para tu marca. Ideal para ferias y eventos. Cotiza ahora en Ecuador con producción nacional.,136,OK,1,1,0.67,false,"bolsa clear trenza con ribete - producción nacional, bolsa clear trenza con ribete - producción nacional personalizado, bolsa clear trenza con ribete - producción nacional promocional, bolsa clear trenza con ribete - producción nacional con logo, bolsa clear trenza con ribete - producción nacional ecuador, bolsa clear trenza con ribete - producción nacional corporativo, maletines, regalo corporativo ecuador, merchandising quito, productos promocionales guayaquil, ks promocionales, artículos publicitarios"
bolsa-clear-zuzy-con-ribete-produccion-nacional-6460,Bolsa Clear Zuzy Con Ribete - Produccion Nacional,Producción Nacional,Bolsa Clear Zuzy Con Ribete Personalizada | Ecuador,51,OK,1,1,Bolsa Clear Zuzy con Ribete personalizada para promocionar tu marca. Diseño transparente y profesional. Cotiza ahora en Ecuador.,128,OK,1,1,0.67,false,"bolsa clear zuzy con ribete - produccion nacional, bolsa clear zuzy con ribete - produccion nacional personalizado, bolsa clear zuzy con ribete - produccion nacional promocional, bolsa clear zuzy con ribete - produccion nacional con logo, bolsa clear zuzy con ribete - produccion nacional ecuador, bolsa clear zuzy con ribete - produccion nacional corporativo, maletines, regalo corporativo ecuador, merchandising quito, productos promocionales guayaquil, ks promocionales, artículos publicitarios"
morral-backpack-denim-7600,Morral Backpack Denim,Maletines,Morral Backpack Denim Personalizado | Ecuador,45,OK,1,614,Morral Backpack Denim personalizado para tu marca. Perfecta para empresas en Ecuador. Cotiza ahora y lleva tu marca a todas partes.,131,OK,1,1,1.00,false,"morral backpack denim, morral backpack denim personalizado, morral backpack denim promocional, morral backpack denim con logo, morral backpack denim ecuador, morral backpack denim corporativo, maletines, regalo corporativo ecuador, merchandising quito, productos promocionales guayaquil, ks promocionales, artículos publicitarios"
morral-backpack-plegable-venecia-9157,Morral Backpack Plegable Venecia,Maletines,Morral Backpack Plegable Venecia Personalizado | Ecuador,56,OK,1,614,Morral Backpack Plegable Venecia personalizado para ejecutivos. Solución práctica y versátil. Cotiza ahora en Ecuador.,118,OK,1,1,1.00,false,"morral backpack plegable venecia, morral backpack plegable venecia personalizado, morral backpack plegable venecia promocional, morral backpack plegable venecia con logo, morral backpack plegable venecia ecuador, morral backpack plegable venecia corporativo, maletines, regalo corporativo ecuador, merchandising quito, productos promocionales guayaquil, ks promocionales, artículos publicitarios"
nevera-cooler-bag-neopreno-9311,Nevera Cooler Bag Neopreno,Maletines,Nevera Cooler Bag Neopreno Personalizado | Ecuador,50,OK,1,614,Nevera Cooler Bag de Neopreno personalizada para tu marca. Mantén bebidas frías en Ecuador. Cotiza tu pedido hoy mismo.,119,OK,1,1,1.00,false,"nevera cooler bag neopreno, nevera cooler bag neopreno personalizado, nevera cooler bag neopreno promocional, nevera cooler bag neopreno con logo, nevera cooler bag neopreno ecuador, nevera cooler bag neopreno corporativo, maletines, regalo corporativo ecuador, merchandising quito, productos promocionales guayaquil, ks promocionales, artículos publicitarios"
nevera-cooler-joplin-9068,Nevera Cooler Joplin,Maletines,Nevera Cooler Joplin Personalizado | Ecuador,44,OK,1,614,Nevera Cooler Joplin personalizada para empresas en Ecuador. Maletín térmico promocional ideal para eventos. ¡Cotiza ahora!,123,OK,1,1,1.00,false,"nevera cooler joplin, nevera cooler joplin personalizado, nevera cooler joplin promocional, nevera cooler joplin con logo, nevera cooler joplin ecuador, nevera cooler joplin corporativo, maletines, regalo corporativo ecuador, merchandising quito, productos promocionales guayaquil, ks promocionales, artículos publicitarios"
morral-backpack-antirrobo-security-9601,Morral Backpack Antirrobo Security,Maletines,Morral Backpack Antirrobo Security Personalizado | Ecuador,58,OK,1,614,Morrales Backpack Antirrobo Security personalizados para empresas. Fortalece tu marca en Ecuador. ¡Cotiza ahora y sorprende a tus clientes!,139,OK,1,1,1.00,false,"morral backpack antirrobo security, morral backpack antirrobo security personalizado, morral backpack antirrobo security promocional, morral backpack antirrobo security con logo, morral backpack antirrobo security ecuador, morral backpack antirrobo security corporativo, maletines, regalo corporativo ecuador, merchandising quito, productos promocionales guayaquil, ks promocionales, artículos publicitarios"
organizador-de-viaje-darwin-9826,Organizador de Viaje Darwin,Maletines,Organizador de Viaje Darwin Personalizado | Ecuador,51,OK,1,614,Organizador de viaje Darwin personalizado para ejecutivos. Ideal para viajes de negocios en Ecuador. Cotiza tu maletín promocional hoy.,135,OK,1,1,1.00,false,"organizador de viaje darwin, organizador de viaje darwin personalizado, organizador de viaje darwin promocional, organizador de viaje darwin con logo, organizador de viaje darwin ecuador, organizador de viaje darwin corporativo, maletines, regalo corporativo ecuador, merchandising quito, productos promocionales guayaquil, ks promocionales, artículos publicitarios"
bolsa-en-cambrel-shopper-9960,Bolsa en Cambrel Shopper,Maletines,Bolsa Shopper en Cambrel Personalizada | Ecuador,48,OK,1,1,Bolsa shopper en cambrel personalizada para tu marca. Ideal para promociones en Ecuador. Cotiza ahora y lleva tu marca a todas partes.,134,OK,1,1,1.00,false,"bolsa en cambrel shopper, bolsa en cambrel shopper personalizado, bolsa en cambrel shopper promocional, bolsa en cambrel shopper con logo, bolsa en cambrel shopper ecuador, bolsa en cambrel shopper corporativo, maletines, regalo corporativo ecuador, merchandising quito, productos promocionales guayaquil, ks promocionales, artículos publicitarios"
manos-libres-lakey-urban-travel-10167,Manos Libres Lakey Urban Travel,Maletines,Manos Libres Lakey Urban Travel Personalizado | Ecuador,55,OK,1,614,Manos libres Lakey Urban Travel personalizado para ejecutivos. Ideal para viajes en Ecuador. Cotiza tu promocional ahora.,121,OK,1,1,1.00,false,"manos libres lakey urban travel, manos libres lakey urban travel personalizado, manos libres lakey urban travel promocional, manos libres lakey urban travel con logo, manos libres lakey urban travel ecuador, manos libres lakey urban travel corporativo, maletines, regalo corporativo ecuador, merchandising quito, productos promocionales guayaquil, ks promocionales, artículos publicitarios"
sporty-bag-evan-10155,Sporty Bag Evan,Maletines,Sporty Bag Evan Personalizado | Ecuador,39,OK,1,614,Sporty Bag Evan personalizado para tu marca. Maletín corporativo de calidad en Ecuador. Cotiza hoy tu regalo promocional.,121,OK,1,1,1.00,false,"sporty bag evan, sporty bag evan personalizado, sporty bag evan promocional, sporty bag evan con logo, sporty bag evan ecuador, sporty bag evan corporativo, maletines, regalo corporativo ecuador, merchandising quito, productos promocionales guayaquil, ks promocionales, artículos publicitarios"
nevera-cooler-caspian-10175,Nevera Cooler Caspian,Maletines,Nevera Cooler Caspian Personalizado | Ecuador,45,OK,1,614,Nevera Cooler Caspian personalizada para eventos corporativos. Ideal para team building y viajes. Cotiza tu promocional en Ecuador.,131,OK,1,1,1.00,false,"nevera cooler caspian, nevera cooler caspian personalizado, nevera cooler caspian promocional, nevera cooler caspian con logo, nevera cooler caspian ecuador, nevera cooler caspian corporativo, maletines, regalo corporativo ecuador, merchandising quito, productos promocionales guayaquil, ks promocionales, artículos publicitarios"
nevera-cooler-bishop-10185,Nevera Cooler Bishop,Maletines,Nevera Cooler Bishop Personalizada | Ecuador,44,OK,1,82,Nevera Cooler Bishop personalizada para empresas. Ideal para regalos corporativos en Ecuador. Cotiza tu pedido hoy mismo.,121,OK,1,1,1.00,false,"nevera cooler bishop, nevera cooler bishop personalizado, nevera cooler bishop promocional, nevera cooler bishop con logo, nevera cooler bishop ecuador, nevera cooler bishop corporativo, maletines, regalo corporativo ecuador, merchandising quito, productos promocionales guayaquil, ks promocionales, artículos publicitarios"
nevera-cooler-strap-10189,Nevera Cooler Strap,Maletines,Nevera Cooler Strap Personalizado | Ecuador,43,OK,1,614,Nevera Cooler Strap personalizado para eventos y viajes. Mantén tus bebidas frías en Ecuador. ¡Cotiza ahora tu maletín promocional!,131,OK,1,1,1.00,false,"nevera cooler strap, nevera cooler strap personalizado, nevera cooler strap promocional, nevera cooler strap con logo, nevera cooler strap ecuador, nevera cooler strap corporativo, maletines, regalo corporativo ecuador, merchandising quito, productos promocionales guayaquil, ks promocionales, artículos publicitarios"
nevera-cooler-cody-10193,Nevera Cooler Cody,Maletines,Nevera Cooler Cody Personalizada | Merchandising Ecuador,56,OK,1,1,Personaliza tu Nevera Cooler Cody para tu marca. Ideal para promociones en Ecuador. ¡Cotiza tu diseño único ahora y refuerza tu imagen!,135,OK,1,1,1.00,false,"nevera cooler cody, nevera cooler cody personalizado, nevera cooler cody promocional, nevera cooler cody con logo, nevera cooler cody ecuador, nevera cooler cody corporativo, maletines, regalo corporativo ecuador, merchandising quito, productos promocionales guayaquil, ks promocionales, artículos publicitarios"
organizador-de-viaje-merrick-10184,Organizador de Viaje Merrick,Maletines,Organizador de Viaje Merrick Personalizado Ecuador,50,OK,1,59,Organizador de Viaje Merrick personalizado para ejecutivos. Refleja profesionalismo en viajes corporativos. Cotiza en Ecuador ahora.,132,OK,1,1,1.00,false,"organizador de viaje merrick, organizador de viaje merrick personalizado, organizador de viaje merrick promocional, organizador de viaje merrick con logo, organizador de viaje merrick ecuador, organizador de viaje merrick corporativo, maletines, regalo corporativo ecuador, merchandising quito, productos promocionales guayaquil, ks promocionales, artículos publicitarios"
funda-portalaptop-rpet-10173,Funda Portalaptop Rpet,Maletines,Funda Portalaptop RPET Personalizado | Ecuador,46,OK,1,614,Funda portalaptop RPET personalizable con tu logo. Protege laptops y promociona tu marca en Ecuador. ¡Cotiza ahora!,115,OK,1,1,1.00,false,"funda portalaptop rpet, funda portalaptop rpet personalizado, funda portalaptop rpet promocional, funda portalaptop rpet con logo, funda portalaptop rpet ecuador, funda portalaptop rpet corporativo, maletines, regalo corporativo ecuador, merchandising quito, productos promocionales guayaquil, ks promocionales, artículos publicitarios"
maletin-portadocumentos-king-10171,Maletín Portadocumentos King,Maletines,Maletín Portadocumentos King Personalizado Ecuador,50,OK,1,59,Maletín profesional King personalizable para empresas en Ecuador. Proyecta imagen corporativa. Cotiza tu pedido hoy.,116,OK,1,1,1.00,false,"maletín portadocumentos king, maletín portadocumentos king personalizado, maletín portadocumentos king promocional, maletín portadocumentos king con logo, maletín portadocumentos king ecuador, maletín portadocumentos king corporativo, maletines, regalo corporativo ecuador, merchandising quito, productos promocionales guayaquil, ks promocionales, artículos publicitarios"
morral-backpack-asher-rpet-10174,Morral Backpack Asher Rpet,Maletines,Morral Backpack Asher Rpet Personalizado | Ecuador,50,OK,1,614,Morral Backpack Asher Rpet personalizado para empresas. Ideal para promociones corporativas en Ecuador. Cotiza tu pedido hoy.,125,OK,1,1,1.00,false,"morral backpack asher rpet, morral backpack asher rpet personalizado, morral backpack asher rpet promocional, morral backpack asher rpet con logo, morral backpack asher rpet ecuador, morral backpack asher rpet corporativo, maletines, regalo corporativo ecuador, merchandising quito, productos promocionales guayaquil, ks promocionales, artículos publicitarios"
morral-backpack-padrax-oferta-10170,Morral Backpack Padrax Oferta,Maletines,Morral Backpack Padrax Personalizado | Ecuador,46,OK,1,1,Morral Backpack Padrax personalizado para tu empresa. Ideal para empleados en movimiento. Cotiza hoy en Ecuador.,112,OK,1,1,0.75,false,"morral backpack padrax oferta, morral backpack padrax oferta personalizado, morral backpack padrax oferta promocional, morral backpack padrax oferta con logo, morral backpack padrax oferta ecuador, morral backpack padrax oferta corporativo, maletines, regalo corporativo ecuador, merchandising quito, productos promocionales guayaquil, ks promocionales, artículos publicitarios"
bolsa-graham-ii-13172,Bolsa Graham ii,Maletines,Bolsa Graham II Personalizada | Ecuador,39,OK,1,82,"Bolsa Graham II personalizada para regalos corporativos. Diseño moderno y funcional. Cotiza tu pedido en Quito, Guayaquil y todo Ecuador.",137,OK,1,1,1.00,false,"bolsa graham ii, bolsa graham ii personalizado, bolsa graham ii promocional, bolsa graham ii con logo, bolsa graham ii ecuador, bolsa graham ii corporativo, maletines, regalo corporativo ecuador, merchandising quito, productos promocionales guayaquil, ks promocionales, artículos publicitarios"
sporty-bag-cotton-180gr-ii-11039,Sporty Bag Cotton (180gr) ii,Maletines,Sporty Bag Cotton 180gr Personalizado Ecuador,45,OK,1,1,Bolsa de algodón 180gr personalizable para empresas. Ideal para obsequios corporativos. Cotiza tu pedido en Ecuador.,116,OK,1,1,0.67,false,"sporty bag cotton (180gr) ii, sporty bag cotton (180gr) ii personalizado, sporty bag cotton (180gr) ii promocional, sporty bag cotton (180gr) ii con logo, sporty bag cotton (180gr) ii ecuador, sporty bag cotton (180gr) ii corporativo, maletines, regalo corporativo ecuador, merchandising quito, productos promocionales guayaquil, ks promocionales, artículos publicitarios"
morral-backpack-gripper-11045,Morral Backpack Gripper,Maletines,Morral Backpack Gripper Personalizado | Ecuador,47,OK,1,614,Personaliza tu Morral Backpack Gripper para tu marca en Ecuador. Un artículo promocional de alto impacto. ¡Cotiza ahora y destaca!,130,OK,1,1,1.00,false,"morral backpack gripper, morral backpack gripper personalizado, morral backpack gripper promocional, morral backpack gripper con logo, morral backpack gripper ecuador, morral backpack gripper corporativo, maletines, regalo corporativo ecuador, merchandising quito, productos promocionales guayaquil, ks promocionales, artículos publicitarios"
botilito-plastico-santino-650ml-oferta-9774,Botilito Plástico Santino 650ml Oferta,Tomatodos y Botilitos Personalizados,Botilito Santino 650ml Personalizado con Logo - Ecuador,55,OK,1,1,Botilito plastico Santino 650ml personalizado para empresas. Merchandising promocional duradero y funcional. Ideal para branding corporativo en Ecuador.,152,OK,1,1,0.60,false,"botilito plástico santino 650ml oferta, botilito plástico santino 650ml oferta personalizado, botilito plástico santino 650ml oferta promocional, botilito plástico santino 650ml oferta con logo, botilito plástico santino 650ml oferta ecuador, botilito plástico santino 650ml oferta corporativo, mugs, regalo corporativo ecuador, merchandising quito, productos promocionales guayaquil, ks promocionales, artículos publicitarios"
botilito-plastico-frontier-petg-610ml-10700,Botilito Plástico Frontier Petg 610ml,Tomatodos y Botilitos Personalizados,Botilito Personalizado Frontier PETG 610ml Ecuador,50,OK,1,1,"Botilito plástico 610ml con tu logo impreso. Regalo corporativo reutilizable para empresas en Ecuador. Ideal ferias, lanzamientos y eventos.",140,OK,1,1,0.80,false,"botilito plástico frontier petg 610ml, botilito plástico frontier petg 610ml personalizado, botilito plástico frontier petg 610ml promocional, botilito plástico frontier petg 610ml con logo, botilito plástico frontier petg 610ml ecuador, botilito plástico frontier petg 610ml corporativo, mugs, regalo corporativo ecuador, merchandising quito, productos promocionales guayaquil, ks promocionales, artículos publicitarios"
botilito-metalico-marcello-800ml-10390,Botilito Metálico Marcello 800ml,Tomatodos y Botilitos Personalizados,Botilito Metalico Marcello 800ml Personalizado Ecuador,54,OK,1,59,"Botilito metalico Marcello con logo personalizado. 800ml de capacidad, resistente y ideal para campanas promocionales en Ecuador.",129,OK,1,1,1.00,false,"botilito metálico marcello 800ml, botilito metálico marcello 800ml personalizado, botilito metálico marcello 800ml promocional, botilito metálico marcello 800ml con logo, botilito metálico marcello 800ml ecuador, botilito metálico marcello 800ml corporativo, mugs, regalo corporativo ecuador, merchandising quito, productos promocionales guayaquil, ks promocionales, artículos publicitarios"
mug-metalico-troy-300ml-10341,Mug Metálico Troy 300ml,Mugs y Termos,Mug Metálico Troy 300ml Personalizado | Ecuador,47,OK,1,614,Distínguete con el Mug Metálico Troy 300ml personalizado para tu marca en Ecuador. Un regalo corporativo duradero y moderno. ¡Pide tu cotización hoy!,149,OK,1,1,1.00,false,"mug metálico troy 300ml, mug metálico troy 300ml personalizado, mug metálico troy 300ml promocional, mug metálico troy 300ml con logo, mug metálico troy 300ml ecuador, mug metálico troy 300ml corporativo, mugs, regalo corporativo ecuador, merchandising quito, productos promocionales guayaquil, ks promocionales, artículos publicitarios"
botilito-metalico-lewis-urban-travel-500ml-10342,Botilito Metálico Lewis Urban Travel 500ml,Tomatodos y Botilitos Personalizados,Botilito Metalico Personalizado 500ml Lewis Urban Travel Ecuador,64,OK,1,1,Botilito metalico de 500ml con impresion de logo para empresas en Ecuador. Merchandising corporativo de calidad para eventos y campanas publicitarias,149,OK,1,1,1.00,false,"botilito metálico lewis urban travel 500ml, botilito metálico lewis urban travel 500ml personalizado, botilito metálico lewis urban travel 500ml promocional, botilito metálico lewis urban travel 500ml con logo, botilito metálico lewis urban travel 500ml ecuador, botilito metálico lewis urban travel 500ml corporativo, mugs, regalo corporativo ecuador, merchandising quito, productos promocionales guayaquil, ks promocionales, artículos publicitarios"
mug-metalico-magnus-urban-travel-400ml-10506,Mug Metálico Magnus Urban Travel 400ml,Mugs y Termos,Mug Metálico Magnus Urban Travel 400ml | Ecuador,48,OK,1,52,Mug metálico personalizado para empresas en Ecuador. Ideal para regalos corporativos. Cotiza tu pedido hoy y lleva tu marca a todas partes.,139,OK,1,1,1.00,false,"mug metálico magnus urban travel 400ml, mug metálico magnus urban travel 400ml personalizado, mug metálico magnus urban travel 400ml promocional, mug metálico magnus urban travel 400ml con logo, mug metálico magnus urban travel 400ml ecuador, mug metálico magnus urban travel 400ml corporativo, mugs, regalo corporativo ecuador, merchandising quito, productos promocionales guayaquil, ks promocionales, artículos publicitarios"
botilito-metalico-legacy-530ml-10512,Botilito Metálico Légacy 530ml,Tomatodos y Botilitos Personalizados,Botilito Metalico Legacy 530ml Personalizado - Ecuador,54,OK,1,2,Botilito Legacy metalico 530ml personalizado con tu logo. Solucion promocional corporativa para empresas en Ecuador. Branding duradero y funcional.,147,OK,1,1,1.00,false,"botilito metálico légacy 530ml, botilito metálico légacy 530ml personalizado, botilito metálico légacy 530ml promocional, botilito metálico légacy 530ml con logo, botilito metálico légacy 530ml ecuador, botilito metálico légacy 530ml corporativo, mugs, regalo corporativo ecuador, merchandising quito, productos promocionales guayaquil, ks promocionales, artículos publicitarios"
botilito-metalico-dash-950ml-10501,Botilito Metálico Dash 950ml,Tomatodos y Botilitos Personalizados,Botilito Metalico Dash 950ml Personalizado - Ecuador,52,OK,1,2,"Botilito metalico Dash 950ml con logo personalizado. Promocional duradero para empresas en Ecuador. Ideal eventos, conferencias y regalos corporativos.",151,OK,1,1,1.00,false,"botilito metálico dash 950ml, botilito metálico dash 950ml personalizado, botilito metálico dash 950ml promocional, botilito metálico dash 950ml con logo, botilito metálico dash 950ml ecuador, botilito metálico dash 950ml corporativo, mugs, regalo corporativo ecuador, merchandising quito, productos promocionales guayaquil, ks promocionales, artículos publicitarios"
mug-metalico-harlem-350ml-10504,Mug Metálico Harlem 350ml,Mugs y Termos,Mug Metálico Harlem 350ml Personalizado Ecuador,47,OK,1,59,Mug metálico personalizado de 350ml ideal para regalos corporativos. Cotiza tu pedido en Ecuador. Diseña tu marca en cada taza.,127,OK,1,1,1.00,false,"mug metálico harlem 350ml, mug metálico harlem 350ml personalizado, mug metálico harlem 350ml promocional, mug metálico harlem 350ml con logo, mug metálico harlem 350ml ecuador, mug metálico harlem 350ml corporativo, mugs, regalo corporativo ecuador, merchandising quito, productos promocionales guayaquil, ks promocionales, artículos publicitarios"
termo-metalico-calypso-chili-750ml-10518,Termo Metálico Calypso Chili 750ml,Termos Personalizados,Termo Metalico Calypso 750ml Personalizado para Empresas Ecuador,64,OK,1,1,Termo Calypso Chili personalizado con tu logo. Ideal para regalos corporativos y promociones en Ecuador. Capacidad 750ml con doble aislamiento.,143,OK,1,1,0.80,false,"termo metálico calypso chili 750ml, termo metálico calypso chili 750ml personalizado, termo metálico calypso chili 750ml promocional, termo metálico calypso chili 750ml con logo, termo metálico calypso chili 750ml ecuador, termo metálico calypso chili 750ml corporativo, mugs, regalo corporativo ecuador, merchandising quito, productos promocionales guayaquil, ks promocionales, artículos publicitarios"
mug-metalico-calypso-chili-500ml-10521,Mug Metálico Calypso Chili 500ml,Mugs y Termos,Mug Metálico Calypso Chili 500ml | Ecuador,42,OK,1,52,Mug metálico personalizado de 500ml ideal para promocionar tu marca. Cotiza en Ecuador. Producto de calidad para oficinas y eventos.,132,OK,1,1,1.00,false,"mug metálico calypso chili 500ml, mug metálico calypso chili 500ml personalizado, mug metálico calypso chili 500ml promocional, mug metálico calypso chili 500ml con logo, mug metálico calypso chili 500ml ecuador, mug metálico calypso chili 500ml corporativo, mugs, regalo corporativo ecuador, merchandising quito, productos promocionales guayaquil, ks promocionales, artículos publicitarios"
mug-compacto-350ml-10568,Mug Compacto 350ml,Mugs y Termos,Mug Compacto 350ml Personalizado | Ecuador,42,OK,1,614,Impulsa tu marca con mugs compactos personalizados. La herramienta promocional ideal para empresas en Ecuador. ¡Cotiza tu pedido hoy!,133,OK,1,1,1.00,false,"mug compacto 350ml, mug compacto 350ml personalizado, mug compacto 350ml promocional, mug compacto 350ml con logo, mug compacto 350ml ecuador, mug compacto 350ml corporativo, mugs, regalo corporativo ecuador, merchandising quito, productos promocionales guayaquil, ks promocionales, artículos publicitarios"
mug-metalico-chester-880ml-10455,Mug Metálico Chester 880ml,Mugs y Termos,Mug Metálico Chester 880ml Personalizado Ecuador,48,OK,1,59,Mug metálico Chester 880ml personalizado para empresas. Embajador de marca duradero. Cotiza tu pedido en Ecuador hoy.,117,OK,1,1,1.00,false,"mug metálico chester 880ml, mug metálico chester 880ml personalizado, mug metálico chester 880ml promocional, mug metálico chester 880ml con logo, mug metálico chester 880ml ecuador, mug metálico chester 880ml corporativo, mugs, regalo corporativo ecuador, merchandising quito, productos promocionales guayaquil, ks promocionales, artículos publicitarios"
botilito-plastico-bacchus-pet-1000ml-10562,Botilito Plástico Bacchus Pet 1000ml,Tomatodos y Botilitos Personalizados,Botilito Bacchus Pet 1000ml Personalizado - Ecuador,51,OK,1,1,Botilito plastico personalizado Bacchus Pet 1000ml con tu logo impreso. Regalo corporativo para empresas en Ecuador. Minimo de pedido competitivo.,146,OK,1,1,0.75,false,"botilito plástico bacchus pet 1000ml, botilito plástico bacchus pet 1000ml personalizado, botilito plástico bacchus pet 1000ml promocional, botilito plástico bacchus pet 1000ml con logo, botilito plástico bacchus pet 1000ml ecuador, botilito plástico bacchus pet 1000ml corporativo, mugs, regalo corporativo ecuador, merchandising quito, productos promocionales guayaquil, ks promocionales, artículos publicitarios"
mug-plastico-pacific-450ml-oferta-10581,Mug Plástico Pacific 450ml Oferta,Mugs y Termos,Mug Plástico Pacific 450ml Personalizado Ecuador,48,OK,1,1,Mug Plástico Pacific 450ml personalizado con tu logo. Ideal para oficinas en Ecuador. Cotiza hoy y promociona tu marca diariamente.,131,OK,1,1,0.75,false,"mug plástico pacific 450ml oferta, mug plástico pacific 450ml oferta personalizado, mug plástico pacific 450ml oferta promocional, mug plástico pacific 450ml oferta con logo, mug plástico pacific 450ml oferta ecuador, mug plástico pacific 450ml oferta corporativo, mugs, regalo corporativo ecuador, merchandising quito, productos promocionales guayaquil, ks promocionales, artículos publicitarios"
botilito-plastico-wonder-700ml-produccion-nacional-10688,Botilito Plástico Wonder-700ml-producción Nacional,Tomatodos y Botilitos Personalizados,Botilito Personalizado 700ml Wonder - KS Promocionales Ecuador,62,OK,1,1,"Botilito de 700ml con tu logo impreso. Produccion nacional. Ideal para regalos corporativos, ferias y eventos empresariales en Ecuador.",135,OK,1,1,0.25,true,"botilito plástico wonder-700ml-producción nacional, botilito plástico wonder-700ml-producción nacional personalizado, botilito plástico wonder-700ml-producción nacional promocional, botilito plástico wonder-700ml-producción nacional con logo, botilito plástico wonder-700ml-producción nacional ecuador, botilito plástico wonder-700ml-producción nacional corporativo, mugs, regalo corporativo ecuador, merchandising quito, productos promocionales guayaquil, ks promocionales, artículos publicitarios"
botilito-plastico-shams-rpet-600ml-10785,Botilito Plástico Shams Rpet 600ml,Tomatodos y Botilitos Personalizados,Botilito Plastico RPET 600ml Personalizado - Ecuador,52,OK,1,1,Botilito 600ml con tu logo personalizado. Material RPET ecologico para empresas. Distribucion de merchandising corporativo en Ecuador.,134,OK,1,1,0.80,false,"botilito plástico shams rpet 600ml, botilito plástico shams rpet 600ml personalizado, botilito plástico shams rpet 600ml promocional, botilito plástico shams rpet 600ml con logo, botilito plástico shams rpet 600ml ecuador, botilito plástico shams rpet 600ml corporativo, mugs, regalo corporativo ecuador, merchandising quito, productos promocionales guayaquil, ks promocionales, artículos publicitarios"
mug-metalico-torval-urban-travel-400ml-11053,Mug Metálico Torval Urban Travel 400ml,Mugs y Termos,Mug Metálico Torval Urban Travel 400ml Personalizado | Ecuador,62,OK,1,614,Personaliza tu Mug Metálico Torval Urban Travel 400ml para promociones en Ecuador. Un regalo de calidad que refuerza tu marca. ¡Solicita tu cotización ahora!,157,OK,1,1,1.00,false,"mug metálico torval urban travel 400ml, mug metálico torval urban travel 400ml personalizado, mug metálico torval urban travel 400ml promocional, mug metálico torval urban travel 400ml con logo, mug metálico torval urban travel 400ml ecuador, mug metálico torval urban travel 400ml corporativo, mugs, regalo corporativo ecuador, merchandising quito, productos promocionales guayaquil, ks promocionales, artículos publicitarios"
tapa-cupula-double-10631,Tapa Cúpula Double,Mugs y Termos,Tapa Cúpula Double Personalizado | Mugs en Ecuador,50,OK,1,1,Personaliza tu Tapa Cúpula Double para mugs. Ideal para empresas en Ecuador. Solicita tu cotización y potencia tu marca.,120,OK,1,1,1.00,false,"tapa cúpula double, tapa cúpula double personalizado, tapa cúpula double promocional, tapa cúpula double con logo, tapa cúpula double ecuador, tapa cúpula double corporativo, mugs, regalo corporativo ecuador, merchandising quito, productos promocionales guayaquil, ks promocionales, artículos publicitarios"
tapa-pestana-window-10632,Tapa Pestaña Window,Mugs y Termos,Tapa Pestaña Window Personalizado | Ecuador,43,OK,1,614,Mug Tapa Pestaña Window personalizado para empresas. Practicidad y estilo corporativo. Cotiza hoy en Ecuador.,109,OK,1,1,1.00,false,"tapa pestaña window, tapa pestaña window personalizado, tapa pestaña window promocional, tapa pestaña window con logo, tapa pestaña window ecuador, tapa pestaña window corporativo, mugs, regalo corporativo ecuador, merchandising quito, productos promocionales guayaquil, ks promocionales, artículos publicitarios"
tapa-holdy-10615,Tapa Holdy,Producción Nacional,Tapa Holdy Personalizado | Ecuador,34,OK,1,614,Tapa Holdy personalizado para proteger tu móvil y mantener visible tu marca. Solicita tu cotización en Ecuador.,111,OK,1,1,1.00,false,"tapa holdy, tapa holdy personalizado, tapa holdy promocional, tapa holdy con logo, tapa holdy ecuador, tapa holdy corporativo, mugs, regalo corporativo ecuador, merchandising quito, productos promocionales guayaquil, ks promocionales, artículos publicitarios"
botilito-metalico-dakota-650ml-10083,Botilito Metálico Dakota 650ml,Tomatodos y Botilitos Personalizados,Botilito Metalico Dakota 650ml Personalizado Ecuador,52,OK,1,59,Botilito metalico 650ml con personalizacion de logo. Merchandising corporativo de calidad para empresas en Ecuador. Resistente y reutilizable.,142,OK,1,1,1.00,false,"botilito metálico dakota 650ml, botilito metálico dakota 650ml personalizado, botilito metálico dakota 650ml promocional, botilito metálico dakota 650ml con logo, botilito metálico dakota 650ml ecuador, botilito metálico dakota 650ml corporativo, mugs, regalo corporativo ecuador, merchandising quito, productos promocionales guayaquil, ks promocionales, artículos publicitarios"
botilito-plastico-sterling-700ml-10084,Botilito Plástico Sterling 700ml,Tomatodos y Botilitos Personalizados,Botilito Plastico Sterling 700ml Personalizado Ecuador,54,OK,1,59,Botilito Sterling 700ml con logo personalizado. Perfecta para promociones empresariales en Ecuador. Resistente y funcional para tu marca.,137,OK,1,1,1.00,false,"botilito plástico sterling 700ml, botilito plástico sterling 700ml personalizado, botilito plástico sterling 700ml promocional, botilito plástico sterling 700ml con logo, botilito plástico sterling 700ml ecuador, botilito plástico sterling 700ml corporativo, mugs, regalo corporativo ecuador, merchandising quito, productos promocionales guayaquil, ks promocionales, artículos publicitarios"
mug-metalico-con-pitillo-600ml-10092,Mug Metálico Con Pitillo 600ml,Mugs y Termos,Mug Metálico Con Pitillo 600ml Personalizado Ecuador,52,OK,1,59,Mug metálico con pitillo personalizado para empresas en Ecuador. Ideal para regalos corporativos. ¡Cotiza tu pedido ahora!,122,OK,1,1,1.00,false,"mug metálico con pitillo 600ml, mug metálico con pitillo 600ml personalizado, mug metálico con pitillo 600ml promocional, mug metálico con pitillo 600ml con logo, mug metálico con pitillo 600ml ecuador, mug metálico con pitillo 600ml corporativo, mugs, regalo corporativo ecuador, merchandising quito, productos promocionales guayaquil, ks promocionales, artículos publicitarios"
botilito-metalico-artemis-800ml-10306,Botilito Metálico Artemis 800ml,Tomatodos y Botilitos Personalizados,Botilito Metalico Artemis 800ml Personalizado Ecuador,53,OK,1,59,Botilito metalico Artemis 800ml con impresion de logo para empresas. Promociona tu marca en Ecuador con este articulo versátil y funcional.,139,OK,1,1,1.00,false,"botilito metálico artemis 800ml, botilito metálico artemis 800ml personalizado, botilito metálico artemis 800ml promocional, botilito metálico artemis 800ml con logo, botilito metálico artemis 800ml ecuador, botilito metálico artemis 800ml corporativo, mugs, regalo corporativo ecuador, merchandising quito, productos promocionales guayaquil, ks promocionales, artículos publicitarios"
botilito-en-pvc-helice-760ml-produccion-nacional-5741,Botilito en Pvc Hélice 760ml - Producción Nacional,Tomatodos y Botilitos Personalizados,Botilito PVC Personalizado 760ml | Merchandising Ecuador,56,OK,1,1,"Botilito 760ml con tu logo impreso. Merchandising corporativo nacional ideal para ferias, eventos y regalos empresariales en Ecuador.",133,OK,1,1,0.40,true,"botilito en pvc hélice 760ml - producción nacional, botilito en pvc hélice 760ml - producción nacional personalizado, botilito en pvc hélice 760ml - producción nacional promocional, botilito en pvc hélice 760ml - producción nacional con logo, botilito en pvc hélice 760ml - producción nacional ecuador, botilito en pvc hélice 760ml - producción nacional corporativo, mugs, regalo corporativo ecuador, merchandising quito, productos promocionales guayaquil, ks promocionales, artículos publicitarios"
botilito-sport-650ml-produccion-nacional-4083,Botilito Sport 650ml - Produccion Nacional,Tomatodos y Botilitos Personalizados,Botilito Sport 650ml Personalizado | Promocionales Ecuador,58,OK,1,1,Botilito Sport 650ml con logo personalizado. Produccion nacional para empresas. Regalo corporativo funcional con marca grabada permanentemente.,143,OK,1,1,0.60,false,"botilito sport 650ml - produccion nacional, botilito sport 650ml - produccion nacional personalizado, botilito sport 650ml - produccion nacional promocional, botilito sport 650ml - produccion nacional con logo, botilito sport 650ml - produccion nacional ecuador, botilito sport 650ml - produccion nacional corporativo, mugs, regalo corporativo ecuador, merchandising quito, productos promocionales guayaquil, ks promocionales, artículos publicitarios"
tapa-en-silicona-para-mug-orbit-5893,Tapa en Silicona Para Mug Orbit,Mugs y Termos,Tapa en Silicona Para Mug Orbit Personalizado Ecuador,53,OK,1,59,Tapa en silicona Orbit personalizada para mugs corporativos en Ecuador. Protege tu bebida durante desplazamientos. ¡Cotiza ahora!,129,OK,1,1,1.00,false,"tapa en silicona para mug orbit, tapa en silicona para mug orbit personalizado, tapa en silicona para mug orbit promocional, tapa en silicona para mug orbit con logo, tapa en silicona para mug orbit ecuador, tapa en silicona para mug orbit corporativo, mugs, regalo corporativo ecuador, merchandising quito, productos promocionales guayaquil, ks promocionales, artículos publicitarios"
tapa-pestana-para-botilito-mu-07-mu-59-4087,Tapa Pestaña Para Botilito Mu-07 - Mu-59,Tomatodos y Botilitos Personalizados,Tapa Pestaña Botilito Personalizado Mu-07 Mu-59 Ecuador,55,OK,1,1,Tapa pestaña personalizada para botilitos Mu-07 y Mu-59. Imprime tu logo y promociona tu marca. Entrega rapida en Ecuador con KS Promocionales.,143,OK,1,1,0.83,false,"tapa pestaña para botilito mu-07 - mu-59, tapa pestaña para botilito mu-07 - mu-59 personalizado, tapa pestaña para botilito mu-07 - mu-59 promocional, tapa pestaña para botilito mu-07 - mu-59 con logo, tapa pestaña para botilito mu-07 - mu-59 ecuador, tapa pestaña para botilito mu-07 - mu-59 corporativo, mugs, regalo corporativo ecuador, merchandising quito, productos promocionales guayaquil, ks promocionales, artículos publicitarios"
tapa-botilito-igloo-energy-2381,Tapa Botilito Igloo / Energy,Tomatodos y Botilitos Personalizados,Tapas Botilito Personalizado Igloo Energy con Logo Ecuador,58,OK,1,1,Tapa botilito Igloo Energy personalizada con tu marca. Merchandising corporativo funcional para ferias y eventos en Ecuador. Minimo 100 unidades.,145,OK,1,1,1.00,false,"tapa botilito igloo / energy, tapa botilito igloo / energy personalizado, tapa botilito igloo / energy promocional, tapa botilito igloo / energy con logo, tapa botilito igloo / energy ecuador, tapa botilito igloo / energy corporativo, mugs, regalo corporativo ecuador, merchandising quito, productos promocionales guayaquil, ks promocionales, artículos publicitarios"
botilito-supra-en-pet-600ml-produccion-nacional-6706,Botilito Supra en Pet 600ml - Produccion Nacional,Tomatodos y Botilitos Personalizados,Botilito Supra 600ml Personalizado con Logo | Ecuador,53,OK,1,1,"Botilito Supra Pet 600ml con impresion de logo. Promocional ecuatoriano para eventos. Produccion nacional, resistente y reutilizable.",133,OK,1,1,0.60,false,"botilito supra en pet 600ml - produccion nacional, botilito supra en pet 600ml - produccion nacional personalizado, botilito supra en pet 600ml - produccion nacional promocional, botilito supra en pet 600ml - produccion nacional con logo, botilito supra en pet 600ml - produccion nacional ecuador, botilito supra en pet 600ml - produccion nacional corporativo, mugs, regalo corporativo ecuador, merchandising quito, productos promocionales guayaquil, ks promocionales, artículos publicitarios"
botilito-para-mascotas-580ml-8867,Botilito Para Mascotas 580ml,Tomatodos y Botilitos Personalizados,Botilito Mascotas 580ml Personalizado con Logo Ecuador,54,OK,1,1,"Botilito para mascotas 580ml con impresion de tu marca. Regalo corporativo personalizado para eventos, ferias y lanzamientos en Ecuador.",136,OK,1,1,0.75,false,"botilito para mascotas 580ml, botilito para mascotas 580ml personalizado, botilito para mascotas 580ml promocional, botilito para mascotas 580ml con logo, botilito para mascotas 580ml ecuador, botilito para mascotas 580ml corporativo, mugs, regalo corporativo ecuador, merchandising quito, productos promocionales guayaquil, ks promocionales, artículos publicitarios"
botilito-plastico-cork-650ml-oferta-9012,Botilito Plástico Cork 650ml - Oferta,Tomatodos y Botilitos Personalizados,Botilito Cork 650ml Personalizado con Logo para Empresas Ecuador,64,OK,1,1,Botilito plastico 650ml personalizable con tu logo. Promocional corporativo duradero para negocios en Ecuador. Pedidos mayoristas con descuentos.,145,OK,1,1,0.60,false,"botilito plástico cork 650ml - oferta, botilito plástico cork 650ml - oferta personalizado, botilito plástico cork 650ml - oferta promocional, botilito plástico cork 650ml - oferta con logo, botilito plástico cork 650ml - oferta ecuador, botilito plástico cork 650ml - oferta corporativo, mugs, regalo corporativo ecuador, merchandising quito, productos promocionales guayaquil, ks promocionales, artículos publicitarios"
botilito-en-pet-leroy-800ml-produccion-nacional-9355,Botilito en Pet Leroy 800ml - Produccion Nacional,Tomatodos y Botilitos Personalizados,Botilito Pet 800ml Personalizado con Logo Ecuador,49,OK,1,1,Botilito corporativo 800ml en Pet con impresion de logo. Produccion nacional ecuatoriana ideal para campanas promocionales y eventos empresariales.,147,OK,1,1,0.40,true,"botilito en pet leroy 800ml - produccion nacional, botilito en pet leroy 800ml - produccion nacional personalizado, botilito en pet leroy 800ml - produccion nacional promocional, botilito en pet leroy 800ml - produccion nacional con logo, botilito en pet leroy 800ml - produccion nacional ecuador, botilito en pet leroy 800ml - produccion nacional corporativo, mugs, regalo corporativo ecuador, merchandising quito, productos promocionales guayaquil, ks promocionales, artículos publicitarios"
tapa-chupo-lisa-produccion-nacional-9394,Tapa Chupo Lisa - Produccion Nacional,Producción Nacional,Tapa Chupo Lisa Personalizado | Ecuador,39,OK,1,1,Tapa Chupo Lisa personalizable para empresas en Ecuador. Ideal para promociones corporativas. Cotiza tu pedido hoy mismo.,121,OK,1,1,0.60,false,"tapa chupo lisa - produccion nacional, tapa chupo lisa - produccion nacional personalizado, tapa chupo lisa - produccion nacional promocional, tapa chupo lisa - produccion nacional con logo, tapa chupo lisa - produccion nacional ecuador, tapa chupo lisa - produccion nacional corporativo, mugs, regalo corporativo ecuador, merchandising quito, productos promocionales guayaquil, ks promocionales, artículos publicitarios"
tapa-para-botilito-supra-mu-90-y-mu-253-maxi-supra-6988,Tapa Para Botilito Supra Mu-90 y Mu-253 Maxi Supra,Tomatodos y Botilitos Personalizados,Tapa Botilito Supra Mu-90 Personalizada con Logo Ecuador,56,OK,1,1,Tapa para botilito Supra Mu-90 y Mu-253 Maxi con impresion de logo. Articulo promocional resistente para empresas en Ecuador.,125,OK,1,1,0.63,false,"tapa para botilito supra mu-90 y mu-253 maxi supra, tapa para botilito supra mu-90 y mu-253 maxi supra personalizado, tapa para botilito supra mu-90 y mu-253 maxi supra promocional, tapa para botilito supra mu-90 y mu-253 maxi supra con logo, tapa para botilito supra mu-90 y mu-253 maxi supra ecuador, tapa para botilito supra mu-90 y mu-253 maxi supra corporativo, mugs, regalo corporativo ecuador, merchandising quito, productos promocionales guayaquil, ks promocionales, artículos publicitarios"
botilito-plastico-alepy-petg-750ml-oferta-9557,Botilito Plastico Alepy Petg 750ml - Oferta,Tomatodos y Botilitos Personalizados,Botilito PETG 750ml Personalizado - Regalos Corporativos Ecuador,64,OK,1,1,Botilito plastico PETG 750ml con tu logo impreso. Regalo corporativo resistente para empresas ecuatorianas. Perfecto para ferias y eventos.,139,OK,1,1,0.50,false,"botilito plastico alepy petg 750ml - oferta, botilito plastico alepy petg 750ml - oferta personalizado, botilito plastico alepy petg 750ml - oferta promocional, botilito plastico alepy petg 750ml - oferta con logo, botilito plastico alepy petg 750ml - oferta ecuador, botilito plastico alepy petg 750ml - oferta corporativo, mugs, regalo corporativo ecuador, merchandising quito, productos promocionales guayaquil, ks promocionales, artículos publicitarios"
botilito-plastico-nomix-petg-750ml-oferta-9558,Botilito Plastico Nomix Petg 750ml - Oferta,Tomatodos y Botilitos Personalizados,Botilito Plastico PETG 750ml Personalizado Ecuador | KS,55,OK,1,1,Botilito Nomix PETG 750ml personalizado con tu logo. Promocional de calidad para empresas en Ecuador. Capacidad 750ml y material resistente.,140,OK,1,1,0.67,false,"botilito plastico nomix petg 750ml - oferta, botilito plastico nomix petg 750ml - oferta personalizado, botilito plastico nomix petg 750ml - oferta promocional, botilito plastico nomix petg 750ml - oferta con logo, botilito plastico nomix petg 750ml - oferta ecuador, botilito plastico nomix petg 750ml - oferta corporativo, mugs, regalo corporativo ecuador, merchandising quito, productos promocionales guayaquil, ks promocionales, artículos publicitarios"
mug-metalico-koen-urban-travel-600ml-10500,Mug Metálico Koen Urban Travel 600ml,Mugs y Termos,Mug Metálico Koen Urban Travel 600ml | Ecuador,46,OK,1,52,Mug metálico personalizado de 600ml con aislamiento térmico. Ideal para corporativos en Quito. Cotiza tu pedido hoy.,116,OK,1,1,1.00,false,"mug metálico koen urban travel 600ml, mug metálico koen urban travel 600ml personalizado, mug metálico koen urban travel 600ml promocional, mug metálico koen urban travel 600ml con logo, mug metálico koen urban travel 600ml ecuador, mug metálico koen urban travel 600ml corporativo, mugs, regalo corporativo ecuador, merchandising quito, productos promocionales guayaquil, ks promocionales, artículos publicitarios"
mug-metalico-wilem-380ml-ii-10621,Mug Metálico Wilem 380ml ii,Mugs y Termos,Mug Metálico Wilem 380ml Personalizado | Ecuador,48,OK,1,1,Mug metálico Wilem 380ml personalizado con tu logo. Ideal para empresas en Ecuador. Cotiza ahora y lleva tu marca a cada café.,126,OK,1,1,1.00,false,"mug metálico wilem 380ml ii, mug metálico wilem 380ml ii personalizado, mug metálico wilem 380ml ii promocional, mug metálico wilem 380ml ii con logo, mug metálico wilem 380ml ii ecuador, mug metálico wilem 380ml ii corporativo, mugs, regalo corporativo ecuador, merchandising quito, productos promocionales guayaquil, ks promocionales, artículos publicitarios"
boligrafo-aldrich-metalizado-10664,Bolígrafo Aldrich Metalizado,Artículos de Escritura,Bolígrafo Aldrich Metalizado Personalizado Ecuador,50,OK,1,59,Bolígrafo Aldrich Metalizado con logo personalizado. Cotiza tu promocional en Ecuador. Ideal para ejecutivos y clientes corporativos.,133,OK,1,1,1.00,false,"bolígrafo aldrich metalizado, bolígrafo aldrich metalizado personalizado, bolígrafo aldrich metalizado promocional, bolígrafo aldrich metalizado con logo, bolígrafo aldrich metalizado ecuador, bolígrafo aldrich metalizado corporativo, escritura, regalo corporativo ecuador, merchandising quito, productos promocionales guayaquil, ks promocionales, artículos publicitarios"
boligrafo-aldrich-solido-10663,Bolígrafo Aldrich Sólido,Artículos de Escritura,Bolígrafo Aldrich Sólido Personalizado | Ecuador,48,OK,1,614,Bolígrafo Aldrich Sólido personalizado para empresas en Ecuador. Diseño robusto y profesional. Cotiza tu pedido hoy mismo.,122,OK,1,1,1.00,false,"bolígrafo aldrich sólido, bolígrafo aldrich sólido personalizado, bolígrafo aldrich sólido promocional, bolígrafo aldrich sólido con logo, bolígrafo aldrich sólido ecuador, bolígrafo aldrich sólido corporativo, escritura, regalo corporativo ecuador, merchandising quito, productos promocionales guayaquil, ks promocionales, artículos publicitarios"
boligrafo-baniri-bamboo-10658,Bolígrafo Baniri Bamboo,Artículos de Escritura,Bolígrafo Baniri Bamboo Personalizado | Ecuador,47,OK,1,614,Bolígrafo Baniri Bamboo personalizado con compromiso ambiental. Perfecta para promociones en Ecuador. Cotiza tu pedido hoy.,123,OK,1,1,1.00,false,"bolígrafo baniri bamboo, bolígrafo baniri bamboo personalizado, bolígrafo baniri bamboo promocional, bolígrafo baniri bamboo con logo, bolígrafo baniri bamboo ecuador, bolígrafo baniri bamboo corporativo, escritura, regalo corporativo ecuador, merchandising quito, productos promocionales guayaquil, ks promocionales, artículos publicitarios"
boligrafo-jeringa-2441,Boligrafo Jeringa,Artículos de Escritura,Bolígrafo Jeringa Personalizado | Ecuador,41,OK,1,1,Bolígrafo jeringa personalizado con tu logo. Ideal para promocionar tu marca en Ecuador. ¡Cotiza ahora y sorprende a tus clientes!,130,OK,1,1,1.00,false,"boligrafo jeringa, boligrafo jeringa personalizado, boligrafo jeringa promocional, boligrafo jeringa con logo, boligrafo jeringa ecuador, boligrafo jeringa corporativo, escritura, regalo corporativo ecuador, merchandising quito, productos promocionales guayaquil, ks promocionales, artículos publicitarios"
boligrafo-calvin-10498,Bolígrafo Calvin,Artículos de Escritura,Bolígrafo Calvin Personalizado | Ecuador,40,OK,1,614,Bolígrafo Calvin personalizado con tu logo. Ideal para promocionar tu marca en Ecuador. Cotiza ahora y obtén el mejor precio.,125,OK,1,1,1.00,false,"bolígrafo calvin, bolígrafo calvin personalizado, bolígrafo calvin promocional, bolígrafo calvin con logo, bolígrafo calvin ecuador, bolígrafo calvin corporativo, escritura, regalo corporativo ecuador, merchandising quito, productos promocionales guayaquil, ks promocionales, artículos publicitarios"
boligrafo-helmet-10666,Bolígrafo Helmet,Artículos de Escritura,Bolígrafo Helmet Personalizado | Ecuador,40,OK,1,614,Bolígrafo Helmet personalizado para empresas en Ecuador. Cotiza tu promocional de escritura corporativa con tu logo.,116,OK,1,1,1.00,false,"bolígrafo helmet, bolígrafo helmet personalizado, bolígrafo helmet promocional, bolígrafo helmet con logo, bolígrafo helmet ecuador, bolígrafo helmet corporativo, escritura, regalo corporativo ecuador, merchandising quito, productos promocionales guayaquil, ks promocionales, artículos publicitarios"
boligrafo-kent-10657,Bolígrafo Kent,Artículos de Escritura,Bolígrafo Kent Personalizado | Ecuador,38,OK,1,614,Bolígrafo Kent personalizado con tu logo. Ideal para promocionar tu marca en Ecuador. Cotiza ahora y sorprende a tus clientes.,126,OK,1,1,1.00,false,"bolígrafo kent, bolígrafo kent personalizado, bolígrafo kent promocional, bolígrafo kent con logo, bolígrafo kent ecuador, bolígrafo kent corporativo, escritura, regalo corporativo ecuador, merchandising quito, productos promocionales guayaquil, ks promocionales, artículos publicitarios"
boligrafo-landon-10662,Bolígrafo Landon,Artículos de Escritura,Bolígrafo Landon Personalizado | Ecuador,40,OK,1,614,Bolígrafo Landon personalizado para empresas. Ideal para reuniones y ferias B2B. Cotiza ahora en Ecuador con descuentos especiales.,131,OK,1,1,1.00,false,"bolígrafo landon, bolígrafo landon personalizado, bolígrafo landon promocional, bolígrafo landon con logo, bolígrafo landon ecuador, bolígrafo landon corporativo, escritura, regalo corporativo ecuador, merchandising quito, productos promocionales guayaquil, ks promocionales, artículos publicitarios"
boligrafo-luana-10661,Bolígrafo Luana,Artículos de Escritura,Bolígrafo Luana Personalizado | Ecuador,39,OK,1,614,Bolígrafo Luana personalizado para tu marca. Diseño ergonómico ideal para negocios. Cotiza hoy en Ecuador. ¡Solicita tu presupuesto!,132,OK,1,1,1.00,false,"bolígrafo luana, bolígrafo luana personalizado, bolígrafo luana promocional, bolígrafo luana con logo, bolígrafo luana ecuador, bolígrafo luana corporativo, escritura, regalo corporativo ecuador, merchandising quito, productos promocionales guayaquil, ks promocionales, artículos publicitarios"
boligrafo-ziwei-bamboo-10659,Bolígrafo Ziwei Bamboo,Artículos de Escritura,Bolígrafo Ziwei Bamboo Personalizado | Ecuador,46,OK,1,614,Bolígrafo Ziwei Bamboo personalizado con tu logo. Elegante y ecológico para branding empresarial. Cotiza ahora en Ecuador.,122,OK,1,1,1.00,false,"bolígrafo ziwei bamboo, bolígrafo ziwei bamboo personalizado, bolígrafo ziwei bamboo promocional, bolígrafo ziwei bamboo con logo, bolígrafo ziwei bamboo ecuador, bolígrafo ziwei bamboo corporativo, escritura, regalo corporativo ecuador, merchandising quito, productos promocionales guayaquil, ks promocionales, artículos publicitarios"
boligrafo-funk-10016,Bolígrafo Funk,Artículos de Escritura,Bolígrafo Funk Personalizado | Ecuador,38,OK,1,614,Bolígrafo Funk personalizado para empresas. Perfecta herramienta de branding en Ecuador. Cotiza tu pedido hoy mismo.,116,OK,1,1,1.00,false,"bolígrafo funk, bolígrafo funk personalizado, bolígrafo funk promocional, bolígrafo funk con logo, bolígrafo funk ecuador, bolígrafo funk corporativo, escritura, regalo corporativo ecuador, merchandising quito, productos promocionales guayaquil, ks promocionales, artículos publicitarios"
boligrafo-jovi-metalizado-10022,Bolígrafo Jovi Metalizado,Artículos de Escritura,Bolígrafo Jovi Metalizado Personalizado | Ecuador,49,OK,1,614,Bolígrafo Jovi Metalizado personalizado para regalos corporativos. Ideal para empresas en Ecuador. Cotiza hoy tu pedido con descuentos.,135,OK,1,1,1.00,false,"bolígrafo jovi metalizado, bolígrafo jovi metalizado personalizado, bolígrafo jovi metalizado promocional, bolígrafo jovi metalizado con logo, bolígrafo jovi metalizado ecuador, bolígrafo jovi metalizado corporativo, escritura, regalo corporativo ecuador, merchandising quito, productos promocionales guayaquil, ks promocionales, artículos publicitarios"
korn-roller-10023,Korn Roller,Artículos de Escritura,Korn Roller Personalizado | Ecuador,35,OK,1,614,Korn Roller personalizado para empresas en Ecuador. Bolígrafo ergonómico ideal para regalos corporativos. ¡Cotiza ahora!,120,OK,1,1,1.00,false,"korn roller, korn roller personalizado, korn roller promocional, korn roller con logo, korn roller ecuador, korn roller corporativo, escritura, regalo corporativo ecuador, merchandising quito, productos promocionales guayaquil, ks promocionales, artículos publicitarios"
boligrafo-lizzy-10026,Bolígrafo Lizzy,Artículos de Escritura,Bolígrafo Lizzy Personalizado | Ecuador,39,OK,1,614,Bolígrafo Lizzy personalizado para tu marca. Ideal para ejecutivos y reuniones. Cotiza ahora en Ecuador con KS Promocionales.,125,OK,1,1,1.00,false,"bolígrafo lizzy, bolígrafo lizzy personalizado, bolígrafo lizzy promocional, bolígrafo lizzy con logo, bolígrafo lizzy ecuador, bolígrafo lizzy corporativo, escritura, regalo corporativo ecuador, merchandising quito, productos promocionales guayaquil, ks promocionales, artículos publicitarios"
boligrafo-maddax-gel-10028,Bolígrafo Maddax Gel,Artículos de Escritura,Bolígrafo Maddax Gel Personalizado | Ecuador,44,OK,1,614,Bolígrafo Maddax Gel personalizado con tu logo. Publicidad efectiva para empresas en Ecuador. Cotiza ahora y marca la diferencia.,129,OK,1,1,1.00,false,"bolígrafo maddax gel, bolígrafo maddax gel personalizado, bolígrafo maddax gel promocional, bolígrafo maddax gel con logo, bolígrafo maddax gel ecuador, bolígrafo maddax gel corporativo, escritura, regalo corporativo ecuador, merchandising quito, productos promocionales guayaquil, ks promocionales, artículos publicitarios"
boligrafo-ralph-10032,Bolígrafo Ralph,Artículos de Escritura,Bolígrafo Ralph Personalizado | Ecuador,39,OK,1,614,Bolígrafo Ralph personalizado para empresas en Ecuador. Ideal para eventos corporativos. Cotiza tu pedido hoy y potencia tu marca.,130,OK,1,1,1.00,false,"bolígrafo ralph, bolígrafo ralph personalizado, bolígrafo ralph promocional, bolígrafo ralph con logo, bolígrafo ralph ecuador, bolígrafo ralph corporativo, escritura, regalo corporativo ecuador, merchandising quito, productos promocionales guayaquil, ks promocionales, artículos publicitarios"
boligrafo-rapid-gel-10033,Bolígrafo Rapid Gel,Artículos de Escritura,Bolígrafo Rapid Gel Personalizado | Ecuador,43,OK,1,614,Bolígrafo Rapid Gel personalizado con tu logo. Tinta de gel fluida perfecta para regalos corporativos. Cotiza ahora en Ecuador.,127,OK,1,1,1.00,false,"bolígrafo rapid gel, bolígrafo rapid gel personalizado, bolígrafo rapid gel promocional, bolígrafo rapid gel con logo, bolígrafo rapid gel ecuador, bolígrafo rapid gel corporativo, escritura, regalo corporativo ecuador, merchandising quito, productos promocionales guayaquil, ks promocionales, artículos publicitarios"
boligrafo-selva-metalizado-10036,Bolígrafo Selva Metalizado,Artículos de Escritura,Bolígrafo Selva Metalizado Personalizado Ecuador,48,OK,1,59,Bolígrafo Selva Metalizado personalizado para empresas en Ecuador. Ideal para regalos corporativos. ¡Cotiza ahora tus bolígrafos promocionales!,143,OK,1,1,1.00,false,"bolígrafo selva metalizado, bolígrafo selva metalizado personalizado, bolígrafo selva metalizado promocional, bolígrafo selva metalizado con logo, bolígrafo selva metalizado ecuador, bolígrafo selva metalizado corporativo, escritura, regalo corporativo ecuador, merchandising quito, productos promocionales guayaquil, ks promocionales, artículos publicitarios"
boligrafo-selva-pastel-10037,Bolígrafo Selva Pastel,Artículos de Escritura,Bolígrafo Selva Pastel Personalizado | Ecuador,46,OK,1,614,Bolígrafo Selva Pastel personalizado para tu marca. Ideal para regalos corporativos en Ecuador. Cotiza hoy mismo con KS Promocionales.,134,OK,1,1,1.00,false,"bolígrafo selva pastel, bolígrafo selva pastel personalizado, bolígrafo selva pastel promocional, bolígrafo selva pastel con logo, bolígrafo selva pastel ecuador, bolígrafo selva pastel corporativo, escritura, regalo corporativo ecuador, merchandising quito, productos promocionales guayaquil, ks promocionales, artículos publicitarios"
nolton-5184,Nolton,Artículos de Escritura,Bolígrafo Nolton Personalizado | Ecuador,40,OK,1,5,Bolígrafo Nolton personalizado con tu logo. Ideal para promociones corporativas. Cotiza ahora en Ecuador. ¡Solicita tu presupuesto!,131,OK,1,1,1.00,false,"nolton, nolton personalizado, nolton promocional, nolton con logo, nolton ecuador, nolton corporativo, escritura, regalo corporativo ecuador, merchandising quito, productos promocionales guayaquil, ks promocionales, artículos publicitarios"
aria-5646,Aria,Artículos de Escritura,Bolígrafos Aria Personalizados | Ecuador,40,OK,1,3,Bolígrafos Aria personalizados para empresas en Ecuador. Ideal para reuniones y contratos. Cotiza tu pedido ahora con KS Promocionales.,135,OK,1,1,1.00,false,"aria, aria personalizado, aria promocional, aria con logo, aria ecuador, aria corporativo, escritura, regalo corporativo ecuador, merchandising quito, productos promocionales guayaquil, ks promocionales, artículos publicitarios"
summit-3018,Summit,Artículos de Escritura,Summit Personalizado | Ecuador,30,OK,1,614,Bolígrafos Summit personalizados para ejecutivos. Mensajes profesionales en cada firma. Cotiza ahora en Ecuador con tu logo.,124,OK,1,1,1.00,false,"summit, summit personalizado, summit promocional, summit con logo, summit ecuador, summit corporativo, escritura, regalo corporativo ecuador, merchandising quito, productos promocionales guayaquil, ks promocionales, artículos publicitarios"
woody-3690,Woody,Artículos de Escritura,Woody Personalizado | Ecuador,29,OK,1,614,Bolígrafo Woody personalizado para empresas en Ecuador. Ideal para regalos corporativos. Cotiza tu pedido hoy mismo con nosotros.,129,OK,1,1,1.00,false,"woody, woody personalizado, woody promocional, woody con logo, woody ecuador, woody corporativo, escritura, regalo corporativo ecuador, merchandising quito, productos promocionales guayaquil, ks promocionales, artículos publicitarios"
dwyn-metalico-6584,Dwyn Metalico,Artículos de Escritura,Dwyn Metálico Personalizado | Ecuador,37,OK,1,1,Bolígrafo Dwyn Metálico personalizado para empresas en Ecuador. Cotiza tu regalo corporativo de calidad premium ahora.,118,OK,1,1,1.00,false,"dwyn metalico, dwyn metalico personalizado, dwyn metalico promocional, dwyn metalico con logo, dwyn metalico ecuador, dwyn metalico corporativo, escritura, regalo corporativo ecuador, merchandising quito, productos promocionales guayaquil, ks promocionales, artículos publicitarios"
loman-roller-pen-ver-mina-roller-europea-o-china-5186,Loman Roller Pen (ver Mina Roller Europea ó China),Artículos de Escritura,Loman Roller Pen Personalizado | Ecuador,40,OK,1,1,Bolígrafo Loman Roller Pen personalizado para tu marca. Cotiza ahora en Ecuador. Ideal para regalos corporativos y promocionales.,129,OK,1,1,0.43,true,"loman roller pen (ver mina roller europea ó china), loman roller pen (ver mina roller europea ó china) personalizado, loman roller pen (ver mina roller europea ó china) promocional, loman roller pen (ver mina roller europea ó china) con logo, loman roller pen (ver mina roller europea ó china) ecuador, loman roller pen (ver mina roller europea ó china) corporativo, escritura, regalo corporativo ecuador, merchandising quito, productos promocionales guayaquil, ks promocionales, artículos publicitarios"
estuche-doble-regal-prod-nacional-6048,Estuche Doble Regal (prod. Nacional),Producción Nacional,Estuche Doble Regal Personalizado | Ecuador,43,OK,1,1,Estuche Doble Regal personalizado para regalos corporativos. Cotiza tu pedido en Ecuador. Producto nacional de calidad premium.,127,OK,1,1,0.60,false,"estuche doble regal (prod. nacional), estuche doble regal (prod. nacional) personalizado, estuche doble regal (prod. nacional) promocional, estuche doble regal (prod. nacional) con logo, estuche doble regal (prod. nacional) ecuador, estuche doble regal (prod. nacional) corporativo, escritura, regalo corporativo ecuador, merchandising quito, productos promocionales guayaquil, ks promocionales, artículos publicitarios"
estuche-clear-produccion-nacional-6047,Estuche Clear - Produccion Nacional,Producción Nacional,Estuche Clear Personalizado | Ecuador,37,OK,1,1,Estuche Clear de producción nacional personalizable con tu logo. Cotiza ahora en Ecuador. Calidad corporativa garantizada.,122,OK,1,1,0.50,false,"estuche clear - produccion nacional, estuche clear - produccion nacional personalizado, estuche clear - produccion nacional promocional, estuche clear - produccion nacional con logo, estuche clear - produccion nacional ecuador, estuche clear - produccion nacional corporativo, escritura, regalo corporativo ecuador, merchandising quito, productos promocionales guayaquil, ks promocionales, artículos publicitarios"
clark-metalizado-7337,Clark Metalizado,Artículos de Escritura,Clark Metalizado Personalizado | Ecuador,40,OK,1,614,Clark Metalizado personalizado para empresas. Genera visibilidad en Ecuador. Cotiza ahora bolígrafos premium con tu marca.,122,OK,1,1,1.00,false,"clark metalizado, clark metalizado personalizado, clark metalizado promocional, clark metalizado con logo, clark metalizado ecuador, clark metalizado corporativo, escritura, regalo corporativo ecuador, merchandising quito, productos promocionales guayaquil, ks promocionales, artículos publicitarios"
clark-solido-7338,Clark Solido,Artículos de Escritura,Clark Solido Personalizado | Ecuador,36,OK,1,614,Clark Solido personalizado para tu marca. Bolígrafo corporativo de calidad premium. Cotiza hoy en Ecuador. Ideal para regalos empresariales.,140,OK,1,1,1.00,false,"clark solido, clark solido personalizado, clark solido promocional, clark solido con logo, clark solido ecuador, clark solido corporativo, escritura, regalo corporativo ecuador, merchandising quito, productos promocionales guayaquil, ks promocionales, artículos publicitarios"
magno-7343,Magno,Artículos de Escritura,Magno Personalizado | Ecuador,29,OK,1,614,Bolígrafos Magno personalizados para empresas en Ecuador. Cotiza hoy tus regalos corporativos con marca propia.,111,OK,1,1,1.00,false,"magno, magno personalizado, magno promocional, magno con logo, magno ecuador, magno corporativo, escritura, regalo corporativo ecuador, merchandising quito, productos promocionales guayaquil, ks promocionales, artículos publicitarios"
opera-boligrafo-7348,Opera Boligrafo,Artículos de Escritura,Opera Bolígrafo Personalizado | Ecuador,39,OK,1,1,Bolígrafo Opera personalizado para empresas. Ideal para regalos corporativos en Ecuador. Cotiza tu pedido hoy y lleva tu marca a todas partes.,142,OK,1,1,1.00,false,"opera boligrafo, opera boligrafo personalizado, opera boligrafo promocional, opera boligrafo con logo, opera boligrafo ecuador, opera boligrafo corporativo, escritura, regalo corporativo ecuador, merchandising quito, productos promocionales guayaquil, ks promocionales, artículos publicitarios"
opera-roller-7349,Opera Roller,Artículos de Escritura,Opera Roller Personalizado | Ecuador,36,OK,1,614,Opera Roller personalizado con tu logo. Bolígrafo premium para ejecutivos. Cotiza tu pedido en Ecuador ahora.,109,OK,1,1,1.00,false,"opera roller, opera roller personalizado, opera roller promocional, opera roller con logo, opera roller ecuador, opera roller corporativo, escritura, regalo corporativo ecuador, merchandising quito, productos promocionales guayaquil, ks promocionales, artículos publicitarios"
boligrafo-wister-7369,Boligrafo Wister,Artículos de Escritura,Bolígrafo Wister Personalizado | Ecuador,40,OK,1,1,Bolígrafo Wister personalizado con tu logo para empresas en Ecuador. Cotiza hoy mismo tu pedido de escritura promocional.,121,OK,1,1,1.00,false,"boligrafo wister, boligrafo wister personalizado, boligrafo wister promocional, boligrafo wister con logo, boligrafo wister ecuador, boligrafo wister corporativo, escritura, regalo corporativo ecuador, merchandising quito, productos promocionales guayaquil, ks promocionales, artículos publicitarios"
summit-neon-7722,Summit Neon,Artículos de Escritura,Summit Neon Personalizado | Ecuador,35,OK,1,614,Bolígrafos Summit Neon personalizados para empresas en Ecuador. Cotiza ahora tus regalos corporativos con diseño exclusivo.,123,OK,1,1,1.00,false,"summit neon, summit neon personalizado, summit neon promocional, summit neon con logo, summit neon ecuador, summit neon corporativo, escritura, regalo corporativo ecuador, merchandising quito, productos promocionales guayaquil, ks promocionales, artículos publicitarios"
dickens-metalico-oferta-7734,Dickens Metalico Oferta,Artículos de Escritura,Dickens Metálico Oferta Personalizado | Ecuador,47,OK,1,1,Bolígrafo Dickens Metálico personalizado para ejecutivos. Cotiza tu oferta en Ecuador. Herramienta corporativa de presencia constante.,134,OK,1,1,1.00,false,"dickens metalico oferta, dickens metalico oferta personalizado, dickens metalico oferta promocional, dickens metalico oferta con logo, dickens metalico oferta ecuador, dickens metalico oferta corporativo, escritura, regalo corporativo ecuador, merchandising quito, productos promocionales guayaquil, ks promocionales, artículos publicitarios"
benella-oferta-7809,Benella Oferta,Artículos de Escritura,Benella Oferta Personalizado | Ecuador,38,OK,1,614,Bolígrafo Benella Oferta personalizado con tu logo. Ideal para empresas en Ecuador. Cotiza ahora y promociona tu marca.,119,OK,1,1,1.00,false,"benella oferta, benella oferta personalizado, benella oferta promocional, benella oferta con logo, benella oferta ecuador, benella oferta corporativo, escritura, regalo corporativo ecuador, merchandising quito, productos promocionales guayaquil, ks promocionales, artículos publicitarios"
cosmo-borrable-oferta-4067,Cosmo Borrable - Oferta,Artículos de Escritura,Cosmo Borrable Personalizado | Ecuador,38,OK,1,1,Bolígrafo borrable personalizado para oficinas en Quito. Ideal para apuntes y formularios. Cotiza tu pedido hoy con KS Promocionales.,133,OK,1,1,0.67,false,"cosmo borrable - oferta, cosmo borrable - oferta personalizado, cosmo borrable - oferta promocional, cosmo borrable - oferta con logo, cosmo borrable - oferta ecuador, cosmo borrable - oferta corporativo, escritura, regalo corporativo ecuador, merchandising quito, productos promocionales guayaquil, ks promocionales, artículos publicitarios"
prisma-7752,Prisma,Artículos de Escritura,Bolígrafo Prisma Personalizado | Ecuador,40,OK,1,5,Bolígrafo Prisma personalizado para empresas en Ecuador. Cotiza tu branding corporativo hoy mismo y destaca tu marca.,117,OK,1,1,1.00,false,"prisma, prisma personalizado, prisma promocional, prisma con logo, prisma ecuador, prisma corporativo, escritura, regalo corporativo ecuador, merchandising quito, productos promocionales guayaquil, ks promocionales, artículos publicitarios"
tempo-7855,Tempo,Artículos de Escritura,Tempo Bolígrafo Personalizado | Ecuador,39,OK,1,1,Bolígrafo Tempo personalizado para tu marca. Ideal para regalos corporativos en Ecuador. Cotiza ahora y destaca tu empresa.,123,OK,1,1,1.00,false,"tempo, tempo personalizado, tempo promocional, tempo con logo, tempo ecuador, tempo corporativo, escritura, regalo corporativo ecuador, merchandising quito, productos promocionales guayaquil, ks promocionales, artículos publicitarios"
trevon-oferta-7944,Trevon Oferta,Artículos de Escritura,Bolígrafo Trevon Oferta Personalizado Ecuador,45,OK,1,1,Bolígrafo Trevon Oferta personalizado con tu logo. Ideal para promocionar tu marca en Ecuador. Cotiza ahora y sorprende a tus clientes.,135,OK,1,1,1.00,false,"trevon oferta, trevon oferta personalizado, trevon oferta promocional, trevon oferta con logo, trevon oferta ecuador, trevon oferta corporativo, escritura, regalo corporativo ecuador, merchandising quito, productos promocionales guayaquil, ks promocionales, artículos publicitarios"
petrus-boligrafo-8577,Petrus Boligrafo,Artículos de Escritura,Petrus Bolígrafo Personalizado | Ecuador,40,OK,1,1,Bolígrafo Petrus personalizado para tu marca. Ideal para regalos corporativos en Ecuador. Cotiza ahora y lleva tu marca a cada firma.,133,OK,1,1,1.00,false,"petrus boligrafo, petrus boligrafo personalizado, petrus boligrafo promocional, petrus boligrafo con logo, petrus boligrafo ecuador, petrus boligrafo corporativo, escritura, regalo corporativo ecuador, merchandising quito, productos promocionales guayaquil, ks promocionales, artículos publicitarios"
petrus-roller-8578,Petrus Roller,Artículos de Escritura,Petrus Roller Personalizado | Ecuador,37,OK,1,614,Petrus Roller personalizado con tu logo. Bolígrafo premium para empresas en Ecuador. Cotiza tu pedido hoy y destaca tu marca.,125,OK,1,1,1.00,false,"petrus roller, petrus roller personalizado, petrus roller promocional, petrus roller con logo, petrus roller ecuador, petrus roller corporativo, escritura, regalo corporativo ecuador, merchandising quito, productos promocionales guayaquil, ks promocionales, artículos publicitarios"
clas-oferta-8593,Clas Oferta,Artículos de Escritura,Bolígrafo Personalizado Clas Oferta | Ecuador,45,OK,1,1,Bolígrafo personalizado Clas Oferta para tu marca. Publicidad efectiva en Ecuador. Cotiza ahora y destaca tu negocio.,117,OK,1,1,1.00,false,"clas oferta, clas oferta personalizado, clas oferta promocional, clas oferta con logo, clas oferta ecuador, clas oferta corporativo, escritura, regalo corporativo ecuador, merchandising quito, productos promocionales guayaquil, ks promocionales, artículos publicitarios"
corpy-oferta-8594,Corpy Oferta,Artículos de Escritura,Corpy Oferta Personalizado | Ecuador,36,OK,1,614,Bolígrafo corporativo Corpy Oferta personalizado con tu logo. Ideal para equipos y clientes. Cotiza ahora en Ecuador.,117,OK,1,1,1.00,false,"corpy oferta, corpy oferta personalizado, corpy oferta promocional, corpy oferta con logo, corpy oferta ecuador, corpy oferta corporativo, escritura, regalo corporativo ecuador, merchandising quito, productos promocionales guayaquil, ks promocionales, artículos publicitarios"
emory-neon-8557,Emory Neón,Artículos de Escritura,Emory Neón Personalizado | Ecuador,34,OK,1,614,Bolígrafo Emory Neón personalizado con tu logo. Ideal para branding corporativo en Ecuador. Cotiza ahora tu pedido promocional.,127,OK,1,1,1.00,false,"emory neón, emory neón personalizado, emory neón promocional, emory neón con logo, emory neón ecuador, emory neón corporativo, escritura, regalo corporativo ecuador, merchandising quito, productos promocionales guayaquil, ks promocionales, artículos publicitarios"
tillot-8574,Tillot,Artículos de Escritura,Bolígrafo Tillot Personalizado | Ecuador,40,OK,1,5,Bolígrafo Tillot personalizado para ejecutivos. Refleja profesionalismo en presentaciones y reuniones. Cotiza tu pedido en Ecuador.,131,OK,1,1,1.00,false,"tillot, tillot personalizado, tillot promocional, tillot con logo, tillot ecuador, tillot corporativo, escritura, regalo corporativo ecuador, merchandising quito, productos promocionales guayaquil, ks promocionales, artículos publicitarios"
ellison-solido-8570,Ellison Sólido,Artículos de Escritura,Ellison Sólido Personalizado | Ecuador,38,OK,1,614,Bolígrafo Ellison Sólido personalizado para tu marca. Disponible en Ecuador. Cotiza ahora y sorprende a tus clientes con un regalo promocional único.,149,OK,1,1,1.00,false,"ellison sólido, ellison sólido personalizado, ellison sólido promocional, ellison sólido con logo, ellison sólido ecuador, ellison sólido corporativo, escritura, regalo corporativo ecuador, merchandising quito, productos promocionales guayaquil, ks promocionales, artículos publicitarios"
aston-mate-8880,Aston Mate,Artículos de Escritura,Aston Mate Personalizado | Ecuador,34,OK,1,614,Aston Mate personalizado para empresas en Ecuador. Regala escritura de calidad con tu marca. Cotiza ahora tu obsequio corporativo.,130,OK,1,1,1.00,false,"aston mate, aston mate personalizado, aston mate promocional, aston mate con logo, aston mate ecuador, aston mate corporativo, escritura, regalo corporativo ecuador, merchandising quito, productos promocionales guayaquil, ks promocionales, artículos publicitarios"
telson-oferta-9258,Telson - Oferta,Artículos de Escritura,Telson Bolígrafo Personalizado | Ecuador,40,OK,1,1,Bolígrafo Telson personalizado con tu logo. Herramienta de marketing táctil que acompaña a tu cliente diariamente. Cotiza ahora en Ecuador.,139,OK,1,1,0.50,false,"telson - oferta, telson - oferta personalizado, telson - oferta promocional, telson - oferta con logo, telson - oferta ecuador, telson - oferta corporativo, escritura, regalo corporativo ecuador, merchandising quito, productos promocionales guayaquil, ks promocionales, artículos publicitarios"
legox-9256,Legox,Artículos de Escritura,Bolígrafos Legox Personalizados | Ecuador,41,OK,1,3,Bolígrafos Legox personalizados con tu logo para empresas. Cotiza hoy en Ecuador. Embajadores de marca de calidad premium.,122,OK,1,1,1.00,false,"legox, legox personalizado, legox promocional, legox con logo, legox ecuador, legox corporativo, escritura, regalo corporativo ecuador, merchandising quito, productos promocionales guayaquil, ks promocionales, artículos publicitarios"
lipsy-oferta-9241,Lipsy Oferta,Artículos de Escritura,Bolígrafo Lipsy Oferta Personalizado | Ecuador,46,OK,1,5,Bolígrafo Lipsy Oferta personalizado con tu logo. Ideal para empresas en Ecuador. Cotiza ahora tu regalo corporativo de escritura.,130,OK,1,1,1.00,false,"lipsy oferta, lipsy oferta personalizado, lipsy oferta promocional, lipsy oferta con logo, lipsy oferta ecuador, lipsy oferta corporativo, escritura, regalo corporativo ecuador, merchandising quito, productos promocionales guayaquil, ks promocionales, artículos publicitarios"
tokken-9243,Tokken,Artículos de Escritura,Tokken Personalizado | Ecuador,30,OK,1,614,Bolígrafos Tokken personalizados para tu marca. Cotiza ahora en Ecuador. Herramientas promocionales estratégicas para negocios.,127,OK,1,1,1.00,false,"tokken, tokken personalizado, tokken promocional, tokken con logo, tokken ecuador, tokken corporativo, escritura, regalo corporativo ecuador, merchandising quito, productos promocionales guayaquil, ks promocionales, artículos publicitarios"
boligrafo-deluxe-eco-oferta-9836,Bolígrafo Deluxe Eco Oferta,Artículos de Escritura,Bolígrafo Deluxe Eco Oferta Personalizado | Ecuador,51,OK,1,614,Bolígrafo ejecutivo personalizado para empresas. Cotiza tu Deluxe Eco Oferta en Ecuador. Ideal para branding corporativo.,121,OK,1,1,1.00,false,"bolígrafo deluxe eco oferta, bolígrafo deluxe eco oferta personalizado, bolígrafo deluxe eco oferta promocional, bolígrafo deluxe eco oferta con logo, bolígrafo deluxe eco oferta ecuador, bolígrafo deluxe eco oferta corporativo, escritura, regalo corporativo ecuador, merchandising quito, productos promocionales guayaquil, ks promocionales, artículos publicitarios"
boligrafo-jovi-9843,Bolígrafo Jovi,Artículos de Escritura,Bolígrafo Jovi Personalizado | Ecuador,38,OK,1,614,Bolígrafo Jovi personalizado con tu logo. Promociona tu marca en Ecuador. Cotiza hoy mismo tus bolígrafos personalizados.,121,OK,1,1,1.00,false,"bolígrafo jovi, bolígrafo jovi personalizado, bolígrafo jovi promocional, bolígrafo jovi con logo, bolígrafo jovi ecuador, bolígrafo jovi corporativo, escritura, regalo corporativo ecuador, merchandising quito, productos promocionales guayaquil, ks promocionales, artículos publicitarios"
boligrafo-devo-9945,Boligrafo Devo,Producción Nacional,Bolígrafo Devo Personalizado | Ecuador,38,OK,1,1,Bolígrafo Devo personalizado con tu logo. Visibilidad constante para tu marca en Ecuador. Cotiza ahora tu promocional.,118,OK,1,1,1.00,false,"boligrafo devo, boligrafo devo personalizado, boligrafo devo promocional, boligrafo devo con logo, boligrafo devo ecuador, boligrafo devo corporativo, escritura, regalo corporativo ecuador, merchandising quito, productos promocionales guayaquil, ks promocionales, artículos publicitarios"
kaiser-stylus-bamboo-10315,Kaiser Stylus Bamboo,Artículos de Escritura,Kaiser Stylus Bamboo Personalizado | Ecuador,44,OK,1,614,Bolígrafo Kaiser Stylus Bamboo personalizado para tu empresa. Disponible en Ecuador. Cotiza hoy y sorprende con regalos corporativos sostenibles.,145,OK,1,1,1.00,false,"kaiser stylus bamboo, kaiser stylus bamboo personalizado, kaiser stylus bamboo promocional, kaiser stylus bamboo con logo, kaiser stylus bamboo ecuador, kaiser stylus bamboo corporativo, escritura, regalo corporativo ecuador, merchandising quito, productos promocionales guayaquil, ks promocionales, artículos publicitarios"
set-de-herramientas-blackburn-ii-10859,Set de Herramientas Blackburn ii,Herramientas,Set de Herramientas Blackburn II Personalizado Ecuador,54,OK,1,59,Set de Herramientas Blackburn II personalizado para tu empresa. Ideal para regalos corporativos en Ecuador. Cotiza ahora con nosotros.,134,OK,1,1,1.00,false,"set de herramientas blackburn ii, set de herramientas blackburn ii personalizado, set de herramientas blackburn ii promocional, set de herramientas blackburn ii con logo, set de herramientas blackburn ii ecuador, set de herramientas blackburn ii corporativo, herramientas, regalo corporativo ecuador, merchandising quito, productos promocionales guayaquil, ks promocionales, artículos publicitarios"
metro-paddy-10451,Metro Paddy,Herramientas,Metro Paddy Personalizado | Ecuador,35,OK,1,614,Metro Paddy personalizado para tu empresa. Herramienta promocional de calidad en Ecuador. Cotiza ahora y lleva tu marca a todos lados.,134,OK,1,1,1.00,false,"metro paddy, metro paddy personalizado, metro paddy promocional, metro paddy con logo, metro paddy ecuador, metro paddy corporativo, herramientas, regalo corporativo ecuador, merchandising quito, productos promocionales guayaquil, ks promocionales, artículos publicitarios"
set-de-destornilladores-pistol-10537,Set de Destornilladores Pistol,Herramientas,Set Destornilladores Pistol Personalizado Ecuador,49,OK,1,1,Set de Destornilladores Pistol personalizado para regalo corporativo. Disponible en Ecuador. Cotiza hoy tu pedido con nosotros.,127,OK,1,1,1.00,false,"set de destornilladores pistol, set de destornilladores pistol personalizado, set de destornilladores pistol promocional, set de destornilladores pistol con logo, set de destornilladores pistol ecuador, set de destornilladores pistol corporativo, herramientas, regalo corporativo ecuador, merchandising quito, productos promocionales guayaquil, ks promocionales, artículos publicitarios"
set-de-destornilladores-home-10538,Set de Destornilladores Home,Herramientas,Set de Destornilladores Home Personalizado Ecuador,50,OK,1,59,Set de destornilladores personalizado con tu logo. Ideal para empresas en Ecuador. Cotiza tu promocional hoy mismo.,115,OK,1,1,1.00,false,"set de destornilladores home, set de destornilladores home personalizado, set de destornilladores home promocional, set de destornilladores home con logo, set de destornilladores home ecuador, set de destornilladores home corporativo, herramientas, regalo corporativo ecuador, merchandising quito, productos promocionales guayaquil, ks promocionales, artículos publicitarios"
set-de-herramientas-robust-10964,Set de Herramientas Robust,Herramientas,Set de Herramientas Robust Personalizado | Ecuador,50,OK,1,614,Set de Herramientas Robust personalizado para empresas. Cotiza ahora en Ecuador. El regalo corporativo perfecto para tus clientes.,130,OK,1,1,1.00,false,"set de herramientas robust, set de herramientas robust personalizado, set de herramientas robust promocional, set de herramientas robust con logo, set de herramientas robust ecuador, set de herramientas robust corporativo, herramientas, regalo corporativo ecuador, merchandising quito, productos promocionales guayaquil, ks promocionales, artículos publicitarios"
set-de-mini-destornilladores-con-nivelador-10966,Set de Mini Destornilladores Con Nivelador,Herramientas,Set Mini Destornilladores Con Nivelador | Ecuador,49,OK,1,1,Set de mini destornilladores con nivelador personalizado para Ecuador. Cotiza tu pedido y optimiza el mantenimiento técnico de tu empresa.,138,OK,1,1,1.00,false,"set de mini destornilladores con nivelador, set de mini destornilladores con nivelador personalizado, set de mini destornilladores con nivelador promocional, set de mini destornilladores con nivelador con logo, set de mini destornilladores con nivelador ecuador, set de mini destornilladores con nivelador corporativo, herramientas, regalo corporativo ecuador, merchandising quito, productos promocionales guayaquil, ks promocionales, artículos publicitarios"
mini-set-de-destornilladores-duck-10967,Mini Set de Destornilladores Duck,Herramientas,Mini Set Destornilladores Duck Personalizado Ecuador,52,OK,1,1,Mini Set de Destornilladores Duck personalizado para empresas. Ideal para merchandising corporativo. Cotiza tu pedido en Ecuador.,129,OK,1,1,1.00,false,"mini set de destornilladores duck, mini set de destornilladores duck personalizado, mini set de destornilladores duck promocional, mini set de destornilladores duck con logo, mini set de destornilladores duck ecuador, mini set de destornilladores duck corporativo, herramientas, regalo corporativo ecuador, merchandising quito, productos promocionales guayaquil, ks promocionales, artículos publicitarios"
set-de-herramientas-cork-10968,Set de Herramientas Cork,Herramientas,Set de Herramientas Cork Personalizado | Ecuador,48,OK,1,614,Set de herramientas cork personalizado para tus clientes. Material biodegradable y renovable. Cotiza ahora en Ecuador.,118,OK,1,1,1.00,false,"set de herramientas cork, set de herramientas cork personalizado, set de herramientas cork promocional, set de herramientas cork con logo, set de herramientas cork ecuador, set de herramientas cork corporativo, herramientas, regalo corporativo ecuador, merchandising quito, productos promocionales guayaquil, ks promocionales, artículos publicitarios"
nivelador-con-iman-11017,Nivelador Con Imán,Herramientas,Nivelador Con Imán Personalizado | Ecuador,42,OK,1,614,Nivelador con imán personalizado para tu marca. Herramienta promocional ideal para técnicos e ingenieros. Cotiza ahora en Ecuador.,130,OK,1,1,1.00,false,"nivelador con imán, nivelador con imán personalizado, nivelador con imán promocional, nivelador con imán con logo, nivelador con imán ecuador, nivelador con imán corporativo, herramientas, regalo corporativo ecuador, merchandising quito, productos promocionales guayaquil, ks promocionales, artículos publicitarios"
martillo-con-navaja-eco-11050,Martillo Con Navaja Eco,Herramientas,Martillo Con Navaja Eco Personalizado | Ecuador,47,OK,1,614,Martillo con navaja eco personalizado para empresas. Herramienta multifuncional ideal para regalos corporativos. Cotiza en Ecuador ahora.,137,OK,1,1,1.00,false,"martillo con navaja eco, martillo con navaja eco personalizado, martillo con navaja eco promocional, martillo con navaja eco con logo, martillo con navaja eco ecuador, martillo con navaja eco corporativo, herramientas, regalo corporativo ecuador, merchandising quito, productos promocionales guayaquil, ks promocionales, artículos publicitarios"
herramientero-denby-11068,Herramientero Denby,Herramientas,Herramientero Denby Personalizado | Ecuador,43,OK,1,614,Herramientero Denby personalizado para tus equipos. Ideal para construcción y manufactura. Cotiza ahora en Ecuador.,115,OK,1,1,1.00,false,"herramientero denby, herramientero denby personalizado, herramientero denby promocional, herramientero denby con logo, herramientero denby ecuador, herramientero denby corporativo, herramientas, regalo corporativo ecuador, merchandising quito, productos promocionales guayaquil, ks promocionales, artículos publicitarios"
llavero-metro-con-nivelador-jazzy-11113,Llavero Metro Con Nivelador Jazzy,Herramientas,Llavero Metro Con Nivelador Jazzy | Ecuador,43,OK,1,52,Llavero Metro Con Nivelador Jazzy personalizado para profesionales. Ideal para construcción. Cotiza ahora en Ecuador.,117,OK,1,1,1.00,false,"llavero metro con nivelador jazzy, llavero metro con nivelador jazzy personalizado, llavero metro con nivelador jazzy promocional, llavero metro con nivelador jazzy con logo, llavero metro con nivelador jazzy ecuador, llavero metro con nivelador jazzy corporativo, herramientas, regalo corporativo ecuador, merchandising quito, productos promocionales guayaquil, ks promocionales, artículos publicitarios"
llavero-destapador-level-11114,Llavero Destapador Level,Herramientas,Llavero Destapador Level Personalizado | Ecuador,48,OK,1,614,Llavero destapador Level personalizado con logo de tu empresa. Ideal para promociones en Ecuador. Cotiza tu pedido hoy mismo.,125,OK,1,1,1.00,false,"llavero destapador level, llavero destapador level personalizado, llavero destapador level promocional, llavero destapador level con logo, llavero destapador level ecuador, llavero destapador level corporativo, herramientas, regalo corporativo ecuador, merchandising quito, productos promocionales guayaquil, ks promocionales, artículos publicitarios"
metro-arkitect-con-destornilladores-11115,Metro Arkitect Con Destornilladores,Herramientas,Metro Arkitect Con Destornilladores | Ecuador,45,OK,1,52,Metro Arkitect personalizado con destornilladores. Herramienta corporativa ideal para Ecuador. Cotiza tu pedido hoy mismo.,122,OK,1,1,1.00,false,"metro arkitect con destornilladores, metro arkitect con destornilladores personalizado, metro arkitect con destornilladores promocional, metro arkitect con destornilladores con logo, metro arkitect con destornilladores ecuador, metro arkitect con destornilladores corporativo, herramientas, regalo corporativo ecuador, merchandising quito, productos promocionales guayaquil, ks promocionales, artículos publicitarios"
mini-set-de-destornilladores-level-11116,Mini Set de Destornilladores Level,Herramientas,Mini Set Destornilladores Level | Ecuador,41,OK,1,1,Mini set de destornilladores Level personalizado con tu logo. Ideal para regalos corporativos. Cotiza ahora en Ecuador.,119,OK,1,1,1.00,false,"mini set de destornilladores level, mini set de destornilladores level personalizado, mini set de destornilladores level promocional, mini set de destornilladores level con logo, mini set de destornilladores level ecuador, mini set de destornilladores level corporativo, herramientas, regalo corporativo ecuador, merchandising quito, productos promocionales guayaquil, ks promocionales, artículos publicitarios"
herramientero-orca-11128,Herramientero Orca,Herramientas,Herramientero Orca Personalizado | Ecuador,42,OK,1,614,Herramientero Orca personalizado para regalos corporativos. Ideal para construcción y servicios técnicos. Cotiza tu pedido en Ecuador.,134,OK,1,1,1.00,false,"herramientero orca, herramientero orca personalizado, herramientero orca promocional, herramientero orca con logo, herramientero orca ecuador, herramientero orca corporativo, herramientas, regalo corporativo ecuador, merchandising quito, productos promocionales guayaquil, ks promocionales, artículos publicitarios"
metro-retractil-kolors-10052,Metro Retráctil Kolors,Herramientas,Metro Retráctil Kolors Personalizado | Ecuador,46,OK,1,614,Metro retráctil Kolors personalizado con tu logo. Herramienta promocional ideal para construcción e ingeniería. Cotiza ahora en Ecuador.,136,OK,1,1,1.00,false,"metro retráctil kolors, metro retráctil kolors personalizado, metro retráctil kolors promocional, metro retráctil kolors con logo, metro retráctil kolors ecuador, metro retráctil kolors corporativo, herramientas, regalo corporativo ecuador, merchandising quito, productos promocionales guayaquil, ks promocionales, artículos publicitarios"
metro-llavero-bone-9124,Metro Llavero Bone,Herramientas,Metro Llavero Bone Personalizado | Ecuador,42,OK,1,614,Metro Llavero Bone personalizado para empresas. Herramienta práctica y útil. Cotiza ahora en Ecuador. Regalos corporativos de calidad.,134,OK,1,1,1.00,false,"metro llavero bone, metro llavero bone personalizado, metro llavero bone promocional, metro llavero bone con logo, metro llavero bone ecuador, metro llavero bone corporativo, herramientas, regalo corporativo ecuador, merchandising quito, productos promocionales guayaquil, ks promocionales, artículos publicitarios"
llavero-destapador-viggo-eco-11054,Llavero Destapador Viggo Eco,Llaveros,Llavero Destapador Viggo Eco Personalizado Ecuador,50,OK,1,59,Llavero destapador Viggo Eco personalizado para empresas en Ecuador. Recordación diaria garantizada. Cotiza tu pedido ahora con nosotros.,137,OK,1,1,1.00,false,"llavero destapador viggo eco, llavero destapador viggo eco personalizado, llavero destapador viggo eco promocional, llavero destapador viggo eco con logo, llavero destapador viggo eco ecuador, llavero destapador viggo eco corporativo, llaveros, regalo corporativo ecuador, merchandising quito, productos promocionales guayaquil, ks promocionales, artículos publicitarios"
set-nebula-11026,Set Nébula,Paraguas,Set Nébula Personalizado | Ecuador,34,OK,1,614,Paraguas Set Nébula personalizado con logo corporativo. Ideal para empresas en Ecuador. Cotiza tu set hoy y destaca tu marca.,125,OK,1,1,1.00,false,"set nébula, set nébula personalizado, set nébula promocional, set nébula con logo, set nébula ecuador, set nébula corporativo, paraguas, regalo corporativo ecuador, merchandising quito, productos promocionales guayaquil, ks promocionales, artículos publicitarios"
paraguas-dayton-23-9790-3846,Paraguas Dayton 23,Paraguas,Paraguas Dayton 23 Personalizado | Ecuador,42,OK,1,614,Paraguas Dayton 23 personalizado para empresas en Ecuador. Protege tu marca con estilo. Cotiza ahora tu pedido de paraguas promocionales.,137,OK,1,1,1.00,false,"paraguas dayton 23, paraguas dayton 23 personalizado, paraguas dayton 23 promocional, paraguas dayton 23 con logo, paraguas dayton 23 ecuador, paraguas dayton 23 corporativo, paraguas, regalo corporativo ecuador, merchandising quito, productos promocionales guayaquil, ks promocionales, artículos publicitarios"
paraguas-corbett-27-10586,Paraguas Corbett 27'',Paraguas,Paraguas Corbett 27'' Personalizado | Ecuador,45,OK,1,614,Paraguas Corbett 27'' personalizado para branding en Ecuador. Ideal para clientes y colaboradores. Cotiza tu pedido hoy mismo.,126,OK,1,1,1.00,false,"paraguas corbett 27'', paraguas corbett 27'' personalizado, paraguas corbett 27'' promocional, paraguas corbett 27'' con logo, paraguas corbett 27'' ecuador, paraguas corbett 27'' corporativo, paraguas, regalo corporativo ecuador, merchandising quito, productos promocionales guayaquil, ks promocionales, artículos publicitarios"
paraguas-kahlo-urban-travel-23-10894,Paraguas Kahlo Urban Travel 23'',Paraguas,Paraguas Kahlo Urban Travel 23'' | Ecuador,42,OK,1,52,Paraguas personalizado Kahlo Urban Travel 23'' para profesionales. Ideal para Quito. Cotiza tu pedido hoy con descuentos especiales.,132,OK,1,1,1.00,false,"paraguas kahlo urban travel 23'', paraguas kahlo urban travel 23'' personalizado, paraguas kahlo urban travel 23'' promocional, paraguas kahlo urban travel 23'' con logo, paraguas kahlo urban travel 23'' ecuador, paraguas kahlo urban travel 23'' corporativo, paraguas, regalo corporativo ecuador, merchandising quito, productos promocionales guayaquil, ks promocionales, artículos publicitarios"
paraguas-flex-golf-16-10882,Paraguas Flex Golf 16,Paraguas,Paraguas Flex Golf 16 Personalizado | Ecuador,45,OK,1,614,Paraguas Flex Golf 16 personalizado con tu logo. Ideal para cliente y empleados en Ecuador. Cotiza ahora tu pedido.,115,OK,1,1,1.00,false,"paraguas flex golf 16, paraguas flex golf 16 personalizado, paraguas flex golf 16 promocional, paraguas flex golf 16 con logo, paraguas flex golf 16 ecuador, paraguas flex golf 16 corporativo, paraguas, regalo corporativo ecuador, merchandising quito, productos promocionales guayaquil, ks promocionales, artículos publicitarios"
mini-paraguas-hansel-21-6868-3854,Mini Paraguas Hansel 21,Paraguas,Mini Paraguas Hansel 21 Personalizado | Ecuador,47,OK,1,614,Paraguas personalizado Mini Hansel 21 para tu marca. Protección y publicidad en Ecuador. Cotiza ahora con nosotros.,115,OK,1,1,1.00,false,"mini paraguas hansel 21, mini paraguas hansel 21 personalizado, mini paraguas hansel 21 promocional, mini paraguas hansel 21 con logo, mini paraguas hansel 21 ecuador, mini paraguas hansel 21 corporativo, paraguas, regalo corporativo ecuador, merchandising quito, productos promocionales guayaquil, ks promocionales, artículos publicitarios"
paraguas-lancelot-27-6865,Paraguas Lancelot 27,Paraguas,Paraguas Lancelot 27 Personalizado | Ecuador,44,OK,1,614,Paraguas Lancelot 27 personalizado con tu marca. Protección y visibilidad en Ecuador. Cotiza ahora tu pedido de paraguas promocionales.,135,OK,1,1,1.00,false,"paraguas lancelot 27, paraguas lancelot 27 personalizado, paraguas lancelot 27 promocional, paraguas lancelot 27 con logo, paraguas lancelot 27 ecuador, paraguas lancelot 27 corporativo, paraguas, regalo corporativo ecuador, merchandising quito, productos promocionales guayaquil, ks promocionales, artículos publicitarios"
mini-paraguas-strap-21-6201-3856,Mini Paraguas Strap 21,Paraguas,Mini Paraguas Strap 21 Personalizado | Ecuador,46,OK,1,614,Mini Paraguas Strap 21 personalizado para empresas. Protege a tus clientes y empleados en Ecuador. Cotiza tu pedido hoy.,120,OK,1,1,1.00,false,"mini paraguas strap 21, mini paraguas strap 21 personalizado, mini paraguas strap 21 promocional, mini paraguas strap 21 con logo, mini paraguas strap 21 ecuador, mini paraguas strap 21 corporativo, paraguas, regalo corporativo ecuador, merchandising quito, productos promocionales guayaquil, ks promocionales, artículos publicitarios"
paraguas-brook-27-6369-3857,Paraguas Brook 27,Paraguas,Paraguas Brook 27 Personalizado | Ecuador,41,OK,1,614,Paraguas Brook 27 personalizado para tu marca. Protege y promociona en Ecuador. Cotiza ahora tu pedido de paraguas corporativos.,128,OK,1,1,1.00,false,"paraguas brook 27, paraguas brook 27 personalizado, paraguas brook 27 promocional, paraguas brook 27 con logo, paraguas brook 27 ecuador, paraguas brook 27 corporativo, paraguas, regalo corporativo ecuador, merchandising quito, productos promocionales guayaquil, ks promocionales, artículos publicitarios"
paraguas-trendy-poliester-27-5693,Paraguas Trendy Poliéster 27,Paraguas,Paraguas Trendy Poliéster 27 Personalizado | Ecuador,52,OK,1,614,Paraguas Trendy Poliéster 27 personalizado con tu logo. Ideal para clientes y colaboradores en Ecuador. Cotiza ahora tu paraguas promocional.,141,OK,1,1,1.00,false,"paraguas trendy poliéster 27, paraguas trendy poliéster 27 personalizado, paraguas trendy poliéster 27 promocional, paraguas trendy poliéster 27 con logo, paraguas trendy poliéster 27 ecuador, paraguas trendy poliéster 27 corporativo, paraguas, regalo corporativo ecuador, merchandising quito, productos promocionales guayaquil, ks promocionales, artículos publicitarios"
paraguas-golf-cuadrado-30-1085,Paraguas Golf Cuadrado 30,Paraguas,Paraguas Golf Cuadrado 30 Personalizado Ecuador,47,OK,1,59,Paraguas Golf Cuadrado 30 personalizado para tu marca. Protección y branding en Ecuador. Cotiza ahora y sorprende a tus clientes.,129,OK,1,1,1.00,false,"paraguas golf cuadrado 30, paraguas golf cuadrado 30 personalizado, paraguas golf cuadrado 30 promocional, paraguas golf cuadrado 30 con logo, paraguas golf cuadrado 30 ecuador, paraguas golf cuadrado 30 corporativo, paraguas, regalo corporativo ecuador, merchandising quito, productos promocionales guayaquil, ks promocionales, artículos publicitarios"
paraguas-profesional-en-fibra-de-vidrio-30-2145-3863,Paraguas Profesional en Fibra de Vidrio 30,Paraguas,Paraguas Profesional Fibra de Vidrio 30 | Ecuador,49,OK,1,1,Paraguas profesional personalizado en fibra de vidrio. Ideal para empresas en Ecuador. Cotiza tu pedido hoy y destaca tu marca.,127,OK,1,1,1.00,false,"paraguas profesional en fibra de vidrio 30, paraguas profesional en fibra de vidrio 30 personalizado, paraguas profesional en fibra de vidrio 30 promocional, paraguas profesional en fibra de vidrio 30 con logo, paraguas profesional en fibra de vidrio 30 ecuador, paraguas profesional en fibra de vidrio 30 corporativo, paraguas, regalo corporativo ecuador, merchandising quito, productos promocionales guayaquil, ks promocionales, artículos publicitarios"
paraguas-fiori-23-7515-3864,Paraguas Fiori 23,Paraguas,Paraguas Fiori 23 Personalizado | Ecuador,41,OK,1,614,Paraguas Fiori 23 personalizado para tu marca. Cobertura de 23 pulgadas ideal para Quito. Cotiza ahora y promociona tu negocio.,127,OK,1,1,1.00,false,"paraguas fiori 23, paraguas fiori 23 personalizado, paraguas fiori 23 promocional, paraguas fiori 23 con logo, paraguas fiori 23 ecuador, paraguas fiori 23 corporativo, paraguas, regalo corporativo ecuador, merchandising quito, productos promocionales guayaquil, ks promocionales, artículos publicitarios"
paraguas-brook-ergo-27-7512-3865,Paraguas Brook Ergo 27,Paraguas,Paraguas Brook Ergo 27 Personalizado | Ecuador,46,OK,1,614,Paraguas Brook Ergo 27 ergonómico personalizable para empresas en Ecuador. Cotiza hoy tu paraguas promocional de calidad premium.,129,OK,1,1,1.00,false,"paraguas brook ergo 27, paraguas brook ergo 27 personalizado, paraguas brook ergo 27 promocional, paraguas brook ergo 27 con logo, paraguas brook ergo 27 ecuador, paraguas brook ergo 27 corporativo, paraguas, regalo corporativo ecuador, merchandising quito, productos promocionales guayaquil, ks promocionales, artículos publicitarios"
paraguas-freerain-23-7627-3866,Paraguas Freerain 23,Paraguas,Paraguas Freerain 23 Personalizado Ecuador,42,OK,1,59,Paraguas Freerain 23 personalizado para empresas en Ecuador. Protege tu marca con estilo. Cotiza ahora mismo con nosotros.,122,OK,1,1,1.00,false,"paraguas freerain 23, paraguas freerain 23 personalizado, paraguas freerain 23 promocional, paraguas freerain 23 con logo, paraguas freerain 23 ecuador, paraguas freerain 23 corporativo, paraguas, regalo corporativo ecuador, merchandising quito, productos promocionales guayaquil, ks promocionales, artículos publicitarios"
paraguas-trendy-poliester-27-7764,Paraguas Trendy Poliester 27,Paraguas,Paraguas Trendy Poliester 27 Personalizado Ecuador,50,OK,1,59,"Paraguas Trendy Poliester 27 personalizado para tu marca. Protección y visibilidad en Quito, Guayaquil y todo Ecuador. Cotiza ahora tu pedido.",142,OK,1,1,1.00,false,"paraguas trendy poliester 27, paraguas trendy poliester 27 personalizado, paraguas trendy poliester 27 promocional, paraguas trendy poliester 27 con logo, paraguas trendy poliester 27 ecuador, paraguas trendy poliester 27 corporativo, paraguas, regalo corporativo ecuador, merchandising quito, productos promocionales guayaquil, ks promocionales, artículos publicitarios"
mini-paraguas-lloyd-21-8658-3868,Mini Paraguas Lloyd 21,Paraguas,Mini Paraguas Lloyd 21 Personalizado | Ecuador,46,OK,1,614,Mini Paraguas Lloyd 21 personalizado para regalos corporativos. Protección y marca en movimiento. Cotiza ahora en Ecuador.,122,OK,1,1,1.00,false,"mini paraguas lloyd 21, mini paraguas lloyd 21 personalizado, mini paraguas lloyd 21 promocional, mini paraguas lloyd 21 con logo, mini paraguas lloyd 21 ecuador, mini paraguas lloyd 21 corporativo, paraguas, regalo corporativo ecuador, merchandising quito, productos promocionales guayaquil, ks promocionales, artículos publicitarios"
paraguas-galtem-27-8652,Paraguas Galtem 27,Paraguas,Paraguas Galtem 27 Personalizado | Ecuador,42,OK,1,614,Paraguas Galtem 27 personalizado con cobertura de 27 pulgadas. Ideal para promociones en Ecuador. Cotiza tu pedido hoy.,119,OK,1,1,1.00,false,"paraguas galtem 27, paraguas galtem 27 personalizado, paraguas galtem 27 promocional, paraguas galtem 27 con logo, paraguas galtem 27 ecuador, paraguas galtem 27 corporativo, paraguas, regalo corporativo ecuador, merchandising quito, productos promocionales guayaquil, ks promocionales, artículos publicitarios"
paraguas-27-9218,Paraguas 27,Paraguas,Paraguas 27 Personalizado | Ecuador,35,OK,1,614,Paraguas 27 personalizado para tu marca. Protección y presencia constante en Ecuador. Cotiza ahora tu paraguas corporativo.,123,OK,1,1,1.00,false,"paraguas 27, paraguas 27 personalizado, paraguas 27 promocional, paraguas 27 con logo, paraguas 27 ecuador, paraguas 27 corporativo, paraguas, regalo corporativo ecuador, merchandising quito, productos promocionales guayaquil, ks promocionales, artículos publicitarios"
paraguas-23-9217,Paraguas 23,Paraguas,Paraguas 23 Personalizado | Ecuador,35,OK,1,614,Paraguas 23 personalizado para tu marca. Ideal para promociones en Ecuador. Cotiza ahora y lleva tu logo a todas partes.,120,OK,1,1,1.00,false,"paraguas 23, paraguas 23 personalizado, paraguas 23 promocional, paraguas 23 con logo, paraguas 23 ecuador, paraguas 23 corporativo, paraguas, regalo corporativo ecuador, merchandising quito, productos promocionales guayaquil, ks promocionales, artículos publicitarios"
mini-paraguas-biondi-21-8911-3873,Mini Paraguas Biondi 21,Paraguas,Mini Paraguas Biondi 21 Personalizado | Ecuador,47,OK,1,614,Mini Paraguas Biondi 21 personalizado para tu marca. Disponible en Ecuador. Cotiza ahora y protege tu imagen con estilo.,120,OK,1,1,1.00,false,"mini paraguas biondi 21, mini paraguas biondi 21 personalizado, mini paraguas biondi 21 promocional, mini paraguas biondi 21 con logo, mini paraguas biondi 21 ecuador, mini paraguas biondi 21 corporativo, paraguas, regalo corporativo ecuador, merchandising quito, productos promocionales guayaquil, ks promocionales, artículos publicitarios"
paraguas-kenny-215-8909-3874,Paraguas Kenny 21.5,Paraguas,Paraguas Kenny 21.5 Personalizado | Ecuador,43,OK,1,614,Paraguas Kenny 21.5 personalizado para empresas. Protege tu marca en Ecuador. Cotiza ahora y sorprende a tus clientes con este regalo promocional.,146,OK,1,1,1.00,false,"paraguas kenny 21.5, paraguas kenny 21.5 personalizado, paraguas kenny 21.5 promocional, paraguas kenny 21.5 con logo, paraguas kenny 21.5 ecuador, paraguas kenny 21.5 corporativo, paraguas, regalo corporativo ecuador, merchandising quito, productos promocionales guayaquil, ks promocionales, artículos publicitarios"
paraguas-president-30-9381,Paraguas President 30,Paraguas,Paraguas President 30 Personalizado | Ecuador,45,OK,1,614,Paraguas President 30 personalizado para tus clientes y colaboradores en Ecuador. Cotiza ahora y aprovecha nuestras opciones de customización.,142,OK,1,1,1.00,false,"paraguas president 30, paraguas president 30 personalizado, paraguas president 30 promocional, paraguas president 30 con logo, paraguas president 30 ecuador, paraguas president 30 corporativo, paraguas, regalo corporativo ecuador, merchandising quito, productos promocionales guayaquil, ks promocionales, artículos publicitarios"
mini-paraguas-maverick-21-9426-3878,Mini Paraguas Maverick 21,Paraguas,Mini Paraguas Maverick 21 Personalizado | Ecuador,49,OK,1,614,Mini Paraguas Maverick 21 personalizado para regalos corporativos. Disponible en Ecuador. Cotiza tu pedido hoy con descuentos por volumen.,138,OK,1,1,1.00,false,"mini paraguas maverick 21, mini paraguas maverick 21 personalizado, mini paraguas maverick 21 promocional, mini paraguas maverick 21 con logo, mini paraguas maverick 21 ecuador, mini paraguas maverick 21 corporativo, paraguas, regalo corporativo ecuador, merchandising quito, productos promocionales guayaquil, ks promocionales, artículos publicitarios"
set-manicure-rpet-10387,Set Manicure Rpet,Cuidado Personal,Set Manicure Rpet Personalizado | Ecuador,41,OK,1,614,Set Manicure Rpet personalizado para empresas. Regala bienestar a tu equipo en Ecuador. Cotiza ahora y sorprende a tus colaboradores.,133,OK,1,1,1.00,false,"set manicure rpet, set manicure rpet personalizado, set manicure rpet promocional, set manicure rpet con logo, set manicure rpet ecuador, set manicure rpet corporativo, cuidado-personal, regalo corporativo ecuador, merchandising quito, productos promocionales guayaquil, ks promocionales, artículos publicitarios"
set-de-brochas-cayden-10384,Set de Brochas Cayden,Cuidado Personal,Set de Brochas Cayden Personalizado | Ecuador,45,OK,1,614,Set de Brochas Cayden personalizado con tu logo. Ideal para regalos corporativos en Ecuador. Cotiza ahora y sorprende a tu equipo.,130,OK,1,1,1.00,false,"set de brochas cayden, set de brochas cayden personalizado, set de brochas cayden promocional, set de brochas cayden con logo, set de brochas cayden ecuador, set de brochas cayden corporativo, cuidado-personal, regalo corporativo ecuador, merchandising quito, productos promocionales guayaquil, ks promocionales, artículos publicitarios"
bolsa-termica-600ml-10358,Bolsa Térmica 600ml,Cuidado Personal,Bolsa Térmica 600ml Personalizada | Ecuador,43,OK,1,82,Bolsa térmica 600ml personalizada para tu marca. Ideal para Ecuador. Cotiza hoy y lleva tu marca a todas partes.,112,OK,1,1,1.00,false,"bolsa térmica 600ml, bolsa térmica 600ml personalizado, bolsa térmica 600ml promocional, bolsa térmica 600ml con logo, bolsa térmica 600ml ecuador, bolsa térmica 600ml corporativo, cuidado-personal, regalo corporativo ecuador, merchandising quito, productos promocionales guayaquil, ks promocionales, artículos publicitarios"
metro-para-medicion-de-altura-10540,Metro Para Medición de Altura,Cuidado Personal,Metro Personalizado Para Medición | Ecuador,43,OK,1,1,Metro plegable personalizado con tu logo para bienestar corporativo. Solicita tu cotización en Ecuador. Ideal para regalos empresariales.,137,OK,1,1,0.75,false,"metro para medición de altura, metro para medición de altura personalizado, metro para medición de altura promocional, metro para medición de altura con logo, metro para medición de altura ecuador, metro para medición de altura corporativo, cuidado-personal, regalo corporativo ecuador, merchandising quito, productos promocionales guayaquil, ks promocionales, artículos publicitarios"
set-manicure-evelyn-10316,Set Manicure Evelyn,Cuidado Personal,Set Manicure Evelyn Personalizado | Ecuador,43,OK,1,614,Set Manicure Evelyn personalizado con logo. Ideal para regalos corporativos. Cotiza ahora en Ecuador. Cuidado personal premium.,127,OK,1,1,1.00,false,"set manicure evelyn, set manicure evelyn personalizado, set manicure evelyn promocional, set manicure evelyn con logo, set manicure evelyn ecuador, set manicure evelyn corporativo, cuidado-personal, regalo corporativo ecuador, merchandising quito, productos promocionales guayaquil, ks promocionales, artículos publicitarios"
set-facial-wood-spa-13169,Set Facial Wood Spa,Cuidado Personal,Set Facial Wood Spa Personalizado | Ecuador,43,OK,1,614,Set Facial Wood Spa personalizado para regalos corporativos. Ideal para clientes y colaboradores en Ecuador. Cotiza ahora tu pedido.,132,OK,1,1,1.00,false,"set facial wood spa, set facial wood spa personalizado, set facial wood spa promocional, set facial wood spa con logo, set facial wood spa ecuador, set facial wood spa corporativo, cuidado-personal, regalo corporativo ecuador, merchandising quito, productos promocionales guayaquil, ks promocionales, artículos publicitarios"
mug-metalico-mini-chester-400-ml-13592,Mug Metálico Mini Chester 400 ml,Novedades,Mug Metálico Mini Chester 400 ml Personalizado Ecuador,54,OK,1,59,Mug metálico Mini Chester 400 ml personalizado para regalos corporativos. Ideal para clientes y colaboradores en Ecuador. ¡Cotiza ahora!,136,OK,1,1,1.00,false,
llavero-linterna-space-nuevo-13595,Llavero Linterna Space,Iluminación,Llavero Linterna Space Personalizado | Ecuador,46,OK,1,614,Llavero Linterna Space personalizado para tus promociones. Funcional y práctico. Cotiza ahora en Ecuador con KS Promocionales.,126,OK,1,1,1.00,false,
balon-de-futbol-no5-delko-9427,Balón de Fútbol No.5 Delko,Deportes,Balón de Fútbol No.5 Delko Personalizado | Ecuador,50,OK,1,614,Balón de fútbol No.5 Delko personalizado con tu logo. Ideal para regalos corporativos en Ecuador. Cotiza tu pedido hoy mismo.,125,OK,1,1,1.00,false,
borrador-school-ii-13604,Borrador School ii,Novedades,Borrador School II Personalizado | Ecuador,42,OK,1,614,Borrador School II personalizado con tu logo. Ideal para promocionar tu marca en Ecuador. Cotiza tu pedido hoy mismo.,117,OK,1,1,1.00,false,
bolsa-en-algodon-ecotote-13596,Bolsa en Algodón Ecotote,Novedades,Bolsa Algodón Ecotote Personalizado | Ecuador,45,OK,1,1,Bolsa ecotote personalizada con tu logo para Quito. Multiplica la visibilidad de tu marca. Cotiza ahora tus bolsas promocionales.,129,OK,1,1,1.00,false,
bolsa-en-algodon-ecopack-13597,Bolsa en Algodón Ecopack,Novedades,Bolsa Algodón Ecopack Personalizada | Ecuador,45,OK,1,1,Bolsa en Algodón Ecopack personalizada para tu marca. Ideal para regalos corporativos en Ecuador. Cotiza ahora con KS Promocionales.,132,OK,1,1,1.00,false,
dispensador-bolsas-linterna-led-personalizado-ecuador,DISPENSADOR DE BOLSAS MULLER OFERTA,Iluminación,Dispensador de Bolsas con Linterna LED | Ecuador,48,OK,1,1,Dispensador de bolsas para mascotas con linterna LED integrada. Ideal para regalos corporativos en Ecuador. ¡Cotiza ahora con tu logo!,134,OK,1,1,0.50,false,"dispensador de bolsas con linterna LED, regalos corporativos mascotas Ecuador, articulos promocionales Quito, merchandising veterinario Guayaquil, regalo corporativo funcional Ecuador, linterna LED integrada personalizada, articulos promocionales Cuenca, regalos personalizados mascotas, dispensador bolsas mascota Ambato, articulos promocionales para empresas Ecuador"
boligrafo-metalico-personalizado-articulos-promocionales,SKIL OFERTA,Artículos de Escritura,Bolígrafo Metálico Skil Personalizado | KS Promocionales,56,OK,1,1,Bolígrafos metálicos personalizados con tu logo. Ideales como artículos promocionales en Ecuador. Mínimo 50 unidades. ¡Cotiza ahora!,132,OK,1,1,0.50,false,"artículos promocionales, artículos promocionales ecuador, artículos promocionales quito, artículos promocionales guayaquil, artículos publicitarios, bolígrafos personalizados ecuador, regalos corporativos, regalos empresariales quito"
boligrafo-metalico-personalizado-clas-oferta,CLAS OFERTA,Artículos de Escritura,Bolígrafo Metálico Clas Personalizado | KS Promocionales,56,OK,1,1,Bolígrafos metálicos personalizados con tu logo. Ideal para regalos corporativos en Ecuador. Venta por cajas de 50 unidades. ¡Cotiza ahora!,139,OK,1,1,0.50,false,"articulos promocionales, articulos promocionales quito, articulos publicitarios, articulos promocionales ecuador, articulos promocionales guayaquil, bolígrafos personalizados ecuador, regalos corporativos quito, merchandising promocional"
cargador-inalambrico-lampara-flex-personalizado,CARGADOR INALAMBRICO CON LAMPARA FLEX,Iluminación,Cargador Inalámbrico con Lámpara Flex | Ecuador,47,OK,1,1,"Cargador inalámbrico 10W con lámpara de escritorio integrada. 3 modos de iluminación, personalizable con tu logo. ¡Cotiza ahora en Ecuador!",139,OK,1,1,1.00,false,"cargador inalámbrico con lámpara Ecuador, regalos corporativos iluminación Ecuador, lámpara de escritorio personalizada Quito, cargador inalámbrico 10W regalo empresa, artículos promocionales iluminación Guayaquil, merchandising corporativo lámpara flex, cargador inalámbrico personalizado Cuenca, regalos corporativos Ambato, lámpara escritorio carga móvil, producto promocional 2 en 1"
llavero-personalizado-touch-free-ml386-ecuador,LLAVERO MULTIUSOS METALICO TOUCH FREE ML-386 - OFERTA,Llaveros,Llaveros Personalizados Touch Free ML-386 | Ecuador,51,OK,1,1,Llavero multiusos metálico touch free personalizado con logo. Reduce contacto con superficies. Ideal para regalos corporativos en Ecuador. ¡Cotiza ahora!,153,OK,1,1,0.57,false,"llaveros personalizados, llavero multiusos metálico, llaveros touch free, regalos corporativos personalizados, llaveros Quito, llaveros Guayaquil, llaveros con logo empresa, merchandising corporativo Ecuador, llaveros articulos promocionales, llaveros cuidado higiene"
boligrafos-promocionales-lipsy-personalizado,LIPSY OFERTA,Artículos de Escritura,Bolígrafos Promocionales Lipsy | Artículos Personalizados Ecuador,65,OK,1,1,"Bolígrafos promocionales Lipsy con mecanismo twist para tu marca. Personaliza con logo, venta por cajas de 50. ¡Cotiza ahora en Ecuador!",136,OK,1,1,0.50,false,"artículos promocionales, bolígrafos promocionales, artículos promocionales quito, artículos promocionales en quito, artículos publicitarios, artículos promocionales guayaquil, artículos promocionales ecuador, merchandising corporativo personalizado"
boligrafo-infinity-2-1-promocional,BOLIGRAFO INFINITY 2-1 OFERTA,Artículos de Escritura,Bolígrafos Promocionales Infinity 2-1 | Artículos Ecuador,57,OK,1,1,"Bolígrafos promocionales Infinity 2-1 personalizados con logo. Punta de larga duración, sin tajalápiz. Pedidos desde 50 unidades. ¡Cotiza ahora en Ecuador!",155,OK,1,1,0.67,false,"articulos promocionales, articulos promocionales quito, articulos promocionales ecuador, articulos promocionales guayaquil, articulos publicitarios, bolígrafos personalizados, articulos publicitarios quito, regalos corporativos con logo, merchandising de escritura, articulos promocionales cuenca"
botilito-plastico-reciclado-600ml-personalizado,BOTILITO PLÁSTICO CLEMEN RPET 600ML,Ecología,Botilito Plástico Reciclado 600ml Personalizado | Ecuador,57,OK,1,1,"Botilito plástico RPET 600ml con base en corcho, ideal para regalos corporativos en Ecuador. Personalización con tampografía. ¡Cotiza ahora!",140,OK,1,1,0.60,false,"botilito plástico reciclado personalizado, regalos corporativos Ecuador, merchandising ecológico Quito, botilito RPET personalizado, artículos promocionales sostenibles, regalos empresariales Guayaquil, botellas recicladas con logo, merchandising corporativo Cuenca, regalos ecológicos Ambato, artículos promocionales Ecuador"
boligrafo-ventura-spray-antibacteriano-oferta,BOLIGRAFO VENTURA SPRAY ANTIBACTERIANO OFERTA,Artículos de Escritura,Artículos Promocionales Antibacteriano Ventura | Ecuador,56,OK,1,1,Bolígrafos promocionales antibacteriano Ventura con tecnología nano silver. Personaliza con tu logo. Reduce bacterias 99%. ¡Cotiza ahora!,137,OK,1,1,0.40,true,"artículos promocionales, artículos promocionales quito, artículos promocionales ecuador, artículos promocionales guayaquil, artículos publicitarios, regalos corporativos antibacteriano, bolígrafos personalizados ecuador, artículos promocionales cuenca"
reloj-wall-bamboo-personalizado,RELOJ WALL BAMBOO,Ecología,Reloj Wall Bamboo Personalizado | Ecuador,41,OK,1,614,Reloj Wall Bamboo ecológico con personalización láser para regalos corporativos en Ecuador. ¡Cotiza ahora con descuentos por volumen!,133,OK,1,1,1.00,false,"reloj wall bamboo, reloj de pared bambú personalizado Ecuador, regalos corporativos ecológicos Quito, artículos promocionales sostenibles, reloj wall bamboo personalizado, regalos empresariales Guayaquil, merchandising ecológico Ecuador, reloj pared personalizado láser"
organizador-escritorio-bamboo-cargador-inalambrico,ORGANIZADOR DE ESCRITORIO BAMBOO CON CARGADOR OFERTA,Ecología,Organizador de Escritorio Bamboo con Cargador | Ecuador,55,OK,1,1,"Organizador de escritorio en bambú con cargador inalámbrico. Personaliza con tu logo. Entrega en Quito, Guayaquil y más. ¡Cotiza ahora!",135,OK,1,1,0.80,false,"organizador de escritorio bamboo con cargador, regalos corporativos Ecuador, artículos promocionales eco-friendly, merchandising empresarial Quito, organizador bambú personalizado, cargador inalámbrico corporativo, regalos sostenibles para empleados, artículos ecológicos Guayaquil, merchandising con logo láser, organizador escritorio ecológico"
set-herramientas-personalizados-luz-car,SET DE DESTORNILLADORES CON LUZ CAR OFERTA,Herramientas,Set de Herramientas Personalizados con Luz | Ecuador,52,OK,1,1,Set de herramientas personalizados con forma de carro y luz LED. Ideal para regalos corporativos en Ecuador. ¡Cotiza ahora con tu logo!,135,OK,1,1,0.00,true,"set de herramientas personalizados, herramientas personalizados, varios herramientas personalizados, regalos corporativos herramientas Ecuador, set destornilladores personalizado Quito, merchandising corporativo herramientas Guayaquil, herramientas luz personalizado, destornilladores corporativos Ecuador, artículos promocionales herramientas, gifts herramientas técnicas personalizado"
boligrafos-metalicos-personalizados-articulos-promocionales,DICKENS METALICO OFERTA,Artículos de Escritura,Bolígrafos Metálicos Personalizados | Artículos Promocionales Ecuador,69,TOO_LONG_TRUNCATION_RISK,1,1,"Bolígrafos metálicos personalizados para empresas en Ecuador. Marca con logo, láser o tampografía. Cotiza cajas de 50 unidades. ¡Envío a Quito y Guayaquil!",155,OK,1,1,0.33,true,"articulos promocionales, articulos promocionales quito, articulos promocionales en quito, articulos promocionales guayaquil, articulos promocionales ecuador, articulos publicitarios, bolígrafos metálicos personalizados, regalos corporativos ecuad, merchandising empresarial quito"
vaso-personalizado-450ml-plastico-doble-pared,MUG PLASTICO PACIFIC 450ML OFERTA,Mugs y Termos,Vasos Personalizados 450ml | Ecuador,36,OK,1,1,Vasos personalizados de plástico doble pared con tapa. Perfectos para regalos corporativos en Ecuador. ¡Cotiza ahora con tu logo!,129,OK,1,1,0.25,true,"vasos personalizados, vaso personalizado, vasos personalizados con nombre, vasos termicos personalizados, regalos corporativos Ecuador, vasos personalizados Quito, vasos personalizados Guayaquil, merchandising corporativo, artículos promocionales personalizados, vasos personalizados con logo"
botilito-plastico-personalizado-650ml,BOTILITO PLASTICO SANTINO 650ML OFERTA,Mugs y Termos,Vasos Personalizados 650ml | Ecuador,36,OK,1,1,Botilitos plásticos personalizados 650ml con tapa y pitillo. Marca tu logo con tampografía. Stock disponible. ¡Cotiza ahora en Ecuador!,135,OK,1,1,0.20,true,"vasos personalizados, vaso personalizado, vasos personalizados con nombre, botilitos personalizados Ecuador, vasos personalizados Quito, vasos personalizados Guayaquil, regalos corporativos personalizados, artículos promocionales Ecuador, vasos personalizados con logo, merchandising corporativo Ecuador"
portatarjetas-personalizado-ml-275,PORTATARJETAS ML-275 - OFERTA,Master Line,Portatarjetas Personalizado ML-275 | Ecuador,44,OK,1,1,Portatarjetas de aluminio personalizado con láser. Ideal para ejecutivos y profesionales en Ecuador. ¡Cotiza ahora tu merchandising corporativo!,144,OK,1,1,0.67,false,"portatarjetas personalizado, portatarjetas aluminio Ecuador, regalo corporativo ejecutivo, merchandising personalizado Quito, articulos promocionales Guayaquil, portatarjetas con logo, regalo ejecutivo profesional, personalización láser Ecuador"
portapapel-personalizado-master-line,PORTAPAPEL CAR - OFERTA,Master Line,Portapapel Personalizado MASTER LINE | Ecuador,46,OK,1,1,Portapapel metálico personalizado con láser para regalos corporativos. Ideal para empresas en Ecuador. ¡Cotiza ahora con KS Promocionales!,138,OK,1,1,0.50,false,"portapapel personalizado, portapapel corporativo Ecuador, regalos corporativos personalizado, artículos promocionales Quito, merchandising empresarial Guayaquil, portapapeles metálico grabado, regalos ejecutivos Ecuador, artículos personalizado para empresas, portapapel con logo Cuenca"
bolsa-plegable-paraguas-hansel-ecuador,BOLSA PLEGABLE PARA PARAGUAS HANSEL - OFERTA,Maletines,Bolsa Plegable para Paraguas Hansel | Ecuador,45,OK,1,1,Bolsa plegable para paraguas Hansel con cremallera y manija. Ideal para regalos corporativos en Ecuador. Personaliza con tu logo. ¡Cotiza ahora!,144,OK,1,1,0.83,false,"bolsa plegable paraguas, bolsa plegable paraguas Ecuador, regalos corporativos Quito, artículos promocionales maletines, bolsa paraguas personalizada, merchandising corporativo Ecuador, bolsa paraguas Guayaquil, artículos promocionales paraguas, regalos empresariales Ecuador, bolsas plegables personalizadas"
botilito-tritan-600ml-personalizado-oferta,BOTILITO EN TRITAN SWAT 600ML - OFERTA,Mugs y Termos,Vasos Personalizados Tritán 600ml | Ecuador,43,OK,1,1,"Vasos personalizados en Tritán de 600ml, resistentes y sin BPA. Ideal para regalos corporativos en Ecuador. ¡Cotiza ahora con tu logo!",134,OK,1,1,0.40,true,"vasos personalizados, vasos termicos personalizados, vaso personalizado con nombre, vasos personalizados Ecuador, vasos personalizados Quito, vasos personalizados Guayaquil, regalos corporativos Ecuador, vasos personalizados con logo, botillos termicos personalizados, vasos de plástico personalizados"
botilito-plastico-petg-700ml-personalizado,BOTILITO PLASTICO MACK PETG 700ML OFERTA,Mugs y Termos,Vasos Personalizados PETG 700ml | Ecuador,41,OK,1,1,Vasos personalizados de 700ml en plástico PETG resistente. Ideal para regalos corporativos en Ecuador. ¡Cotiza ahora con tu logo!,129,OK,1,1,0.33,true,"vasos personalizados, vasos personalizados con nombre, vasos termicos personalizados, vaso personalizado, vasos personalizados quito, vasos personalizados guayaquil, vaso personalizado con logo, regalos corporativos ecuador, articulos promocionales personalizados"
morral-backpack-personalizado-ecuador,MORRAL BACKPACK PADRAX OFERTA,Maletines,Morral Backpack Personalizado | Regalos Corporativos Ecuador,60,OK,1,1,Morral backpack de poliéster ideal para regalos corporativos en Ecuador. Personalización con serigrafía. ¡Cotiza ahora con nosotros!,132,OK,1,1,0.50,false,"morral backpack personalizado, regalos corporativos Ecuador, morral backpack Quito, artículos promocionales con logo, morrales personalizados Guayaquil, backpack corporativo serigrafía, regalos empresariales Ecuador, merchandising bolsos Cuenca, morral publicitario personalizado"
maletin-avenue-personalizado,MALETIN AVENUE - OFERTA,Maletines,Maletín Avenue Personalizado para Portátil | Ecuador,52,OK,1,1,"Maletín Avenue en lona y cuero para portátil con correa ajustable. Personaliza con tu logo. Envíos a Quito, Guayaquil y todo Ecuador. ¡Cotiza ahora!",148,OK,1,1,0.67,false,"maletín avenue personalizado, maletín para portátil ecuador, regalo corporativo maletín quito, maletín profesional guayaquil, maletín personalizado con logo, bolsos corporativos cuenca, maletín lona cuero ambato, artículos promocionales maletines manta, maletín ejecutivo personalización láser, regalo corporativo portátil ecuador"
botilito-plastico-nomix-petg-750ml-personalizado,BOTILITO PLASTICO NOMIX PETG 750ML - OFERTA,Mugs y Termos,Botilito PETG Nomix 750ml Personalizado | KS Promocionales,58,OK,1,1,"Vasos personalizados de plástico PETG 750ml con logo. Resistentes, reutilizables y perfectos para regalos corporativos. ¡Cotiza ahora en Ecuador!",145,OK,1,1,0.67,false,"vasos personalizados, vasos personalizados con nombre, vasos termicos personalizados, vaso personalizado Ecuador, vasos personalizados Quito, vasos personalizados Guayaquil, regalos corporativos vasos, merchandising corporativo Ecuador, botellas personalizadas plástico, vasos con logo empresa"
vaso-personalizado-petg-750ml-ecuador,BOTILITO PLASTICO ALEPY PETG 750ML - OFERTA,Mugs y Termos,Botilito PETG Alepy 750ml Personalizado | KS Promocionales,58,OK,1,1,"Vasos personalizados de plástico PETG 750ml con tapa rosca. Resistentes, sin BPA, ideales para regalos corporativos en Ecuador. ¡Cotiza ahora!",142,OK,1,1,0.67,false,"vasos personalizados, vaso personalizado, vasos personalizados con nombre, vasos termicos personalizados, vasos personalizados con logo, vasos corporativos Ecuador, vaso personalizado Quito, vasos regalos corporativos, botilito personalizado, vasos de plastico personalizados"
maletin-trolley-bag-norris-personalizado,MALETIN TROLLEY BAG NORRIS OFERTA,Maletines,Maletín Trolley Bag Norris | Regalos Corporativos Ecuador,57,OK,1,1,Maletín trolley bag de poliéster 600D con bolsillo exterior. Ideal para regalos corporativos en Ecuador. ¡Cotiza ahora tu personalización!,138,OK,1,1,0.75,false,"maletín trolley bag, regalos corporativos Ecuador, maletín personalizado Quito, artículos promocionales Guayaquil, bolsos ejecutivos Ecuador, merchandising corporativo, maletín de negocios personalizado"
cargador-inalambrico-heston-personalizado,CARGADOR INALAMBRICO HESTON,Variedades,Cargador Inalámbrico Personalizado | Ecuador,44,OK,1,1,"Cargador inalámbrico con soporte ajustable para celular, audífonos y relojes. Personaliza con tu logo. ¡Cotiza ahora en Ecuador!",128,OK,1,1,0.67,false,"cargador inalámbrico personalizado, cargador inalámbrico Ecuador, cargador inalámbrico Quito, cargador inalámbrico Guayaquil, regalos corporativos tecnología, merchandising inalámbrico, cargador inalámbrico con logo, cargador múltiples dispositivos"
bolsa-metalizada-hologram-personalizada-ecuador,BOLSA METALIZADA HOLOGRAM,Precio Bomba,Bolsa Metalizada Hologram 32x36cm Personalizada | KS Promocionales,66,TOO_LONG_TRUNCATION_RISK,1,1,Bolsa metalizada hologram personalizada con tu logo. Ideal para regalos corporativos en Ecuador. Medidas 32x36 cm. ¡Cotiza ahora con descuento!,143,OK,1,1,1.00,false,"bolsa metalizada hologram personalizada, bolsas promocionales precio Ecuador, regalos corporativos Quito, merchandising corporativo Guayaquil, bolsas personalizadas Cuenca, artículos promocionales metalizado, empaques personalizados Ambato, bolsas hologram para empresas, regalos corporativos con logo Ecuador"
llavero-pop-personalizado-silicona,LLAVERO POP,Llaveros,Llaveros Personalizados Pop | Ecuador,37,OK,1,1,Llaveros personalizados antiestrés en silicona con placa metálica. Ideal para regalos corporativos en Ecuador. ¡Cotiza ahora con tu logo!,137,OK,1,1,1.00,false,"llaveros personalizados, llaveros pop antiestrés, llaveros personalizados ecuador, regalos corporativos llaveros, llavero personalizado foto, llaveros silicona personalizado, llaveros corporativos quito guayaquil, artículos promocionales llaveros, llavero con logo empresa, llaveros personalizados cuenca ambato"
boligrafo-antiestres-personalizado,BOLIGRAFO AVERT,Antiestrés,Bolígrafo Antiestres Personalizado | Ecuador,44,OK,1,1,Bolígrafo antiestres personalizado con bola de alivio y twist. Ideal para regalos corporativos en Ecuador. Mínimo 50 unidades. ¡Cotiza ahora!,141,OK,1,1,0.50,false,"bolígrafo antiestres personalizado, antiestres personalizados, regalos corporativos antiestres Ecuador, artículos promocionales antiestres, bolígrafo antiestres Quito, bolígrafo antiestres Guayaquil, merchandising corporativo antiestres, pelota antiestres personalizada, bolígrafo twist personalizado"
portatarjetas-antiestres-personalizado,PORTATARJETAS POP,Antiestrés,Portatarjetas Antiestres Personalizado | Ecuador,48,OK,1,1,"Portatarjetas antiestres personalizado para tu marca. Adhesivo para móviles, ideal para regalos corporativos en Ecuador. ¡Cotiza ahora!",135,OK,1,1,1.00,false,"portatarjetas antiestres personalizado, antiestres personalizados, articulos promocionales antiestres, regalos corporativos antiestres, antiestres personalizado quito, muñecos antiestres personalizados, llaveros antiestres personalizados, productos antiestres personalizados Ecuador"
llaveros-personalizados-antiestres-ball,LLAVERO ANTIESTRES BALL,Llaveros,Llaveros Personalizados Antiestrés Ball | Ecuador,49,OK,1,1,Llaveros antiestrés personalizados con tu logo. Ideal para regalos corporativos en Ecuador. ¡Cotiza ahora y sorprende a tus clientes!,133,OK,1,1,1.00,false,"llaveros personalizados, llaveros antiestrés, llaveros personalizados Ecuador, regalos corporativos llaveros, llaveros con logo personalizado, llaveros para empresas, llaveros personalizados Quito, merchandising corporativo llaveros, llaveros antiestrés personalizados, llaveros personalizados Guayaquil"
pelota-antiestres-personalizada-6-3cm,BOLA ANTIESTRES NEON 6 3CM,Antiestrés,Bola Antiestrés Neón 6.3cm Personalizada | KS Promocionales,59,OK,1,1,Pelota antiestres personalizada de 6.3 cm con logo de tu empresa. Perfecta para regalos corporativos en Ecuador. ¡Cotiza ahora!,127,OK,1,1,1.00,false,"pelota antiestres personalizada, antiestres personalizados, pelotas antiestres personalizadas, productos antiestres personalizados, articulos promocionales antiestres, regalo corporativo antiestres Ecuador, antiestres personalizado Quito, antiestres personalizado Guayaquil"
pelota-antiestres-personalizada-67cm,"BOLA ANTIESTRÉS NEÓN 6,7CM",Antiestrés,Bola Antiestrés Neón 6.7cm Personalizada | KS Promocionales,59,OK,1,1,"Pelota antiestrés personalizada de 6,7 cm con tu logo. Ideal para regalos corporativos en Ecuador. ¡Cotiza ahora y sorprende a tu equipo!",137,OK,1,1,0.75,false,"pelota antiestres personalizada, antiestres personalizados Ecuador, productos antiestres personalizados, muñecos antiestres personalizados, regalos corporativos antiestres, antiestres personalizados Quito, articulos promocionales antiestres, llaveros antiestres personalizados"
pelota-antiestres-personalizada-ecuador,BOLA ANTIESTRES TRICOLOR,Antiestrés,Bola Antiestrés Tricolor Personalizada | KS Promocionales,57,OK,1,1,"Pelota antiestres personalizada con tu logo. Poliuretano de calidad, perfecta para regalos corporativos en Ecuador. ¡Cotiza ahora con KS Promocionales!",151,OK,1,1,1.00,false,"pelota antiestres personalizada, antiestres personalizados, antiestres personalizada quito, regalos corporativos antiestres, articulos promocionales antiestres, antiestres personalizado ecuador, muñecos antiestres personalizados, productos antiestres personalizados guayaquil, merchandising antiestres corporativo"
pelota-antiestres-personalizada-ecuador-va-631,GOTA ANTIESTRES,Antiestrés,Gota Antiestrés Personalizada | KS Promocionales,48,OK,1,1,Pelota antiestres personalizada con logo de tu empresa. Perfecta para regalos corporativos en Ecuador. ¡Cotiza ahora y sorprende a tus clientes!,144,OK,1,1,1.00,false,"pelota antiestres personalizada, antiestres personalizados, muñecos antiestres personalizados, articulos promocionales antiestres, regalos corporativos antiestres Ecuador, antiestres Quito Guayaquil, antiestres personalizados Cuenca, productos antiestres empresariales"
pelota-antiestres-personalizada-silicona,BOLA POP IT,Antiestrés,Bola Pop It Antiestrés Personalizada | KS Promocionales,55,OK,1,1,Pelota antiestrés personalizada en silicona de 7 cm. Ideal para regalos corporativos. Marca tu logo y sorprende a clientes. ¡Cotiza ahora en Ecuador!,149,OK,1,1,1.00,false,"pelota antiestres personalizada, antiestres personalizados, productos antiestres personalizados, bola antiestres personalizada quito, regalos corporativos antiestres, articulos promocionales antiestres, antiestres personalizado guayaquil, muñecos antiestres personalizados, llaveros antiestres personalizados"
pelota-antiestres-personalizada-soporte-celular,SOPORTE PARA CELULAR POP IT,Antiestrés,Soporte Para Celular Pop It Personalizado | KS Promocionales,60,OK,1,2,Pelota antiestrés personalizada con función de soporte para celular. Ideal para regalos corporativos en Ecuador. ¡Cotiza ahora con tu logo!,139,OK,1,1,1.00,false,"pelota antiestres personalizada, antiestres personalizados, muñecos antiestres personalizados, productos antiestres personalizados, articulos promocionales antiestres, soporte celular personalizado, regalos corporativos antiestres, merchandising corporativo antiestres quito, antiestres para empresas ecuador, llaveros antiestres personalizados"
pelota-antiestres-personalizada-rubber,BOLA ANTIESTRES RUBBER,Antiestrés,Bola Antiestrés Rubber Personalizada | KS Promocionales,55,OK,1,1,"Pelota antiestres personalizada con logo de tu empresa. Diseño ergonómico, ideal para regalos corporativos en Ecuador. ¡Cotiza ahora!",133,OK,1,1,1.00,false,"pelota antiestres personalizada, antiestres personalizados, productos antiestres personalizados, articulos promocionales antiestres, regalos corporativos antiestres, pelota antiestres Quito, antiestres personalizados Guayaquil, pelotas antiestres con logo, antiestrés merchandising corporativo, muñecos antiestres personalizados"
pelota-antistres-personalizada-grip-gyro,GRIP GYRO,Antiestrés,Pelota Antiestrés Personalizada GRIP GYRO | Ecuador,51,OK,1,1,Pelota antiestrés personalizada GRIP GYRO con logo de tu empresa. Perfecta para regalos corporativos en Ecuador. ¡Cotiza ahora!,127,OK,1,1,1.00,false,"pelota antiestrés personalizada, antiestres personalizados, artículos promocionales antiestrés, antiestres personalizados Ecuador, regalos corporativos antiestrés Quito, merchandising corporativo antiestrés, productos antiestrés personalizados Ecuador, antiestres Guayaquil, llaveros antiestrés personalizados"
soporte-moviles-antistres-personalizado,SOPORTE PARA MOVILES ANTIESTRES,Antiestrés,Soporte para Móviles Antiestrés Personalizado | Ecuador,55,OK,1,1,Soporte antiestrés personalizado para móviles. Ideal para regalos corporativos en Ecuador. ¡Cotiza ahora con tu logo!,117,OK,1,1,1.00,false,"soporte para móviles antiestrés, antiestrés personalizados, productos antiestrés personalizados, artículos promocionales antiestrés, regalos corporativos antiestrés Ecuador, soporte móvil personalizado Quito, antiestrés promocionales Guayaquil, merchandising corporativo antiestrés, llaveros antiestrés personalizados"
pelota-antiestres-personalizada,FRISBEE POP,Antiestrés,Frisbee Pop Personalizado | KS Promocionales,44,OK,1,2,Pelota antiestrés personalizada de silicona con tu logo. Ideal para regalos corporativos en Ecuador. ¡Cotiza ahora con KS Promocionales!,136,OK,1,1,1.00,false,"pelota antiestrés personalizada, antiestres personalizados, productos antiestrés personalizados, artículos promocionales antiestrés, frisbee antiestrés personalizado, regalos corporativos antiestrés Ecuador, muñecos antiestrés personalizados, antiestrés para empresas Quito"
camion-antiestres-personalizado,CAMION ANTIESTRES,Antiestrés,Camión Antiestrés Personalizado | Ecuador,41,OK,1,1,"Camión antiestrés personalizado con tampografía. Ideal para regalos corporativos. Medidas compactas, alta disponibilidad. ¡Cotiza ahora!",136,OK,1,1,1.00,false,"camión antiestrés personalizado, antiestrés personalizados, articulos promocionales antiestres, muñecos antiestrés personalizados, llaveros antiestres personalizados, productos antiestres personalizados, regalos corporativos antiestres quito, antiestrés personalizados guayaquil, merchandising antiestres ecuador"
muneco-antiestres-personalizado-clips,JUEGO DESESTRESANTE CON CLIPS,Antiestrés,Muñecos Antiestrés Personalizados | Ecuador,43,OK,1,1,Muñecos antiestrés personalizados con clips metálicos. Ideal para regalos corporativos en Ecuador. ¡Cotiza ahora con tu logo!,125,OK,1,1,0.00,true,"muñecos antiestrés personalizados, antiestres personalizados, productos antiestrés personalizados, muñecos antiestres personalizados, llaveros antiestres personalizados, antiestres y pasatiempos personalizados, articulos promocionales antiestres, regalos corporativos antiestrés Ecuador, juego desestresante personalizado Quito, antiestres con logo empresa"
pelota-antiestres-personalizada-va-305,CORAZON ANTIESTRES,Antiestrés,Corazón Antiestrés Personalizado | KS Promocionales,51,OK,1,1,Pelota antiestres personalizada con tu logo. Ideal para regalos corporativos en Ecuador. Marca con tampografía. ¡Cotiza ahora mismo!,132,OK,1,1,1.00,false,"pelota antiestres personalizada, antiestres personalizados, productos antiestres personalizados, muñecos antiestres personalizados, llaveros antiestres personalizados, articulos promocionales antiestres, antiestres corporativo Ecuador, regalos antiestres Quito, antiestres para empresas, merchandising antiestres personalizado"
llavero-corcho-personalizado-ecuador,LLAVERO CORCHO - OFERTA,Llaveros,Llaveros Personalizados de Corcho | Ecuador,43,OK,1,1,"Llaveros personalizados de corcho con láser. Ideales para regalos corporativos en Quito, Guayaquil y Cuenca. Caja de 50 unidades. ¡Cotiza ahora!",144,OK,1,1,0.67,false,"llaveros personalizados, llaveros de madera, llavero personalizado foto, llaveros personalizados quito, llaveros corporativos ecuador, regalos corporativos personalizados, llaveros con logo, merchandising corporativo llaveros, llaveros personalizados guayaquil, llaveros con nombre"
colgador-botellas-carabinero-personalizado-ecuador,COLGADOR DE BOTELLAS CON CARABINERO - OFERTA,Variedades,Colgador de Botellas con Carabinero Personalizado | Ecuador,59,OK,1,1,"Colgador de botellas con carabinero personalizado para regalos corporativos. Ideal para promocionar tu marca en Quito, Guayaquil y más ciudades de Ecuador. ¡Cotiza a",165,OK,1,1,0.75,false,"colgador de botellas con carabinero, regalos corporativos Ecuador, artículos promocionales Quito, merchandising personalizado Guayaquil, colgador botellas carabinero personalizado, regalos empresariales Ecuador, articulos promocionales Cuenca, regalo corporativo deportivo, colgador carabinero tampografía"
soporte-moviles-ml-382-personalizado,SOPORTE PARA MOVILES ML-382 - OFERTA,Variedades,Soporte para Móviles ML-382 Personalizado | Ecuador,51,OK,1,1,Soporte metálico para celular con adhesivo personalizable. Ideal para regalos corporativos en Ecuador. Entrega rápida. ¡Cotiza ahora!,133,OK,1,1,0.80,false,"soporte para móviles personalizado Ecuador, soporte celular metálico adhesivo, regalos corporativos Quito, merchandising con logo adhesivo, accesorios promocionales Guayaquil, soporte móvil grabado láser, artículos promocionales Cuenca, soporte celular para empresas, regalo corporativo funcional Ecuador"
usb-soccer-memoria-personalizado-ecuador,PVC MEMORIA USB SOCCER (VER OF-228-CH) OFERTA,Variedades,USB Soccer Personalizado | Memoria USB Balón Ecuador,52,OK,1,1,USB Soccer personalizado con logo de tu empresa. Memoria USB en forma de balón de 4GB a 16GB. Ideal para regalos corporativos en Ecuador. ¡Cotiza ahora!,152,OK,1,1,0.40,true,"USB soccer, memoria USB balón personalizada, USB soccer Ecuador, regalos corporativos Quito, USB personalizado Guayaquil, artículos promocionales deportivos, memoria USB balón Ecuador, merchandising corporativo Cuenca"
dispensador-bolsas-antibacteriano-personalizado,DISPENSADOR DE BOLSAS BONE MATERIAL ANTIBACTERIANO,Antimicrobianos,Dispensador de Bolsas Antibacteriano Personalizado | Ecuador,60,OK,1,1,Dispensador de bolsas con tecnología antimicrobiana nano silver. Personaliza con tu logo. Ideal para regalos corporativos. ¡Cotiza ahora!,137,OK,1,1,0.60,false,"dispensador de bolsas antibacteriano, regalo corporativo mascotas Ecuador, artículos promocionales antimicrobiano, dispensador personalizado Quito, merchandising veterinario Guayaquil, bolsas mascota personalizado Ecuador, regalos empresariales nano silver, artículo promocional higiene mascotas, dispensador antibacteriano personalizado"
set-swiss-peak-deluxe-articulos-promocionales,SET SWISS PEAK DELUXE,Artículos de Escritura,Artículos Promocionales Set Swiss Peak Deluxe | Ecuador,55,OK,1,5,Set Swiss Peak Deluxe con bolígrafos metálicos y stylus personalizables. Ideal para regalos corporativos en Ecuador. ¡Cotiza ahora!,131,OK,1,1,1.00,false,"artículos promocionales, artículos promocionales quito, artículos promocionales guayaquil, artículos promocionales ecuador, artículos publicitarios, regalos corporativos personalizados, merchandising corporativo ecuador, bolígrafos personalizados, artículos publicitarios quito, set ejecutivo personalizado"
set-ml-383-ii-personalizado-articulos-promocionales,SET ML-383 II,Artículos de Escritura,SET ML-383 II Personalizado con Logo | Artículos Promocionales Ecuador,70,TOO_LONG_TRUNCATION_RISK,1,1,"SET ML-383 II: libreta, bolígrafo y batería recargable personalizados. Ideal para regalos corporativos en Ecuador. ¡Cotiza ahora con tu logo!",141,OK,1,1,1.00,false,"artículos promocionales, artículos promocionales Ecuador, artículos promocionales Quito, artículos promocionales Guayaquil, artículos publicitarios, regalos corporativos personalizados, sets de escritura promocionales, artículos promocionales Cuenca, merchandising corporativo Ecuador"
boligrafo-antibacteriano-personalizado-ecuador,BOLIGRAFO VINNIE ANTIBACTERIANO,Antimicrobianos,Bolígrafo Antibacteriano Personalizado | Ecuador,48,OK,1,1,Bolígrafo antibacteriano con tecnología nano silver que reduce bacterias 99%. Ideal para regalos corporativos en Ecuador. ¡Cotiza ahora!,136,OK,1,1,0.67,false,"bolígrafo antibacteriano, bolígrafo antibacteriano personalizado, regalos corporativos antibacterianos Ecuador, bolígrafo nano silver Quito, bolígrafo antibacteriano Guayaquil, artículos promocionales antimicrobianos, bolígrafo personalizado empresa Ecuador, regalo corporativo higiene, bolígrafo promocional antibacteriano"
boligrafo-big-bang-personalizado-ecuador,BOLÍGRAFO BIG BANG,Artículos de Escritura,Bolígrafo Big Bang Personalizado | Artículos Promocionales Ecuador,66,TOO_LONG_TRUNCATION_RISK,1,11,"Bolígrafo Big Bang personalizado con logo de tu empresa. Roller en acero reciclado, clip metálico y mina adicional. ¡Cotiza ahora en Ecuador!",141,OK,1,1,1.00,false,"artículos promocionales, artículos promocionales Ecuador, artículos promocionales Quito, artículos publicitarios, artículos promocionales Guayaquil, bolígrafo personalizado Ecuador, regalos corporativos bolígrafo, merchandising promocional"
boligrafo-blink-personalizado-articulos-promocionales,BOLIGRAFO BLINK,Artículos de Escritura,Bolígrafo Blink Personalizado | Artículos Promocionales Ecuador,63,OK,1,1,Bolígrafo Blink personalizado con logo. Artículos promocionales de calidad para empresas en Ecuador. ¡Cotiza ahora!,115,OK,1,1,1.00,false,"articulos promocionales, articulos promocionales quito, articulos promocionales guayaquil, articulos promocionales ecuador, articulos publicitarios, bolígrafo personalizado, regalos corporativos, bolígrafo metálico promocional"
set-boligrafos-vector-promocionales-ecuador,SET DE BOLIGRAFOS VECTOR,Artículos de Escritura,Artículos Promocionales Set de Bolígrafos Vector | Ecuador,58,OK,1,1,"Set de bolígrafos promocionales personalizados en aluminio reciclado. Ideal para regalos corporativos en Quito, Guayaquil y Ecuador. ¡Cotiza ahora!",147,OK,1,1,1.00,false,"artículos promocionales, artículos promocionales quito, artículos promocionales guayaquil, artículos promocionales ecuador, artículos publicitarios, artículos promocionales en quito, bolígrafos personalizados ecuador, regalos corporativos boligrafos, artículos publicitarios quito, merchandising promocional ecuador"
memoria-usb-boligrafo-king-personalizado,MEMORIA USB BOLIGRAFO KING PRECIO NETO,Artículos de Escritura,Artículos Promocionales USB Bolígrafo King | Ecuador,52,OK,1,1,Artículos promocionales con memoria USB integrada y stylus. Bolígrafo metálico personalizable con logo. Ideal para regalos corporativos en Ecuador. ¡Cotiza ahora!,162,OK,1,1,0.40,true,"artículos promocionales, artículos promocionales quito, artículos promocionales guayaquil, artículos promocionales ecuador, artículos publicitarios, regalos corporativos personalizados, bolígrafo usb personalizado, merchandising corporativo ecuador, artículos promocionales en quito, regalos publicitarios empresariales"
opera-roller-personalizado-ecuador,OPERA ROLLER,Artículos de Escritura,Opera Roller Personalizado | Artículos Promocionales Ecuador,60,OK,1,11,Opera Roller metálico personalizado para regalos corporativos en Ecuador. Marcación láser o tampografía. ¡Cotiza ahora con descuentos por volumen!,146,OK,1,1,1.00,false,"articulos promocionales, articulos promocionales quito, articulos promocionales ecuador, articulos publicitarios, articulos promocionales guayaquil, regalos corporativos personalizados, bolígrafos promocionales metal, articulos publicitarios quito"
boligrafo-scroll-personalizado-ecuador,BOLIGRAFO SCROLL,Artículos de Escritura,Bolígrafo Scroll Personalizado | Artículos Promocionales Ecuador,64,OK,1,1,Bolígrafo metálico con bambú y stylus para empresas en Ecuador. Personaliza con tu logo. Mínimo 50 unidades. ¡Cotiza ahora!,123,OK,1,1,1.00,false,"artículos promocionales, artículos promocionales ecuador, artículos promocionales quito, artículos promocionales guayaquil, artículos publicitarios, artículos publicitarios quito, bolígrafo personalizado, regalos corporativos ecuador, merchandising corporativo"
set-resaltadores-cera-articulos-promocionales-ecuador,SET DE RESALTADORES DE CERA TRIO,Artículos de Escritura,Artículos Promocionales Set Resaltadores Cera | Ecuador,55,OK,1,1,"Set de resaltadores de cera triangular para artículos promocionales personalizados en Ecuador. No se seca, marca perfecta. ¡Cotiza ahora!",137,OK,1,1,0.67,false,"articulos promocionales, articulos promocionales quito, articulos promocionales ecuador, articulos publicitarios, articulos promocionales guayaquil, set resaltadores personalizados, regalos corporativos escritura, articulos publicitarios ecuador, merchandising resaltadores cera, articulos promocionales cuenca"
boligrafo-ventura-clean-set-articulos-promocionales,Bolígrafo Ventura Clean Set,Artículos de Escritura,Artículos Promocionales Bolígrafo Ventura Clean Set | Ecuador,61,OK,1,5,Bolígrafo Ventura Clean Set con set limpiador 3 en 1. Artículos promocionales personalizados para empresas en Ecuador. ¡Cotiza ahora!,133,OK,1,1,1.00,false,"articulos promocionales, articulos promocionales quito, articulos promocionales guayaquil, articulos promocionales ecuador, articulos publicitarios, articulos publicitarios quito, regalos corporativos ecuador, bolígrafo personalizado, merchandising corporativo"
boligrafo-vector-roller-personalizado,BOLIGRAFO VECTOR ROLLER,Artículos de Escritura,Artículos Promocionales Bolígrafo Vector Roller | Ecuador,57,OK,1,1,"Bolígrafos Vector Roller personalizados con tu logo. Artículos promocionales de aluminio reciclado. Marcación láser. Entrega en Quito, Guayaquil y Ecuador. ¡Cotiza a",165,OK,1,1,1.00,false,"artículos promocionales, artículos promocionales quito, artículos promocionales guayaquil, artículos promocionales ecuador, artículos publicitarios, bolígrafos personalizados ecuador, regalos corporativos quito, merchandising corporativo"
set-resaltador-fingers-ii-eco-personalizado,SET RESALTADOR FINGERS II ECO,Artículos de Escritura,Artículos Promocionales Resaltador Fingers II Eco | Ecuador,59,OK,1,1,Resaltadores ecológicos personalizados para tu empresa. Set de 5 unidades en fibra de trigo. Marca con logo y entrega en Ecuador. ¡Cotiza ahora!,144,OK,1,1,1.00,false,"articulos promocionales, articulos promocionales ecuador, articulos promocionales quito, articulos promocionales guayaquil, articulos publicitarios, resaltadores personalizados ecuador, regalos corporativos escritura, articulos promocionales cuenca, merchandising ecologico, articulos publicitarios personalizados"
milla-roller-stylus-articulos-promocionales,MILLA ROLLER STYLUS,Artículos de Escritura,Artículos Promocionales Roller Stylus | Ecuador,47,OK,1,1,Bolígrafos roller metalicos con stylus para regalos corporativos. Personalización con láser o tampografía. Venta desde caja de 50 unidades. ¡Cotiza ahora!,154,OK,1,1,0.67,false,"articulos promocionales, articulos promocionales ecuador, articulos promocionales quito, articulos promocionales guayaquil, articulos publicitarios, regalos corporativos ecuador, roller metalico personalizado, articulos promocionales con stylus"
set-mini-resaltador-tinta-personalizado-ecuador,SET MINI RESALTADOR DE TINTA,Artículos de Escritura,Artículos Promocionales Mini Resaltador | Ecuador,49,OK,1,1,"Set de 5 mini resaltadores personalizados para regalos corporativos en Ecuador. Ideal para eventos, promociones y merchandising empresarial. ¡Cotiza ahora!",155,OK,1,1,0.67,false,"artículos promocionales, artículos promocionales quito, artículos promocionales guayaquil, artículos promocionales ecuador, artículos publicitarios, artículos publicitarios quito, regalos corporativos personalizados, merchandising empresarial, articulos de escritura promocionales, resaltadores personalizados"
estuche-aluminio-personalizado-ecuador,ESTUCHE ALUMINIO,Artículos de Escritura,Artículos Promocionales Estuche Aluminio | Ecuador,50,OK,1,5,Estuche de aluminio personalizado para tus artículos promocionales en Ecuador. Marca con logo. Stock disponible. ¡Cotiza ahora!,127,OK,1,1,1.00,false,"artículos promocionales, artículos promocionales quito, artículos promocionales guayaquil, artículos publicitar, artículos promocionales ecuador, estuche aluminio personalizado, regalos corporativos estuche, merchandising escritura ecuador"
mop-bicolor-personalizado-articulos-promocionales,MOP BICOLOR,Artículos de Escritura,MOP Bicolor Personalizado | Artículos Promocionales Ecuador,59,OK,1,11,"MOP bicolor con limpiador de pantalla. Ideal para regalos corporativos en Quito, Guayaquil y Ecuador. Personaliza con tu logo. ¡Cotiza ahora!",141,OK,1,1,1.00,false,"articulos promocionales, articulos promocionales quito, articulos publicitarios, articulos promocionales guayaquil, articulos promocionales ecuador, articulos publicitarios quito, articulos promocionales en quito, regalos corporativos ecuador, merchandising personalizado, bolígrafos promocionales"
set-boligrafo-portaminas-bamboo-personalizado,SET BOLIGRAFO Y PORTAMINAS BAMBOO,Artículos de Escritura,Artículos Promocionales Bamboo | Bolígrafo y Portaminas Personalizados,70,TOO_LONG_TRUNCATION_RISK,1,1,"Artículos promocionales en bamboo: bolígrafo y portaminas personalizados con logo. Ecológico, mecanismo push, estuche premium. ¡Cotiza ahora!",141,OK,1,1,1.00,false,"articulos promocionales, articulos promocionales ecuador, articulos promocionales quito, articulos promocionales guayaquil, articulos publicitarios, regalos corporativos bamboo, articulos promocionales ecologicos, bolígrafo personalizado ecuador, merchandising corporativo sostenible, articulos publicitarios cuenca"
resaltador-triangulo-eco-articulos-promocionales,RESALTADOR TRIANGULO ECO NUEVO,Artículos de Escritura,Artículos Promocionales Resaltador Triángulo Eco | Ecuador,58,OK,1,1,Resaltadores triangulares eco en fibra de trigo. Set de 3 unidades personalizables con tampografía. ¡Cotiza ahora tus artículos promocionales!,142,OK,1,1,0.67,false,"artículos promocionales, artículos promocionales ecuador, artículos promocionales quito, artículos publicitarios, artículos promocionales guayaquil, resaltadores personalizados, regalos corporativos ecuador, merchandising ecológico, artículos escritura promocionales"
focus-ii-resaltador-cera-articulos-promocionales,FOCUS II RESALTADOR DE CERA,Artículos de Escritura,Artículos Promocionales FOCUS II Resaltador | Ecuador,53,OK,1,1,Resaltador de cera FOCUS II personalizado para tu marca. Ideal para regalos corporativos en Ecuador. Cotiza ahora con logo empresarial.,135,OK,1,1,0.67,false,"artículos promocionales, artículos promocionales Ecuador, artículos promocionales Quito, artículos promocionales Guayaquil, artículos publicitarios, resaltadores personalizados, regalos corporativos Ecuador, merchandising publicitario"
boligrafo-sookie-personalizado-articulos-promocionales,Bolígrafo Sookie,Artículos de Escritura,Bolígrafo Sookie Personalizado | Artículos Promocionales Ecuador,64,OK,1,11,Bolígrafo Sookie metálico con stylus para artículos promocionales en Ecuador. Personaliza con tu logo. ¡Cotiza ahora con envío a Quito y Guayaquil!,147,OK,1,1,1.00,false,"artículos promocionales, artículos promocionales quito, artículos promocionales guayaquil, artículos promocionales ecuador, artículos publicitarios, articulos promocionales, bolígrafo personalizado, regalos corporativos ecuador, merchandising corporativo"
boligrafo-stylus-personalizado-articulos-promocionales-ecuador,BOLIGRAFO BRINK STYLUS,Artículos de Escritura,Bolígrafo Stylus Personalizado Articulos Promocionales | Ecuador,64,OK,1,1,Bolígrafo Brink Stylus con stylus integrado y bambú natural. Personaliza con tu logo. Artículos promocionales de calidad para empresas en Ecuador. ¡Cotiza ahora!,161,OK,1,1,0.67,false,"articulos promocionales, articulos promocionales quito, articulos promocionales guayaquil, articulos promocionales ecuador, articulos publicitarios, articulos publicitarios quito, bolígrafo personalizado, articulos promocionales cuenca, regalos corporativos ecuador"
resaltador-relaxy-personalizado-ecuador,RESALTADOR RELAXY,Artículos de Escritura,Resaltador Relajante Personalizado | Artículos Promocionales Ecuador,68,TOO_LONG_TRUNCATION_RISK,1,1,"Resaltador Relaxy con antiestrés para empresas en Ecuador. Personaliza con tu logo, mínimo 50 unidades. ¡Cotiza ahora con KS Promocionales!",139,OK,1,1,0.50,false,"articulos promocionales, articulos promocionales quito, articulos promocionales guayaquil, articulos publicitarios ecuador, articulos promocionales en quito, regalos corporativos personalizado, resaltador promocional, articulos escritura personalizado"
kaiser-stylus-bamboo-articulos-promocionales,KAISER STYLUS BAMBOO,Artículos de Escritura,Artículos Promocionales Bamboo con Stylus | Ecuador,51,OK,1,1,"Bolígrafos Kaiser Stylus Bamboo personalizados para empresas en Ecuador. Marca con logo, 3 colores de tinta. ¡Cotiza ahora mismo!",129,OK,1,1,0.67,false,"articulos promocionales, articulos promocionales quito, articulos promocionales ecuador, articulos publicitarios, articulos promocionales guayaquil, regalos corporativos personalizados, boligrafos personalizados ecuador, merchandising corporativo bamboo, articulos publicitarios cuenca, bolígrafos con stylus táctil"
boligrafo-bamboo-articulos-promocionales-ecuador,BOLÍGRAFO DORMIN BAMBOO,Artículos de Escritura,Artículos Promocionales Bolígrafo Bamboo | Ecuador,50,OK,1,1,Bolígrafos promocionales de bambú con 4 colores de tinta. Personalización con logo. Venta por caja de 50 unidades. ¡Cotiza ahora!,129,OK,1,1,0.67,false,"articulos promocionales, articulos promocionales quito, articulos promocionales guayaquil, articulos promocionales ecuador, articulos publicitarios, boligrafo personalizado ecuador, regalos corporativos escritura, merchandising empresarial articulos escribir"
resaltador-fiona-articulos-promocionales-ecuador,RESALTADOR DE CERA FIONA,Artículos de Escritura,Artículos Promocionales Resaltador Fiona | Ecuador,50,OK,1,1,"Resaltadores de cera Fiona personalizados para regalos corporativos en Ecuador. No se secan, ideales para merchandising empresarial. ¡Cotiza ahora!",147,OK,1,1,0.67,false,"articulos promocionales, articulos promocionales quito, articulos promocionales ecuador, articulos publicitarios, articulos promocionales guayaquil, resaltador personalizado ecuador, merchandising corporativo, regalos corporativos resaltadores, articulos promocionales escritura"
boligrafo-tempo-personalizado,Bolígrafo Tempo,Artículos de Escritura,Bolígrafo Tempo Personalizado | Artículos Promocionales Ecuador,63,OK,1,11,Bolígrafo metálico Tempo personalizado con tu logo. Ideal para regalos corporativos en Ecuador. ¡Cotiza ahora con descuento!,124,OK,1,1,1.00,false,"artículos promocionales, artículos promocionales quito, artículos promocionales ecuador, artículos promocionales guayaquil, artículos publicitarios, regalos corporativos ecuador, bolígrafo personalizado, merchandising corporativo"
aston-stylus-metalico-articulos-promocionales,ASTON STYLUS METALICO,Artículos de Escritura,Bolígrafos Artículos Promocionales | Ecuador,44,OK,1,1,"Bolígrafos metálicos con stylus personalizados. Ideales como artículos promocionales en Quito, Guayaquil y Ecuador. ¡Cotiza ahora!",130,OK,1,1,0.00,true,"artículos promocionales, artículos promocionales quito, artículos publicitarios, artículos promocionales guayaquil, artículos promocionales ecuador, bolígrafos personalizados, artículos promocionales en quito, regalos corporativos ecuador"
advant-2-1-resaltador-tinta-articulos-promocionales,ADVANT 2-1 RESALTADOR DE TINTA,Artículos de Escritura,Artículos Promocionales 2-1 Resaltador | Ecuador,48,OK,1,1,Bolígrafos con resaltador 2-1 personalizados para tu empresa. Ideal para regalos corporativos en Ecuador. ¡Cotiza ahora con KS Promocionales!,141,OK,1,1,0.33,true,"articulos promocionales, articulos promocionales ecuador, articulos promocionales quito, articulos promocionales guayaquil, articulos publicitarios, articulos publicitarios quito, regalos corporativos ecuador, articulos personalizados con logo, bolígrafos promocionales"
estuche-carton-personalizado-ecuador,ESTUCHE CARTON - PRODUCCION NACIONAL,Artículos de Escritura,Estuche Cartón Personalizado | Artículos Promocionales Ecuador,62,OK,1,1,Estuche de cartón personalizado para tus artículos promocionales. Producción nacional con marcación de logo. ¡Cotiza ahora en Ecuador!,134,OK,1,1,0.50,false,"articulos promocionales, articulos promocionales ecuador, articulos promocionales quito, articulos publicitarios, articulos promocionales guayaquil, regalos corporativos ecuador, merchandising personalizado, estuche carton personalizado, articulos publicitarios quito, empaques promocionales"
boligrafo-pebble-personalizado-ecuador,BOLÍGRAFO PEBBLE,Artículos de Escritura,Bolígrafo Pebble Personalizado | Artículos Promocionales Ecuador,64,OK,1,11,"Bolígrafo Pebble personalizado con tu logo. Clip bambú, mecanismo twist. Ideal para regalos corporativos en Ecuador. ¡Cotiza ahora!",131,OK,1,1,1.00,false,"articulos promocionales, articulos promocionales ecuador, articulos promocionales quito, articulos promocionales guayaquil, articulos publicitarios, regalos corporativos ecuador, bolígrafo personalizado, artículos de escritura promocionales, merchandising corporativo, articulos promocionales cuenca"
marcador-borrable-personalizado-ecuador,MARCADOR BORRABLE,Artículos de Escritura,Artículos Promocionales | Marcador Borrable Personalizado Ecuador,65,OK,1,1,Marcador borrable personalizado con almohadilla para borrar e imán. Ideal para artículos promocionales en Ecuador. ¡Cotiza ahora con tu logo!,141,OK,1,1,1.00,false,"artículos promocionales, artículos promocionales quito, artículos promocionales guayaquil, artículos promocionales ecuador, artículos publicitarios, marcador borrable personalizado, regalos corporativos ecuador, artículos promocionales cuenca, merchandising promocional"
boligrafo-skip-personalizado-articulos-promocionales,Bolígrafo SKIP,Artículos de Escritura,Bolígrafo SKIP Personalizado | Artículos Promocionales Ecuador,62,OK,1,11,"Bolígrafo SKIP personalizado con tu logo. Grip cómodo, clip metálico y mecanismo push. Ideales para regalos corporativos en Ecuador. ¡Cotiza ahora!",147,OK,1,1,1.00,false,"articulos promocionales, articulos promocionales quito, articulos promocionales en quito, articulos promocionales ecuador, articulos promocionales guayaquil, articulos publicitarios, articulos publicitarios quito, bolígrafo personalizado ecuador, regalos corporativos escritura, merchandising corporativo ecuador"
boligrafo-jovi-eco-personalizado,BOLIGRAFO JOVI ECO,Artículos de Escritura,Bolígrafo Jovi Eco Personalizado | Artículos Promocionales Ecuador,66,TOO_LONG_TRUNCATION_RISK,1,1,"Bolígrafo Jovi Eco con fibra de trigo, personalizable con tu logo. Ecológico y biodegradable. ¡Cotiza ahora tus artículos promocionales!",136,OK,1,1,1.00,false,"artículos promocionales, artículos promocionales quito, artículos promocionales ecuador, artículos promocionales guayaquil, artículos publicitarios, bolígrafo personalizado, regalos corporativos ecológicos, artículos promocionales cuenca, merchandising corporativo ecuador, bolígrafo promocional"
boligrafos-eco-pet-personalizados-articulos-promocionales,ECO PET,Artículos de Escritura,Bolígrafos ECO PET Personalizados | Artículos Promocionales Ecuador,67,TOO_LONG_TRUNCATION_RISK,1,1,"Bolígrafos ECO PET de plástico reciclado para artículos promocionales en Ecuador. Personaliza con tu logo. ¡Cotiza ahora desde Quito, Guayaquil y Cuenca!",153,OK,1,1,1.00,false,"artículos promocionales, articulos promocionales, bolígrafos personalizados, artículos promocionales quito, artículos promocionales guayaquil, artículos publicitarios ecuador, merchandising corporativo, regalos corporativos personalizados, bolígrafos reciclados, articulos publicitarios"
boligrafo-jovi-metalizado-personalizado-articulos-promocionales,BOLIGRAFO JOVI METALIZADO,Artículos de Escritura,Bolígrafo Jovi Metalizado Personalizado | Artículos Promocionales Ecua,70,TOO_LONG_TRUNCATION_RISK,1,1,"Bolígrafo Jovi Metalizado personalizado para regalos corporativos en Ecuador. Mecanismo twist, marcación con logo. Cajas de 50 unidades. ¡Cotiza ahora!",151,OK,1,1,1.00,false,"artículos promocionales, articulos promocionales, artículos promocionales quito, artículos promocionales en quito, artículos publicitarios, artículos promocionales guayaquil, artículos promocionales ecuador, artículos publicitarios quito, regalos corporativos ecuador, bolígrafo personalizado"
boligrafo-lepper-personalizado,BOLIGRAFO LEPPER,Artículos de Escritura,Bolígrafo Lepper Personalizado | Artículos Promocionales Ecuador,64,OK,1,1,"Bolígrafo Lepper personalizado con tu logo. Ideal para regalos corporativos en Ecuador. Mecanismo push, 14 cm. ¡Cotiza ahora!",125,OK,1,1,1.00,false,"articulos promocionales, articulos promocionales quito, articulos promocionales en quito, articulos promocionales guayaquil, articulos promocionales ecuador, articulos publicitarios, articulos publicitarios quito, bolígrafo personalizado, regalos corporativos ecuador, merchandising corporativo"
ventura-eco-stylus-articulos-promocionales-ecuador,VENTURA ECO STYLUS,Artículos de Escritura,Artículos Promocionales Ventura Eco Stylus | Ecuador,52,OK,1,5,"Bolígrafos ecológicos con stylus para regalos corporativos en Ecuador. Material fibra de trigo, personalización con logo. ¡Cotiza ahora!",136,OK,1,1,1.00,false,"artículos promocionales, artículos promocionales ecuador, artículos promocionales quito, artículos promocionales guayaquil, artículos publicitarios, bolígrafos ecológicos personalizados, regalos corporativos ecológicos, merchandising sostenible ecuador"
boligrafo-summit-eco-bamboo-personalizado,BOLÍGRAFO SUMMIT ECO BAMBOO,Artículos de Escritura,Artículos Promocionales Eco Bamboo | Ecuador,44,OK,1,1,"Bolígrafos Summit Eco Bamboo personalizados para empresas en Ecuador. Material ecológico, grip bambú y 2-3 años de biodegradabilidad. ¡Cotiza ahora!",148,OK,1,1,0.33,true,"artículos promocionales, artículos promocionales quito, artículos promocionales guayaquil, artículos promocionales ecuador, artículos publicitarios, bolígrafos personalizados ecuador, regalos corporativos ecológicos, merchandising sostenible, artículos promocionales ambato, bolígrafos bambú personalizado"
lapiz-infinito-gemini-personalizado,LÁPIZ INFINITO GEMINI,Artículos de Escritura,Artículos Promocionales Lápiz Infinito Gemini | Ecuador,55,OK,1,5,Lápiz Infinito Gemini personalizado para empresas en Ecuador. Mina de larga duración sin tajalápiz. ¡Cotiza ahora tu regalo corporativo!,136,OK,1,1,1.00,false,"artículos promocionales, artículos promocionales ecuador, artículos promocionales quito, artículos promocionales guayaquil, artículos promocionales en quito, artículos publicitarios, artículos publicitarios quito, regalos corporativos personalizados, lápiz personalizado empresa, merchandising corporativo ecuador"
