slug,name,category,word_count,features_count,use_cases_count,has_real_image,material_mentions,technique_mentions,generic_phrase_hits,place_name_hits,description_formula_repeat_count,quality_score,last_ai_update,gsc_impressions,gsc_clicks,gsc_position,classification,classification_reason
organizador-multiusos-link-nuevo-13536,Organizador Multiusos Link Nuevo,Tecnología,357,4,3,true,0,0,1,1,1,100,2026-04-20,0,0,,A,"contenido diferencial — longitud, material y/o técnica presentes"
candado-de-clave-tsa-nuevo-13537,Candado de Clave Tsa Nuevo,Novedades,400,4,3,true,0,0,1,3,1,100,2026-04-20,0,0,,A,"contenido diferencial — longitud, material y/o técnica presentes"
banda-elastica-gym-nuevo-13538,Banda Elástica Gym Nuevo,Deportes,364,4,3,true,0,0,1,3,1,100,2026-04-20,11,0,22.73,A,"contenido diferencial — longitud, material y/o técnica presentes"
paraguas-kahlo-23-nuevo-13532,Paraguas Kahlo 23'' Nuevo,Paraguas,398,4,3,true,0,0,1,3,1,100,2026-04-20,0,0,,A,"contenido diferencial — longitud, material y/o técnica presentes"
rastreador-chili-card-nuevo-13533,Rastreador Chili Card Nuevo,Novedades,93,4,4,true,0,0,1,1,1,,,0,0,,B,contenido corto y sin material o técnica de marcación mencionados
mug-plastico-stash-500-ml-nuevo-13534,Mug Plástico Stash 500 ml Nuevo,Mugs y Termos,346,4,3,true,1,0,1,4,1,100,2026-04-20,0,0,,A,"contenido diferencial — longitud, material y/o técnica presentes"
sticky-set-truck-nuevo-13280,Sticky Set Truck Nuevo,Oficina,390,4,3,true,0,0,2,2,1,100,2026-04-20,15,0,44.47,A,"contenido diferencial — longitud, material y/o técnica presentes"
audifonos-bluetooth-earshots-boompods-oferta-10589,Audífonos Bluetooth Earshots Boompods Oferta,Deportes,321,4,3,true,0,0,1,1,1,100,2026-04-22,0,0,,A,"contenido diferencial — longitud, material y/o técnica presentes"
audifonos-bluetooth-bassline-go-boompods-10590,Audífonos Bluetooth Bassline go Boompods,Deportes,357,4,3,true,0,0,2,4,1,100,2026-04-20,0,0,,A,"contenido diferencial — longitud, material y/o técnica presentes"
speaker-bluetooth-zero-boompods-10591,Speaker Bluetooth Zero Boompods,Tecnología,85,4,4,true,0,0,0,1,5,,,1,0,1,C,fórmula de description repetida 5x sin mención de material/técnica
termo-metalico-calypso-chili-500ml-9781,Termo Metalico Calypso Chili 500ml,Termos Personalizados,157,6,3,true,1,0,2,1,1,80,2026-07-10,0,0,,A,"contenido diferencial — longitud, material y/o técnica presentes"
botilito-en-vidrio-calypso-chili-750ml-10653,Botilito en Vidrio Calypso Chili 750ml,Tomatodos y Botilitos Personalizados,137,6,3,true,1,0,3,3,1,80,2026-07-10,1,0,2,A,"contenido diferencial — longitud, material y/o técnica presentes"
morral-backpack-master-ocean-10668,Morral Backpack Master Ocean,Maletines,106,6,4,true,0,0,0,3,6,,,0,0,,C,fórmula de description repetida 6x sin mención de material/técnica
maletin-master-ocean-10669,Maletín Master Ocean,Maletines,472,4,3,true,1,0,1,4,1,100,2026-04-20,1,0,4,A,"contenido diferencial — longitud, material y/o técnica presentes"
canguro-master-ocean-10670,Canguro Master Ocean,Deportes,355,4,3,true,0,0,1,1,1,100,2026-04-22,0,0,,A,"contenido diferencial — longitud, material y/o técnica presentes"
organizador-de-viaje-master-ocean-10959,Organizador de Viaje Master Ocean,Oficina,99,6,4,true,0,0,1,0,7,,,0,0,,C,fórmula de description repetida 7x sin mención de material/técnica
morral-backpack-compacto-master-ocean-10961,Morral Backpack Compacto Master Ocean,Maletines,104,6,4,true,0,0,0,3,7,,,0,0,,C,fórmula de description repetida 7x sin mención de material/técnica
canguro-compacto-master-ocean-10962,Canguro Compacto Master Ocean,Maletines,372,4,3,true,0,0,2,1,1,100,2026-04-20,1,1,13,A,"contenido diferencial — longitud, material y/o técnica presentes"
morral-backpack-antirrobo-chili-9834,Morral Backpack Antirrobo Chili,Maletines,107,6,4,true,0,0,1,0,1,,,0,0,,B,contenido corto y sin material o técnica de marcación mencionados
boligrafo-metalico-shell-oferta-7326,Bolígrafo Metálico Shell Oferta,Artículos de Escritura,92,4,4,true,1,0,2,1,3,,,1,0,10,B,contenido corto y sin material o técnica de marcación mencionados
skil-oferta-8592,Skil Oferta,Variedades,492,4,4,true,0,0,0,4,1,100,2026-04-20,1,0,19,A,"contenido diferencial — longitud, material y/o técnica presentes"
espejo-cork-ii-10689,Espejo Cork ii,Cuidado Personal,352,4,3,true,0,0,1,1,1,100,2026-04-22,0,0,,A,"contenido diferencial — longitud, material y/o técnica presentes"
portaboligrafos-lumi-rpet-10811,Portabolígrafos Lumi Rpet,Ecología,96,4,4,true,2,0,1,1,10,,,0,0,,B,contenido corto y sin material o técnica de marcación mencionados
speaker-bluetooth-clock-eco-10835,Speaker Bluetooth Clock Eco,Ecología,87,4,4,true,0,0,1,1,5,,,1,0,1,C,fórmula de description repetida 5x sin mención de material/técnica
puerto-usb-massimo-bamboo-10813,Puerto Usb Massimo Bamboo,Ecología,92,6,4,true,0,0,2,1,5,,,0,0,,C,fórmula de description repetida 5x sin mención de material/técnica
set-de-colores-figgy-10697,Set de Colores Figgy,Infantil,388,4,3,true,0,0,2,1,1,100,2026-04-20,0,0,,A,"contenido diferencial — longitud, material y/o técnica presentes"
mini-set-de-colores-baby-10698,Mini Set de Colores Baby,Infantil,366,4,3,true,0,0,1,1,1,100,2026-04-20,0,0,,A,"contenido diferencial — longitud, material y/o técnica presentes"
bolsa-en-cambrel-baxter-5260,Bolsa en Cambrel Baxter,Maletines,338,4,3,true,0,0,2,3,1,100,2026-04-20,1,0,9,A,"contenido diferencial — longitud, material y/o técnica presentes"
bolsa-en-yute-wine-oferta-5437,Bolsa en Yute Wine Oferta,Bar y Vino,326,4,3,true,0,0,0,1,1,100,2026-04-22,0,0,,A,"contenido diferencial — longitud, material y/o técnica presentes"
boligrafo-mop-like-stylus-10030,Bolígrafo Mop Like Stylus,Artículos de Escritura,411,4,3,true,0,0,1,1,1,100,2026-04-20,0,0,,A,"contenido diferencial — longitud, material y/o técnica presentes"
mop-medic-stylus-7344,Mop Medic Stylus,Médicos,325,4,3,true,0,0,0,1,1,100,2026-05-31,0,0,,A,"contenido diferencial — longitud, material y/o técnica presentes"
mop-stylus-7345,Mop Stylus,Artículos de Escritura,97,4,4,true,0,0,0,1,6,,,0,0,,C,fórmula de description repetida 6x sin mención de material/técnica
mop-bicolor-8947,Mop Bicolor,Variedades,413,4,3,true,0,0,1,1,1,100,2026-04-20,0,0,,A,"contenido diferencial — longitud, material y/o técnica presentes"
mini-paraguas-brenna-19-10673,Mini Paraguas Brenna 19'',Paraguas,96,4,4,true,0,1,1,1,10,,,0,0,,B,contenido corto y sin material o técnica de marcación mencionados
mini-paraguas-strap-21-6201,"Mini Paraguas Strap 21""",Paraguas,96,4,4,true,0,0,0,1,7,,,0,0,,C,fórmula de description repetida 7x sin mención de material/técnica
paraguas-brook-27-6369,"Paraguas Brook 27""",Paraguas,87,4,4,true,0,0,1,1,10,,,0,0,,C,fórmula de description repetida 10x sin mención de material/técnica
paraguas-golf-ii-30-1083,"Paraguas Golf ii 30""",Paraguas,415,4,3,true,0,0,2,3,1,100,2026-04-20,0,0,,A,"contenido diferencial — longitud, material y/o técnica presentes"
paraguas-golf-redondo-27-1889,Paraguas Golf Redondo 27,Golf,343,4,3,true,0,0,1,1,1,100,2026-04-22,0,0,,A,"contenido diferencial — longitud, material y/o técnica presentes"
paraguas-profesional-en-fibra-de-vidrio-30-2145,"Paraguas Profesional en Fibra de Vidrio 30""",Paraguas,106,4,4,true,1,0,2,1,6,,,0,0,,B,contenido corto y sin material o técnica de marcación mencionados
mini-paraguas-hansel-21-6868,"Mini Paraguas Hansel 21""",Paraguas,110,4,4,true,0,0,3,1,1,,,2,0,1.5,B,contenido corto y sin material o técnica de marcación mencionados
paraguas-freerain-23-7627,"Paraguas Freerain 23""",Paraguas,485,4,3,true,0,0,2,3,1,100,2026-04-20,0,0,,A,"contenido diferencial — longitud, material y/o técnica presentes"
paraguas-fiori-23-7515,"Paraguas Fiori 23""",Paraguas,472,4,3,true,2,0,0,3,1,100,2026-04-20,0,0,,A,"contenido diferencial — longitud, material y/o técnica presentes"
vaso-cervecero-300ml-oferta-4813,Vaso Cervecero 300ml Oferta,Vasos Personalizados,126,4,3,true,1,0,1,3,1,80,2026-07-10,0,0,,A,"contenido diferencial — longitud, material y/o técnica presentes"
set-de-viaje-swiss-peak-travel-10611,Set de Viaje Swiss Peak Travel,Variedades,93,4,4,true,0,0,2,1,7,,,0,0,,C,fórmula de description repetida 7x sin mención de material/técnica
funda-portalaptop-swiss-peak-10612,Funda Portalaptop Swiss Peak,Variedades,85,4,4,true,0,0,0,0,5,,,0,0,,C,fórmula de description repetida 5x sin mención de material/técnica
portadocumentos-heritage-swiss-peak-11110,Portadocumentos Heritage Swiss Peak,Variedades,86,6,4,true,0,0,1,1,5,,,0,0,,C,fórmula de description repetida 5x sin mención de material/técnica
organizador-swiss-peak-office-oferta-10177,Organizador Swiss Peak Office Oferta,Oficina,97,6,4,true,0,0,2,1,5,,,0,0,,C,fórmula de description repetida 5x sin mención de material/técnica
organizador-de-viaje-swiss-peak-rpet-10181,Organizador de Viaje Swiss Peak Rpet,Oficina,422,4,3,true,1,0,1,3,1,100,2026-04-20,1,0,11,A,"contenido diferencial — longitud, material y/o técnica presentes"
portadocumentos-de-viaje-swiss-peak-6267,Portadocumentos de Viaje Swiss Peak,Variedades,100,6,4,true,0,0,1,1,7,,,0,0,,C,fórmula de description repetida 7x sin mención de material/técnica
set-de-portatarjetas-y-boligrafos-swiss-peak-8584,Set de Portatarjetas y Bolígrafos Swiss Peak,Master Line,393,4,3,true,1,0,1,1,1,100,2026-04-20,1,0,7,A,"contenido diferencial — longitud, material y/o técnica presentes"
speaker-bluetooth-bass-swiss-peak-8933,Speaker Bluetooth Bass Swiss Peak,Tecnología,99,4,4,true,0,0,1,1,6,,,0,0,,C,fórmula de description repetida 6x sin mención de material/técnica
set-de-boligrafos-swiss-peak-luzern-8942,Set de Boligrafos Swiss Peak Luzern,Artículos de Escritura,111,6,4,true,0,0,2,1,3,,,0,0,,B,contenido corto y sin material o técnica de marcación mencionados
set-de-boligrafo-y-libreta-swiss-peak-lux-9568,Set de Boligrafo y Libreta Swiss Peak Lux,Artículos de Escritura,401,4,3,true,1,0,2,4,1,100,2026-04-20,0,0,,A,"contenido diferencial — longitud, material y/o técnica presentes"
maletin-portadocumentos-urban-travel-7606,Maletín Portadocumentos Urban Travel,Maletines,96,6,4,true,0,0,0,3,2,,,0,0,,B,contenido corto y sin material o técnica de marcación mencionados
trolley-morral-backpack-urban-travel-7609,Trolley Morral Backpack Urban Travel,Maletines,109,6,4,true,0,2,3,1,3,,,0,0,,B,contenido corto y sin material o técnica de marcación mencionados
chaqueta-urban-travel-wear-8155,Chaqueta Urban Travel Wear,Bicicleta,340,4,3,true,0,0,0,1,1,100,2026-04-20,0,0,,A,"contenido diferencial — longitud, material y/o técnica presentes"
portapasaporte-vester-urban-travel-8174,Portapasaporte Vester Urban Travel,Variedades,86,4,4,true,0,0,1,0,5,,,0,0,,C,fórmula de description repetida 5x sin mención de material/técnica
morral-backpack-mangini-urban-travel-9220,Morral Backpack Mangini Urban Travel,Maletines,102,6,4,true,0,0,2,3,8,,,0,0,,C,fórmula de description repetida 8x sin mención de material/técnica
morral-backpack-king-urban-travel-9599,Morral Backpack King Urban Travel,Maletines,105,6,4,true,0,0,3,1,4,,,0,0,,B,contenido corto y sin material o técnica de marcación mencionados
gorra-sport-en-microfibra-urban-travel-10600,Gorra Sport en Microfibra Urban Travel,Gorras,373,4,3,true,1,3,1,2,1,100,2026-04-22,0,0,,A,"contenido diferencial — longitud, material y/o técnica presentes"
gorra-brixton-urban-travel-10601,Gorra Brixton Urban Travel,Gorras,372,4,3,true,1,2,2,0,1,100,2026-04-22,0,0,,A,"contenido diferencial — longitud, material y/o técnica presentes"
gorra-mesh-urban-travel-10602,Gorra Mesh Urban Travel,Gorras,415,4,3,true,0,0,2,1,1,100,2026-04-20,1,0,8,A,"contenido diferencial — longitud, material y/o técnica presentes"
bajalenguas-plastico-produccion-nacional-7955,Bajalenguas Plástico- Producción Nacional,EcoNature,336,4,3,true,1,0,1,4,1,100,2026-04-21,0,0,,A,"contenido diferencial — longitud, material y/o técnica presentes"
set-de-cubiertos-lunch-produccion-nacional-9617,Set de Cubiertos Lunch-produccion Nacional,EcoNature,402,4,3,true,1,0,2,1,1,100,2026-04-20,0,0,,A,"contenido diferencial — longitud, material y/o técnica presentes"
mug-plastico-osiris-360ml-produccion-nacional-8051,Mug Plástico Osiris 360ml - Produccion Nacional,EcoNature,341,4,3,true,2,0,2,2,1,100,2026-04-22,0,0,,A,"contenido diferencial — longitud, material y/o técnica presentes"
mug-plastico-newport-480ml-produccion-nacional-9030,Mug Plastico Newport 480ml - Produccion Nacional,EcoNature,378,4,3,true,1,0,1,1,1,100,2026-04-20,0,0,,A,"contenido diferencial — longitud, material y/o técnica presentes"
vaso-doble-pared-de-seguridad-450ml-prod-nacional-9618,Vaso Doble Pared de Seguridad 450ml -prod Nacional,Vasos Personalizados,146,5,3,true,0,1,2,3,1,80,2026-07-10,0,0,,A,"contenido diferencial — longitud, material y/o técnica presentes"
mug-plastico-morgan-300ml-produccion-nacional-10202,Mug Plástico Morgan 300ml - Produccion Nacional,Producción Nacional,463,4,3,true,1,0,2,4,1,100,2026-04-20,0,0,,A,"contenido diferencial — longitud, material y/o técnica presentes"
mug-plastico-orbit-12oz-produccion-nacional-5889,Mug Plastico Orbit 12oz - Producción Nacional,EcoNature,317,4,3,true,1,1,1,1,1,100,2026-04-21,0,0,,A,"contenido diferencial — longitud, material y/o técnica presentes"
mug-plastico-shaker-14-oz-produccion-nacional-6809,Mug Plastico Shaker 14 oz - Producción Nacional,EcoNature,381,4,3,true,1,0,1,1,1,100,2026-04-20,0,0,,A,"contenido diferencial — longitud, material y/o técnica presentes"
vaso-glitter-produccion-nacional-3277,Vaso Glitter - Producción Nacional,Vasos Personalizados,155,5,4,true,0,0,1,3,1,80,2026-07-10,0,0,,A,"contenido diferencial — longitud, material y/o técnica presentes"
vaso-arrow-produccion-nacional-3267,Vaso Arrow - Producción Nacional,Vasos Personalizados,143,3,3,true,0,0,2,3,1,80,2026-07-10,0,0,,A,"contenido diferencial — longitud, material y/o técnica presentes"
portacomida-sencillo-con-cubiertos-produccion-nacional-5389,Portacomida Sencillo Con Cubiertos - Produccion Nacional,Hogar,99,4,4,true,0,0,2,1,5,,,0,0,,C,fórmula de description repetida 5x sin mención de material/técnica
estuche-multiusos-space-produccion-nacional-9620,Estuche Multiusos Space - Produccion Nacional,EcoNature,369,4,3,true,0,0,2,4,1,100,2026-04-20,0,0,,A,"contenido diferencial — longitud, material y/o técnica presentes"
set-de-vino-bonard-9752,Set de Vino Bonard,Bar y Vino,420,4,3,true,2,2,2,1,1,100,2026-04-20,0,0,,A,"contenido diferencial — longitud, material y/o técnica presentes"
morral-backpack-bobby-edge-10762,Morral Backpack Bobby Edge,Maletines,104,6,4,true,0,0,1,1,5,,,0,0,,C,fórmula de description repetida 5x sin mención de material/técnica
morral-backpack-bizz-20-10763,Morral Backpack Bizz 2.0,Maletines,112,6,4,true,0,0,1,1,5,,,0,0,,C,fórmula de description repetida 5x sin mención de material/técnica
morral-backpack-soft-pack-10764,Morral Backpack Soft Pack,Maletines,100,6,4,true,0,0,0,3,10,,,0,0,,C,fórmula de description repetida 10x sin mención de material/técnica
morral-backpack-antirrobo-bobby-soft-9831,Morral Backpack Antirrobo Bobby Soft,Maletines,104,6,4,true,0,2,4,1,4,,,0,0,,B,contenido corto y sin material o técnica de marcación mencionados
funda-portalaptop-impact-rpet-10004,Funda Portalaptop Impact Rpet,Maletines,381,4,3,true,2,0,1,3,1,100,2026-04-20,0,0,,A,"contenido diferencial — longitud, material y/o técnica presentes"
organizador-para-bicicleta-reflect-10178,Organizador Para Bicicleta Reflect,Precio Bomba,296,4,3,true,0,0,1,3,1,100,2026-04-22,0,0,,A,"contenido diferencial — longitud, material y/o técnica presentes"
morral-backpack-reflect-10179,Morral Backpack Reflect,Precio Bomba,328,4,3,true,0,0,1,2,1,100,2026-04-22,0,0,,A,"contenido diferencial — longitud, material y/o técnica presentes"
morral-backpack-flex-gym-10176,Morral Backpack Flex Gym,Maletines,104,6,4,true,0,0,2,3,5,,,0,0,,C,fórmula de description repetida 5x sin mención de material/técnica
organizador-de-viaje-florida-6265,Organizador de Viaje Florida,Oficina,96,6,4,true,0,0,0,1,5,,,0,0,,C,fórmula de description repetida 5x sin mención de material/técnica
set-de-lapices-black-10995,Set de Lápices Black,Variedades,367,4,3,true,0,0,2,4,1,100,2026-04-20,0,0,,A,"contenido diferencial — longitud, material y/o técnica presentes"
reloj-de-agua-power-10828,Reloj de Agua Power,Variedades,439,4,3,true,0,0,2,1,1,100,2026-04-20,0,0,,A,"contenido diferencial — longitud, material y/o técnica presentes"
reloj-digital-utopus-11124,Reloj Digital Utopus,Precio Bomba,408,4,3,true,0,0,2,4,1,100,2026-04-20,0,0,,A,"contenido diferencial — longitud, material y/o técnica presentes"
set-de-crayolas-infant-10695,Set de Crayolas Infant,Oficina,418,4,3,true,0,0,1,4,1,100,2026-04-20,0,0,,A,"contenido diferencial — longitud, material y/o técnica presentes"
ventilador-spray-10923,Ventilador Spray,Variedades,470,4,3,true,0,0,1,3,1,100,2026-04-20,0,0,,A,"contenido diferencial — longitud, material y/o técnica presentes"
bola-para-mascotas-10979,Bola Para Mascotas,Variedades,111,4,4,true,0,0,1,1,1,,,1,0,8,B,contenido corto y sin material o técnica de marcación mencionados
set-limpiador-7-en-1-10980,Set Limpiador 7 en 1,Variedades,383,4,3,true,0,0,4,3,1,100,2026-04-20,1,0,9,B,"lenguaje promocional genérico predominante, sin dato diferencial"
advant-2-1-resaltador-de-tinta-2551,Advant 2-1 Resaltador de Tinta,Artículos de Escritura,389,4,3,true,0,0,2,4,1,100,2026-04-20,0,0,,A,"contenido diferencial — longitud, material y/o técnica presentes"
advant-2-1-resaltador-cera-6609,Advant 2-1 Resaltador Cera,Artículos de Escritura,102,6,4,true,0,0,2,1,10,,,0,0,,C,fórmula de description repetida 10x sin mención de material/técnica
focus-ii-resaltador-de-cera-6368,Focus ii Resaltador de Cera,Artículos de Escritura,105,6,4,true,0,0,0,1,7,,,0,0,,C,fórmula de description repetida 7x sin mención de material/técnica
ventura-resaltador-cera-5709,Ventura Resaltador Cera,Artículos de Escritura,105,6,4,true,0,0,1,1,5,,,0,0,,C,fórmula de description repetida 5x sin mención de material/técnica
pascal-stylus-neon-4-1-7929,Pascal Stylus Neon 4-1,Artículos de Escritura,348,4,3,true,1,0,0,1,1,100,2026-04-22,0,0,,A,"contenido diferencial — longitud, material y/o técnica presentes"
royce-neon-3-1-oferta-8575,Royce Neon 3-1 -oferta,Artículos de Escritura,106,4,4,true,0,0,3,1,3,,,0,0,,B,contenido corto y sin material o técnica de marcación mencionados
boligrafo-carson-3-1-10497,Bolígrafo Carson 3-1,Precio Bomba,319,4,3,true,0,0,0,1,1,100,2026-04-22,0,0,,A,"contenido diferencial — longitud, material y/o técnica presentes"
resaltador-winston-10496,Resaltador Winston,Artículos de Escritura,350,4,3,true,0,0,2,3,1,100,2026-04-20,0,0,,A,"contenido diferencial — longitud, material y/o técnica presentes"
sticky-set-floppy-6184,Sticky Set Floppy,Ecología,351,4,3,true,0,0,1,4,1,100,2026-04-20,0,0,,A,"contenido diferencial — longitud, material y/o técnica presentes"
sticky-set-eco-3377,Sticky Set Eco,Ecología,357,4,3,true,0,0,3,3,1,100,2026-04-20,0,0,,B,"lenguaje promocional genérico predominante, sin dato diferencial"
sticky-set-leader-eco-3382,Sticky Set Leader Eco,Ecología,362,4,3,true,0,0,1,3,1,100,2026-04-20,0,0,,A,"contenido diferencial — longitud, material y/o técnica presentes"
libreta-con-boligrafo-recycle-eco-3384,Libreta Con Bolígrafo Recycle Eco,Artículos de Escritura,308,4,3,true,0,0,0,1,1,100,2026-04-22,0,0,,A,"contenido diferencial — longitud, material y/o técnica presentes"
libreta-con-boligrafo-gulliver-eco-4036,Libreta Con Bolígrafo Gulliver Eco,Médicos,430,4,3,true,0,0,1,4,1,100,2026-04-20,0,0,,A,"contenido diferencial — longitud, material y/o técnica presentes"
libreta-woody-ecologica-produccion-nacional-5493,Libreta Woody Ecológica - Producción Nacional,Oficina,100,4,4,true,0,0,4,1,6,,,0,0,,C,fórmula de description repetida 6x sin mención de material/técnica
mini-libreta-con-boligrafo-tavish-8668,Mini Libreta Con Bolígrafo Tavish,Artículos de Escritura,344,4,3,true,0,0,0,1,1,100,2026-04-22,0,0,,A,"contenido diferencial — longitud, material y/o técnica presentes"
memo-sticky-set-ring-8820,Memo Sticky Set Ring,Ecología,346,4,3,true,2,0,1,3,1,100,2026-04-22,0,0,,A,"contenido diferencial — longitud, material y/o técnica presentes"
mini-libreta-cork-9110,Mini Libreta Cork,Ecología,453,4,4,true,0,0,1,4,1,100,2026-04-20,0,0,,A,"contenido diferencial — longitud, material y/o técnica presentes"
libreta-cork-9111,Libreta Cork,Ecología,81,4,4,true,0,0,1,1,2,,,0,0,,B,contenido corto y sin material o técnica de marcación mencionados
set-de-escritorio-cotton-10652,Set de Escritorio Cotton,Infantil,372,4,3,true,2,0,1,1,1,100,2026-04-22,1,0,12,A,"contenido diferencial — longitud, material y/o técnica presentes"
estuche-carton-produccion-nacional-6045,Estuche Carton - Produccion Nacional,Producción Nacional,327,4,3,true,0,0,0,4,1,100,2026-04-22,0,0,,A,"contenido diferencial — longitud, material y/o técnica presentes"
estuche-aluminio-1061,Estuche Aluminio,Artículos de Escritura,88,4,4,true,0,0,2,1,7,,,0,0,,C,fórmula de description repetida 7x sin mención de material/técnica
set-elegance-boligrafo-y-portaminas-7356,Set Elegance Boligrafo y Portaminas,Artículos de Escritura,109,6,4,true,0,0,1,1,5,,,0,0,,C,fórmula de description repetida 5x sin mención de material/técnica
set-escolar-college-produccion-nacional-9392,Set Escolar College - Produccion Nacional,Infantil,280,4,3,true,0,0,1,3,1,100,2026-04-22,0,0,,A,"contenido diferencial — longitud, material y/o técnica presentes"
estuche-ariston-9242,Estuche Ariston,Artículos de Escritura,99,4,4,true,0,0,2,1,4,,,0,0,,B,contenido corto y sin material o técnica de marcación mencionados
set-de-trigo-eco-9679,Set de Trigo Eco,EcoNature,360,4,4,true,0,0,1,1,1,100,2026-04-20,0,0,,A,"contenido diferencial — longitud, material y/o técnica presentes"
lapiz-eco-3684,Lapiz Eco,Artículos de Escritura,314,4,3,true,0,0,0,1,1,100,2026-04-22,1,0,5,A,"contenido diferencial — longitud, material y/o técnica presentes"
lapiz-neon-153,Lápiz Neón,Artículos de Escritura,453,4,3,true,1,0,0,1,1,100,2026-04-20,0,0,,A,"contenido diferencial — longitud, material y/o técnica presentes"
lapiz-metallic-oferta-8507,Lápiz Metallic Oferta,Artículos de Escritura,102,4,4,true,1,0,2,1,6,,,0,0,,B,contenido corto y sin material o técnica de marcación mencionados
lapiz-infinity-eco-9841,Lápiz Infinity Eco,Artículos de Escritura,96,4,4,true,0,0,3,1,5,,,0,0,,C,fórmula de description repetida 5x sin mención de material/técnica
ventura-bamboo-infinity-9918,Ventura Bamboo Infinity,Variedades,407,4,3,true,1,0,1,4,1,100,2026-04-20,0,0,,A,"contenido diferencial — longitud, material y/o técnica presentes"
set-de-boligrafos-flock-oferta-10040,Set de Bolígrafos Flock Oferta,Artículos de Escritura,468,4,3,true,0,0,2,4,1,100,2026-04-20,0,0,,A,"contenido diferencial — longitud, material y/o técnica presentes"
lapiz-infinity-con-borrador-10254,Lápiz Infinity Con Borrador,Artículos de Escritura,322,4,3,true,0,0,1,2,1,100,2026-04-22,0,0,,A,"contenido diferencial — longitud, material y/o técnica presentes"
portanotas-yakari-oferta-9890,Portanotas Yakari Oferta,Artículos de Escritura,298,4,3,true,0,0,1,1,1,100,2026-04-21,0,0,,A,"contenido diferencial — longitud, material y/o técnica presentes"
lapiz-eco-natural-13205,Lapiz Eco Natural,Deportes,490,4,3,true,0,0,1,1,1,100,2026-04-20,0,0,,A,"contenido diferencial — longitud, material y/o técnica presentes"
llavero-linterna-carabinero-7425,Llavero Linterna Carabinero,Iluminación,299,4,3,true,0,0,1,3,1,100,2026-04-22,0,0,,A,"contenido diferencial — longitud, material y/o técnica presentes"
llavero-destapador-nash-7432,Llavero Destapador Nash,Bar y Vino,354,4,3,true,0,2,1,4,1,100,2026-04-20,0,0,,A,"contenido diferencial — longitud, material y/o técnica presentes"
llavero-ml-345-7451,Llavero Ml-345,Master Line,308,4,3,true,0,0,1,1,1,100,2026-04-22,0,0,,A,"contenido diferencial — longitud, material y/o técnica presentes"
llavero-bici-7781,Llavero Bici,Master Line,391,4,3,true,0,0,2,1,1,100,2026-04-20,0,0,,A,"contenido diferencial — longitud, material y/o técnica presentes"
llavero-ml-347-7782,Llavero Ml-347,Master Line,325,4,3,true,0,1,0,1,1,100,2026-04-22,0,0,,A,"contenido diferencial — longitud, material y/o técnica presentes"
llavero-pito-maxi-7877,Llavero Pito Maxi,Bicicleta,356,4,3,true,0,0,1,1,1,100,2026-05-31,1,0,6,A,"contenido diferencial — longitud, material y/o técnica presentes"
llavero-ml-356-8039,Llavero Ml-356,Master Line,359,4,3,true,0,1,1,4,1,100,2026-04-20,0,0,,A,"contenido diferencial — longitud, material y/o técnica presentes"
llavero-ml-367-8532,Llavero Ml-367,Master Line,367,4,3,true,0,2,2,1,1,100,2026-04-20,3,0,4.67,A,"contenido diferencial — longitud, material y/o técnica presentes"
set-de-portatarjetas-y-llavero-jack-oferta-8497,Set de Portatarjetas y Llavero Jack Oferta,Master Line,371,4,3,true,0,0,1,1,1,100,2026-04-22,1,0,3,A,"contenido diferencial — longitud, material y/o técnica presentes"
llavero-ml-368-8533,Llavero Ml-368,Master Line,342,4,3,true,0,0,1,0,1,100,2026-04-22,0,0,,A,"contenido diferencial — longitud, material y/o técnica presentes"
llavero-destapador-car-9131,Llavero Destapador Car,Llaveros,412,4,3,true,1,0,1,1,1,100,2026-04-20,0,0,,A,"contenido diferencial — longitud, material y/o técnica presentes"
milla-roller-stylus-5848,Milla Roller Stylus,Artículos de Escritura,98,4,4,true,0,0,2,1,4,,,0,0,,B,contenido corto y sin material o técnica de marcación mencionados
floyd-stylus-5837,Floyd Stylus,Artículos de Escritura,89,4,4,true,0,1,4,1,5,,,0,0,,B,contenido corto y sin material o técnica de marcación mencionados
aston-stylus-metalico-7852,Aston Stylus Metalico,Artículos de Escritura,96,4,4,true,1,0,3,1,8,,,0,0,,B,contenido corto y sin material o técnica de marcación mencionados
memoria-usb-boligrafo-king-precio-neto-5723,Memoria Usb Boligrafo King Precio Neto,Memorias USB,332,4,3,true,1,0,1,0,1,100,2026-04-22,0,0,,A,"contenido diferencial — longitud, material y/o técnica presentes"
hamond-stylus-8555,Hamond Stylus,Artículos de Escritura,411,4,3,true,0,0,1,2,1,100,2026-04-20,0,0,,A,"contenido diferencial — longitud, material y/o técnica presentes"
boligrafo-brink-stylus-9835,Bolígrafo Brink Stylus,Artículos de Escritura,97,4,4,true,0,0,5,1,3,,,0,0,,B,contenido corto y sin material o técnica de marcación mencionados
boligrafo-tankist-stylus-10043,Bolígrafo Tankist Stylus,Artículos de Escritura,91,4,4,true,0,0,1,1,8,,,0,0,,C,fórmula de description repetida 8x sin mención de material/técnica
llavero-linterna-flat-6972,Llavero Linterna Flat,Iluminación,327,4,3,true,0,0,0,1,1,100,2026-04-22,0,0,,A,"contenido diferencial — longitud, material y/o técnica presentes"
metro-llavero-car-7275,Metro Llavero Car,Llaveros,342,4,3,true,0,0,1,1,1,100,2026-04-22,3,0,8.33,A,"contenido diferencial — longitud, material y/o técnica presentes"
llavero-linterna-like-it-con-stylus-7417,Llavero Linterna Like it Con Stylus,Iluminación,334,4,3,true,0,0,1,0,1,100,2026-04-22,0,0,,A,"contenido diferencial — longitud, material y/o técnica presentes"
llavero-destapador-truman-7430,Llavero Destapador Truman,Bar y Vino,321,4,3,true,1,2,1,1,1,100,2026-04-20,0,0,,A,"contenido diferencial — longitud, material y/o técnica presentes"
llavero-metro-con-destapador-mimic-7429,Llavero Metro Con Destapador Mimic,Iluminación,376,4,3,true,0,0,2,4,1,100,2026-04-20,0,0,,A,"contenido diferencial — longitud, material y/o técnica presentes"
llavero-metro-con-nivelador-7992,Llavero Metro Con Nivelador,Llaveros,343,4,3,true,1,1,0,1,1,100,2026-04-22,1,0,4,A,"contenido diferencial — longitud, material y/o técnica presentes"
mini-set-de-destornilladores-koda-7996,Mini Set de Destornilladores Koda,Herramientas,101,4,4,true,0,0,1,0,7,,,0,0,,C,fórmula de description repetida 7x sin mención de material/técnica
llavero-destapador-like-it-8029,Llavero Destapador Like it,Llaveros,331,4,3,true,1,1,1,0,1,100,2026-04-21,0,0,,A,"contenido diferencial — longitud, material y/o técnica presentes"
llavero-casco-8753,Llavero Casco,Llaveros,99,6,4,true,1,0,1,1,10,,,3,1,27,B,contenido corto y sin material o técnica de marcación mencionados
llavero-plastico-multiusos-anticontacto-produccion-nacional-9475,Llavero Plástico Multiusos Anticontacto - Produccion Nacional,Llaveros,111,6,4,true,1,1,3,1,6,,,0,0,,A,"contenido diferencial — longitud, material y/o técnica presentes"
metro-llavero-kurtis-9760,Metro Llavero Kurtis,Llaveros,361,4,3,true,2,0,2,4,1,100,2026-04-20,1,0,18,A,"contenido diferencial — longitud, material y/o técnica presentes"
llavero-relajante-10219,Llavero Relajante,Llaveros,97,6,4,true,1,1,2,1,3,,,2,0,3.5,A,"contenido diferencial — longitud, material y/o técnica presentes"
grayson-stylus-6992,Grayson Stylus,Artículos de Escritura,338,4,3,true,0,0,2,3,1,100,2026-04-20,0,0,,A,"contenido diferencial — longitud, material y/o técnica presentes"
summit-stylus-5747,Summit Stylus,Artículos de Escritura,82,4,4,true,0,0,0,0,5,,,1,0,1,C,fórmula de description repetida 5x sin mención de material/técnica
nolton-stylus-5756,Nolton Stylus,Precio Bomba,295,4,3,true,0,0,1,0,1,100,2026-04-22,0,0,,A,"contenido diferencial — longitud, material y/o técnica presentes"
kaiser-stylus-7342,Kaiser Stylus,Artículos de Escritura,96,4,4,true,0,0,4,1,3,,,0,0,,B,contenido corto y sin material o técnica de marcación mencionados
ventura-stylus-neon-7947,Ventura Stylus Neon,Artículos de Escritura,95,4,4,true,0,0,2,0,10,,,0,0,,C,fórmula de description repetida 10x sin mención de material/técnica
smith-7031,Smith,Herramientas,258,4,3,true,0,0,1,1,1,100,2026-04-22,0,0,,A,"contenido diferencial — longitud, material y/o técnica presentes"
billy-7010,Billy,Precio Bomba,310,4,3,true,1,0,1,1,1,100,2026-04-22,0,0,,A,"contenido diferencial — longitud, material y/o técnica presentes"
barcelona-solido-7007,Barcelona Solido,Precio Bomba,348,4,3,true,0,0,1,0,1,100,2026-04-22,0,0,,A,"contenido diferencial — longitud, material y/o técnica presentes"
lamont-6998,Lamont,Artículos de Escritura,318,4,3,true,1,0,0,1,1,100,2026-04-20,0,0,,A,"contenido diferencial — longitud, material y/o técnica presentes"
ventura-frost-4500,Ventura Frost,Artículos de Escritura,94,4,4,true,0,0,2,1,2,,,0,0,,B,contenido corto y sin material o técnica de marcación mencionados
boligrafo-ventura-barril-plata-1658,Bolígrafo Ventura Barril Plata,Artículos de Escritura,92,4,4,true,0,0,4,1,3,,,0,0,,B,contenido corto y sin material o técnica de marcación mencionados
balmax-stylus-7330,Balmax Stylus,Precio Bomba,269,4,3,true,0,0,0,1,1,100,2026-04-22,0,0,,A,"contenido diferencial — longitud, material y/o técnica presentes"
parrot-7856,Parrot,Artículos de Escritura,89,4,4,true,0,0,0,1,2,,,0,0,,B,contenido corto y sin material o técnica de marcación mencionados
set-de-cafe-eco-9680,Set de Café Eco,Precio Bomba,396,4,3,true,1,0,1,2,1,100,2026-04-20,0,0,,A,"contenido diferencial — longitud, material y/o técnica presentes"
set-jersey-antibacteriano-9681,Set Jersey Antibacteriano,Precio Bomba,443,4,4,true,0,0,2,1,1,100,2026-04-20,0,0,,A,"contenido diferencial — longitud, material y/o técnica presentes"
set-boligrafo-y-portaminas-bamboo-9682,Set Bolígrafo y Portaminas Bamboo,Artículos de Escritura,426,4,3,true,1,0,1,1,1,100,2026-04-20,0,0,,A,"contenido diferencial — longitud, material y/o técnica presentes"
portaminas-jester-coffee-10021,Portaminas Jester Coffee,Precio Bomba,355,4,3,true,0,0,0,0,1,100,2026-04-22,1,0,4,A,"contenido diferencial — longitud, material y/o técnica presentes"
talbot-2-1-oferta-7016,Talbot 2-1 Oferta,Artículos de Escritura,101,4,4,true,0,0,1,1,3,,,0,0,,B,contenido corto y sin material o técnica de marcación mencionados
estuche-para-resaltador-de-cera-fiona-6694,Estuche Para Resaltador de Cera Fiona,Artículos de Escritura,371,4,3,true,0,0,1,2,1,100,2026-04-20,0,0,,A,"contenido diferencial — longitud, material y/o técnica presentes"
set-de-resaltadores-magicos-en-cera-flipper-5496,Set de Resaltadores Magicos en Cera Flipper,Artículos de Escritura,313,4,3,true,0,1,1,1,1,100,2026-04-22,0,0,,A,"contenido diferencial — longitud, material y/o técnica presentes"
resaltador-de-cera-fiona-5749,Resaltador de Cera Fiona,Artículos de Escritura,401,4,3,true,0,0,1,4,1,100,2026-04-20,0,0,,A,"contenido diferencial — longitud, material y/o técnica presentes"
resaltador-magico-en-cera-flower-5-colores-5499,Resaltador Magico en Cera Flower - 5 Colores,Artículos de Escritura,396,4,3,true,0,0,1,4,1,100,2026-04-20,2,0,2.5,A,"contenido diferencial — longitud, material y/o técnica presentes"
resaltador-magico-de-cera-triangulo-5497,Resaltador Magico de Cera Triangulo,Artículos de Escritura,302,4,3,true,0,0,0,0,2,100,2026-04-22,0,0,,A,"contenido diferencial — longitud, material y/o técnica presentes"
resaltador-magico-en-cera-4672,Resaltador Mágico en Cera,Médicos,311,4,3,true,0,0,0,1,1,100,2026-04-22,5,0,7,A,"contenido diferencial — longitud, material y/o técnica presentes"
estuche-para-resaltador-magico-produccion-nacional-4673,Estuche Para Resaltador Mágico - Producción Nacional,Artículos de Escritura,109,6,4,true,0,0,0,1,3,,,0,0,,B,contenido corto y sin material o técnica de marcación mencionados
comprimidos-produccion-nacional-5605,Comprimidos - Produccion Nacional,Bicicleta,382,4,3,true,0,0,1,3,1,100,2026-04-20,0,0,,A,"contenido diferencial — longitud, material y/o técnica presentes"
identificador-de-maletas-pop-10583,Identificador de Maletas Pop,Maletines,350,4,4,true,0,0,1,4,1,100,2026-04-20,0,0,,A,"contenido diferencial — longitud, material y/o técnica presentes"
clip-de-golf-para-gorra-5882,Clip de Golf Para Gorra,Golf,334,4,3,true,2,0,1,3,1,100,2026-04-22,0,0,,A,"contenido diferencial — longitud, material y/o técnica presentes"
gorra-golf-471,Gorra Golf,Golf,314,4,3,true,0,0,1,2,1,100,2026-04-22,1,0,10,A,"contenido diferencial — longitud, material y/o técnica presentes"
gorra-eco-6-cascos-1082,Gorra Eco - 6 Cascos,Golf,344,4,3,true,1,1,1,3,1,100,2026-04-22,1,0,9,A,"contenido diferencial — longitud, material y/o técnica presentes"
gorra-emergency-5887,Gorra Emergency,Gorras,353,4,3,true,0,0,1,1,1,100,2026-04-20,1,0,4,A,"contenido diferencial — longitud, material y/o técnica presentes"
gorra-trucker-3502,Gorra Trucker,Gorras,400,5,3,true,1,0,1,3,1,100,2026-04-20,0,0,,A,"contenido diferencial — longitud, material y/o técnica presentes"
gorra-mesh-7374,Gorra Mesh,Golf,301,4,3,true,0,1,0,2,1,100,2026-04-22,0,0,,A,"contenido diferencial — longitud, material y/o técnica presentes"
gorra-modena-7375,Gorra Modena,Golf,340,4,3,true,0,0,0,1,1,100,2026-04-22,0,0,,A,"contenido diferencial — longitud, material y/o técnica presentes"
pano-en-microfibra-3192,Paño en Microfibra,Confección,410,4,3,true,0,0,1,4,1,100,2026-04-20,0,0,,A,"contenido diferencial — longitud, material y/o técnica presentes"
toalla-cool-sport-7968,Toalla Cool Sport,Bicicleta,359,4,3,true,0,0,1,1,1,100,2026-04-20,0,0,,A,"contenido diferencial — longitud, material y/o técnica presentes"
toalla-en-microfibra-multiusos-8688,Toalla en Microfibra Multiusos,Bicicleta,356,4,3,true,0,0,2,3,1,100,2026-04-20,0,0,,A,"contenido diferencial — longitud, material y/o técnica presentes"
toalla-golf-toalla-de-mano-tundida-acabado-fino-7379,Toalla Golf - Toalla de Mano Tundida Acabado Fino,Golf,430,4,4,true,0,0,2,4,1,100,2026-04-20,0,0,,A,"contenido diferencial — longitud, material y/o técnica presentes"
toalla-cool-sport-con-estuche-7956,Toalla Cool Sport Con Estuche,Médicos,369,4,3,true,0,0,0,2,1,100,2026-04-20,0,0,,A,"contenido diferencial — longitud, material y/o técnica presentes"
set-de-toallitas-multiusos-3641,Set de Toallitas Multiusos,Médicos,383,4,3,true,0,0,1,1,1,100,2026-04-20,0,0,,A,"contenido diferencial — longitud, material y/o técnica presentes"
toallas-100-algodon-produccion-nacional-7689,Toallas 100% Algodón - Producción Nacional,Deportes,451,4,3,true,1,2,2,4,1,100,2026-04-20,0,0,,A,"contenido diferencial — longitud, material y/o técnica presentes"
toalla-cool-sport-box-9524,Toalla Cool Sport Box,Bicicleta,448,4,3,true,0,0,1,4,1,100,2026-04-20,0,0,,A,"contenido diferencial — longitud, material y/o técnica presentes"
lapiz-plastic-clip-de-golf-5879,Lapiz Plastic Clip de Golf,Golf,342,4,3,true,1,0,2,0,1,100,2026-04-22,0,0,,A,"contenido diferencial — longitud, material y/o técnica presentes"
paraguas-30-halley-urban-travel-10674,Paraguas 30'' Halley Urban Travel,Golf,280,4,3,true,0,0,0,2,1,100,2026-04-22,0,0,,A,"contenido diferencial — longitud, material y/o técnica presentes"
set-de-herramientas-neumatic-5373,Set de Herramientas Neumatic,Herramientas,102,4,4,true,0,0,1,1,5,,,0,0,,C,fórmula de description repetida 5x sin mención de material/técnica
set-de-herramientas-motobike-6530,Set de Herramientas Motobike,Herramientas,105,4,4,true,0,0,0,0,10,,,0,0,,C,fórmula de description repetida 10x sin mención de material/técnica
set-de-herramientas-saxon-6536,Set de Herramientas Saxon,Automóvil,346,4,3,true,0,0,1,2,1,100,2026-04-22,0,0,,A,"contenido diferencial — longitud, material y/o técnica presentes"
set-de-herramientas-speed-7999,Set de Herramientas Speed,Herramientas,407,4,3,true,1,0,1,1,1,100,2026-04-20,0,0,,A,"contenido diferencial — longitud, material y/o técnica presentes"
set-de-herramientas-mustang-8439,Set de Herramientas Mustang,Reflectivos,337,4,3,true,0,0,0,1,1,100,2026-04-22,0,0,,A,"contenido diferencial — longitud, material y/o técnica presentes"
set-de-herramientas-truck-9136,Set de Herramientas Truck,Herramientas,394,4,3,true,0,0,3,1,1,100,2026-04-20,0,0,,B,"lenguaje promocional genérico predominante, sin dato diferencial"
set-de-herramientas-lantern-9179,Set de Herramientas Lantern,Herramientas,98,4,4,true,0,0,0,0,10,,,0,0,,C,fórmula de description repetida 10x sin mención de material/técnica
linterna-dinamo-con-radio-9078,Linterna Dinamo Con Radio,Herramientas,358,4,3,true,0,0,2,1,1,100,2026-04-20,0,0,,A,"contenido diferencial — longitud, material y/o técnica presentes"
set-de-herramientas-handle-9533,Set de Herramientas Handle,Iluminación,367,4,3,true,1,0,1,1,1,100,2026-05-31,0,0,,A,"contenido diferencial — longitud, material y/o técnica presentes"
set-de-herramientas-apache-10288,Set de Herramientas Apache,Automóvil,79,4,4,true,0,0,1,1,4,,,1,0,5,B,contenido corto y sin material o técnica de marcación mencionados
candado-de-clave-metalico-6765,Candado de Clave Metalico,Herramientas,453,4,3,true,1,0,2,4,1,100,2026-04-20,0,0,,A,"contenido diferencial — longitud, material y/o técnica presentes"
set-de-herramientas-alutool-3123,Set de Herramientas Alutool,Iluminación,350,4,3,true,0,0,2,1,1,100,2026-04-20,0,0,,A,"contenido diferencial — longitud, material y/o técnica presentes"
mini-set-de-herramientas-avante-8844,Mini Set de Herramientas Avante,Herramientas,100,4,4,true,0,0,2,1,6,,,0,0,,C,fórmula de description repetida 6x sin mención de material/técnica
set-de-destornilladores-con-luz-car-oferta-9137,Set de Destornilladores Con Luz Car Oferta,Iluminación,335,4,3,true,0,0,1,1,1,100,2026-04-22,0,0,,A,"contenido diferencial — longitud, material y/o técnica presentes"
set-de-destornilladores-pen-con-linterna-led-10251,Set de Destornilladores Pen Con Linterna Led,Iluminación,320,4,3,true,0,0,0,2,1,100,2026-04-22,0,0,,A,"contenido diferencial — longitud, material y/o técnica presentes"
metro-retractil-button-294,Metro Retráctil Button,EcoNature,318,4,3,true,1,0,1,1,1,100,2026-04-22,0,0,,A,"contenido diferencial — longitud, material y/o técnica presentes"
metro-neumatic-5374,Metro Neumatic,Herramientas,88,4,4,true,0,0,2,1,7,,,0,0,,C,fórmula de description repetida 7x sin mención de material/técnica
metro-carabinero-stanley-5371,Metro Carabinero Stanley,Herramientas,94,4,4,true,0,0,1,1,5,,,0,0,,C,fórmula de description repetida 5x sin mención de material/técnica
metro-llavero-house-5368,Metro Llavero House,Herramientas,106,6,4,true,1,0,0,0,10,,,0,0,,B,contenido corto y sin material o técnica de marcación mencionados
metro-arkitect-809,Metro Arkitect,Herramientas,385,4,3,true,2,0,0,3,1,100,2026-04-20,1,0,5,A,"contenido diferencial — longitud, material y/o técnica presentes"
metro-oliver-7993,Metro Oliver,Herramientas,96,4,4,true,0,0,3,1,3,,,0,0,,B,contenido corto y sin material o técnica de marcación mencionados
metro-llavero-saloon-9123,Metro Llavero Saloon,Herramientas,110,6,4,true,1,1,1,1,7,,,0,0,,A,"contenido diferencial — longitud, material y/o técnica presentes"
set-de-herramientas-en-madera-9534,Set de Herramientas en Madera,Automóvil,323,4,3,true,1,0,0,1,1,100,2026-05-31,4,1,3.5,A,"contenido diferencial — longitud, material y/o técnica presentes"
herramientero-bamboo-box-10002,Herramientero Bamboo Box,Herramientas,462,4,3,true,1,0,3,1,1,100,2026-04-20,1,0,1,A,"contenido diferencial — longitud, material y/o técnica presentes"
set-de-destornilladores-everest-7991,Set de Destornilladores Everest,Precio Bomba,300,4,3,true,0,0,1,1,1,100,2026-04-22,0,0,,A,"contenido diferencial — longitud, material y/o técnica presentes"
set-de-destornilladores-diplo-9953,Set de Destornilladores Diplo,Automóvil,399,4,3,true,1,0,1,1,1,100,2026-04-20,0,0,,A,"contenido diferencial — longitud, material y/o técnica presentes"
lonchera-journey-produccion-nacional-7067,Lonchera Journey - Produccion Nacional,Hogar,97,4,4,true,0,0,1,1,4,,,0,0,,B,contenido corto y sin material o técnica de marcación mencionados
portacomidas-electrico-6599,Portacomidas Eléctrico,Hogar,392,4,3,true,0,0,1,1,1,100,2026-04-20,0,0,,A,"contenido diferencial — longitud, material y/o técnica presentes"
portavianda-produccion-nacional-6270,Portavianda - Producción Nacional,Hogar,339,4,3,true,0,0,2,3,1,100,2026-04-20,1,0,4,A,"contenido diferencial — longitud, material y/o técnica presentes"
set-de-bbq-6-piezas-3773,Set de Bbq - 6 Piezas,Hogar,99,4,4,true,0,1,3,1,5,,,0,0,,B,contenido corto y sin material o técnica de marcación mencionados
jarra-plastica-ovalada-1000ml-produccion-nacional-5399,Jarra Plastica Ovalada 1000ml - Producción Nacional,Hogar,111,6,4,true,1,0,0,1,7,,,0,0,,B,contenido corto y sin material o técnica de marcación mencionados
hielera-plastica-produccion-nacional-4056,Hielera Plástica - Producción Nacional,Hogar,99,4,4,true,0,0,0,1,5,,,0,0,,C,fórmula de description repetida 5x sin mención de material/técnica
set-de-contenedores-x-3-unidades-produccion-nacional-6269,Set de Contenedores x 3 Unidades - Produccion Nacional,Hogar,113,4,4,true,0,0,3,1,1,,,1,0,5,B,contenido corto y sin material o técnica de marcación mencionados
portacomida-produccion-nacional-4857,Portacomida - Produccion Nacional,Hogar,101,4,4,true,0,0,1,1,6,,,0,0,,C,fórmula de description repetida 6x sin mención de material/técnica
destapador-clip-produccion-nacional-4054,Destapador Clip - Producción Nacional,Bar y Vino,371,4,3,true,0,0,1,4,1,100,2026-04-20,0,0,,A,"contenido diferencial — longitud, material y/o técnica presentes"
portavasos-plastico-set-x-4-y-base-produccion-nacional-3348,Portavasos Plástico Set x 4 y Base - Produccion Nacional,Bar y Vino,344,4,3,true,1,0,0,1,1,100,2026-04-21,0,0,,A,"contenido diferencial — longitud, material y/o técnica presentes"
quita-motas-adhesivo-10680,Quita Motas Adhesivo,Hogar,420,4,3,true,0,0,2,1,1,100,2026-04-20,0,0,,A,"contenido diferencial — longitud, material y/o técnica presentes"
quita-motas-adhesivo-repuesto-10681,Quita Motas Adhesivo - Repuesto,Cuidado Personal,410,4,3,true,0,0,1,4,1,100,2026-04-20,0,0,,A,"contenido diferencial — longitud, material y/o técnica presentes"
set-de-vino-bottle-4049,Set de Vino Bottle,Bar y Vino,412,4,3,true,0,0,2,4,1,100,2026-04-20,0,0,,A,"contenido diferencial — longitud, material y/o técnica presentes"
destapador-electrico-para-vino-3778,Destapador Eléctrico Para Vino,Bar y Vino,399,4,3,true,1,0,1,4,1,100,2026-04-20,1,0,14,A,"contenido diferencial — longitud, material y/o técnica presentes"
nevera-wine-cooler-bag-produccion-nacional-3785,Nevera Wine Cooler Bag - Producción Nacional,Bar y Vino,382,4,3,true,0,0,1,4,1,100,2026-04-20,0,0,,A,"contenido diferencial — longitud, material y/o técnica presentes"
descorchador-de-dos-tiempos-kiblack-3958,Descorchador de Dos Tiempos Kiblack,Bar y Vino,429,4,3,true,1,0,1,1,1,100,2026-04-20,0,0,,A,"contenido diferencial — longitud, material y/o técnica presentes"
destapador-eco-wine-9541,Destapador Eco Wine,Bar y Vino,345,4,3,true,0,0,2,3,1,100,2026-04-20,0,0,,A,"contenido diferencial — longitud, material y/o técnica presentes"
set-de-bar-y-portavino-ii-9718,Set de Bar y Portavino ii,Bar y Vino,305,4,3,true,0,1,0,2,1,100,2026-04-20,0,0,,A,"contenido diferencial — longitud, material y/o técnica presentes"
set-de-vino-remy-ii-9717,Set de Vino Remy ii,Bar y Vino,353,4,3,true,0,0,1,1,1,100,2026-04-21,0,0,,A,"contenido diferencial — longitud, material y/o técnica presentes"
set-de-vino-en-corcho-ii-9720,Set de Vino en Corcho ii,Bar y Vino,376,4,3,true,0,0,2,4,1,100,2026-04-20,2,0,5.5,A,"contenido diferencial — longitud, material y/o técnica presentes"
set-de-bar-y-portavino-cork-9750,Set de Bar y Portavino Cork,Bar y Vino,438,4,3,true,1,1,1,1,1,100,2026-04-20,0,0,,A,"contenido diferencial — longitud, material y/o técnica presentes"
set-enfriador-de-vino-chill-9753,Set Enfriador de Vino Chill,Precio Bomba,376,4,3,true,0,0,0,1,1,100,2026-04-22,0,0,,A,"contenido diferencial — longitud, material y/o técnica presentes"
destapador-electrico-cork-9964,Destapador Electrico Cork,Bar y Vino,319,4,3,true,0,0,2,1,1,85,2026-04-21,0,0,,A,"contenido diferencial — longitud, material y/o técnica presentes"
juego-portavasos-en-acero-inoxidable-produccion-nacional-7406,Juego Portavasos en Acero Inoxidable - Produccion Nacional,Precio Bomba,352,4,3,true,1,0,1,4,1,100,2026-04-21,0,0,,A,"contenido diferencial — longitud, material y/o técnica presentes"
destapador-rectangular-produccion-nacional-8755,Destapador Rectangular - Produccion Nacional,Bar y Vino,354,4,3,true,0,0,1,4,1,100,2026-04-20,0,0,,A,"contenido diferencial — longitud, material y/o técnica presentes"
cobija-en-fleece-1861,Cobija en Fleece,Producción Nacional,440,4,3,true,0,2,1,5,1,100,2026-04-20,0,0,,A,"contenido diferencial — longitud, material y/o técnica presentes"
nevera-cooler-hexagon-7570,Nevera Cooler Hexagon,Maletines,395,5,3,true,0,0,1,2,1,100,2026-04-20,0,0,,A,"contenido diferencial — longitud, material y/o técnica presentes"
sanduchera-plastica-produccion-nacional-8018,Sanduchera Plástica - Producción Nacional,Producción Nacional,356,4,3,true,1,0,2,1,1,100,2026-04-21,0,0,,A,"contenido diferencial — longitud, material y/o técnica presentes"
bowl-plastico-produccion-nacional-7611,Bowl Plástico - Producción Nacional,Hogar,103,4,4,true,1,0,1,1,10,,,0,0,,B,contenido corto y sin material o técnica de marcación mencionados
nevera-cooler-bag-picnic-7015,Nevera Cooler Bag Picnic,Maletines,386,4,3,true,0,0,2,2,1,100,2026-04-20,0,0,,A,"contenido diferencial — longitud, material y/o técnica presentes"
llavero-destapador-orbis-6115,Llavero Destapador Orbis,Bar y Vino,304,4,3,true,1,0,1,1,1,100,2026-04-21,0,0,,A,"contenido diferencial — longitud, material y/o técnica presentes"
destapador-bamboo-9741,Destapador Bamboo,Bar y Vino,365,4,3,true,2,0,2,4,1,100,2026-04-20,0,0,,A,"contenido diferencial — longitud, material y/o técnica presentes"
destapador-nacul-9885,Destapador Nacul,Bar y Vino,361,4,3,true,0,0,2,3,1,100,2026-04-20,0,0,,A,"contenido diferencial — longitud, material y/o técnica presentes"
llavero-destapador-stiked-9903,Llavero Destapador Stiked,Bar y Vino,349,4,3,true,1,0,0,1,1,100,2026-04-21,1,0,5,A,"contenido diferencial — longitud, material y/o técnica presentes"
destapador-botella-con-iman-produccion-nacional-8756,Destapador Botella Con Iman - Produccion Nacional,Bar y Vino,330,4,3,true,1,0,1,4,1,100,2026-04-20,0,0,,A,"contenido diferencial — longitud, material y/o técnica presentes"
set-de-bbq-en-aluminio-6-piezas-1866,Set de Bbq en Aluminio 6 Piezas,Hogar,114,4,4,true,0,0,1,1,1,,,1,0,7,B,contenido corto y sin material o técnica de marcación mencionados
nevera-lonchera-con-set-bbq-8900,Nevera Lonchera Con Set Bbq,Maletines,371,4,3,true,0,0,1,1,1,100,2026-04-21,0,0,,A,"contenido diferencial — longitud, material y/o técnica presentes"
bbq-grill-cook-9623,Bbq Grill Cook,Hogar,95,4,4,true,0,0,2,1,4,,,0,0,,B,contenido corto y sin material o técnica de marcación mencionados
set-bbq-con-delantal-9711,Set Bbq Con Delantal,Hogar,427,4,3,true,1,0,2,1,1,100,2026-04-20,0,0,,A,"contenido diferencial — longitud, material y/o técnica presentes"
bbq-grill-con-nevera-lonchera-9978,Bbq Grill Con Nevera Lonchera,Maletines,374,4,3,true,1,0,1,1,1,100,2026-04-21,0,0,,A,"contenido diferencial — longitud, material y/o técnica presentes"
set-bbq-bamboo-10062,Set Bbq Bamboo,Ecología,363,4,3,true,2,0,0,2,1,100,2026-04-21,0,0,,A,"contenido diferencial — longitud, material y/o técnica presentes"
set-bbq-novak-10065,Set Bbq Novak,Precio Bomba,281,4,3,true,0,0,0,1,1,100,2026-04-21,0,0,,A,"contenido diferencial — longitud, material y/o técnica presentes"
akker-bbq-electrico-10369,Akker Bbq Eléctrico,Hogar,88,4,4,true,0,0,1,1,2,,,0,0,,B,contenido corto y sin material o técnica de marcación mencionados
set-de-queso-edam-8486,Set de Queso Edam,Hogar,95,4,4,true,0,0,4,1,4,,,0,0,,B,contenido corto y sin material o técnica de marcación mencionados
set-de-queso-cajun-9139,Set de Queso Cajun,Hogar,95,4,4,true,0,1,3,1,5,,,0,0,,B,contenido corto y sin material o técnica de marcación mencionados
set-de-sushi-9744,Set de Sushi,Precio Bomba,340,4,3,true,2,0,1,4,1,100,2026-04-20,0,0,,A,"contenido diferencial — longitud, material y/o técnica presentes"
set-de-queso-italy-10057,Set de Queso Italy,Hogar,93,4,4,true,0,0,1,1,1,,,0,0,,B,contenido corto y sin material o técnica de marcación mencionados
organizador-de-escritorio-harmony-produccion-nacional-7056,Organizador de Escritorio Harmony - Produccion Nacional,Oficina,99,6,4,true,0,0,3,1,3,,,0,0,,B,contenido corto y sin material o técnica de marcación mencionados
nevera-cooler-spring-produccion-nacional-6983,Nevera Cooler Spring - Produccion Nacional,Variedades,95,6,4,true,1,0,0,0,5,,,0,0,,B,contenido corto y sin material o técnica de marcación mencionados
nevera-cooler-trendy-produccion-nacional-6982,Nevera Cooler Trendy - Produccion Nacional,Variedades,97,6,4,true,0,1,2,1,5,,,0,0,,B,contenido corto y sin material o técnica de marcación mencionados
nevera-cooler-max-produccion-nacional-6981,Nevera Cooler Max - Produccion Nacional,Variedades,99,6,4,true,1,0,1,1,6,,,1,0,9,B,contenido corto y sin material o técnica de marcación mencionados
estuche-multiusos-boxx-produccion-nacional-6702,Estuche Multiusos Boxx - Producción Nacional,Variedades,91,4,4,true,0,0,0,1,7,,,0,0,,C,fórmula de description repetida 7x sin mención de material/técnica
silla-nevera-cooler-con-espaldar-produccion-nacional-3270,Silla Nevera Cooler Con Espaldar - Producción Nacional,Producción Nacional,358,4,3,true,0,0,0,4,1,100,2026-04-21,0,0,,A,"contenido diferencial — longitud, material y/o técnica presentes"
set-escolar-produccion-nacional-6294,Set Escolar - Producción Nacional,Variedades,86,4,4,true,0,0,1,1,5,,,0,0,,C,fórmula de description repetida 5x sin mención de material/técnica
alcancia-cerdito-produccion-nacional-5412,Alcancia Cerdito - Produccion Nacional,Infantil,477,4,3,true,0,0,1,4,1,100,2026-04-20,1,1,5,A,"contenido diferencial — longitud, material y/o técnica presentes"
alcancia-estrella-135cm-produccion-nacional-2390,Alcancía Estrella 13.5cm- Producción Nacional,Variedades,93,4,4,true,0,0,4,1,4,,,0,0,,B,contenido corto y sin material o técnica de marcación mencionados
alcancia-balon-produccion-nacional-5687,Alcancia Balón - Produccion Nacional,Infantil,402,4,3,true,0,0,1,1,1,100,2026-04-20,0,0,,A,"contenido diferencial — longitud, material y/o técnica presentes"
mouse-pad-sencillo-5547,Mouse Pad Sencillo,Tecnología,100,6,4,true,0,0,1,0,5,,,0,0,,C,fórmula de description repetida 5x sin mención de material/técnica
llavero-linterna-puck-6572,Llavero Linterna Puck,Iluminación,371,4,3,true,1,0,0,1,1,100,2026-04-20,0,0,,A,"contenido diferencial — longitud, material y/o técnica presentes"
linterna-loop-9133,Linterna Loop,Iluminación,383,4,3,true,0,0,1,1,1,100,2026-04-20,0,0,,A,"contenido diferencial — longitud, material y/o técnica presentes"
llavero-linterna-lamp-9984,Llavero Linterna Lamp,Iluminación,338,4,3,true,0,0,1,4,1,100,2026-04-22,0,0,,A,"contenido diferencial — longitud, material y/o técnica presentes"
linterna-carabinero-bamboo-10650,Linterna Carabinero Bamboo,Iluminación,338,4,3,true,1,0,1,1,1,100,2026-04-22,0,0,,A,"contenido diferencial — longitud, material y/o técnica presentes"
mini-linterna-ozen-13296,Mini Linterna Ozen,Iluminación,395,4,3,true,0,0,2,3,1,100,2026-04-20,0,0,,A,"contenido diferencial — longitud, material y/o técnica presentes"
llavero-metro-light-13352,Llavero Metro Light,Iluminación,398,4,3,true,1,0,2,3,1,100,2026-04-20,0,0,,A,"contenido diferencial — longitud, material y/o técnica presentes"
memoria-usb-mini-crystal-precio-neto-5883,Memoria Usb Mini Crystal Precio Neto,Tecnología,106,6,4,true,0,0,0,1,3,,,0,0,,B,contenido corto y sin material o técnica de marcación mencionados
memoria-usb-hook-precio-neto-oferta-8927,Memoria Usb Hook Precio Neto - Oferta,Memorias USB,310,4,3,true,0,0,1,1,1,100,2026-04-22,0,0,,A,"contenido diferencial — longitud, material y/o técnica presentes"
estuche-metalico-para-memoria-usb-oferta-2542,Estuche Metálico Para Memoria Usb Oferta,Tecnología,378,4,3,true,1,1,1,2,1,100,2026-04-20,0,0,,A,"contenido diferencial — longitud, material y/o técnica presentes"
memoria-usb-swivel-precio-neto-3932,Memoria Usb Swivel Precio Neto,Memorias USB,323,4,3,true,0,0,1,2,1,100,2026-04-22,0,0,,A,"contenido diferencial — longitud, material y/o técnica presentes"
chip-para-memoria-usb-precio-neto-4482,Chip Para Memoria Usb Precio Neto,Tecnología,357,4,3,true,0,0,1,1,1,100,2026-04-20,0,0,,A,"contenido diferencial — longitud, material y/o técnica presentes"
memoria-usb-llave-precio-neto-4078,Memoria Usb Llave Precio Neto,Memorias USB,371,4,3,true,0,0,1,4,1,100,2026-04-20,0,0,,A,"contenido diferencial — longitud, material y/o técnica presentes"
memoria-usb-portacelular-30-precio-neto-8926,Memoria Usb Portacelular 3.0 Precio Neto,Memorias USB,371,4,4,true,0,0,1,3,1,100,2026-04-20,0,0,,A,"contenido diferencial — longitud, material y/o técnica presentes"
lampara-usb-swan-precio-bomba-7423,Lampara Usb Swan - Precio Bomba,Tecnología,109,6,4,true,0,0,2,1,8,,,0,0,,C,fórmula de description repetida 8x sin mención de material/técnica
lampara-usb-snake-8117,Lampara Usb Snake,Iluminación,378,4,3,true,0,0,2,2,1,100,2026-04-20,0,0,,A,"contenido diferencial — longitud, material y/o técnica presentes"
linterna-cob-power-9544,Linterna Cob Power,Automóvil,336,4,3,true,0,1,1,0,1,100,2026-04-22,0,0,,A,"contenido diferencial — longitud, material y/o técnica presentes"
speaker-bluetooth-con-lampara-oferta-9579,Speaker Bluetooth Con Lampara Oferta,Iluminación,356,4,3,true,0,0,1,1,1,100,2026-04-20,1,0,6,A,"contenido diferencial — longitud, material y/o técnica presentes"
carpeta-folder-congress-produccion-nacional-7090,Carpeta Folder Congress - Produccion Nacional,Producción Nacional,352,4,3,true,0,0,1,3,1,100,2026-04-20,0,0,,A,"contenido diferencial — longitud, material y/o técnica presentes"
libreta-like-it-produccion-nacional-7089,Libreta Like it - Producción Nacional,Oficina,101,4,4,true,0,0,0,1,5,,,0,0,,C,fórmula de description repetida 5x sin mención de material/técnica
libreta-con-boligrafo-hard-top-100-hojas-produccion-nacional-1064,Libreta Con Bolígrafo Hard Top 100 Hojas - Producción Nacional,Producción Nacional,357,4,3,true,0,0,1,1,1,100,2026-04-22,0,0,,A,"contenido diferencial — longitud, material y/o técnica presentes"
portarretrato-almanaque-produccion-nacional-4720,Portarretrato - Almanaque - Produccion Nacional,Producción Nacional,388,4,3,true,0,0,1,4,1,100,2026-04-20,0,0,,A,"contenido diferencial — longitud, material y/o técnica presentes"
portaboligrafos-frost-produccion-nacional-2388,Portabolígrafos Frost - Producción Nacional,Médicos,424,4,3,true,0,0,1,1,1,100,2026-04-20,0,0,,A,"contenido diferencial — longitud, material y/o técnica presentes"
portaboligrafos-3-en-1-produccion-nacional-2389,Portabolígrafos 3 en 1 - Producción Nacional,Médicos,420,4,3,true,0,0,0,4,1,100,2026-04-20,0,0,,A,"contenido diferencial — longitud, material y/o técnica presentes"
portalapices-cilindrico-nacional-3472,Portalápices Cilíndrico Nacional,Médicos,294,4,3,true,0,0,1,0,1,100,2026-04-22,1,0,6,A,"contenido diferencial — longitud, material y/o técnica presentes"
portatarjetas-arc-produccion-nacional-2385,Portatarjetas Arc - Produccion Nacional,Producción Nacional,364,4,3,true,0,0,0,1,1,100,2026-04-22,0,0,,A,"contenido diferencial — longitud, material y/o técnica presentes"
portaidentificador-de-carnet-con-destapador-10378,Portaidentificador de Carnet Con Destapador,Precio Bomba,370,4,3,true,1,0,0,1,1,100,2026-05-31,0,0,,A,"contenido diferencial — longitud, material y/o técnica presentes"
llavero-destapador-house-10408,Llavero Destapador House,Bar y Vino,351,4,3,true,0,0,1,0,1,100,2026-04-22,0,0,,A,"contenido diferencial — longitud, material y/o técnica presentes"
mini-herramientero-blazor-13334,Mini Herramientero Blazor,Iluminación,417,4,3,true,0,0,1,4,1,100,2026-04-20,0,0,,A,"contenido diferencial — longitud, material y/o técnica presentes"
carabinero-3100,Carabinero,Variedades,373,4,3,true,0,0,2,3,1,100,2026-04-20,1,0,9,A,"contenido diferencial — longitud, material y/o técnica presentes"
llavero-silicone-silicona-2226,Llavero Silicone - Silicona,Llaveros,99,6,4,true,2,0,2,1,6,,,0,0,,B,contenido corto y sin material o técnica de marcación mencionados
llavero-corcho-oferta-8884,Llavero Corcho - Oferta,Llaveros,105,6,4,true,0,1,2,1,10,,,1,0,8,B,contenido corto y sin material o técnica de marcación mencionados
llavero-pop-10076,Llavero Pop,Antiestrés,446,4,3,true,1,0,3,4,1,100,2026-04-20,0,0,,A,"contenido diferencial — longitud, material y/o técnica presentes"
llavero-double-10218,Llavero Double,Producción Nacional,288,4,3,true,0,0,0,4,1,100,2026-04-22,5,0,2,A,"contenido diferencial — longitud, material y/o técnica presentes"
set-ml-391-9761,Set Ml-391,Variedades,437,4,3,true,0,0,2,2,1,100,2026-04-20,0,0,,A,"contenido diferencial — longitud, material y/o técnica presentes"
llavero-ml-393-9763,Llavero Ml-393,Master Line,333,4,3,true,0,0,0,2,1,100,2026-04-22,2,0,10.5,A,"contenido diferencial — longitud, material y/o técnica presentes"
soporte-para-moviles-pop-10126,Soporte Para Móviles Pop,Precio Bomba,347,4,3,true,0,0,1,1,1,100,2026-04-22,0,0,,A,"contenido diferencial — longitud, material y/o técnica presentes"
llavero-pito-con-destapador-9132,Llavero Pito Con Destapador,Precio Bomba,357,4,3,true,1,0,1,2,1,100,2026-04-20,0,0,,A,"contenido diferencial — longitud, material y/o técnica presentes"
pito-con-luz-vision-13366,Pito Con Luz Vision,Iluminación,402,4,3,true,0,0,1,1,1,100,2026-04-20,1,0,6,A,"contenido diferencial — longitud, material y/o técnica presentes"
gancho-portacartera-1710,Gancho Portacartera,Master Line,352,4,3,true,0,0,1,1,1,100,2026-04-20,0,0,,A,"contenido diferencial — longitud, material y/o técnica presentes"
sporty-bag-kidz-sin-diseno-13170,Sporty Bag Kidz Sin Diseño,Maletines,101,4,4,true,0,0,1,3,10,,,0,0,,C,fórmula de description repetida 10x sin mención de material/técnica
cartuchera-en-cambrel-kidz-sin-diseno-13171,Cartuchera en Cambrel Kidz Sin Diseño,Maletines,97,4,4,true,0,2,1,1,6,,,0,0,,B,contenido corto y sin material o técnica de marcación mencionados
bolsa-metalizada-6933,Bolsa Metalizada,Maletines,98,4,4,true,1,0,2,1,8,,,1,0,10,B,contenido corto y sin material o técnica de marcación mencionados
sporty-bag-en-cambrel-ewok-6928,Sporty Bag en Cambrel Ewok,Deportes,343,4,3,true,0,0,0,1,1,100,2026-04-22,0,0,,A,"contenido diferencial — longitud, material y/o técnica presentes"
bolsa-en-cambrel-bawel-5611,Bolsa en Cambrel Bawel,Maletines,359,4,3,true,0,0,3,4,1,100,2026-04-20,0,0,,B,"lenguaje promocional genérico predominante, sin dato diferencial"
bolsa-en-cambrel-queen-6293,Bolsa en Cambrel Queen,Maletines,102,4,4,true,0,0,2,3,8,,,0,0,,C,fórmula de description repetida 8x sin mención de material/técnica
bolsa-en-cambrel-arcadia-6247,Bolsa en Cambrel Arcadia,Maletines,331,4,3,true,0,0,0,0,1,100,2026-04-22,0,0,,A,"contenido diferencial — longitud, material y/o técnica presentes"
bolsa-en-cambrel-con-fuelle-6248,Bolsa en Cambrel Con Fuelle,Maletines,268,4,3,true,0,1,1,1,1,100,2026-04-22,0,0,,A,"contenido diferencial — longitud, material y/o técnica presentes"
mini-bolsa-en-cambrel-6235,Mini Bolsa en Cambrel,Maletines,356,4,3,true,0,0,1,1,1,100,2026-04-22,0,0,,A,"contenido diferencial — longitud, material y/o técnica presentes"
bolsa-en-cambrel-franky-6238,Bolsa en Cambrel Franky,Maletines,371,4,3,true,0,0,1,4,1,100,2026-04-20,0,0,,A,"contenido diferencial — longitud, material y/o técnica presentes"
bolsa-en-cambrel-market-7574,Bolsa en Cambrel Market,Maletines,391,4,3,true,0,0,2,4,1,100,2026-04-20,0,0,,A,"contenido diferencial — longitud, material y/o técnica presentes"
canguro-en-poliester-3615,Canguro en Poliéster,Deportes,351,4,3,true,1,0,1,1,1,100,2026-04-20,0,0,,A,"contenido diferencial — longitud, material y/o técnica presentes"
canguro-orion-7602,Canguro Orión,Deportes,515,4,3,true,0,0,1,3,1,100,2026-04-20,1,0,2,A,"contenido diferencial — longitud, material y/o técnica presentes"
canguro-en-poliester-pocket-7766,Canguro en Poliester Pocket,Deportes,403,4,3,true,1,0,1,4,1,100,2026-04-20,0,0,,A,"contenido diferencial — longitud, material y/o técnica presentes"
canguro-gemini-produccion-nacional-8721,Canguro Gemini - Produccion Nacional,Deportes,381,4,3,true,0,0,1,1,1,100,2026-04-20,0,0,,A,"contenido diferencial — longitud, material y/o técnica presentes"
canguro-reflective-9156,Canguro Reflective,Bicicleta,497,4,3,true,0,0,1,4,1,100,2026-04-20,0,0,,A,"contenido diferencial — longitud, material y/o técnica presentes"
canguro-sauris-9196,Canguro Sauris - Precio Bomba,Bicicleta,346,4,3,true,0,0,1,3,1,100,2026-04-20,0,0,,A,"contenido diferencial — longitud, material y/o técnica presentes"
canguro-moldik-9197,Canguro Moldik,Bicicleta,417,4,3,true,0,0,2,3,1,100,2026-04-20,0,0,,A,"contenido diferencial — longitud, material y/o técnica presentes"
canguro-para-moviles-nylon-9857,Canguro Para Móviles Nylon,Bicicleta,323,4,3,true,0,0,1,1,1,100,2026-04-22,1,0,6,A,"contenido diferencial — longitud, material y/o técnica presentes"
canguro-dior-9823,Canguro Dior,Bicicleta,327,4,3,true,0,0,0,3,1,100,2026-04-22,0,0,,A,"contenido diferencial — longitud, material y/o técnica presentes"
canguro-london-produccion-nacional-9824,Canguro London - Produccion Nacional,Bicicleta,415,4,3,true,0,0,1,2,1,100,2026-04-20,0,0,,A,"contenido diferencial — longitud, material y/o técnica presentes"
canguro-strike-urban-travel-10166,Canguro Strike Urban Travel,Maletines,96,4,4,true,0,0,0,1,6,,,0,0,,C,fórmula de description repetida 6x sin mención de material/técnica
morral-backpack-legacy-urban-travel-9818,Morral Backpack Legacy Urban Travel,Maletines,120,6,4,true,0,0,3,1,1,,,3,0,5,B,"lenguaje promocional genérico predominante, sin dato diferencial"
morral-backpack-kepler-urban-travel-10164,Morral Backpack Kepler Urban Travel,Maletines,100,6,4,true,0,0,0,1,10,,,0,0,,C,fórmula de description repetida 10x sin mención de material/técnica
morral-backpack-jinx-urban-travel-10163,Morral Backpack Jinx Urban Travel,Maletines,107,6,4,true,0,0,3,1,6,,,1,0,7,C,fórmula de description repetida 6x sin mención de material/técnica
sporty-bag-crocket-6938,Sporty Bag Crocket,Deportes,440,4,3,true,0,0,2,1,1,100,2026-04-20,0,0,,A,"contenido diferencial — longitud, material y/o técnica presentes"
morral-backpack-rush-produccion-nacional-6901,Morral Backpack Rush - Producción Nacional,Deportes,322,4,3,true,0,2,0,1,1,100,2026-04-21,0,0,,A,"contenido diferencial — longitud, material y/o técnica presentes"
maletin-deportivo-florida-4876,Maletin Deportivo Florida,Deportes,427,4,3,true,0,0,1,1,1,100,2026-04-20,0,0,,A,"contenido diferencial — longitud, material y/o técnica presentes"
morral-backpack-reflective-8161,Morral Backpack Reflective,Reflectivos,382,4,4,true,0,0,1,2,1,100,2026-04-20,0,0,,A,"contenido diferencial — longitud, material y/o técnica presentes"
sporty-bag-reflective-8182,Sporty Bag Reflective,Reflectivos,425,4,3,true,0,0,1,3,1,100,2026-04-20,0,0,,A,"contenido diferencial — longitud, material y/o técnica presentes"
morral-backpack-plegable-molly-8193,Morral Backpack Plegable Molly,Deportes,413,4,3,true,0,0,1,3,1,100,2026-04-20,0,0,,A,"contenido diferencial — longitud, material y/o técnica presentes"
protector-para-morral-backpack-emergency-produccion-nacional-6919,Protector Para Morral Backpack Emergency - Produccion Nacional,Maletines,119,6,4,true,0,0,1,0,5,,,0,0,,C,fórmula de description repetida 5x sin mención de material/técnica
morral-backpack-retro-produccion-nacional-7697,Morral Backpack Retro - Produccion Nacional,Producción Nacional,305,4,3,true,0,0,1,2,1,100,2026-04-20,0,0,,A,"contenido diferencial — longitud, material y/o técnica presentes"
morral-backpack-derex-8541,Morral Backpack Derex,Maletines,105,6,4,true,0,0,3,1,4,,,0,0,,B,contenido corto y sin material o técnica de marcación mencionados
morral-backpack-antirrobo-royal-9213,Morral Backpack Antirrobo Royal,Maletines,397,4,3,true,0,0,1,2,1,100,2026-04-20,0,0,,A,"contenido diferencial — longitud, material y/o técnica presentes"
morral-backpack-strings-9598,Morral Backpack Strings,Maletines,106,6,4,true,0,0,2,1,4,,,0,0,,B,contenido corto y sin material o técnica de marcación mencionados
mininevera-cooler-con-portacomida-produccion-nacional-3244,Mininevera Cooler Con Portacomida - Producción Nacional,Producción Nacional,350,4,3,true,0,0,0,0,1,100,2026-04-22,0,0,,A,"contenido diferencial — longitud, material y/o técnica presentes"
nevera-cooler-bag-trolley-1073,Nevera Cooler Bag Trolley,Maletines,102,6,4,true,1,2,2,1,3,,,0,0,,A,"contenido diferencial — longitud, material y/o técnica presentes"
nevera-cooler-lunchy-8157,Nevera Cooler Lunchy,Precio Bomba,405,4,3,true,0,0,1,3,1,100,2026-04-20,0,0,,A,"contenido diferencial — longitud, material y/o técnica presentes"
nevera-cooler-bag-soccer-ball-produccion-nacional-8291,Nevera Cooler Bag Soccer Ball - Produccion Nacional,Producción Nacional,342,4,3,true,0,0,1,4,1,100,2026-04-21,0,0,,A,"contenido diferencial — longitud, material y/o técnica presentes"
nevera-cooler-bag-goal-produccion-nacional-8290,Nevera Cooler Bag Goal - Produccion Nacional,Maletines,410,4,4,true,0,0,2,1,1,100,2026-04-20,0,0,,A,"contenido diferencial — longitud, material y/o técnica presentes"
nevera-cooler-kendrik-produccion-nacional-9349,Nevera Cooler Kendrik - Produccion Nacional,Producción Nacional,366,4,3,true,0,0,1,1,1,100,2026-04-20,0,0,,A,"contenido diferencial — longitud, material y/o técnica presentes"
molde-de-silicona-ice-face-10677,Molde de Silicona Ice Face,Precio Bomba,399,4,3,true,1,0,1,1,1,100,2026-04-20,0,0,,A,"contenido diferencial — longitud, material y/o técnica presentes"
organizador-multiusos-lyra-10675,Organizador Multiusos Lyra,Maletines,93,6,4,true,0,0,3,1,6,,,0,0,,C,fórmula de description repetida 6x sin mención de material/técnica
cosmetiquera-venecia-6904,Cosmetiquera Venecia,Maletines,90,4,4,true,0,0,0,3,2,,,0,0,,B,contenido corto y sin material o técnica de marcación mencionados
multiorganizador-para-cartera-y-maletin-6562,Multiorganizador Para Cartera y Maletín,Maletines,350,4,3,true,0,0,1,1,1,100,2026-04-20,0,0,,A,"contenido diferencial — longitud, material y/o técnica presentes"
bolso-venecia-nacional-6221,Bolso Venecia Nacional,Maletines,96,6,4,true,0,0,0,1,5,,,1,0,10,C,fórmula de description repetida 5x sin mención de material/técnica
sporty-bag-molt-6246,Sporty Bag Molt,Deportes,327,4,3,true,0,0,2,1,1,100,2026-04-20,0,0,,A,"contenido diferencial — longitud, material y/o técnica presentes"
agarradera-para-bolso-compacto-con-carabinero-3258,Agarradera Para Bolso Compacto Con Carabinero,Producción Nacional,329,4,3,true,1,0,0,1,1,100,2026-04-22,0,0,,A,"contenido diferencial — longitud, material y/o técnica presentes"
portapasaporte-security-7599,Portapasaporte Security,Maletines,89,4,4,true,0,0,1,0,10,,,0,0,,C,fórmula de description repetida 10x sin mención de material/técnica
cosmetiquera-travel-produccion-nacional-8720,Cosmetiquera Travel - Producción Nacional,Producción Nacional,437,4,4,true,0,0,1,2,1,100,2026-04-20,0,0,,A,"contenido diferencial — longitud, material y/o técnica presentes"
maletin-trolley-bag-norris-oferta-6925,Maletin Trolley Bag Norris Oferta,Maletines,348,4,3,true,0,0,0,1,1,100,2026-04-21,0,0,,A,"contenido diferencial — longitud, material y/o técnica presentes"
morral-backpack-elegant-10725,Morral Backpack Elegant,Precio Bomba,356,4,3,true,0,0,0,1,1,100,2026-04-22,0,0,,A,"contenido diferencial — longitud, material y/o técnica presentes"
maletin-trolley-florida-weekend-oferta-4888,Maletin Trolley Florida Weekend Oferta,Maletines,94,4,4,true,0,0,0,0,5,,,0,0,,C,fórmula de description repetida 5x sin mención de material/técnica
maletin-trolley-city-4886,Maletin Trolley City,Maletines,349,4,3,true,0,0,1,4,1,100,2026-04-20,3,0,4,A,"contenido diferencial — longitud, material y/o técnica presentes"
morral-antirrobo-backpack-rpet-10010,Morral Antirrobo Backpack Rpet,Precio Bomba,331,4,3,true,1,0,1,2,1,100,2026-04-22,0,0,,A,"contenido diferencial — longitud, material y/o técnica presentes"
sporty-bag-sencilla-ii-rpet-10686,Sporty Bag Sencilla ii Rpet,Maletines,388,4,3,true,1,0,2,4,1,100,2026-04-20,0,0,,A,"contenido diferencial — longitud, material y/o técnica presentes"
bolsa-clear-anny-produccion-nacional-6465,Bolsa Clear Anny - Produccion Nacional,Deportes,366,4,3,true,0,0,1,3,1,100,2026-04-22,0,0,,A,"contenido diferencial — longitud, material y/o técnica presentes"
sporty-bag-con-malla-2129,Sporty Bag Con Malla,Deportes,298,4,3,true,0,0,1,1,1,100,2026-04-22,0,0,,A,"contenido diferencial — longitud, material y/o técnica presentes"
sporty-bag-sencilla-1552,Sporty Bag Sencilla,Deportes,344,4,3,true,0,0,0,1,1,100,2026-04-22,3,0,8,A,"contenido diferencial — longitud, material y/o técnica presentes"
sporty-bag-aspen-7583,Sporty Bag Aspen,Deportes,351,4,3,true,0,0,1,1,1,100,2026-04-20,1,0,20,A,"contenido diferencial — longitud, material y/o técnica presentes"
sporty-bag-whip-7571,Sporty Bag Whip,Deportes,349,4,3,true,0,0,1,1,1,100,2026-04-22,0,0,,A,"contenido diferencial — longitud, material y/o técnica presentes"
bolsa-en-cambrel-reflectiva-8199,Bolsa en Cambrel Reflectiva,Bicicleta,405,4,3,true,0,0,2,3,1,100,2026-04-20,0,0,,A,"contenido diferencial — longitud, material y/o técnica presentes"
sporty-bag-champion-produccion-nacional-8283,Sporty Bag Champion - Produccion Nacional,Producción Nacional,349,4,3,true,0,0,0,1,1,100,2026-04-22,0,0,,A,"contenido diferencial — longitud, material y/o técnica presentes"
sporty-bag-spock-8404,Sporty Bag Spock,Deportes,338,4,3,true,0,0,0,2,1,100,2026-04-22,0,0,,A,"contenido diferencial — longitud, material y/o técnica presentes"
sporty-bag-eco-yute-280gr-9725,Sporty Bag Eco Yute (280gr),Deportes,359,4,3,true,0,0,1,1,1,100,2026-04-22,0,0,,A,"contenido diferencial — longitud, material y/o técnica presentes"
llavero-ml-401-10514,Llavero Ml-401,Master Line,95,6,4,true,1,0,3,1,6,,,0,0,,B,contenido corto y sin material o técnica de marcación mencionados
llavero-ml-402-10407,Llavero Ml-402,Master Line,317,4,3,true,0,0,0,3,1,100,2026-04-20,3,0,6.67,A,"contenido diferencial — longitud, material y/o técnica presentes"
llavero-ml-404-10950,Llavero Ml-404,Llaveros,100,6,4,true,0,0,2,1,4,,,0,0,,B,contenido corto y sin material o técnica de marcación mencionados
llavero-ml-405-10951,Llavero Ml-405,Llaveros,95,6,4,true,1,0,2,1,5,,,0,0,,B,contenido corto y sin material o técnica de marcación mencionados
llavero-ml-406-10952,Llavero Ml-406,Llaveros,355,4,3,true,0,0,1,3,1,100,2026-04-20,0,0,,A,"contenido diferencial — longitud, material y/o técnica presentes"
llavero-ml-407-10953,Llavero Ml-407,Llaveros,96,6,4,true,1,1,3,1,5,,,0,0,,A,"contenido diferencial — longitud, material y/o técnica presentes"
llavero-ml-408-10954,Llavero Ml-408,Llaveros,96,6,4,true,0,1,2,1,4,,,0,0,,B,contenido corto y sin material o técnica de marcación mencionados
llavero-ml-409-10955,Llavero Ml-409,Llaveros,91,6,4,true,0,1,1,1,6,,,0,0,,B,contenido corto y sin material o técnica de marcación mencionados
llavero-ml-411-10957,Llavero Ml-411,Llaveros,92,6,4,true,1,0,1,1,6,,,0,0,,B,contenido corto y sin material o técnica de marcación mencionados
llavero-ml-412-10958,Llavero Ml-412,Llaveros,95,6,4,true,1,0,2,0,7,,,0,0,,B,contenido corto y sin material o técnica de marcación mencionados
llavero-ml-413-11037,Llavero Ml-413,Llaveros,370,5,3,true,1,2,2,4,1,100,2026-04-20,3,0,7.67,A,"contenido diferencial — longitud, material y/o técnica presentes"
clip-portamensajes-car-4214,Clip Portamensajes Car,Precio Bomba,320,4,3,true,0,0,2,1,1,100,2026-04-20,0,0,,A,"contenido diferencial — longitud, material y/o técnica presentes"
clip-portamensajes-house-oferta-4213,Clip Portamensajes House Oferta,Master Line,395,4,3,true,1,0,1,3,1,90,2026-04-20,0,0,,A,"contenido diferencial — longitud, material y/o técnica presentes"
clip-portamensajes-mini-car-oferta-8037,Clip Portamensajes Mini Car - Oferta,Master Line,303,4,3,true,0,0,0,1,1,100,2026-04-22,0,0,,A,"contenido diferencial — longitud, material y/o técnica presentes"
portatarjetas-ml-275-oferta-4816,Portatarjetas Ml-275 - Oferta,Master Line,344,4,3,true,0,0,0,3,1,100,2026-04-20,0,0,,A,"contenido diferencial — longitud, material y/o técnica presentes"
porta-tarjetas-ml-307-6131,Porta Tarjetas Ml-307,Precio Bomba,337,4,3,true,0,0,1,1,1,100,2026-04-22,0,0,,A,"contenido diferencial — longitud, material y/o técnica presentes"
portatarjetas-ml-182-3089,Portatarjetas Ml-182,Precio Bomba,263,4,3,true,1,1,1,1,1,100,2026-04-22,0,0,,A,"contenido diferencial — longitud, material y/o técnica presentes"
set-monarch-7443,Set Monarch,Master Line,379,4,4,true,0,0,1,1,1,100,2026-04-20,0,0,,A,"contenido diferencial — longitud, material y/o técnica presentes"
portatarjetas-ml-376-oferta-8610,Portatarjetas Ml-376 - Oferta,Master Line,340,4,3,true,1,0,2,1,1,85,2026-04-22,0,0,,A,"contenido diferencial — longitud, material y/o técnica presentes"
set-de-llavero-y-portatarjetas-ml-372-oferta-8606,Set de Llavero y Portatarjetas Ml-372 - Oferta,Master Line,381,4,3,true,0,0,1,4,1,100,2026-04-20,2,0,6.5,A,"contenido diferencial — longitud, material y/o técnica presentes"
set-ml-383-9191,Set Ml-383,Master Line,338,4,3,true,0,0,1,1,1,100,2026-04-22,0,0,,A,"contenido diferencial — longitud, material y/o técnica presentes"
portatarjetas-ml-384-oferta-9192,Portatarjetas Ml-384 Oferta,Master Line,303,4,3,true,0,0,0,2,1,100,2026-04-22,0,0,,A,"contenido diferencial — longitud, material y/o técnica presentes"
memoria-usb-boligrafo-wood-precio-neto-10011,Memoria Usb Bolígrafo Wood Precio Neto,Artículos de Escritura,106,6,4,true,0,0,0,1,10,,,0,0,,C,fórmula de description repetida 10x sin mención de material/técnica
memoria-usb-credit-card-precio-neto-3301,Memoria Usb Credit Card Precio Neto,Memorias USB,384,4,3,true,0,0,1,3,1,100,2026-04-20,0,0,,A,"contenido diferencial — longitud, material y/o técnica presentes"
memoria-usb-manilla-slimmy-ver-chip-of-228-ch-precio-neto-7271,Memoria Usb Manilla Slimmy (ver Chip Of-228-ch) Precio Neto,Memorias USB,343,4,3,true,0,0,1,1,1,100,2026-04-22,0,0,,A,"contenido diferencial — longitud, material y/o técnica presentes"
memoria-usb-manilla-bandy-ii-precio-neto-7259,Memoria Usb Manilla Bandy ii Precio Neto,Memorias USB,418,4,3,true,0,0,1,3,1,100,2026-04-20,0,0,,A,"contenido diferencial — longitud, material y/o técnica presentes"
pvc-memoria-usb-medic-3d-ver-of-228-ch-precio-neto-8802,Pvc Memoria Usb Medic 3d - Ver Of-228-ch Precio Neto,Memorias USB,334,4,3,true,1,0,0,3,1,100,2026-04-22,1,0,9,A,"contenido diferencial — longitud, material y/o técnica presentes"
pvc-memoria-usb-soccer-ver-of-228-ch-oferta-9929,Pvc Memoria Usb Soccer (ver Of-228-ch) Oferta,Memorias USB,343,4,3,true,1,0,1,1,1,100,2026-04-22,0,0,,A,"contenido diferencial — longitud, material y/o técnica presentes"
memoria-usb-credit-card-eco-precio-neto-oferta-10012,Memoria Usb Credit Card Eco Precio Neto - Oferta,EcoNature,292,4,3,true,1,0,0,0,1,100,2026-04-22,0,0,,A,"contenido diferencial — longitud, material y/o técnica presentes"
botilito-metalico-sublimacion-sport-bottle-500ml-10667,Botilito Metálico Sublimación Sport Bottle 500ml,Tomatodos y Botilitos Personalizados,129,4,3,true,1,2,3,1,1,80,2026-07-10,0,0,,A,"contenido diferencial — longitud, material y/o técnica presentes"
botilito-plastico-counter-650ml-9775,Botilito Plástico Counter 650ml,Tomatodos y Botilitos Personalizados,147,6,5,true,1,0,1,1,1,80,2026-07-10,0,0,,A,"contenido diferencial — longitud, material y/o técnica presentes"
botilito-metalico-para-sublimacion-gipsy-700ml-10684,Botilito Metálico Para Sublimación Gipsy 700ml,Tomatodos y Botilitos Personalizados,151,5,3,true,1,1,1,3,1,80,2026-07-10,0,0,,A,"contenido diferencial — longitud, material y/o técnica presentes"
mezclador-en-acero-inoxidable-6701,Mezclador en Acero Inoxidable,Mugs y Termos,118,4,4,true,1,0,3,1,10,,,0,0,,B,contenido corto y sin material o técnica de marcación mencionados
botilito-sport-laguna-800ml-4440,Botilito Sport Laguna - 800ml,Tomatodos y Botilitos Personalizados,139,5,3,true,0,0,2,3,1,80,2026-07-10,0,0,,A,"contenido diferencial — longitud, material y/o técnica presentes"
botilito-en-pvc-curvy-525ml-produccion-nacional-6322,Botilito en Pvc Curvy 525ml - Producción Nacional,Tomatodos y Botilitos Personalizados,141,5,3,true,1,0,2,3,1,80,2026-07-10,1,0,7,A,"contenido diferencial — longitud, material y/o técnica presentes"
botilito-sport-titan-650-ml-produccion-nacional-4439,Botilito Sport Titán - 650 ml - Produccion Nacional,Tomatodos y Botilitos Personalizados,187,5,4,true,0,2,2,3,1,80,2026-07-10,0,0,,A,"contenido diferencial — longitud, material y/o técnica presentes"
botilito-pvc-mercury-850ml-precio-bomba-3742,Botilito Pvc Mercury - 850ml - Precio Bomba,Tomatodos y Botilitos Personalizados,150,5,3,true,1,1,2,3,1,80,2026-07-10,0,0,,A,"contenido diferencial — longitud, material y/o técnica presentes"
botilito-mini-spring-550ml-5159,Botilito Mini Spring 550ml,Tomatodos y Botilitos Personalizados,115,3,3,true,0,0,2,2,1,80,2026-07-10,0,0,,B,contenido corto y sin material o técnica de marcación mencionados
botilito-urban-700ml-produccion-nacional-4080,Botilito Urban 700ml - Produccion Nacional,Tomatodos y Botilitos Personalizados,124,5,3,true,0,0,1,1,1,80,2026-07-10,2,0,7.5,A,"contenido diferencial — longitud, material y/o técnica presentes"
botilito-igloo-500ml-produccion-nacional-ver-tapa-energy-2375,Botilito Igloo 500ml - Produccion Nacional (ver Tapa Energy),Tomatodos y Botilitos Personalizados,148,5,3,true,0,0,2,1,1,80,2026-07-10,0,0,,A,"contenido diferencial — longitud, material y/o técnica presentes"
botilito-metalico-sport-bottle-500ml-4433,Botilito Metálico Sport Bottle - 500ml,Tomatodos y Botilitos Personalizados,149,5,3,true,1,1,2,1,1,80,2026-07-10,0,0,,A,"contenido diferencial — longitud, material y/o técnica presentes"
botilito-metalico-otto-600-ml-8530,Botilito Metálico Otto 600 ml,Tomatodos y Botilitos Personalizados,197,6,5,true,1,0,1,2,1,80,2026-07-10,0,0,,A,"contenido diferencial — longitud, material y/o técnica presentes"
botilito-metalico-jupiter-500-ml-8514,Botilito Metálico Jupiter 500 ml,Tomatodos y Botilitos Personalizados,142,5,3,true,1,1,2,3,1,80,2026-07-10,0,0,,A,"contenido diferencial — longitud, material y/o técnica presentes"
botilito-metalico-wolfgang-500-ml-8531,Botilito Metálico Wolfgang 500 ml,Tomatodos y Botilitos Personalizados,188,5,3,true,1,0,1,4,1,80,2026-07-10,0,0,,A,"contenido diferencial — longitud, material y/o técnica presentes"
botilito-en-aluminio-parsons-700ml-8758,Botilito en Aluminio Parsons 700ml,Tomatodos y Botilitos Personalizados,168,5,5,true,0,0,1,1,1,80,2026-07-10,0,0,,A,"contenido diferencial — longitud, material y/o técnica presentes"
botilito-metalico-wood-700ml-9016,Botilito Metalico Wood 700ml,Tomatodos y Botilitos Personalizados,154,5,4,true,1,0,1,1,1,80,2026-07-10,0,0,,A,"contenido diferencial — longitud, material y/o técnica presentes"
botilito-metalico-barry-600ml-9017,Botilito Metalico Barry 600ml - Precio Bomba,Tomatodos y Botilitos Personalizados,144,5,3,true,1,1,1,1,1,80,2026-07-10,0,0,,A,"contenido diferencial — longitud, material y/o técnica presentes"
botilito-metalico-jumbo-750ml-9396,Botilito Metalico Jumbo 750ml,Tomatodos y Botilitos Personalizados,156,5,3,true,1,0,2,1,1,80,2026-07-10,0,0,,A,"contenido diferencial — longitud, material y/o técnica presentes"
botilito-metalico-hans-600ml-9437,Botilito Metalico Hans 600ml,Tomatodos y Botilitos Personalizados,167,5,5,true,1,0,2,1,1,80,2026-07-10,0,0,,A,"contenido diferencial — longitud, material y/o técnica presentes"
botilito-metalico-vortex-600ml-9550,Botilito Metalico Vortex 600ml,Tomatodos y Botilitos Personalizados,153,5,3,true,1,0,2,1,1,80,2026-07-10,0,0,,A,"contenido diferencial — longitud, material y/o técnica presentes"
botilito-supra-en-pet-610ml-produccion-nacional-6706,Botilito Supra en Pet 610ml - Produccion Nacional,Tomatodos y Botilitos Personalizados,169,5,3,true,0,0,3,1,1,80,2026-07-10,0,0,,B,"lenguaje promocional genérico predominante, sin dato diferencial"
botilito-en-pvc-helice-650ml-produccion-nacional-5741,Botilito en Pvc Hélice 650ml - Producción Nacional,Tomatodos y Botilitos Personalizados,156,6,3,true,1,0,2,3,1,80,2026-07-10,0,0,,A,"contenido diferencial — longitud, material y/o técnica presentes"
botilito-spider-pvc-650-ml-produccion-nacional-5486,Botilito Spider Pvc 650 ml - Produccion Nacional,Tomatodos y Botilitos Personalizados,143,3,3,true,1,0,2,3,1,80,2026-07-10,0,0,,A,"contenido diferencial — longitud, material y/o técnica presentes"
botilito-en-pvc-curvy-500ml-produccion-nacional-6322,Botilito en Pvc Curvy 500ml - Producción Nacional,Tomatodos y Botilitos Personalizados,148,5,3,true,1,0,2,1,1,80,2026-07-10,0,0,,A,"contenido diferencial — longitud, material y/o técnica presentes"
botilito-sport-titan-690-ml-produccion-nacional-4439,Botilito Sport Titán - 690 ml - Produccion Nacional,Tomatodos y Botilitos Personalizados,175,5,4,true,0,0,2,1,1,80,2026-07-10,1,0,9,A,"contenido diferencial — longitud, material y/o técnica presentes"
botilito-pvc-mercury-850ml-3742,Botilito Pvc Mercury - 850ml,Tomatodos y Botilitos Personalizados,148,5,3,true,1,1,2,1,1,80,2026-07-10,0,0,,A,"contenido diferencial — longitud, material y/o técnica presentes"
botilito-saturno-pvc-900ml-produccion-nacional-ver-mu-35-tapa-pesta-6705,Botilito Saturno Pvc 900ml - Produccion Nacional (ver Mu-35 - Tapa Pesta),Tomatodos y Botilitos Personalizados,143,5,3,true,1,0,1,1,1,80,2026-07-10,0,0,,A,"contenido diferencial — longitud, material y/o técnica presentes"
mini-botilito-ergo-400ml-produccion-nacional-5484,Mini Botilito Ergo 400ml - Producción Nacional,Tomatodos y Botilitos Personalizados,159,5,4,true,0,0,2,1,1,80,2026-07-10,0,0,,A,"contenido diferencial — longitud, material y/o técnica presentes"
botilito-carabinero-pvc-690ml-produccion-nacional-5820,Botilito Carabinero Pvc 690ml-producción Nacional,Tomatodos y Botilitos Personalizados,136,5,3,true,1,0,1,1,1,80,2026-07-10,0,0,,A,"contenido diferencial — longitud, material y/o técnica presentes"
botilito-mini-spring-590ml-tapa-importada-o-nacional-5159,Botilito Mini Spring 590ml (tapa Importada o Nacional),Tomatodos y Botilitos Personalizados,148,5,3,true,0,0,2,1,1,80,2026-07-10,0,0,,A,"contenido diferencial — longitud, material y/o técnica presentes"
botilito-en-tritan-bugsy-630ml-6815,Botilito en Tritan Bugsy 630ml,Tomatodos y Botilitos Personalizados,143,5,3,true,0,1,2,3,1,80,2026-07-10,0,0,,A,"contenido diferencial — longitud, material y/o técnica presentes"
botilito-infussion-800ml-5762,Botilito Infussion 800ml,Tomatodos y Botilitos Personalizados,140,5,3,true,0,0,1,3,1,80,2026-07-10,0,0,,A,"contenido diferencial — longitud, material y/o técnica presentes"
botilito-en-tritan-swat-600ml-oferta-9559,Botilito en Tritan Swat 600ml - Oferta,Tomatodos y Botilitos Personalizados,139,6,3,true,0,1,1,3,1,80,2026-07-10,0,0,,A,"contenido diferencial — longitud, material y/o técnica presentes"
agarradera-en-polietileno-nuevo-13405,Agarradera en Polietileno Nuevo,Mugs y Termos,119,4,4,true,0,0,3,1,6,,,0,0,,C,fórmula de description repetida 6x sin mención de material/técnica
mug-ceramica-neon-11oz-oferta-6821,Mug Ceramica Neon 11oz - Oferta,Mugs y Termos,401,4,3,true,1,0,3,4,1,100,2026-04-20,0,0,,A,"contenido diferencial — longitud, material y/o técnica presentes"
mug-oxford-ceramica-11oz-3505,Mug Oxford Cerámica 11oz,Mugs y Termos,354,4,3,true,1,0,1,1,1,100,2026-04-20,0,0,,A,"contenido diferencial — longitud, material y/o técnica presentes"
mug-ceramica-cuadrado-10-oz-1591,Mug Cerámica Cuadrado 10 oz,Mugs y Termos,343,4,3,true,1,0,0,2,1,100,2026-04-21,0,0,,A,"contenido diferencial — longitud, material y/o técnica presentes"
mug-ceramica-tablero-11oz-con-tiza-4059,Mug Cerámica Tablero 11oz Con Tiza - Precio Bomba,Precio Bomba,376,4,3,true,1,0,1,3,1,100,2026-04-20,0,0,,A,"contenido diferencial — longitud, material y/o técnica presentes"
mug-ceramica-para-sublimacion-i-11oz-4065,Mug Cerámica Para Sublimación i 11oz,Mugs y Termos,408,4,3,true,1,1,2,1,1,100,2026-04-20,0,0,,A,"contenido diferencial — longitud, material y/o técnica presentes"
mug-ceramica-sublimacion-magic-color-11oz-4064,Mug Cerámica Sublimación Magic Color 11oz,Mugs y Termos,366,4,3,true,1,1,0,3,1,100,2026-04-20,0,0,,A,"contenido diferencial — longitud, material y/o técnica presentes"
mug-ceramica-con-cuchara-trump-10oz-6822,Mug Cerámica Con Cuchara Trump 10oz,Mugs y Termos,404,4,3,true,1,0,1,3,1,100,2026-04-20,0,0,,A,"contenido diferencial — longitud, material y/o técnica presentes"
mug-firenze-ceramica-neon-10oz-oferta-2831,Mug Firenze Cerámica Neón 10oz Oferta,Mugs y Termos,342,4,3,true,1,0,2,1,1,100,2026-04-21,0,0,,A,"contenido diferencial — longitud, material y/o técnica presentes"
mug-ceramica-con-corcho-11-oz-7453,Mug Ceramica Con Corcho 11 oz,Mugs y Termos,387,4,3,true,1,0,3,3,1,100,2026-04-20,1,0,11,A,"contenido diferencial — longitud, material y/o técnica presentes"
mug-ceramica-zenith-12oz-7874,Mug Cerámica Zenith 12oz,Mugs y Termos,337,4,3,true,1,2,1,1,1,100,2026-04-20,0,0,,A,"contenido diferencial — longitud, material y/o técnica presentes"
mug-ceramica-ottis-11oz-oferta-8421,Mug Cerámica Ottis 11oz Oferta,Mugs y Termos,344,4,3,true,1,0,2,3,1,100,2026-04-20,1,0,5,A,"contenido diferencial — longitud, material y/o técnica presentes"
mug-doble-pared-en-acero-ii-16oz-1342,Mug Doble Pared en Acero ii - 16oz,Mugs y Termos,410,4,3,true,1,0,1,4,1,100,2026-04-20,0,0,,A,"contenido diferencial — longitud, material y/o técnica presentes"
mug-metalico-galileo-16oz-8060,Mug Metálico Galileo 16oz,Automóvil,344,4,3,true,1,0,2,1,1,100,2026-04-20,0,0,,A,"contenido diferencial — longitud, material y/o técnica presentes"
mug-metalico-peyton-470-ml-8667,Mug Metálico Peyton 470 ml,Mugs y Termos,363,4,3,true,1,0,1,4,1,100,2026-04-20,0,0,,A,"contenido diferencial — longitud, material y/o técnica presentes"
mug-metalico-moritz-450-ml-8526,Mug Metálico Moritz 450 ml,Automóvil,381,4,4,true,1,0,1,1,1,100,2026-04-20,0,0,,A,"contenido diferencial — longitud, material y/o técnica presentes"
set-de-mugs-con-termo-cascade-8853,Set de Mugs Con Termo Cascade,Termos Personalizados,143,5,4,true,0,0,1,3,1,80,2026-07-10,0,0,,A,"contenido diferencial — longitud, material y/o técnica presentes"
mug-metalico-star-350ml-8986,Mug Metálico Star 350ml,Mugs y Termos,370,4,3,true,2,0,0,1,1,100,2026-04-21,0,0,,A,"contenido diferencial — longitud, material y/o técnica presentes"
mug-metalico-mask-350ml-9018,Mug Metalico Mask 350ml,Mugs y Termos,381,4,3,true,1,0,1,1,1,100,2026-04-20,0,0,,A,"contenido diferencial — longitud, material y/o técnica presentes"
mug-metalico-slash-550ml-9019,Mug Metálico Slash 550ml,Mugs y Termos,307,4,3,true,2,0,1,1,1,100,2026-04-21,0,0,,A,"contenido diferencial — longitud, material y/o técnica presentes"
mug-metalico-quest-450ml-9389,Mug Metálico Quest 450ml,Automóvil,347,4,3,true,2,0,1,0,1,100,2026-04-21,0,0,,A,"contenido diferencial — longitud, material y/o técnica presentes"
mug-metalico-con-bamboo-500ml-9699,Mug Metálico Con Bamboo 500ml,Mugs y Termos,409,4,4,true,1,0,3,3,1,100,2026-04-20,0,0,,A,"contenido diferencial — longitud, material y/o técnica presentes"
mug-metalico-warmer-450ml-9707,Mug Metálico Warmer 450ml,Mugs y Termos,408,4,3,true,1,1,1,2,1,100,2026-04-20,0,0,,A,"contenido diferencial — longitud, material y/o técnica presentes"
vaso-yumbo-32oz-produccion-nacional-11149,Vaso Yumbo 32oz Produccion Nacional,Vasos Personalizados,123,6,3,true,0,0,2,1,1,80,2026-07-10,0,0,,A,"contenido diferencial — longitud, material y/o técnica presentes"
maxi-mug-produccion-nacional-2362,Maxi Mug - Producción Nacional,Mugs y Termos,476,4,3,true,0,0,2,4,1,100,2026-04-20,2,0,6,A,"contenido diferencial — longitud, material y/o técnica presentes"
mug-kid-produccion-nacional-2869,Mug Kid - Producción Nacional,Producción Nacional,333,4,3,true,0,0,1,1,1,100,2026-04-22,0,0,,A,"contenido diferencial — longitud, material y/o técnica presentes"
mug-mediano-club-produccion-nacional-2873,Mug Mediano Club - Producción Nacional,Producción Nacional,310,4,3,true,0,0,1,4,1,100,2026-04-21,0,0,,A,"contenido diferencial — longitud, material y/o técnica presentes"
vaso-plastico-new-york-23-oz-produccion-nacional-8714,Vaso Plástico New York 23 oz - Produccion Nacional,Vasos Personalizados,142,6,3,true,1,0,1,3,1,80,2026-07-10,0,0,,A,"contenido diferencial — longitud, material y/o técnica presentes"
vaso-plastico-new-york-20-oz-produccion-nacional-8735,Vaso Plástico New York 20 oz - Produccion Nacional,Vasos Personalizados,154,5,3,true,1,0,1,2,1,80,2026-07-10,0,0,,A,"contenido diferencial — longitud, material y/o técnica presentes"
botilito-metalico-para-sublimacion-wolfgang-500ml-9967,Botilito Metálico Para Sublimación Wolfgang 500ml,Tomatodos y Botilitos Personalizados,135,5,3,true,1,1,1,1,1,80,2026-07-10,0,0,,A,"contenido diferencial — longitud, material y/o técnica presentes"
botilito-en-aluminio-para-sublimacion-parsons-750ml-9968,Botilito en Aluminio Para Sublimación Parsons 750ml,Tomatodos y Botilitos Personalizados,162,5,3,true,0,1,2,3,1,80,2026-07-10,0,0,,A,"contenido diferencial — longitud, material y/o técnica presentes"
mug-metalico-para-sublimacion-galileo-450ml-9969,Mug Metálico Para Sublimación Galileo 450ml,Automóvil,359,4,3,true,2,1,1,1,1,100,2026-04-21,0,0,,A,"contenido diferencial — longitud, material y/o técnica presentes"
mug-metalico-para-sublimacion-mask-350ml-9973,Mug Metálico Para Sublimación Mask 350ml,Mugs y Termos,361,4,3,true,1,1,0,1,1,100,2026-04-21,0,0,,A,"contenido diferencial — longitud, material y/o técnica presentes"
botilito-metalico-anders-500ml-10502,Botilito Metálico Anders 500ml,Tomatodos y Botilitos Personalizados,156,6,3,true,1,0,2,1,1,80,2026-07-10,0,0,,A,"contenido diferencial — longitud, material y/o técnica presentes"
botilito-plastico-wonder-650ml-produccion-nacional-10688,Botilito Plástico Wonder-650ml-producción Nacional,Tomatodos y Botilitos Personalizados,150,6,4,true,1,1,2,1,1,80,2026-07-10,0,0,,A,"contenido diferencial — longitud, material y/o técnica presentes"
termo-bullet-350ml-912,Termo Bullet 350ml,Termos Personalizados,132,5,3,true,0,0,2,1,1,80,2026-07-10,0,0,,A,"contenido diferencial — longitud, material y/o técnica presentes"
termo-zeus-500-ml-4432,Termo Zeus 500 ml,Termos Personalizados,142,3,3,true,0,0,2,3,1,80,2026-07-10,0,0,,A,"contenido diferencial — longitud, material y/o técnica presentes"
termo-bamboo-500ml-9771,Termo Bamboo 500ml,Termos Personalizados,125,5,3,true,1,0,2,1,1,80,2026-07-10,0,0,,A,"contenido diferencial — longitud, material y/o técnica presentes"
termo-urban-travel-hydra-500ml-10206,Termo Urban Travel Hydra 500ml,Termos Personalizados,156,5,4,true,0,0,1,1,1,80,2026-07-10,0,0,,A,"contenido diferencial — longitud, material y/o técnica presentes"
aro-de-silicona-para-mug-orbit-5890,Aro de Silicona Para Mug Orbit,Mugs y Termos,375,4,3,true,1,0,0,3,1,100,2026-04-20,0,0,,A,"contenido diferencial — longitud, material y/o técnica presentes"
vaso-circular-320ml-produccion-nacional-2374,Vaso Circular 320ml - Producción Nacional,Vasos Personalizados,165,5,3,true,0,0,2,1,1,80,2026-07-10,4,0,7,A,"contenido diferencial — longitud, material y/o técnica presentes"
vaso-speedy-14-oz-san-produccion-nacional-5482,Vaso Speedy 14 oz San - Produccion Nacional,Vasos Personalizados,163,5,3,true,0,0,2,1,1,80,2026-07-10,0,0,,A,"contenido diferencial — longitud, material y/o técnica presentes"
vaso-cuadrado-7oz-cristal-produccion-nacional-5479,Vaso Cuadrado 7oz Cristal - Produccion Nacional,Vasos Personalizados,200,6,5,true,0,0,2,1,1,80,2026-07-10,0,0,,A,"contenido diferencial — longitud, material y/o técnica presentes"
vaso-twister-12-oz-san-produccion-nacional-5481,Vaso Twister 12 oz San - Produccion Nacional,Vasos Personalizados,143,5,3,true,0,0,2,1,1,80,2026-07-10,0,0,,A,"contenido diferencial — longitud, material y/o técnica presentes"
vaso-triangular-250ml-produccion-nacional-3274,Vaso Triangular 250ml- Producción Nacional,Vasos Personalizados,144,5,3,true,0,0,2,1,1,80,2026-07-10,0,0,,A,"contenido diferencial — longitud, material y/o técnica presentes"
vaso-tapa-plastico-14-oz-produccion-nacional-2871,Vaso Tapa Plástico 14 Oz- Producción Nacional,Vasos Personalizados,140,5,3,true,1,0,1,1,1,80,2026-07-10,1,0,2,A,"contenido diferencial — longitud, material y/o técnica presentes"
vaso-con-pitillo-produccion-nacional-2870,Vaso Con Pitillo -producción Nacional,Vasos Personalizados,143,6,3,true,0,0,1,3,1,80,2026-07-10,0,0,,A,"contenido diferencial — longitud, material y/o técnica presentes"
copa-para-vino-7oz-produccion-nacional-2007,Copa Para Vino 7oz- Producción Nacional,Bar y Vino,319,4,3,true,1,1,0,4,1,100,2026-04-21,0,0,,A,"contenido diferencial — longitud, material y/o técnica presentes"
copa-cilindrica-2oz-cristal-produccion-nacional-5480,Copa Cilindrica 2oz Cristal - Produccion Nacional,Bar y Vino,333,4,3,true,0,0,1,4,1,100,2026-04-21,0,0,,A,"contenido diferencial — longitud, material y/o técnica presentes"
botilito-metalico-shelby-600ml-9555,Botilito Metalico Shelby 600ml,Tomatodos y Botilitos Personalizados,137,5,3,true,2,0,2,3,1,80,2026-07-10,0,0,,A,"contenido diferencial — longitud, material y/o técnica presentes"
botilito-metalico-uv-c-clean-500ml-9686,Botilito Metálico Uv-c Clean 500ml,Tomatodos y Botilitos Personalizados,165,5,4,true,1,0,1,3,1,80,2026-07-10,0,0,,A,"contenido diferencial — longitud, material y/o técnica presentes"
mug-metalico-doble-pared-coffee-urban-travel-380ml-9766,Mug Metálico Doble Pared Coffee Urban Travel 380ml,Automóvil,366,4,3,true,2,1,0,0,1,100,2026-04-21,0,0,,A,"contenido diferencial — longitud, material y/o técnica presentes"
botilito-metalico-atomic-500ml-9970,Botilito Metálico Atomic 500ml,Tomatodos y Botilitos Personalizados,152,5,3,true,1,1,3,1,1,80,2026-07-10,0,0,,A,"contenido diferencial — longitud, material y/o técnica presentes"
mug-metalico-grant-urban-travel-500ml-10081,Mug Metálico Grant Urban Travel 500ml,Automóvil,364,4,3,true,3,0,1,1,1,100,2026-04-22,0,0,,A,"contenido diferencial — longitud, material y/o técnica presentes"
memo-stick-personalizados-6963,Memo Stick Personalizados,Médicos,351,4,3,true,0,1,1,1,1,100,2026-04-22,1,0,10,A,"contenido diferencial — longitud, material y/o técnica presentes"
alcancia-con-portaboligrafo-6920,Alcancia Con Portaboligrafo,Oficina,348,4,3,true,0,0,1,1,1,100,2026-04-20,0,0,,A,"contenido diferencial — longitud, material y/o técnica presentes"
regla-flexy-pvc-30cm-produccion-nacional-6848,Regla Flexy Pvc 30cm - Produccion Nacional,Infantil,342,4,3,true,1,0,1,4,1,100,2026-04-22,0,0,,A,"contenido diferencial — longitud, material y/o técnica presentes"
set-de-escritorio-magnum-6829,Set de Escritorio Magnum,Oficina,96,6,4,true,0,0,1,1,6,,,0,0,,C,fórmula de description repetida 6x sin mención de material/técnica
boton-plastico-para-portacarnet-oferta-6561,Botón Plástico Para Portacarnet Oferta,Oficina,403,4,3,true,1,0,1,1,1,100,2026-04-20,0,0,,A,"contenido diferencial — longitud, material y/o técnica presentes"
set-de-bandas-elasticas-oferta-6560,Set de Bandas Elásticas - Oferta,Infantil,238,4,3,true,0,0,1,1,1,100,2026-04-20,0,0,,A,"contenido diferencial — longitud, material y/o técnica presentes"
juego-desestresante-con-clips-2198,Juego Desestresante Con Clips,Juegos,379,4,3,true,0,0,1,1,1,100,2026-04-20,0,0,,A,"contenido diferencial — longitud, material y/o técnica presentes"
juego-imantado-desestresante-1772,Juego Imantado Desestresante,Juegos,462,4,4,true,0,0,1,2,1,100,2026-04-20,0,0,,A,"contenido diferencial — longitud, material y/o técnica presentes"
libreta-igor-jumbo-11119,Libreta Igor Jumbo,Precio Bomba,287,4,3,true,0,1,0,1,1,100,2026-04-22,0,0,,A,"contenido diferencial — longitud, material y/o técnica presentes"
libreta-igor-80-hojas-6843,Libreta Igor 80 Hojas,Oficina,381,4,3,true,0,0,2,4,1,100,2026-04-20,0,0,,A,"contenido diferencial — longitud, material y/o técnica presentes"
libreta-century-6838,Libreta Century,Oficina,81,4,4,true,0,0,1,1,6,,,0,0,,C,fórmula de description repetida 6x sin mención de material/técnica
mini-libreta-forest-6189,Mini Libreta Forest,Oficina,89,4,4,true,0,0,1,1,5,,,0,0,,C,fórmula de description repetida 5x sin mención de material/técnica
mini-libreta-sevilla-80-hojas-5739,Mini Libreta Sevilla 80 Hojas,Médicos,336,4,3,true,0,1,1,1,1,100,2026-04-22,0,0,,A,"contenido diferencial — longitud, material y/o técnica presentes"
sticky-set-en-trigo-wheat-eco-9678,Sticky Set en Trigo Wheat Eco,EcoNature,379,4,3,true,0,0,0,1,1,100,2026-04-22,0,0,,A,"contenido diferencial — longitud, material y/o técnica presentes"
sticky-set-cubik-9974,Sticky Set Cubik,Médicos,497,4,3,true,0,0,1,3,1,100,2026-04-20,0,0,,A,"contenido diferencial — longitud, material y/o técnica presentes"
bamboo-sticky-pad-9955,Bamboo Sticky Pad,Precio Bomba,365,4,3,true,1,0,1,1,1,100,2026-04-20,0,0,,A,"contenido diferencial — longitud, material y/o técnica presentes"
memo-sticky-set-bamboo-10100,Memo Sticky Set Bamboo,Médicos,400,4,3,true,1,0,1,1,1,100,2026-04-20,0,0,,A,"contenido diferencial — longitud, material y/o técnica presentes"
portataco-duo-produccion-nacional-3845,Portataco Duo - Produccion Nacional,Médicos,332,4,3,true,0,0,1,1,1,100,2026-04-22,0,0,,A,"contenido diferencial — longitud, material y/o técnica presentes"
sticky-set-doctor-9090,Sticky Set Doctor,Médicos,324,5,3,true,0,0,0,1,1,100,2026-04-20,0,0,,A,"contenido diferencial — longitud, material y/o técnica presentes"
planeador-semanal-ecologico-9975,Planeador Semanal Ecológico,Médicos,307,4,3,true,0,0,0,1,1,100,2026-04-22,0,0,,A,"contenido diferencial — longitud, material y/o técnica presentes"
memo-clip-bamboo-ii-10242,Memo Clip Bamboo ii,Médicos,368,4,3,true,2,0,1,3,1,100,2026-04-20,2,0,5,A,"contenido diferencial — longitud, material y/o técnica presentes"
set-memo-pad-eco-10099,Set Memo Pad Eco,Médicos,349,4,3,true,0,1,0,1,1,100,2026-04-22,0,0,,A,"contenido diferencial — longitud, material y/o técnica presentes"
cargador-inalambrico-office-10150,Cargador Inalámbrico Office,Precio Bomba,290,4,3,true,0,0,0,0,1,100,2026-04-22,0,0,,A,"contenido diferencial — longitud, material y/o técnica presentes"
mouse-pad-plastificado-5549,Mouse Pad Plastificado,Producción Nacional,384,4,3,true,0,0,1,4,1,100,2026-04-20,0,0,,A,"contenido diferencial — longitud, material y/o técnica presentes"
mouse-pad-ergonomico-produccion-nacional-5542,Mouse Pad Ergonómico Producción Nacional,Médicos,337,4,3,true,0,0,0,3,1,100,2026-04-20,0,0,,A,"contenido diferencial — longitud, material y/o técnica presentes"
mouse-pad-frost-produccion-nacional-2006,Mouse Pad Frost - Producción Nacional,Producción Nacional,380,4,3,true,0,0,1,1,1,100,2026-04-20,0,0,,A,"contenido diferencial — longitud, material y/o técnica presentes"
mouse-pad-vaniat-9862,Mouse Pad Vaniat,Tecnología,361,4,3,true,0,0,1,3,1,100,2026-04-20,1,0,6,A,"contenido diferencial — longitud, material y/o técnica presentes"
organizador-de-escritorio-office-10112,Organizador de Escritorio Office,Ecología,414,4,3,true,0,0,1,2,1,100,2026-04-20,0,0,,A,"contenido diferencial — longitud, material y/o técnica presentes"
mouse-pad-calendar-produccion-nacional-10159,Mouse Pad Calendar - Producción Nacional,Precio Bomba,300,4,3,true,0,0,0,4,1,100,2026-04-22,0,0,,A,"contenido diferencial — longitud, material y/o técnica presentes"
mouse-pad-con-cargador-inalambrico-dexter-10113,Mouse Pad Con Cargador Inalámbrico Dexter,Tecnología,314,4,3,true,0,0,1,1,1,100,2026-04-20,3,0,5.33,A,"contenido diferencial — longitud, material y/o técnica presentes"
cargador-inalambrico-flexi-pad-10524,Cargador Inalámbrico Flexi Pad,Precio Bomba,338,4,3,true,1,0,1,1,1,100,2026-04-22,0,0,,A,"contenido diferencial — longitud, material y/o técnica presentes"
mouse-pad-3-1-lcd-10461,Mouse Pad 3-1 Lcd,Tecnología,349,4,3,true,0,0,2,3,1,100,2026-04-20,3,0,7.33,A,"contenido diferencial — longitud, material y/o técnica presentes"
mouse-bamboo-10340,Mouse Bamboo,Tecnología,502,4,3,true,2,0,1,4,1,100,2026-04-20,0,0,,A,"contenido diferencial — longitud, material y/o técnica presentes"
mouse-pad-cork-con-apoya-munecas-10557,Mouse Pad Cork Con Apoya Muñecas,Tecnología,110,6,4,true,0,0,3,1,4,,,0,0,,B,contenido corto y sin material o técnica de marcación mencionados
tablero-week-6932,Tablero Week,Médicos,377,4,3,true,0,0,0,4,1,100,2026-04-20,0,0,,A,"contenido diferencial — longitud, material y/o técnica presentes"
carpeta-folder-london-6844,Carpeta Folder London,Maletines,105,6,4,true,0,2,3,1,8,,,0,0,,B,contenido corto y sin material o técnica de marcación mencionados
bolsa-portapapeles-produccion-nacional-4058,Bolsa Portapapeles - Producción Nacional,Producción Nacional,326,4,3,true,0,1,1,4,1,100,2026-04-22,0,0,,A,"contenido diferencial — longitud, material y/o técnica presentes"
carpeta-folder-a4-crown-5507,Carpeta Folder a4 Crown,Maletines,100,6,4,true,0,0,1,0,10,,,0,0,,C,fórmula de description repetida 10x sin mención de material/técnica
portaidentificador-de-carnet-medic-8077,Portaidentificador de Carnet Medic,Médicos,307,4,3,true,0,0,0,0,1,100,2026-04-22,0,0,,A,"contenido diferencial — longitud, material y/o técnica presentes"
carpeta-folder-zipper-8078,Carpeta Folder Zipper,Médicos,347,4,3,true,0,0,1,1,1,100,2026-04-22,0,0,,A,"contenido diferencial — longitud, material y/o técnica presentes"
portaidentificador-de-carnet-redondo-ii-8226,Portaidentificador de Carnet Redondo ii,Médicos,366,4,3,true,0,0,0,1,1,100,2026-04-22,0,0,,A,"contenido diferencial — longitud, material y/o técnica presentes"
calculadora-multifuncion-oferta-8477,Calculadora Multifuncion - Oferta,Médicos,461,4,3,true,0,0,1,3,1,100,2026-04-20,0,0,,A,"contenido diferencial — longitud, material y/o técnica presentes"
portaboligrafos-flex-produccion-nacional-4113,Portabolígrafos Flex - Produccion Nacional,Médicos,338,4,3,true,0,0,1,4,1,100,2026-04-22,0,0,,A,"contenido diferencial — longitud, material y/o técnica presentes"
portatacos-con-portalapices-produccion-nacional-7496,Portatacos Con Portalapices - Produccion Nacional,Médicos,324,4,3,true,0,0,1,4,1,100,2026-04-22,0,0,,A,"contenido diferencial — longitud, material y/o técnica presentes"
estuche-plastico-de-tres-cuerpos-produccion-nacional-7613,Estuche Plástico de Tres Cuerpos - Produccion Nacional,EcoNature,458,4,3,true,1,0,1,1,1,100,2026-04-20,0,0,,A,"contenido diferencial — longitud, material y/o técnica presentes"
libreta-con-portalapices-produccion-nacional-7687,Libreta Con Portalápices - Producción Nacional,Producción Nacional,300,4,3,true,1,0,0,4,1,100,2026-04-22,0,0,,A,"contenido diferencial — longitud, material y/o técnica presentes"
set-de-escritorio-en-pu-stickies-y-resaltadores-magicos-5503,Set de Escritorio en pu Stickies y Resaltadores Mágicos,Artículos de Escritura,123,6,4,true,0,0,1,1,1,,,3,0,2,A,"contenido diferencial — longitud, material y/o técnica presentes"
sticky-set-flag-oferta-8475,Sticky Set Flag Oferta,Médicos,428,4,3,true,0,0,2,1,1,100,2026-04-20,0,0,,A,"contenido diferencial — longitud, material y/o técnica presentes"
set-de-clips-smiley-faces-8866,Set de Clips Smiley Faces,Médicos,338,4,3,true,0,0,0,1,1,100,2026-04-22,0,0,,A,"contenido diferencial — longitud, material y/o técnica presentes"
portatarjetas-plastico-produccion-nacional-4462,Portatarjetas Plástico - Produccion Nacional,Producción Nacional,432,4,3,true,1,0,1,4,1,100,2026-04-20,0,0,,A,"contenido diferencial — longitud, material y/o técnica presentes"
mobile-holder-3-1-produccion-nacional-3471,Mobile Holder 3-1 - Producción Nacional,Producción Nacional,327,4,3,true,0,0,0,1,1,100,2026-04-22,1,0,18,A,"contenido diferencial — longitud, material y/o técnica presentes"
portapapel-car-oferta-7440,Portapapel Car - Oferta,Master Line,429,4,3,true,0,0,1,4,1,100,2026-04-20,0,0,,A,"contenido diferencial — longitud, material y/o técnica presentes"
portatarjetas-en-silicona-doctor-oferta-8953,Portatarjetas en Silicona Doctor - Oferta,Oficina,101,4,4,true,1,0,2,1,7,,,0,0,,B,contenido corto y sin material o técnica de marcación mencionados
chaqueta-en-pvc-5466,Chaqueta en Pvc,Confección,101,6,4,true,1,1,1,1,1,60,2026-04-20,0,0,,A,"contenido diferencial — longitud, material y/o técnica presentes"
llavero-con-capa-3336,Llavero Con Capa,Deportes,330,4,3,true,0,0,1,4,1,100,2026-04-20,0,0,,A,"contenido diferencial — longitud, material y/o técnica presentes"
abrigo-impermeable-3640,Abrigo Impermeable,Deportes,400,4,3,true,0,0,2,3,1,100,2026-04-20,1,0,12,A,"contenido diferencial — longitud, material y/o técnica presentes"
poncho-pvc-con-estuche-4832,Poncho Pvc Con Estuche,Deportes,417,4,3,true,1,0,1,1,1,100,2026-04-20,1,0,2,A,"contenido diferencial — longitud, material y/o técnica presentes"
llavero-con-capa-poncho-soccer-8294,Llavero Con Capa Poncho Soccer,Confección,357,4,3,true,1,0,1,1,1,100,2026-04-20,1,0,7,A,"contenido diferencial — longitud, material y/o técnica presentes"
paraguas-osmond-21-10672,Paraguas Osmond 21'',Paraguas,85,4,4,true,0,1,2,1,6,,,1,0,9,B,contenido corto y sin material o técnica de marcación mencionados
mini-paraguas-lloyd-21-8658,"Mini Paraguas Lloyd 21""",Paraguas,94,4,4,true,0,0,0,1,4,,,0,0,,B,contenido corto y sin material o técnica de marcación mencionados
mini-paraguas-arc-clipper-21-8889,Mini Paraguas Arc Clipper 21,Precio Bomba,348,4,3,true,0,0,0,3,1,100,2026-04-22,0,0,,A,"contenido diferencial — longitud, material y/o técnica presentes"
mini-paraguas-maverick-21-9426,"Mini Paraguas Maverick 21""",Paraguas,95,4,4,true,0,0,3,1,3,,,0,0,,B,contenido corto y sin material o técnica de marcación mencionados
bolsa-plegable-para-paraguas-hansel-oferta-8657,Bolsa Plegable Para Paraguas Hansel - Oferta,Paraguas,348,4,3,true,0,0,1,3,1,100,2026-04-22,0,0,,A,"contenido diferencial — longitud, material y/o técnica presentes"
mini-paraguas-biondi-21-8911,"Mini Paraguas Biondi 21""",Paraguas,99,4,4,true,0,0,1,1,2,,,0,0,,B,contenido corto y sin material o técnica de marcación mencionados
paraguas-scorpius-urban-travel-21-10588,Paraguas Scorpius Urban Travel 21'',Paraguas,95,4,4,true,0,0,1,1,5,,,0,0,,C,fórmula de description repetida 5x sin mención de material/técnica
paraguas-brook-ergo-27-7512,"Paraguas Brook Ergo 27""",Paraguas,96,4,4,true,0,1,2,1,2,,,0,0,,B,contenido corto y sin material o técnica de marcación mencionados
costurero-sammy-6757,Costurero Sammy,Cuidado Personal,488,4,3,true,0,0,2,1,1,100,2026-04-20,0,0,,A,"contenido diferencial — longitud, material y/o técnica presentes"
espejo-starlett-4926,Espejo Starlett,Cuidado Personal,336,4,3,true,0,0,2,3,1,100,2026-04-20,0,0,,A,"contenido diferencial — longitud, material y/o técnica presentes"
medidor-de-masa-muscular-5255,Medidor de Masa Muscular,Médicos,344,4,3,true,0,0,1,1,1,100,2026-04-22,0,0,,A,"contenido diferencial — longitud, material y/o técnica presentes"
costurero-ovalado-3155,Costurero Ovalado,Cuidado Personal,401,4,4,true,0,0,1,1,1,100,2026-04-20,0,0,,A,"contenido diferencial — longitud, material y/o técnica presentes"
espejo-circular-3120,Espejo Circular,Cuidado Personal,356,4,3,true,0,0,2,4,1,100,2026-04-20,4,0,8,A,"contenido diferencial — longitud, material y/o técnica presentes"
hojas-de-jabon-antibacteriano-con-estuche-7376,Hojas de Jabon Antibacteriano Con Estuche,Médicos,447,4,3,true,0,0,1,3,1,100,2026-04-20,0,0,,A,"contenido diferencial — longitud, material y/o técnica presentes"
hojas-de-jabon-antibacteriano-repuesto-7377,Hojas de Jabon Antibacteriano - Repuesto,Médicos,382,4,3,true,0,0,1,1,1,100,2026-04-20,0,0,,A,"contenido diferencial — longitud, material y/o técnica presentes"
gel-antibacterial-moss-30ml-6025,Gel Antibacterial Moss 30ml,Médicos,455,4,3,true,0,0,2,1,1,100,2026-04-20,0,0,,A,"contenido diferencial — longitud, material y/o técnica presentes"
gel-antibacterial-round-40ml-6003,Gel Antibacterial Round 40ml,Médicos,352,4,3,true,0,0,2,1,1,100,2026-04-20,1,0,9,A,"contenido diferencial — longitud, material y/o técnica presentes"
gel-antibacterial-bella-15ml-6016,Gel Antibacterial Bella 15ml,Médicos,403,4,3,true,0,0,1,1,1,100,2026-04-20,0,0,,A,"contenido diferencial — longitud, material y/o técnica presentes"
mini-tarro-panos-humedos-antibacterial-30und-6004,Mini Tarro Paños Humedos Antibacterial 30und,Médicos,379,4,3,true,0,0,2,4,1,100,2026-04-20,0,0,,A,"contenido diferencial — longitud, material y/o técnica presentes"
panos-humedos-antibacterial-klean-60und-7960,Paños Húmedos Antibacterial Klean 60und,Automóvil,415,4,3,true,0,0,1,1,1,100,2026-04-20,0,0,,A,"contenido diferencial — longitud, material y/o técnica presentes"
gel-antibacterial-con-dispensador-60ml-7831,Gel Antibacterial Con Dispensador 60ml,Médicos,360,4,3,true,0,0,1,1,1,100,2026-04-22,0,0,,A,"contenido diferencial — longitud, material y/o técnica presentes"
gel-antibacterial-300ml-8548,Gel Antibacterial 300ml,Médicos,337,4,3,true,0,0,2,3,1,100,2026-04-20,5,1,18.6,A,"contenido diferencial — longitud, material y/o técnica presentes"
gel-antibacterial-color-30ml-oferta-9449,Gel Antibacterial Color 30ml Oferta,Cuidado Personal,357,4,3,true,0,0,2,1,1,100,2026-04-20,0,0,,A,"contenido diferencial — longitud, material y/o técnica presentes"
gel-antibacterial-transparente-produccion-nacional-9452,Gel Antibacterial Transparente-producción Nacional,Médicos,291,4,3,true,0,0,1,4,1,100,2026-04-21,0,0,,A,"contenido diferencial — longitud, material y/o técnica presentes"
alcohol-etilico-70-produccion-nacional-9469,Alcohol Etilico 70%- Produccion Nacional,Producción Nacional,459,4,3,true,0,0,0,1,1,100,2026-04-20,0,0,,A,"contenido diferencial — longitud, material y/o técnica presentes"
masajeador-mink-3154,Masajeador Mink,Antiestrés,346,4,3,true,0,0,0,2,1,100,2026-04-21,0,0,,A,"contenido diferencial — longitud, material y/o técnica presentes"
masajeador-corazon-4980,Masajeador Corazon,Médicos,414,4,4,true,0,0,1,1,1,100,2026-04-20,0,0,,A,"contenido diferencial — longitud, material y/o técnica presentes"
masajeador-face-6061,Masajeador Face,Cuidado Personal,499,4,3,true,0,0,1,1,1,100,2026-04-20,0,0,,A,"contenido diferencial — longitud, material y/o técnica presentes"
gafas-terapeuticas-produccion-nacional-1063,Gafas Terapéuticas - Producción Nacional,Médicos,362,4,3,true,0,0,0,1,1,100,2026-04-20,0,0,,A,"contenido diferencial — longitud, material y/o técnica presentes"
cojin-terapeutico-produccion-nacional-2394,Cojín Terapéutico - Producción Nacional,Antiestrés,355,4,3,true,0,1,0,1,1,100,2026-04-21,0,0,,A,"contenido diferencial — longitud, material y/o técnica presentes"
mini-masajeador-marilyn-9117,Mini Masajeador Marilyn,Antiestrés,345,4,3,true,0,0,0,1,1,100,2026-04-21,0,0,,A,"contenido diferencial — longitud, material y/o técnica presentes"
esponja-para-maquillaje-drop-9163,Esponja Para Maquillaje Drop,Cuidado Personal,398,4,3,true,0,0,1,4,1,100,2026-04-20,0,0,,A,"contenido diferencial — longitud, material y/o técnica presentes"
banda-finger-9733,Banda Finger,Médicos,384,4,3,true,0,0,1,3,1,100,2026-04-20,0,0,,A,"contenido diferencial — longitud, material y/o técnica presentes"
boligrafo-boost-13324,Bolígrafo Boost,Antiestrés,405,4,3,true,0,0,1,3,1,100,2026-04-20,0,0,,A,"contenido diferencial — longitud, material y/o técnica presentes"
pastillero-vaso-2-en-1-6055,Pastillero Vaso 2 en 1,Vasos Personalizados,145,5,3,true,0,0,1,3,1,80,2026-07-10,0,0,,A,"contenido diferencial — longitud, material y/o técnica presentes"
pastillero-giratorio-7388,Pastillero Giratorio,Precio Bomba,401,4,3,true,1,0,2,4,1,100,2026-04-20,0,0,,A,"contenido diferencial — longitud, material y/o técnica presentes"
pastillero-tank-7785,Pastillero Tank,Médicos,361,4,3,true,1,0,2,3,1,100,2026-04-20,0,0,,A,"contenido diferencial — longitud, material y/o técnica presentes"
pastillero-dharma-7786,Pastillero Dharma,Médicos,424,4,3,true,0,0,1,1,1,100,2026-04-20,0,0,,A,"contenido diferencial — longitud, material y/o técnica presentes"
pastillero-eco-9102,Pastillero Eco,Cuidado Personal,441,4,3,true,0,0,2,3,1,100,2026-04-20,7,0,8.43,A,"contenido diferencial — longitud, material y/o técnica presentes"
botilito-plastico-pillbox-750ml-10089,Botilito Plástico Pillbox 750ml,Tomatodos y Botilitos Personalizados,129,4,3,true,1,1,2,1,1,80,2026-07-10,0,0,,A,"contenido diferencial — longitud, material y/o técnica presentes"
llavero-pastillero-capsula-10450,Llavero Pastillero Cápsula,Cuidado Personal,364,4,3,true,0,0,1,1,1,100,2026-04-22,0,0,,A,"contenido diferencial — longitud, material y/o técnica presentes"
espejo-doble-zonder-oferta-6756,Espejo Doble Zonder Oferta,Cuidado Personal,374,4,3,true,0,0,1,4,1,100,2026-04-20,0,0,,A,"contenido diferencial — longitud, material y/o técnica presentes"
espejo-magnolia-7387,Espejo Magnolia,Cuidado Personal,359,4,3,true,1,0,0,1,1,100,2026-04-20,0,0,,A,"contenido diferencial — longitud, material y/o técnica presentes"
cepillo-con-espejo-kolors-7788,Cepillo Con Espejo Kolors,Cuidado Personal,382,4,3,true,0,0,2,4,1,100,2026-04-20,0,0,,A,"contenido diferencial — longitud, material y/o técnica presentes"
banda-elastica-doble-7959,Banda Elástica Doble,Antiestrés,329,4,3,true,0,0,1,1,1,100,2026-04-21,0,0,,A,"contenido diferencial — longitud, material y/o técnica presentes"
cepillo-con-espejo-sully-8872,Cepillo Con Espejo Sully,Cuidado Personal,438,4,3,true,0,0,2,2,1,100,2026-04-20,0,0,,A,"contenido diferencial — longitud, material y/o técnica presentes"
espejo-doble-steffi-oferta-8897,Espejo Doble Steffi Oferta,Cuidado Personal,351,4,3,true,0,0,1,1,1,100,2026-04-21,0,0,,A,"contenido diferencial — longitud, material y/o técnica presentes"
espejo-doble-tod-oferta-9091,Espejo Doble Tod Oferta,Cuidado Personal,422,4,3,true,0,0,1,4,1,100,2026-04-20,0,0,,A,"contenido diferencial — longitud, material y/o técnica presentes"
mecanismo-para-reloj-analogo-con-manecillas-5056,Mecanismo Para Reloj Análogo Con Manecillas,Oficina,101,4,4,true,0,1,3,1,5,,,0,0,,B,contenido corto y sin material o técnica de marcación mencionados
reloj-quincy-produccion-nacional-7628,Reloj Quincy - Produccion Nacional,Relojes,335,4,3,true,0,0,1,3,1,100,2026-04-22,0,0,,A,"contenido diferencial — longitud, material y/o técnica presentes"
cargador-inalambrico-con-reloj-bamboo-9724,Cargador Inalámbrico Con Reloj Bamboo,Relojes,366,4,3,true,0,0,1,4,1,100,2026-04-20,3,0,8.33,A,"contenido diferencial — longitud, material y/o técnica presentes"
reloj-con-portaboligrafo-bamboo-9722,Reloj Con Portabolígrafo Bamboo,Relojes,372,4,3,true,1,0,1,2,1,100,2026-04-20,0,0,,A,"contenido diferencial — longitud, material y/o técnica presentes"
reloj-portaboligrafo-crystal-bamboo-9982,Reloj Portaboligrafo Crystal Bamboo,Relojes,380,4,3,true,1,0,0,4,1,100,2026-04-20,0,0,,A,"contenido diferencial — longitud, material y/o técnica presentes"
reloj-con-cargador-inalambrico-denver-10138,Reloj Con Cargador Inalámbrico Denver,Relojes,357,4,4,true,0,0,1,4,1,100,2026-04-20,0,0,,A,"contenido diferencial — longitud, material y/o técnica presentes"
reloj-portaboligrafos-cork-10098,Reloj Portaboligrafos Cork,Relojes,295,4,3,true,0,0,0,1,1,100,2026-04-22,0,0,,A,"contenido diferencial — longitud, material y/o técnica presentes"
reloj-de-pared-colors-produccion-nacional-9863,Reloj de Pared Colors - Producción Nacional,Relojes,337,4,3,true,0,0,1,2,1,100,2026-04-22,0,0,,A,"contenido diferencial — longitud, material y/o técnica presentes"
reloj-de-pared-tempo-produccion-nacional-7208,Reloj de Pared Tempo - Produccion Nacional,Relojes,320,4,3,true,0,0,1,1,1,100,2026-04-22,0,0,,A,"contenido diferencial — longitud, material y/o técnica presentes"
reloj-de-pared-wall-metal-clock-2693,Reloj de Pared Wall Metal Clock,Relojes,103,4,4,true,1,0,0,1,5,,,0,0,,B,contenido corto y sin material o técnica de marcación mencionados
reloj-dual-produccion-nacional-933,Reloj Dual-produccion Nacional,Relojes,336,4,3,true,0,0,0,1,1,100,2026-04-22,1,0,5,A,"contenido diferencial — longitud, material y/o técnica presentes"
reloj-mondrian-cuadrado-produccion-nacional-5252,Reloj Mondrian Cuadrado - Produccion Nacional,Relojes,327,4,3,true,0,0,1,4,1,100,2026-04-22,0,0,,A,"contenido diferencial — longitud, material y/o técnica presentes"
reloj-de-pared-cosmos-produccion-nacional-8232,Reloj de Pared Cosmos - Produccion Nacional,Relojes,362,4,3,true,0,0,0,4,1,100,2026-04-22,0,0,,A,"contenido diferencial — longitud, material y/o técnica presentes"
reloj-de-pared-tremont-produccion-nacional-8743,Reloj de Pared Tremont - Producción Nacional,Relojes,329,4,3,true,0,0,0,1,1,100,2026-04-22,0,0,,A,"contenido diferencial — longitud, material y/o técnica presentes"
reloj-wall-bamboo-10578,Reloj Wall Bamboo,Relojes,97,4,4,true,0,0,2,0,10,,,0,0,,C,fórmula de description repetida 10x sin mención de material/técnica
reloj-inteligente-fyllex-13377,Reloj Inteligente Fyllex,Relojes,293,4,3,true,0,0,1,4,1,100,2026-04-20,10,0,3.1,A,"contenido diferencial — longitud, material y/o técnica presentes"
reloj-inteligente-brish-13378,Reloj Inteligente Brish,Relojes,395,4,4,true,0,0,1,2,1,100,2026-04-20,0,0,,A,"contenido diferencial — longitud, material y/o técnica presentes"
puerto-usb-einstein-6880,Puerto Usb Einstein,Tecnología,366,4,3,true,0,0,0,1,1,100,2026-04-20,0,0,,A,"contenido diferencial — longitud, material y/o técnica presentes"
puerto-usb-edon-6053,Puerto Usb Edon,Tecnología,331,4,3,true,0,0,1,0,1,100,2026-04-22,0,0,,A,"contenido diferencial — longitud, material y/o técnica presentes"
soporte-magnetico-para-moviles-7557,Soporte Magnético Para Moviles,Automóvil,344,4,3,true,1,1,1,1,1,100,2026-04-22,0,0,,A,"contenido diferencial — longitud, material y/o técnica presentes"
soporte-para-movil-flexi-7518,Soporte Para Movil Flexi,Automóvil,289,4,3,true,0,0,1,1,1,100,2026-04-22,0,0,,A,"contenido diferencial — longitud, material y/o técnica presentes"
audifono-bluetooth-manos-libres-2-1-oferta-9587,Audifono Bluetooth Manos Libres 2-1 - Oferta,Tecnología,106,4,4,true,0,0,2,1,5,,,0,0,,C,fórmula de description repetida 5x sin mención de material/técnica
set-de-cables-de-carga-tyson-9804,Set de Cables de Carga Tyson,Tecnología,364,4,3,true,0,0,1,2,1,100,2026-04-20,0,0,,A,"contenido diferencial — longitud, material y/o técnica presentes"
cable-multicargador-tyler-10129,Cable Multicargador Tyler,Tecnología,340,4,3,true,0,0,0,0,1,100,2026-04-22,0,0,,A,"contenido diferencial — longitud, material y/o técnica presentes"
soporte-para-moviles-nixon-10120,Soporte Para Móviles Nixon,Tecnología,369,4,3,true,0,0,0,4,1,100,2026-04-20,0,0,,A,"contenido diferencial — longitud, material y/o técnica presentes"
soporte-para-moviles-karter-10132,Soporte Para Móviles Karter,Tecnología,454,4,3,true,0,0,1,1,1,100,2026-04-20,0,0,,A,"contenido diferencial — longitud, material y/o técnica presentes"
set-de-carro-universal-ii-oferta-8919,Set de Carro Universal ii Oferta,Automóvil,388,4,3,true,0,0,1,1,1,100,2026-04-20,0,0,,A,"contenido diferencial — longitud, material y/o técnica presentes"
localizador-de-llaves-7776,Localizador de Llaves,Tecnología,106,6,4,true,0,1,2,1,5,,,0,0,,B,contenido corto y sin material o técnica de marcación mencionados
soporte-para-tablets-8454,Soporte Para Tablets,Tecnología,362,4,3,true,1,0,0,3,1,100,2026-04-20,0,0,,A,"contenido diferencial — longitud, material y/o técnica presentes"
audifonos-bowie-con-manos-libres-tipo-c-10702,Audífonos Bowie Con Manos Libres Tipo c,Tecnología,105,4,4,true,0,0,0,0,5,,,0,0,,C,fórmula de description repetida 5x sin mención de material/técnica
soporte-para-moviles-jet-10706,Soporte Para Móviles Jet,Tecnología,100,4,4,true,0,0,3,1,5,,,0,0,,C,fórmula de description repetida 5x sin mención de material/técnica
speaker-bluetooth-barack-8135,Speaker Bluetooth Barack,Tecnología,100,4,4,true,0,0,1,1,5,,,8,0,7.75,C,fórmula de description repetida 5x sin mención de material/técnica
audifonos-bluetooth-jumper-10769,Audífonos Bluetooth Jumper,Tecnología,91,4,4,true,0,0,1,1,10,,,0,0,,C,fórmula de description repetida 10x sin mención de material/técnica
audifonos-boom-precio-bomba-5657,Audifonos Boom - Precio Bomba,Tecnología,100,4,4,true,0,0,2,1,4,,,0,0,,B,contenido corto y sin material o técnica de marcación mencionados
portatarjetas-con-organizador-de-cables-8109,Portatarjetas Con Organizador de Cables,Tecnología,104,6,4,true,0,0,2,1,8,,,0,0,,C,fórmula de description repetida 8x sin mención de material/técnica
soporte-para-moviles-pump-8230,Soporte Para Moviles Pump,Tecnología,103,4,4,true,0,0,1,1,5,,,0,0,,C,fórmula de description repetida 5x sin mención de material/técnica
audifonos-bluetooth-air-i7-8857,Audifonos Bluetooth Air i7,Deportes,372,4,3,true,0,0,1,4,1,100,2026-04-20,1,0,10,A,"contenido diferencial — longitud, material y/o técnica presentes"
audifonos-bluetooth-big-display-9569,Audifonos Bluetooth Big Display,Bicicleta,404,4,3,true,0,0,2,1,1,100,2026-04-20,0,0,,A,"contenido diferencial — longitud, material y/o técnica presentes"
audifonos-bluetooth-fresh-9575,Audifonos Bluetooth Fresh,Bicicleta,307,4,3,true,0,0,1,0,1,100,2026-04-22,0,0,,A,"contenido diferencial — longitud, material y/o técnica presentes"
accesorio-en-silicona-para-gafas-y-audifonos-oferta-9603,Accesorio en Silicona Para Gafas y Audifonos Oferta,Oficina,349,5,4,true,1,0,1,3,1,100,2026-04-20,0,0,,A,"contenido diferencial — longitud, material y/o técnica presentes"
audifonos-bluetooth-dj-ii-con-lector-tf-9637,Audifonos Bluetooth dj ii Con Lector tf,Deportes,373,4,3,true,0,0,1,3,1,100,2026-04-20,0,0,,A,"contenido diferencial — longitud, material y/o técnica presentes"
audifonos-bluetooth-airbone-9808,Audifonos Bluetooth Airbone,Bicicleta,353,4,3,true,0,0,1,0,1,100,2026-04-22,0,0,,A,"contenido diferencial — longitud, material y/o técnica presentes"
cargador-inalambrico-multiorganizador-8715,Cargador Inalámbrico Multiorganizador,Precio Bomba,442,4,3,true,0,0,1,3,1,100,2026-04-20,0,0,,A,"contenido diferencial — longitud, material y/o técnica presentes"
pila-recargable-2600-mah-con-pesa-de-equipaje-ii-8757,Pila Recargable 2600 Mah Con Pesa de Equipaje ii,Tecnología,382,4,3,true,0,0,1,3,1,100,2026-04-20,0,0,,A,"contenido diferencial — longitud, material y/o técnica presentes"
organizador-de-escritorio-bamboo-con-cargador-oferta-9268,Organizador de Escritorio Bamboo Con Cargador Oferta,Ecología,422,4,3,true,1,0,0,1,1,100,2026-04-20,0,0,,A,"contenido diferencial — longitud, material y/o técnica presentes"
cargador-inalambrico-con-cable-multicargador-oferta-9050,Cargador Inalambrico Con Cable Multicargador - Oferta,Tecnología,386,4,3,true,0,0,1,3,1,100,2026-04-20,0,0,,A,"contenido diferencial — longitud, material y/o técnica presentes"
set-de-cables-de-carga-mini-kit-9436,Set de Cables de Carga Mini Kit,Tecnología,380,4,3,true,0,0,1,2,1,100,2026-04-20,0,0,,A,"contenido diferencial — longitud, material y/o técnica presentes"
esterilizador-inalambrico-con-luz-uv-led-klean-oferta-9483,Esterilizador Inalambrico Con Luz uv Led Klean Oferta,Tecnología,318,4,3,true,0,0,0,1,1,100,2026-04-21,0,0,,A,"contenido diferencial — longitud, material y/o técnica presentes"
organizador-light-con-cargador-inalambrico-oferta-9588,Organizador Light Con Cargador Inalambrico Oferta,Tecnología,279,4,3,true,0,0,0,2,1,100,2026-04-22,0,0,,A,"contenido diferencial — longitud, material y/o técnica presentes"
esterilizador-con-luz-uv-led-klean-bamboo-oferta-9673,Esterilizador Con Luz uv Led Klean Bamboo Oferta,Antimicrobianos,395,4,3,true,1,0,1,1,1,100,2026-04-20,0,0,,A,"contenido diferencial — longitud, material y/o técnica presentes"
cargador-inalambrico-cubik-9793,Cargador Inalámbrico Cubik,EcoNature,323,4,3,true,0,0,2,1,1,100,2026-04-22,3,0,6.67,A,"contenido diferencial — longitud, material y/o técnica presentes"
esterilizador-con-luz-uv-smart-oferta-9472,Esterilizador Con Luz uv Smart Oferta,Tecnología,400,4,3,true,0,0,1,1,1,100,2026-04-20,0,0,,A,"contenido diferencial — longitud, material y/o técnica presentes"
organizador-de-cables-oval-produccion-nacional-6220,Organizador de Cables Oval - Producción Nacional,Producción Nacional,356,4,3,true,0,0,1,4,1,100,2026-04-22,0,0,,A,"contenido diferencial — longitud, material y/o técnica presentes"
soporte-para-moviles-2-1-bamboo-9924,Soporte Para Móviles 2-1 Bamboo,Ecología,302,4,3,true,1,0,0,1,1,100,2026-04-22,0,0,,A,"contenido diferencial — longitud, material y/o técnica presentes"
portatarjetas-pump-9906,Portatarjetas Pump,Tecnología,378,4,3,true,0,0,1,1,1,100,2026-04-20,0,0,,A,"contenido diferencial — longitud, material y/o técnica presentes"
soporte-para-moviles-eco-bamboo-9919,Soporte Para Móviles Eco Bamboo,Ecología,339,4,3,true,2,0,0,1,1,100,2026-04-22,0,0,,A,"contenido diferencial — longitud, material y/o técnica presentes"
portatarjetas-pump-bamboo-10360,Portatarjetas Pump Bamboo,Precio Bomba,330,4,3,true,0,0,1,2,1,100,2026-04-22,0,0,,A,"contenido diferencial — longitud, material y/o técnica presentes"
speaker-bluetooth-rainbow-8656,Speaker Bluetooth Rainbow,Tecnología,94,4,4,true,0,0,3,1,5,,,0,0,,C,fórmula de description repetida 5x sin mención de material/técnica
portacelular-plastico-produccion-nacional-8773,Portacelular Plastico - Produccion Nacional,Producción Nacional,311,4,3,true,1,0,1,4,1,100,2026-04-22,0,0,,A,"contenido diferencial — longitud, material y/o técnica presentes"
pulsera-inteligente-gym-9312,Pulsera Inteligente Gym,Médicos,312,4,3,true,0,0,0,1,1,100,2026-04-20,0,0,,A,"contenido diferencial — longitud, material y/o técnica presentes"
funda-para-moviles-protector-9076,Funda Para Moviles Protector,Variedades,370,4,3,true,0,0,3,2,1,100,2026-04-20,0,0,,B,"lenguaje promocional genérico predominante, sin dato diferencial"
soporte-para-moviles-pilot-9080,Soporte Para Moviles Pilot,Automóvil,330,4,3,true,0,0,1,1,1,100,2026-04-22,0,0,,A,"contenido diferencial — longitud, material y/o técnica presentes"
speaker-bluetooth-rocco-8637,Speaker Bluetooth Rocco,Tecnología,76,4,4,true,0,0,3,1,6,,,1,0,1,C,fórmula de description repetida 6x sin mención de material/técnica
speaker-bluetooth-barack-bamboo-9413,Speaker Bluetooth Barack Bamboo,Ecología,340,4,3,true,1,1,1,1,1,100,2026-04-22,0,0,,A,"contenido diferencial — longitud, material y/o técnica presentes"
speaker-bluetooth-bamboo-eco-9723,Speaker Bluetooth Bamboo Eco,Ecología,425,4,3,true,1,0,1,1,1,100,2026-04-20,0,0,,A,"contenido diferencial — longitud, material y/o técnica presentes"
speaker-bluetooth-soundbar-9796,Speaker Bluetooth Soundbar,Tecnología,91,4,4,true,0,0,2,1,5,,,0,0,,C,fórmula de description repetida 5x sin mención de material/técnica
speaker-bluetooth-lights-eco-9798,Speaker Bluetooth Lights Eco,Tecnología,82,4,4,true,0,0,1,1,6,,,1,0,3,C,fórmula de description repetida 6x sin mención de material/técnica
speaker-bluetooth-bryson-9801,Speaker Bluetooth Bryson,Ecología,370,4,3,true,0,0,1,1,1,100,2026-04-22,0,0,,A,"contenido diferencial — longitud, material y/o técnica presentes"
speaker-bluetooth-retro-bamboo-9923,Speaker Bluetooth Retro Bamboo,Precio Bomba,362,4,3,true,0,0,1,1,1,100,2026-04-22,0,0,,A,"contenido diferencial — longitud, material y/o técnica presentes"
speaker-bluetooth-artix-bamboo-9956,Speaker Bluetooth Artix Bamboo,Ecología,464,4,3,true,1,0,1,4,1,100,2026-04-20,0,0,,A,"contenido diferencial — longitud, material y/o técnica presentes"
memoria-usb-carabinero-precio-neto-oferta-4727,Memoria Usb Carabinero Precio Neto - Oferta,Memorias USB,332,4,3,true,0,0,2,1,1,100,2026-04-22,0,0,,A,"contenido diferencial — longitud, material y/o técnica presentes"
memoria-mini-usb-en-imitacion-cuero-precio-neto-oferta-5277,Memoria Mini Usb en Imitacion Cuero Precio Neto - Oferta,Memorias USB,348,4,3,true,1,0,1,1,1,100,2026-04-22,0,0,,A,"contenido diferencial — longitud, material y/o técnica presentes"
memoria-usb-braxton-precio-neto-oferta-7987,Memoria Usb Braxton Precio Neto - Oferta,Memorias USB,358,4,3,true,0,0,0,3,1,100,2026-04-22,0,0,,A,"contenido diferencial — longitud, material y/o técnica presentes"
memoria-usb-credit-card-zilda-bamboo-precio-neto-9432,Memoria Usb Credit Card Zilda Bamboo Precio Neto,Memorias USB,377,4,3,true,1,0,1,1,1,100,2026-04-20,0,0,,A,"contenido diferencial — longitud, material y/o técnica presentes"
memoria-usb-eco-precio-neto-oferta-7254,Memoria Usb Eco Precio Neto -oferta,Memorias USB,323,4,3,true,0,0,1,1,1,100,2026-04-22,0,0,,A,"contenido diferencial — longitud, material y/o técnica presentes"
alcancia-mini-piggy-5134,Alcancia Mini Piggy,Infantil,354,4,3,true,1,0,2,1,1,100,2026-04-20,0,0,,A,"contenido diferencial — longitud, material y/o técnica presentes"
alcancia-hippo-5910,Alcancia Hippo,Infantil,464,4,3,true,1,0,1,1,1,100,2026-04-20,1,0,3,A,"contenido diferencial — longitud, material y/o técnica presentes"
alcancia-mini-cerdito-cristal-produccion-nacional-6032,Alcancia Mini Cerdito Cristal - Producción Nacional,Infantil,414,4,4,true,0,0,1,4,1,100,2026-04-20,0,0,,A,"contenido diferencial — longitud, material y/o técnica presentes"
alcancia-piggy-produccion-nacional-2868,Alcancia Piggy - Producción Nacional,Infantil,394,4,3,true,0,0,2,1,1,100,2026-04-20,0,0,,A,"contenido diferencial — longitud, material y/o técnica presentes"
alcancia-flex-produccion-nacional-7578,Alcancia Flex - Producción Nacional,Producción Nacional,305,4,3,true,0,0,0,4,1,100,2026-04-21,0,0,,A,"contenido diferencial — longitud, material y/o técnica presentes"
alcancia-estrella-16cm-produccion-nacional-7768,Alcancía Estrella 16cm - Produccion Nacional,Producción Nacional,343,4,3,true,0,0,1,3,1,100,2026-04-20,0,0,,A,"contenido diferencial — longitud, material y/o técnica presentes"
bola-antiestres-tricolor-5877,Bola Antiestrés Tricolor,Antiestrés,390,4,3,true,0,0,1,3,1,100,2026-04-20,0,0,,A,"contenido diferencial — longitud, material y/o técnica presentes"
corazon-antiestres-3650,Corazon Antiestres,Antiestrés,409,4,3,true,0,0,1,2,1,100,2026-04-20,0,0,,A,"contenido diferencial — longitud, material y/o técnica presentes"
bola-antiestres-neon-63cm-1213,Bola Antiestrés Neón 6.3cm,Antiestrés,346,4,3,true,0,0,0,1,1,100,2026-04-21,0,0,,A,"contenido diferencial — longitud, material y/o técnica presentes"
llavero-antiestres-ball-1216,Llavero Antiestrés Ball,Antiestrés,331,4,3,true,0,0,1,1,1,100,2026-04-20,2,0,1,A,"contenido diferencial — longitud, material y/o técnica presentes"
gota-antiestres-7597,Gota Antiestrés,Antiestrés,397,4,3,true,0,0,1,3,1,100,2026-04-20,0,0,,A,"contenido diferencial — longitud, material y/o técnica presentes"
soporte-para-moviles-antiestres-10158,Soporte Para Móviles Antiestrés,Antiestrés,376,4,3,true,0,0,1,4,1,100,2026-04-20,0,0,,A,"contenido diferencial — longitud, material y/o técnica presentes"
bola-pop-it-10160,Bola Pop it,Antiestrés,412,4,3,true,1,0,1,4,1,100,2026-04-20,0,0,,A,"contenido diferencial — longitud, material y/o técnica presentes"
estuche-multiusos-en-silicona-kamelot-6913,Estuche Multiusos en Silicona Kamelot,Infantil,330,4,3,true,1,0,0,1,1,100,2026-04-21,0,0,,A,"contenido diferencial — longitud, material y/o técnica presentes"
mini-set-de-colores-x-12-unidades-5688,Mini Set de Colores x 12 Unidades,Infantil,397,4,3,true,0,0,1,4,1,100,2026-04-20,0,0,,A,"contenido diferencial — longitud, material y/o técnica presentes"
set-de-colores-cartoon-3441,Set de Colores Cartoon,Infantil,422,4,3,true,0,0,2,1,1,100,2026-04-20,0,0,,A,"contenido diferencial — longitud, material y/o técnica presentes"
set-de-colores-x-6-1510,Set de Colores x 6,Infantil,369,5,3,true,0,0,1,1,1,100,2026-04-20,0,0,,A,"contenido diferencial — longitud, material y/o técnica presentes"
set-dony-4962,Set Dony,Infantil,412,4,4,true,0,0,2,1,1,100,2026-04-20,0,0,,A,"contenido diferencial — longitud, material y/o técnica presentes"
set-de-crayolas-x-6-5436,Set de Crayolas x 6,Infantil,337,4,3,true,0,0,1,1,1,100,2026-04-20,0,0,,A,"contenido diferencial — longitud, material y/o técnica presentes"
set-crayolas-dexter-7592,Set Crayolas Dexter,Variedades,448,4,3,true,0,0,1,1,1,100,2026-04-20,0,0,,A,"contenido diferencial — longitud, material y/o técnica presentes"
sporty-bag-kidz-con-diseno-8179,Sporty Bag Kidz Con Diseño,Infantil,359,4,3,true,0,0,2,1,1,100,2026-04-20,0,0,,A,"contenido diferencial — longitud, material y/o técnica presentes"
mini-monedero-en-silicona-6241,Mini Monedero en Silicona,Variedades,370,4,3,true,1,0,2,4,1,100,2026-04-20,2,1,6,A,"contenido diferencial — longitud, material y/o técnica presentes"
estuche-multifuncion-produccion-nacional-2874,Estuche Multifunción - Producción Nacional,Juegos,412,4,3,true,0,0,1,4,1,100,2026-04-20,0,0,,A,"contenido diferencial — longitud, material y/o técnica presentes"
cosmetiquera-monroe-8233,Cosmetiquera Monroe,Cuidado Personal,363,4,3,true,1,0,2,2,1,100,2026-04-20,0,0,,A,"contenido diferencial — longitud, material y/o técnica presentes"
cosmetiquera-farrow-8898,Cosmetiquera Farrow,Maletines,345,4,3,true,0,0,2,1,1,100,2026-04-20,0,0,,A,"contenido diferencial — longitud, material y/o técnica presentes"
organizador-cosmet-9604,Organizador Cosmet,Maletines,337,4,3,true,0,0,1,3,1,100,2026-04-20,0,0,,A,"contenido diferencial — longitud, material y/o técnica presentes"
aplausometro-redondo-produccion-nacional-5685,Aplausometro Redondo - Producción Nacional,Infantil,359,4,3,true,0,0,2,1,1,100,2026-04-20,0,0,,A,"contenido diferencial — longitud, material y/o técnica presentes"
aplausometro-triangular-produccion-nacional-5686,Aplausometro Triangular - Producción Nacional,Infantil,406,4,3,true,0,0,0,4,1,100,2026-04-20,0,0,,A,"contenido diferencial — longitud, material y/o técnica presentes"
matraca-sencilla-produccion-nacional-5684,Matraca Sencilla - Producción Nacional,Infantil,431,4,4,true,0,0,1,3,1,100,2026-04-20,0,0,,A,"contenido diferencial — longitud, material y/o técnica presentes"
corneta-stadium-produccion-nacional-5765,Corneta Stadium - Producción Nacional,Infantil,359,4,3,true,0,1,1,1,1,100,2026-04-21,0,0,,A,"contenido diferencial — longitud, material y/o técnica presentes"
aplausometro-manos-produccion-nacional-6034,Aplausometro Manos - Produccion Nacional,Infantil,301,4,3,true,0,0,1,0,1,100,2026-04-21,0,0,,A,"contenido diferencial — longitud, material y/o técnica presentes"
gafas-fashion-6240,Gafas Fashion,Bicicleta,330,4,3,true,0,0,1,4,1,100,2026-04-20,7,0,12.29,A,"contenido diferencial — longitud, material y/o técnica presentes"
gafas-gambler-7587,Gafas Gambler,Deportes,410,4,3,true,0,0,3,4,1,100,2026-04-20,1,0,5,B,"lenguaje promocional genérico predominante, sin dato diferencial"
gafas-kilpan-eco-9441,Gafas Kilpan Eco,EcoNature,334,4,3,true,1,0,1,4,1,85,2026-04-20,0,0,,A,"contenido diferencial — longitud, material y/o técnica presentes"
mouse-pad-con-cargador-inalambrico-slim-15w-9994,Mouse Pad Con Cargador Inalámbrico Slim 15w,Tecnología,390,4,3,true,0,0,1,3,1,100,2026-04-20,0,0,,A,"contenido diferencial — longitud, material y/o técnica presentes"
portarretrato-cork-10530,Portarretrato Cork,Hogar,362,4,3,true,0,0,2,1,1,100,2026-04-20,0,0,,A,"contenido diferencial — longitud, material y/o técnica presentes"
portarretrato-verena-11126,Portarretrato Verena,Hogar,369,4,3,true,0,1,2,4,1,100,2026-04-20,0,0,,A,"contenido diferencial — longitud, material y/o técnica presentes"
silla-plegable-1557,Silla Plegable,Hogar,300,4,3,true,0,0,0,1,1,100,2026-04-22,0,0,,A,"contenido diferencial — longitud, material y/o técnica presentes"
silla-camp-importada-7682,Silla Camp Importada,Precio Bomba,389,4,3,true,1,0,1,1,1,100,2026-04-20,0,0,,A,"contenido diferencial — longitud, material y/o técnica presentes"
abanico-con-mango-stick-produccion-nacional-5382,Abanico Con Mango Stick (producción Nacional),EcoNature,449,4,3,true,0,0,1,1,1,100,2026-04-20,0,0,,A,"contenido diferencial — longitud, material y/o técnica presentes"
abanico-finger-produccion-nacional-5377,Abanico Finger (producción Nacional),EcoNature,421,4,3,true,0,0,0,3,1,100,2026-04-20,3,0,2,A,"contenido diferencial — longitud, material y/o técnica presentes"
abanico-2697,Abanico,Tecnología,88,4,4,true,0,0,2,1,5,,,0,0,,C,fórmula de description repetida 5x sin mención de material/técnica
abanico-plegable-frisbee-flexible-7577,Abanico Plegable / Frisbee Flexible,Deportes,375,5,3,true,1,0,1,3,1,100,2026-04-20,12,0,6.33,A,"contenido diferencial — longitud, material y/o técnica presentes"
ventilador-usb-heat-9812,Ventilador Usb Heat,Tecnología,352,4,3,true,0,0,2,2,1,100,2026-04-20,0,0,,A,"contenido diferencial — longitud, material y/o técnica presentes"
mini-ventilador-usb-de-escritorio-ii-8659,Mini Ventilador Usb de Escritorio ii,Oficina,356,4,3,true,0,0,1,2,1,100,2026-04-20,0,0,,A,"contenido diferencial — longitud, material y/o técnica presentes"
ventilador-hook-10472,Ventilador Hook,Tecnología,361,4,3,true,0,0,1,1,1,100,2026-04-20,0,0,,A,"contenido diferencial — longitud, material y/o técnica presentes"
trolley-morral-backpack-dilbert-6926,Trolley Morral Backpack Dilbert,Precio Bomba,396,4,3,true,0,0,2,3,1,100,2026-04-20,0,0,,A,"contenido diferencial — longitud, material y/o técnica presentes"
pesa-de-viaje-digital-6262,Pesa de Viaje Digital,Variedades,335,4,3,true,0,0,1,1,1,100,2026-04-20,0,0,,A,"contenido diferencial — longitud, material y/o técnica presentes"
estuche-para-moviles-flex-waterproof-10889,Estuche Para Móviles Flex Waterproof,Automóvil,303,4,3,true,0,0,1,1,1,100,2026-04-22,0,0,,A,"contenido diferencial — longitud, material y/o técnica presentes"
panos-humedos-antibacterial-60und-6753,Paños Humedos Antibacterial 60und,Precio Bomba,356,4,3,true,0,0,0,4,1,100,2026-04-20,0,0,,A,"contenido diferencial — longitud, material y/o técnica presentes"
termo-viajero-calientito-tu-companero-ideal-9707,Termo Viajero Calientito: Tu Compañero Ideal,Termos Personalizados,133,5,3,true,2,0,2,3,1,80,2026-07-10,0,0,,A,"contenido diferencial — longitud, material y/o técnica presentes"
set-de-herramientas-con-lampara-led-10250,Set de Herramientas Con Lámpara Led,Precio Bomba,328,4,3,true,0,0,1,2,1,100,2026-04-22,3,0,6.67,A,"contenido diferencial — longitud, material y/o técnica presentes"
set-ml-422-rpet-nuevo-13557,Set Ml-422 Rpet Nuevo[más],Master Line,399,4,3,true,1,0,2,4,1,100,2026-04-20,0,0,,A,"contenido diferencial — longitud, material y/o técnica presentes"
set-ml-421-rpet-nuevo-13558,Set Ml-421 Rpet Nuevo[más],Master Line,347,4,3,true,0,0,2,3,1,100,2026-04-20,0,0,,A,"contenido diferencial — longitud, material y/o técnica presentes"
caja-de-te-produccion-nacional-7415,Caja de te - Produccion Nacional - Precio Bomba[más],Precio Bomba,370,4,3,true,0,0,2,1,1,100,2026-04-20,1,0,6,A,"contenido diferencial — longitud, material y/o técnica presentes"
domino-grande-ver-estuche-produccion-nacional-5291,Domino Grande (ver Estuche Produccion Nacional)[más],Juegos,376,4,3,true,0,0,3,1,1,100,2026-04-20,0,0,,B,"lenguaje promocional genérico predominante, sin dato diferencial"
minidomino-produccion-nacional-2789,Minidominó - Produccion Nacional[más],Juegos,334,4,3,true,0,0,1,1,1,100,2026-04-20,0,0,,A,"contenido diferencial — longitud, material y/o técnica presentes"
frisbee-enjoy-produccion-nacional-5245,Frisbee Enjoy - Produccion Nacional[más],Juegos,360,4,3,true,0,0,1,1,1,100,2026-04-20,0,0,,A,"contenido diferencial — longitud, material y/o técnica presentes"
frisbee-original-produccion-nacional-2866,Frisbee Original - Producción Nacional[más],Juegos,369,4,3,true,1,0,0,4,1,100,2026-04-20,0,0,,A,"contenido diferencial — longitud, material y/o técnica presentes"
frisbee-dinamo-produccion-nacional-2864,Frisbee Dínamo - Producción Nacional[más],Juegos,382,4,3,true,0,0,1,1,1,100,2026-04-20,0,0,,A,"contenido diferencial — longitud, material y/o técnica presentes"
juego-portatil-produccion-nacional-7685,Juego Portatil - Producción Nacional[más],Juegos,401,4,3,true,0,0,2,1,1,100,2026-04-20,0,0,,A,"contenido diferencial — longitud, material y/o técnica presentes"
frisbee-flexible-produccion-nacional-2865,Frisbee Flexible - Produccion Nacional[más],Juegos,396,4,3,true,0,0,3,2,1,100,2026-04-20,0,0,,B,"lenguaje promocional genérico predominante, sin dato diferencial"
frisbee-aero-produccion-nacional-8028,Frisbee Aero - Producción Nacional[más],Juegos,459,4,3,true,0,0,2,4,1,100,2026-04-20,2,0,8.5,A,"contenido diferencial — longitud, material y/o técnica presentes"
yoyo-plastico-produccion-nacional-nuevo-9860,Yoyo Plástico - Producción Nacional Nuevo[más],Juegos,364,4,3,true,1,0,1,1,1,100,2026-04-20,0,0,,A,"contenido diferencial — longitud, material y/o técnica presentes"
botilito-siluet-500-ml-ver-tipo-tapa-produccion-nacional-4086,Botilito Siluet - 500 Ml-ver Tipo Tapa-produccion Nacional[más],Tomatodos y Botilitos Personalizados,175,5,3,true,0,0,2,1,1,80,2026-07-10,0,0,,A,"contenido diferencial — longitud, material y/o técnica presentes"
soporte-para-moviles-strike-produccion-nacionalmas-10282,Soporte Para Móviles Strike Producción Nacional[más],Producción Nacional,366,4,3,true,0,0,1,1,1,100,2026-04-20,0,0,,A,"contenido diferencial — longitud, material y/o técnica presentes"
relojes-alcancia-piggy-max,Alcancia Piggy Max,Relojes,446,4,3,true,0,0,1,4,1,100,2026-04-20,0,0,,A,"contenido diferencial — longitud, material y/o técnica presentes"
relojes-boligrafo-mini-dwell,Bolígrafo Mini Dwell,Relojes,340,4,3,true,0,0,1,3,1,100,2026-04-20,0,0,,A,"contenido diferencial — longitud, material y/o técnica presentes"
relojes-sporty-bag-garda,Sporty Bag Garda,Relojes,375,4,3,true,0,0,1,1,1,100,2026-04-20,0,0,,A,"contenido diferencial — longitud, material y/o técnica presentes"
relojes-cobija-pillow,Cobija Pillow,Relojes,417,4,3,true,0,0,1,3,1,100,2026-04-20,0,0,,A,"contenido diferencial — longitud, material y/o técnica presentes"
relojes-catalogo-novelties,Catálogo Novelties,Relojes,387,4,3,true,2,1,2,3,1,100,2026-04-20,0,0,,A,"contenido diferencial — longitud, material y/o técnica presentes"
relojes-catalogo-novelties-2026,Catálogo Novelties 2026,Relojes,306,4,3,true,2,0,1,1,1,100,2026-04-20,0,0,,A,"contenido diferencial — longitud, material y/o técnica presentes"
relojes-catalogo-mundial-2026,Catálogo Mundial 2026,Relojes,405,4,3,true,1,1,1,3,1,100,2026-04-20,1,0,11,A,"contenido diferencial — longitud, material y/o técnica presentes"
relojes-catalogo-produccion-nacional,Catálogo Producción Nacional,Relojes,422,4,3,true,2,0,2,3,1,100,2026-04-20,2,0,5.5,A,"contenido diferencial — longitud, material y/o técnica presentes"
boligrafo-carter-eco-10533,Bolígrafo Carter-eco,EcoNature,343,4,3,true,1,0,2,2,1,100,2026-04-20,0,0,,A,"contenido diferencial — longitud, material y/o técnica presentes"
liquido-antibacterial-holder-spray-10ml-produccion-nacional-9731,Liquido Antibacterial Holder Spray 10ml-produccion Nacional,Médicos,432,4,3,true,0,0,2,1,1,100,2026-04-20,0,0,,A,"contenido diferencial — longitud, material y/o técnica presentes"
aro-de-pilates-ring-9736,Aro de Pilates Ring,Deportes,454,4,3,true,0,0,2,1,1,100,2026-04-20,0,0,,A,"contenido diferencial — longitud, material y/o técnica presentes"
pitillo-reutilizable-metalico-bamboo-9954,Pitillo Reutilizable Metálico Bamboo,Precio Bomba,356,4,3,true,3,0,1,4,1,100,2026-04-20,0,0,,A,"contenido diferencial — longitud, material y/o técnica presentes"
ducal-eco-9252,Ducal Eco,EcoNature,462,4,3,true,1,0,3,4,1,100,2026-04-20,0,0,,A,"contenido diferencial — longitud, material y/o técnica presentes"
boligrafo-flom-4-1-antibacteriano-9531,Boligrafo Flom 4-1 Antibacteriano,Antimicrobianos,453,4,3,true,0,0,2,3,1,100,2026-04-20,1,0,1,A,"contenido diferencial — longitud, material y/o técnica presentes"
boligrafo-gamma-rpet-10017,Bolígrafo Gamma Rpet,Precio Bomba,423,4,3,true,1,0,1,4,1,100,2026-04-20,0,0,,A,"contenido diferencial — longitud, material y/o técnica presentes"
metro-square-bamboo-10448,Metro Square Bamboo,Precio Bomba,433,4,3,true,1,0,2,4,1,100,2026-04-20,0,0,,A,"contenido diferencial — longitud, material y/o técnica presentes"
set-de-destornilladores-triangular-10536,Set de Destornilladores Triangular,Precio Bomba,378,4,3,true,0,0,1,3,1,100,2026-04-20,0,0,,A,"contenido diferencial — longitud, material y/o técnica presentes"
set-de-destornilladores-paddle-10965,Set de Destornilladores Paddle,Precio Bomba,454,4,3,true,0,0,1,3,1,100,2026-04-20,0,0,,A,"contenido diferencial — longitud, material y/o técnica presentes"
regla-plegable-con-llavero-11052,Regla Plegable Con Llavero,Precio Bomba,441,4,3,true,1,0,1,3,1,100,2026-04-20,0,0,,A,"contenido diferencial — longitud, material y/o técnica presentes"
crispetera-en-silicona-oil-free-9634,Crispetera en Silicona Oil Free,Precio Bomba,374,4,3,true,1,0,2,4,1,100,2026-04-20,1,0,10,A,"contenido diferencial — longitud, material y/o técnica presentes"
aireador-electrico-para-vino-9965,Aireador Electrico Para Vino,Bar y Vino,395,4,3,true,0,0,2,3,1,100,2026-04-20,0,0,,A,"contenido diferencial — longitud, material y/o técnica presentes"
set-de-bomba-de-vacio-9966,Set de Bomba de Vacio,Bar y Vino,438,4,3,true,0,0,0,4,1,100,2026-04-20,0,0,,A,"contenido diferencial — longitud, material y/o técnica presentes"
espatula-para-pizza-10061,Espátula Para Pizza,Precio Bomba,452,4,3,true,1,0,1,1,1,100,2026-04-20,0,0,,A,"contenido diferencial — longitud, material y/o técnica presentes"
set-de-cubiertos-camping-10064,Set de Cubiertos Camping,Precio Bomba,377,4,3,true,2,0,2,1,1,100,2026-04-20,0,0,,A,"contenido diferencial — longitud, material y/o técnica presentes"
portabotellas-en-madera-10071,Portabotellas en Madera,Bar y Vino,386,4,3,true,1,1,0,1,1,100,2026-04-20,0,0,,A,"contenido diferencial — longitud, material y/o técnica presentes"
picnic-set-10074,Picnic Set,Bar y Vino,399,4,3,true,1,0,1,1,1,100,2026-04-20,0,0,,A,"contenido diferencial — longitud, material y/o técnica presentes"
soporte-en-silicona-para-cucharas-de-cocina-10528,Soporte en Silicona Para Cucharas de Cocina,Precio Bomba,402,4,3,true,1,0,2,1,1,100,2026-04-20,0,0,,A,"contenido diferencial — longitud, material y/o técnica presentes"
destapador-con-navaja-eco-11049,Destapador Con Navaja Eco,Precio Bomba,339,4,3,true,0,0,1,4,1,100,2026-04-20,0,0,,A,"contenido diferencial — longitud, material y/o técnica presentes"
boligrafo-holographic-10245,Bolígrafo Holographic,Precio Bomba,440,4,3,true,0,0,2,3,1,100,2026-04-20,4,0,8,A,"contenido diferencial — longitud, material y/o técnica presentes"
boligrafo-jenkin-10246,Bolígrafo Jenkin,Precio Bomba,327,4,3,true,0,0,1,4,1,100,2026-04-20,0,0,,A,"contenido diferencial — longitud, material y/o técnica presentes"
boligrafo-jester-coffee-10019,Bolígrafo Jester Coffee,Precio Bomba,344,4,3,true,0,0,1,4,1,100,2026-04-20,0,0,,A,"contenido diferencial — longitud, material y/o técnica presentes"
frisbee-pop-10484,Frisbee Pop,Juegos,350,4,3,true,1,0,3,1,1,100,2026-04-20,1,0,6,A,"contenido diferencial — longitud, material y/o técnica presentes"
boligrafo-lepper-10024,Bolígrafo Lepper,Precio Bomba,439,4,3,true,0,0,2,1,1,100,2026-04-20,0,0,,A,"contenido diferencial — longitud, material y/o técnica presentes"
boligrafo-maze-9946,Bolígrafo Maze,Precio Bomba,426,4,3,true,0,0,2,3,1,100,2026-04-20,0,0,,A,"contenido diferencial — longitud, material y/o técnica presentes"
jarra-en-vidrio-kolors-16oz-8052,Jarra en Vidrio Kolors 16oz,Precio Bomba,349,4,3,true,1,0,1,4,1,100,2026-04-20,0,0,,A,"contenido diferencial — longitud, material y/o técnica presentes"
jarra-cafetera-en-acero-inoxidable-coffee-13l-9194,Jarra Cafetera en Acero Inoxidable Coffee 1.3l,Precio Bomba,352,4,3,true,1,0,3,3,1,100,2026-04-20,2,0,9,A,"contenido diferencial — longitud, material y/o técnica presentes"
botilito-en-vidrio-neoprene-450ml-9438,Botilito en Vidrio Neoprene 450ml,Tomatodos y Botilitos Personalizados,172,5,3,true,1,0,2,3,1,80,2026-07-10,0,0,,A,"contenido diferencial — longitud, material y/o técnica presentes"
mug-plastico-con-corcho-16oz-9562,Mug Plastico Con Corcho 16oz,Infantil,435,4,3,true,2,0,2,1,1,100,2026-04-20,0,0,,A,"contenido diferencial — longitud, material y/o técnica presentes"
mug-plastico-trink-480ml-10080,Mug Plástico Trink 480ml,Precio Bomba,462,4,3,true,1,0,2,1,1,100,2026-04-20,1,0,22,A,"contenido diferencial — longitud, material y/o técnica presentes"
botilito-plastico-cory-petg-900ml-10090,Botilito Plástico Cory Petg 900ml,Tomatodos y Botilitos Personalizados,171,6,4,true,1,0,2,1,1,80,2026-07-10,0,0,,A,"contenido diferencial — longitud, material y/o técnica presentes"
botilito-plastico-kepler-650ml-10295,Botilito Plástico Kepler 650ml,Tomatodos y Botilitos Personalizados,153,5,3,true,1,0,1,3,1,80,2026-07-10,0,0,,A,"contenido diferencial — longitud, material y/o técnica presentes"
mug-plastico-idris-300ml-10355,Mug Plástico Idris 300ml,Precio Bomba,396,4,3,true,1,0,1,3,1,100,2026-04-20,0,0,,A,"contenido diferencial — longitud, material y/o técnica presentes"
botilito-plastico-avalon-pet-750ml-10490,Botilito Plástico Avalon Pet 750ml,Tomatodos y Botilitos Personalizados,153,5,3,true,1,1,1,1,1,80,2026-07-10,0,0,,A,"contenido diferencial — longitud, material y/o técnica presentes"
set-de-boligrafo-y-libreta-lawson-9089,Set de Boligrafo y Libreta Lawson,Precio Bomba,350,4,4,true,0,0,1,3,1,100,2026-04-20,0,0,,A,"contenido diferencial — longitud, material y/o técnica presentes"
portaidentificador-de-carnet-con-limpiador-9321,Portaidentificador de Carnet Con Limpiador,Precio Bomba,371,4,3,true,0,0,1,1,1,100,2026-04-20,0,0,,A,"contenido diferencial — longitud, material y/o técnica presentes"
mini-libreta-bamboo-eco-9950,Mini Libreta Bamboo Eco,Precio Bomba,428,4,3,true,1,0,3,1,1,100,2026-04-20,0,0,,A,"contenido diferencial — longitud, material y/o técnica presentes"
libreta-con-boligrafo-coffee-10105,Libreta Con Bolígrafo Coffee,EcoNature,440,4,3,true,1,0,2,3,1,100,2026-04-20,1,0,11,A,"contenido diferencial — longitud, material y/o técnica presentes"
libreta-malik-96-hojas-10409,Libreta Malik 96 Hojas,Precio Bomba,328,4,3,true,0,0,3,3,1,100,2026-04-20,0,0,,B,"lenguaje promocional genérico predominante, sin dato diferencial"
cinta-para-portacarnet-cork-10346,Cinta Para Portacarnet Cork,Precio Bomba,394,4,3,true,0,0,2,3,1,100,2026-04-20,0,0,,A,"contenido diferencial — longitud, material y/o técnica presentes"
libreta-eco-milk-70-hojas-10447,Libreta Eco Milk 70 Hojas,Precio Bomba,466,4,3,true,0,0,3,4,1,100,2026-04-20,0,0,,B,"lenguaje promocional genérico predominante, sin dato diferencial"
libreta-jokull-10984,Libreta Jokull,Precio Bomba,362,4,3,true,0,0,1,3,1,100,2026-04-20,0,0,,A,"contenido diferencial — longitud, material y/o técnica presentes"
regla-pop-it-11027,Regla Pop it,Precio Bomba,421,4,3,true,1,2,3,4,1,100,2026-04-20,0,0,,A,"contenido diferencial — longitud, material y/o técnica presentes"
libreta-valdis-cork-11058,Libreta Valdis Cork,Precio Bomba,444,4,3,true,0,0,3,2,1,100,2026-04-20,0,0,,B,"lenguaje promocional genérico predominante, sin dato diferencial"
mini-libreta-darvi-11059,Mini Libreta Darvi,Precio Bomba,473,4,3,true,0,0,2,3,1,100,2026-04-20,0,0,,A,"contenido diferencial — longitud, material y/o técnica presentes"
boligrafo-pebble-11022,Bolígrafo Pebble,Precio Bomba,351,4,3,true,0,0,2,3,1,100,2026-04-20,0,0,,A,"contenido diferencial — longitud, material y/o técnica presentes"
boligrafo-portent-cartoon-10031,Bolígrafo Portent Cartoon,EcoNature,400,4,3,true,0,0,3,3,1,100,2026-04-20,3,0,5,B,"lenguaje promocional genérico predominante, sin dato diferencial"
boligrafo-rush-neon-10034,Bolígrafo Rush Neón,Precio Bomba,384,4,3,true,0,0,1,4,1,100,2026-04-20,0,0,,A,"contenido diferencial — longitud, material y/o técnica presentes"
paraguas-de-madera-en-poliester-23-8910,Paraguas de Madera en Poliéster 23,Precio Bomba,431,4,3,true,3,0,1,3,1,100,2026-04-20,0,0,,A,"contenido diferencial — longitud, material y/o técnica presentes"
paraguas-brook-ergo-27-9187,Paraguas Brook Ergo 27,Reflectivos,437,4,3,true,0,0,1,2,1,100,2026-04-20,0,0,,A,"contenido diferencial — longitud, material y/o técnica presentes"
boligrafo-spray-max-antibacteriano-9479,Boligrafo Spray Max Antibacteriano,Antimicrobianos,352,4,3,true,0,0,1,1,1,100,2026-04-20,1,0,7,A,"contenido diferencial — longitud, material y/o técnica presentes"
soporte-para-moviles-pump-bamboo-10431,Soporte Para Móviles Pump Bamboo,Precio Bomba,331,4,3,true,1,0,1,3,1,100,2026-04-20,0,0,,A,"contenido diferencial — longitud, material y/o técnica presentes"
soporte-magnetico-para-moviles-aluminio-9636,Soporte Magnético Para Móviles Aluminio,Precio Bomba,409,4,3,true,1,0,2,4,1,100,2026-04-20,0,0,,A,"contenido diferencial — longitud, material y/o técnica presentes"
soporte-metalico-para-moviles-aluminium-9662,Soporte Metalico Para Móviles Aluminium,Precio Bomba,381,4,4,true,1,0,1,1,1,100,2026-04-20,0,0,,A,"contenido diferencial — longitud, material y/o técnica presentes"
bandeja-portatil-para-laptop-9672,Bandeja Portátil Para Laptop,Precio Bomba,313,4,3,true,0,0,1,4,1,100,2026-04-20,0,0,,A,"contenido diferencial — longitud, material y/o técnica presentes"
soporte-para-tablets-pillow-9691,Soporte Para Tablets Pillow,Precio Bomba,354,4,3,true,0,0,2,1,1,100,2026-04-20,0,0,,A,"contenido diferencial — longitud, material y/o técnica presentes"
mesa-para-laptop-9805,Mesa Para Laptop,Precio Bomba,507,4,3,true,0,0,1,1,1,100,2026-04-20,0,0,,A,"contenido diferencial — longitud, material y/o técnica presentes"
cargador-inalambrico-3-1-9959,Cargador Inalámbrico 3-1,Iluminación,356,5,3,true,0,0,0,3,1,100,2026-04-20,0,0,,A,"contenido diferencial — longitud, material y/o técnica presentes"
audifonos-bluetooth-sportbone-9943,Audífonos Bluetooth Sportbone,Deportes,409,4,3,true,0,0,2,1,1,100,2026-04-20,0,0,,A,"contenido diferencial — longitud, material y/o técnica presentes"
audifonos-bluetooth-aerobone-9944,Audífonos Bluetooth Aerobone,Deportes,394,4,4,true,0,0,3,4,1,100,2026-04-20,0,0,,B,"lenguaje promocional genérico predominante, sin dato diferencial"
audifonos-inalambricos-kick-urban-travel-9925,Audifonos Inalámbricos Kick Urban Travel,Deportes,372,4,3,true,0,0,1,1,1,100,2026-04-20,4,0,11.25,A,"contenido diferencial — longitud, material y/o técnica presentes"
speaker-bluetooth-con-luz-emergency-10134,Speaker Bluetooth Con Luz Emergency,Iluminación,426,4,3,true,0,0,1,3,1,100,2026-04-20,1,0,11,A,"contenido diferencial — longitud, material y/o técnica presentes"
speaker-de-induccion-bamboo-10141,Speaker de Inducción Bamboo,Precio Bomba,342,4,3,true,0,0,1,1,1,100,2026-04-20,0,0,,A,"contenido diferencial — longitud, material y/o técnica presentes"
speaker-bluetooth-con-audifonos-10142,Speaker Bluetooth Con Audífonos,Deportes,478,4,4,true,0,0,2,4,1,100,2026-04-20,0,0,,A,"contenido diferencial — longitud, material y/o técnica presentes"
soporte-para-moviles-con-microfibra-10403,Soporte Para Móviles Con Microfibra,Precio Bomba,370,4,3,true,0,0,2,4,1,100,2026-04-20,0,0,,A,"contenido diferencial — longitud, material y/o técnica presentes"
soporte-para-moviles-chill-10382,Soporte Para Móviles Chill,Precio Bomba,350,4,3,true,0,0,1,3,1,100,2026-04-20,0,0,,A,"contenido diferencial — longitud, material y/o técnica presentes"
speaker-bluetooth-eco-cork-10336,Speaker Bluetooth Eco Cork,Precio Bomba,376,4,3,true,1,0,1,1,1,100,2026-04-20,0,0,,A,"contenido diferencial — longitud, material y/o técnica presentes"
speaker-bluetooth-zip-cork-10424,Speaker Bluetooth Zip Cork,Precio Bomba,392,4,3,true,0,0,1,1,1,100,2026-04-20,3,0,6.67,A,"contenido diferencial — longitud, material y/o técnica presentes"
audifonos-bluetooth-cork-10425,Audífonos Bluetooth Cork,Precio Bomba,408,4,3,true,0,0,2,2,1,100,2026-04-20,0,0,,A,"contenido diferencial — longitud, material y/o técnica presentes"
speaker-bluetooth-tanner-rpet-10491,Speaker Bluetooth Tanner Rpet,Precio Bomba,401,4,3,true,1,0,2,1,1,100,2026-04-20,0,0,,A,"contenido diferencial — longitud, material y/o técnica presentes"
speaker-bluetooth-ringo-bamboo-10495,Speaker Bluetooth Ringo Bamboo,Precio Bomba,371,4,3,true,1,0,3,1,1,100,2026-04-20,0,0,,A,"contenido diferencial — longitud, material y/o técnica presentes"
speaker-bluetooth-wyn-2-1-10478,Speaker Bluetooth Wyn 2-1,Precio Bomba,332,4,3,true,0,0,1,4,1,100,2026-04-20,0,0,,A,"contenido diferencial — longitud, material y/o técnica presentes"
speaker-bluetooth-cyrus-cork-10475,Speaker Bluetooth Cyrus Cork,Precio Bomba,366,4,3,true,0,0,2,1,1,100,2026-04-20,0,0,,A,"contenido diferencial — longitud, material y/o técnica presentes"
cargador-inalambrico-multifuncion-10328,Cargador Inalámbrico Multifunción,Precio Bomba,392,4,3,true,0,0,1,3,1,100,2026-04-20,1,0,6,A,"contenido diferencial — longitud, material y/o técnica presentes"
soporte-para-moviles-cup-10477,Soporte Para Móviles Cup,Precio Bomba,384,4,3,true,0,0,2,3,1,100,2026-04-20,0,0,,A,"contenido diferencial — longitud, material y/o técnica presentes"
speaker-bluetooth-micro-karaoke-10919,Speaker Bluetooth Micro Karaoke,Precio Bomba,379,4,3,true,0,0,2,1,1,100,2026-04-20,0,0,,A,"contenido diferencial — longitud, material y/o técnica presentes"
cargador-inalambrico-coil-eco-10742,Cargador Inalámbrico Coil Eco,Precio Bomba,390,4,3,true,0,0,2,1,1,100,2026-04-20,6,0,9.33,A,"contenido diferencial — longitud, material y/o técnica presentes"
speaker-bluetooth-alden-eco-10743,Speaker Bluetooth Alden Eco,Precio Bomba,380,4,3,true,0,0,2,1,1,100,2026-04-20,0,0,,A,"contenido diferencial — longitud, material y/o técnica presentes"
gancho-carabinero-lock-10401,Gancho Carabinero Lock,Precio Bomba,376,4,3,true,0,0,1,4,1,100,2026-04-20,0,0,,A,"contenido diferencial — longitud, material y/o técnica presentes"
timbre-bike-10359,Timbre Bike,Bicicleta,399,4,3,true,0,0,1,3,1,100,2026-04-20,0,0,,A,"contenido diferencial — longitud, material y/o técnica presentes"
morral-backpack-glow-10366,Morral Backpack Glow,Precio Bomba,374,4,3,true,0,0,2,3,1,100,2026-04-20,0,0,,A,"contenido diferencial — longitud, material y/o técnica presentes"
mouse-pad-iggy-10373,Mouse Pad Iggy,Precio Bomba,468,4,3,true,0,0,3,3,1,100,2026-04-20,0,0,,B,"lenguaje promocional genérico predominante, sin dato diferencial"
estuche-cosmetiquera-10572,Estuche Cosmetiquera,Precio Bomba,345,4,3,true,0,0,2,4,1,100,2026-04-20,4,0,116.5,A,"contenido diferencial — longitud, material y/o técnica presentes"
bowl-mat-para-mascotas-10981,Bowl Mat Para Mascotas,Precio Bomba,408,4,3,true,0,0,1,3,1,100,2026-04-20,1,0,105,A,"contenido diferencial — longitud, material y/o técnica presentes"
morral-backpack-skylar-10786,Morral Backpack Skylar,Precio Bomba,328,4,3,true,0,0,2,3,1,100,2026-04-20,0,0,,A,"contenido diferencial — longitud, material y/o técnica presentes"
clip-cork-10939,Clip Cork,Precio Bomba,454,4,3,true,1,0,1,4,1,100,2026-04-20,0,0,,A,"contenido diferencial — longitud, material y/o técnica presentes"
bolsa-en-cambrel-savannah-8190,Bolsa en Cambrel Savannah,Precio Bomba,365,4,3,true,0,0,3,3,1,100,2026-04-20,0,0,,B,"lenguaje promocional genérico predominante, sin dato diferencial"
soporte-viajero-8674,Soporte Viajero,Precio Bomba,399,5,3,true,0,0,2,2,1,100,2026-04-20,0,0,,A,"contenido diferencial — longitud, material y/o técnica presentes"
bolsa-metalizada-hologram-9154,Bolsa Metalizada Hologram,Precio Bomba,365,4,3,true,1,0,2,3,1,100,2026-04-20,0,0,,A,"contenido diferencial — longitud, material y/o técnica presentes"
manija-shopping-9816,Manija Shopping,Precio Bomba,392,4,3,true,0,0,2,4,1,100,2026-04-20,0,0,,A,"contenido diferencial — longitud, material y/o técnica presentes"
morral-backpack-bound-10172,Morral Backpack Bound,Precio Bomba,406,4,3,true,0,0,2,3,1,100,2026-04-20,0,0,,A,"contenido diferencial — longitud, material y/o técnica presentes"
morral-backpack-onyx-oferta-10365,Morral Backpack Onyx -oferta,Precio Bomba,363,4,3,true,0,0,1,3,1,100,2026-04-20,0,0,,A,"contenido diferencial — longitud, material y/o técnica presentes"
set-de-cubiertos-eco-material-antibacteriano-9694,Set de Cubiertos Eco - Material Antibacteriano,EcoNature,389,4,3,true,1,0,1,1,1,100,2026-04-20,0,0,,A,"contenido diferencial — longitud, material y/o técnica presentes"
portacomidas-eco-holder-antibacteriano-9536,Portacomidas Eco Holder Antibacteriano,EcoNature,381,4,3,true,0,0,2,1,1,100,2026-04-20,1,0,9,A,"contenido diferencial — longitud, material y/o técnica presentes"
klean-antibacteriano-oferta-9468,Klean Antibacteriano Oferta,Antimicrobianos,320,4,3,true,0,0,2,3,1,100,2026-04-20,0,0,,A,"contenido diferencial — longitud, material y/o técnica presentes"
portacomidas-con-cubiertos-eco-square-ii-produccion-nacional-9855,Portacomidas Con Cubiertos Eco Square ii -produccion Nacional,EcoNature,374,4,3,true,0,0,3,1,1,100,2026-04-20,3,0,6.33,B,"lenguaje promocional genérico predominante, sin dato diferencial"
boligrafo-ventura-spray-antibacteriano-oferta-9482,Boligrafo Ventura Spray Antibacteriano Oferta,Antimicrobianos,394,4,3,true,0,0,2,4,1,100,2026-04-20,0,0,,A,"contenido diferencial — longitud, material y/o técnica presentes"
boligrafo-vinnie-antibacteriano-9611,Boligrafo Vinnie Antibacteriano,Antimicrobianos,465,4,3,true,0,0,1,4,1,100,2026-04-20,0,0,,A,"contenido diferencial — longitud, material y/o técnica presentes"
boligrafo-vinnie-stylus-antibacteriano-9669,Boligrafo Vinnie Stylus Antibacteriano,Antimicrobianos,368,4,4,true,0,0,2,4,1,100,2026-04-20,0,0,,A,"contenido diferencial — longitud, material y/o técnica presentes"
sporty-bag-reflectiva-security-9190,Sporty Bag Reflectiva Security,Reflectivos,470,4,3,true,0,0,2,4,1,100,2026-04-20,0,0,,A,"contenido diferencial — longitud, material y/o técnica presentes"
bolsa-reflectiva-security-9189,Bolsa Reflectiva Security,Reflectivos,359,4,3,true,0,0,1,1,1,100,2026-04-20,0,0,,A,"contenido diferencial — longitud, material y/o técnica presentes"
set-de-herramientas-bottle-bike-10286,Set de Herramientas Bottle Bike,Bicicleta,407,4,3,true,0,0,1,1,1,100,2026-04-20,0,0,,A,"contenido diferencial — longitud, material y/o técnica presentes"
set-licorera-malt-9909,Set Licorera Malt,Bar y Vino,353,4,3,true,1,0,2,1,1,100,2026-04-20,0,0,,A,"contenido diferencial — longitud, material y/o técnica presentes"
mini-licorera-6oz-8463,Mini Licorera 6oz,Bar y Vino,347,4,3,true,1,0,2,1,1,100,2026-04-20,1,0,11,A,"contenido diferencial — longitud, material y/o técnica presentes"
set-de-vino-sutton-10070,Set de Vino Sutton,Bar y Vino,375,4,3,true,0,0,1,4,1,100,2026-04-20,0,0,,A,"contenido diferencial — longitud, material y/o técnica presentes"
mini-licorera-jacoby-6oz-10075,Mini Licorera Jacoby 6oz,Bar y Vino,450,4,3,true,1,0,4,2,1,100,2026-04-20,0,0,,A,"contenido diferencial — longitud, material y/o técnica presentes"
set-portavasos-bamboo-puzzle-10072,Set Portavasos Bamboo Puzzle,Bar y Vino,400,4,3,true,0,0,2,1,1,100,2026-04-20,0,0,,A,"contenido diferencial — longitud, material y/o técnica presentes"
copa-plastica-celtic-15oz-produccion-nacional-9920,Copa Plástica Celtic 1.5oz - Producción Nacional,EcoNature,375,4,3,true,0,0,1,3,1,100,2026-04-20,0,0,,A,"contenido diferencial — longitud, material y/o técnica presentes"
copa-plastica-party-1oz-produccion-nacional-9696,Copa Plástica Party 1oz - Produccion Nacional,EcoNature,340,4,3,true,1,0,1,1,1,100,2026-04-20,0,0,,A,"contenido diferencial — longitud, material y/o técnica presentes"
metro-destapador-bamboo-10262,Metro Destapador Bamboo,Bar y Vino,369,5,3,true,4,1,3,2,1,100,2026-04-20,2,0,6.5,A,"contenido diferencial — longitud, material y/o técnica presentes"
set-de-vino-en-bambu-ii-9719,Set de Vino en Bambú ii,Bar y Vino,358,4,3,true,1,0,1,1,1,100,2026-04-20,4,1,6,A,"contenido diferencial — longitud, material y/o técnica presentes"
set-de-bar-martini-9740,Set de Bar Martini,Bar y Vino,329,4,3,true,1,0,2,3,1,100,2026-04-20,0,0,,A,"contenido diferencial — longitud, material y/o técnica presentes"
set-de-tablas-wine-snack-9755,Set de Tablas Wine Snack,Bar y Vino,412,4,3,true,1,0,2,1,1,100,2026-04-20,0,0,,A,"contenido diferencial — longitud, material y/o técnica presentes"
llavero-destapador-holder-9546,Llavero Destapador Holder,Bar y Vino,387,4,3,true,0,0,1,3,1,100,2026-04-20,0,0,,A,"contenido diferencial — longitud, material y/o técnica presentes"
balde-multiusos-10281,Balde Multiusos,Bar y Vino,373,4,3,true,1,1,1,1,1,100,2026-04-20,0,0,,A,"contenido diferencial — longitud, material y/o técnica presentes"
set-de-licorera-con-juegos-10405,Set de Licorera Con Juegos,Bar y Vino,360,4,3,true,1,0,1,4,1,100,2026-04-20,0,0,,A,"contenido diferencial — longitud, material y/o técnica presentes"
set-de-bar-benson-10404,Set de Bar Benson,Bar y Vino,439,4,3,true,0,0,2,4,1,100,2026-04-20,0,0,,A,"contenido diferencial — longitud, material y/o técnica presentes"
destapador-bamboo-wine-10406,Destapador Bamboo Wine,Bar y Vino,399,4,3,true,2,0,2,1,1,100,2026-04-20,2,0,6.5,A,"contenido diferencial — longitud, material y/o técnica presentes"
cuello-multifuncional-para-sublimacion-8689,Cuello Multifuncional Para Sublimación,Deportes,390,4,3,true,0,1,1,3,1,100,2026-04-20,1,0,3,A,"contenido diferencial — longitud, material y/o técnica presentes"
set-de-herramientas-para-bicicleta-gearx-oferta-10055,Set de Herramientas Para Bicicleta Gearx Oferta,Bicicleta,427,4,3,true,0,0,2,3,1,100,2026-04-20,0,0,,A,"contenido diferencial — longitud, material y/o técnica presentes"
linterna-para-bicicleta-snake-ii-10197,Linterna Para Bicicleta Snake ii,Iluminación,350,4,3,true,0,0,0,1,1,100,2026-04-20,0,0,,A,"contenido diferencial — longitud, material y/o técnica presentes"
banda-sport-led-10468,Banda Sport Led,Iluminación,413,4,3,true,0,0,2,4,1,100,2026-04-20,1,0,12,A,"contenido diferencial — longitud, material y/o técnica presentes"
audifonos-bluetooth-taylor-ii-oferta-9865,Audífonos Bluetooth Taylor ii Oferta,Deportes,348,4,3,true,0,0,2,1,1,100,2026-04-20,0,0,,A,"contenido diferencial — longitud, material y/o técnica presentes"
organizador-para-bicicleta-9821,Organizador Para Bicicleta,Bicicleta,353,4,3,true,0,0,2,3,1,100,2026-04-20,0,0,,A,"contenido diferencial — longitud, material y/o técnica presentes"
morral-backpack-grant-9832,Morral Backpack Grant,Deportes,424,4,3,true,0,0,4,4,1,100,2026-04-20,0,0,,B,"lenguaje promocional genérico predominante, sin dato diferencial"
linterna-recargable-head-13227,Linterna Recargable Head,Iluminación,432,4,3,true,0,0,1,4,1,100,2026-04-20,0,0,,A,"contenido diferencial — longitud, material y/o técnica presentes"
banda-recargable-sporty-13228,Banda Recargable Sporty,Iluminación,383,4,3,true,0,0,0,1,1,100,2026-04-20,0,0,,A,"contenido diferencial — longitud, material y/o técnica presentes"
calculadora-multicolor-12-digitos-11121,Calculadora Multicolor 12 Dígitos,Calculadoras,321,4,3,true,0,0,2,1,1,100,2026-04-20,1,0,9,A,"contenido diferencial — longitud, material y/o técnica presentes"
calculadora-executive-12-digitos-4335,Calculadora Executive - 12 Digitos,Calculadoras,373,4,3,true,0,0,1,4,1,100,2026-04-20,0,0,,A,"contenido diferencial — longitud, material y/o técnica presentes"
calculadora-clipboard-4336,Calculadora Clipboard,Calculadoras,394,4,3,true,0,0,1,4,1,100,2026-04-20,2,0,10,A,"contenido diferencial — longitud, material y/o técnica presentes"
calculadora-brody-9730,Calculadora Brody,Calculadoras,402,4,3,true,0,0,2,1,1,100,2026-04-20,0,0,,A,"contenido diferencial — longitud, material y/o técnica presentes"
bola-antiestres-rubber-9738,Bola Antiestrés Rubber,Médicos,427,4,3,true,0,0,2,1,1,100,2026-04-20,0,0,,A,"contenido diferencial — longitud, material y/o técnica presentes"
botilito-plastico-galaxy-900ml-produccion-nacional-7890,Botilito Plástico Galaxy 900ml - Producción Nacional,Tomatodos y Botilitos Personalizados,160,5,3,true,1,1,1,1,1,80,2026-07-10,0,0,,A,"contenido diferencial — longitud, material y/o técnica presentes"
morral-backpack-stallone-7582,Morral Backpack Stallone,Deportes,395,4,3,true,0,0,2,4,1,100,2026-04-20,0,0,,A,"contenido diferencial — longitud, material y/o técnica presentes"
botilito-plastico-lambert-petg-710ml-9872,Botilito Plastico Lambert Petg 710ml,Tomatodos y Botilitos Personalizados,134,5,3,true,0,1,1,3,1,80,2026-07-10,0,0,,A,"contenido diferencial — longitud, material y/o técnica presentes"
botilito-plastico-langdon-petg-850ml-9873,Botilito Plastico Langdon Petg 850ml,Tomatodos y Botilitos Personalizados,165,6,3,true,0,1,1,1,1,80,2026-07-10,0,0,,A,"contenido diferencial — longitud, material y/o técnica presentes"
botilito-plastico-zigor-600ml-produccion-nacional-8054,Botilito Plastico Zigor 600ml -produccion Nacional,Tomatodos y Botilitos Personalizados,158,5,3,true,1,2,1,3,1,80,2026-07-10,1,0,7,A,"contenido diferencial — longitud, material y/o técnica presentes"
botilito-de-silicona-twiggy-600ml-9902,Botilito de Silicona Twiggy 600ml,Tomatodos y Botilitos Personalizados,141,5,3,true,2,0,1,3,1,80,2026-07-10,0,0,,A,"contenido diferencial — longitud, material y/o técnica presentes"
botilito-en-pet-tiffany-680ml-produccion-nacional-9354,Botilito en Pet Tiffany 680ml -produccion Nacional,Tomatodos y Botilitos Personalizados,149,5,3,true,0,0,1,1,1,80,2026-07-10,0,0,,A,"contenido diferencial — longitud, material y/o técnica presentes"
botilito-en-pet-capri-750ml-produccion-nacional-9356,Botilito en Pet Capri 750ml - Produccion Nacional,Tomatodos y Botilitos Personalizados,146,5,4,true,0,0,1,1,1,80,2026-07-10,0,0,,A,"contenido diferencial — longitud, material y/o técnica presentes"
botilito-plastico-biggy-1500ml-10088,Botilito Plástico Biggy 1500ml,Tomatodos y Botilitos Personalizados,164,4,3,true,1,1,2,3,1,80,2026-07-10,0,0,,A,"contenido diferencial — longitud, material y/o técnica presentes"
botilito-plastico-mack-petg-700ml-oferta-10091,Botilito Plástico Mack Petg 700ml Oferta,Tomatodos y Botilitos Personalizados,152,5,4,true,0,0,1,3,1,80,2026-07-10,0,0,,A,"contenido diferencial — longitud, material y/o técnica presentes"
botilitro-plastico-1000ml-1-litro-produccion-nacional-10300,Botilitro Plástico 1000ml - 1 Litro - Produccion Nacional,Deportes,358,4,3,true,1,0,1,4,1,100,2026-04-20,0,0,,A,"contenido diferencial — longitud, material y/o técnica presentes"
audifonos-bluetooth-tron-9869,Audifonos Bluetooth Tron,Deportes,376,4,3,true,0,0,2,1,1,100,2026-04-20,0,0,,A,"contenido diferencial — longitud, material y/o técnica presentes"
sporty-bag-baylor-10186,Sporty Bag Baylor,Deportes,396,4,3,true,0,0,2,1,1,100,2026-04-20,0,0,,A,"contenido diferencial — longitud, material y/o técnica presentes"
botilito-en-silicona-compact-500ml-10563,Botilito en Silicona Cómpact 500ml,Tomatodos y Botilitos Personalizados,152,5,3,true,1,0,1,3,1,80,2026-07-10,0,0,,A,"contenido diferencial — longitud, material y/o técnica presentes"
funda-portacelular-reflect-sport-rpet-10415,Funda Portacelular Reflect Sport Rpet,Deportes,471,4,3,true,1,0,1,3,1,100,2026-04-20,0,0,,A,"contenido diferencial — longitud, material y/o técnica presentes"
funda-portacelular-sport-rpet-10417,Funda Portacelular Sport Rpet,Deportes,407,4,3,true,1,0,2,3,1,100,2026-04-20,0,0,,A,"contenido diferencial — longitud, material y/o técnica presentes"
gorra-fashion-urban-travel-10625,Gorra Fashion Urban Travel,Gorras,405,4,3,true,0,0,2,3,1,100,2026-04-20,0,0,,A,"contenido diferencial — longitud, material y/o técnica presentes"
sporty-bag-ozuma-13485,Sporty Bag Ozuma,Deportes,467,4,3,true,0,0,2,1,1,100,2026-04-20,0,0,,A,"contenido diferencial — longitud, material y/o técnica presentes"
maletin-compacto-soccer-cup-13291,Maletin Compacto Soccer Cup,Deportes,393,4,3,true,0,0,2,3,1,100,2026-04-20,0,0,,A,"contenido diferencial — longitud, material y/o técnica presentes"
juego-de-raquetas-board-game-13435,Juego de Raquetas Board Game,Juegos,449,4,3,true,0,0,1,1,1,100,2026-04-20,0,0,,A,"contenido diferencial — longitud, material y/o técnica presentes"
maletin-harmony-13363,Maletín Harmony,Deportes,453,4,3,true,1,0,2,1,1,100,2026-04-20,0,0,,A,"contenido diferencial — longitud, material y/o técnica presentes"
lazo-jump-nuevo-13549,Lazo Jump Nuevo,Juegos,399,4,3,true,0,0,0,1,1,100,2026-04-20,0,0,,A,"contenido diferencial — longitud, material y/o técnica presentes"
set-de-bandas-elasticas-en-bolsa-nuevo-13594,Set de Bandas Elásticas en Bolsa Nuevo,Deportes,474,4,3,true,0,0,3,1,1,100,2026-04-20,1,0,3,B,"lenguaje promocional genérico predominante, sin dato diferencial"
boligrafo-aston-eco-9914,Bolígrafo Aston Eco,EcoNature,445,4,3,true,0,0,0,1,1,100,2026-04-20,0,0,,A,"contenido diferencial — longitud, material y/o técnica presentes"
pitillo-reutilizable-metalico-wheat-9708,Pitillo Reutilizable Metálico Wheat,Médicos,403,4,3,true,1,0,2,4,1,100,2026-04-20,1,0,36,A,"contenido diferencial — longitud, material y/o técnica presentes"
metro-arkitect-eco-10454,Metro Arkitect Eco,EcoNature,390,4,3,true,3,0,1,3,1,100,2026-04-20,0,0,,A,"contenido diferencial — longitud, material y/o técnica presentes"
metro-oval-eco-9739,Metro Oval Eco,EcoNature,374,4,3,true,2,0,2,1,1,100,2026-04-20,0,0,,A,"contenido diferencial — longitud, material y/o técnica presentes"
portacomidas-con-cubiertos-eco-nature-9031,Portacomidas Con Cubiertos Eco Nature,EcoNature,376,4,3,true,1,0,1,1,1,100,2026-04-20,3,0,3,A,"contenido diferencial — longitud, material y/o técnica presentes"
portacomidas-eco-denver-9746,Portacomidas Eco Denver,EcoNature,448,4,3,true,1,0,1,1,1,100,2026-04-20,0,0,,A,"contenido diferencial — longitud, material y/o técnica presentes"
portacomidas-con-cubiertos-eco-davis-9747,Portacomidas Con Cubiertos Eco Davis,EcoNature,457,4,3,true,0,0,1,3,1,100,2026-04-20,2,0,13.5,A,"contenido diferencial — longitud, material y/o técnica presentes"
portacomidas-julius-10335,Portacomidas Julius,EcoNature,364,4,3,true,1,0,2,1,1,100,2026-04-20,0,0,,A,"contenido diferencial — longitud, material y/o técnica presentes"
juego-parchis-13183,Juego Parchis,Juegos,403,4,3,true,0,0,1,1,1,100,2026-04-20,0,0,,A,"contenido diferencial — longitud, material y/o técnica presentes"
juego-de-letras-nuevo-13576,Juego de Letras Nuevo,Juegos,397,4,3,true,0,0,2,4,1,100,2026-04-20,0,0,,A,"contenido diferencial — longitud, material y/o técnica presentes"
kirk-eco-9225,Kirk Eco,EcoNature,468,4,3,true,0,0,2,4,1,100,2026-04-20,0,0,,A,"contenido diferencial — longitud, material y/o técnica presentes"
mug-plastico-con-cuchara-tiffany-350ml-produccion-nacional-10125,Mug Plástico Con Cuchara Tiffany 350ml - Producción Nacional,EcoNature,398,4,3,true,1,0,1,1,1,100,2026-04-20,0,0,,A,"contenido diferencial — longitud, material y/o técnica presentes"
pestana-plastica-para-mug-orbit-5892,Pestaña Plastica Para Mug Orbit,EcoNature,364,4,3,true,1,0,2,1,1,100,2026-04-20,0,0,,A,"contenido diferencial — longitud, material y/o técnica presentes"
tapa-plastica-para-mug-orbit-incluye-mu-62p-5891,Tapa Plastica Para Mug Orbit (incluye Mu-62p),EcoNature,337,4,3,true,0,0,2,3,1,100,2026-04-20,0,0,,A,"contenido diferencial — longitud, material y/o técnica presentes"
natura-eco-9244,Natura Eco,EcoNature,446,4,3,true,0,0,2,2,1,100,2026-04-20,0,0,,A,"contenido diferencial — longitud, material y/o técnica presentes"
resaltador-triangulo-eco-13187,Resaltador Triángulo Eco,Infantil,348,4,3,true,0,0,1,1,1,100,2026-04-20,0,0,,A,"contenido diferencial — longitud, material y/o técnica presentes"
libreta-con-boligrafo-leroy-eco-10106,Libreta Con Bolígrafo Leroy Eco,EcoNature,431,4,3,true,1,0,1,4,1,100,2026-04-20,0,0,,A,"contenido diferencial — longitud, material y/o técnica presentes"
set-goblet-eco-13189,Set Goblet Eco,EcoNature,432,4,3,true,2,0,2,4,1,100,2026-04-20,0,0,,A,"contenido diferencial — longitud, material y/o técnica presentes"
calendario-bamboo-13185,Calendario Bamboo,EcoNature,344,4,3,true,1,1,2,1,1,100,2026-04-20,3,1,6,A,"contenido diferencial — longitud, material y/o técnica presentes"
set-boligrafo-y-portaminas-dakota-eco-9684,Set Bolígrafo y Portaminas Dakota Eco,EcoNature,425,4,3,true,0,0,1,3,1,100,2026-04-20,0,0,,A,"contenido diferencial — longitud, material y/o técnica presentes"
cable-multicargador-cotton-10507,Cable Multicargador Cotton,EcoNature,382,4,3,true,1,0,1,3,1,100,2026-04-20,0,0,,A,"contenido diferencial — longitud, material y/o técnica presentes"
soporte-para-moviles-tropic-bamboo-nuevo-13574,Soporte Para Móviles Tropic Bamboo Nuevo,EcoNature,386,4,3,true,1,1,3,1,1,100,2026-04-20,4,0,11.25,A,"contenido diferencial — longitud, material y/o técnica presentes"
identificador-de-maletas-eco-10356,Identificador de Maletas Eco,EcoNature,370,4,3,true,0,0,1,3,1,100,2026-04-20,0,0,,A,"contenido diferencial — longitud, material y/o técnica presentes"
set-de-colores-smile-nuevo-13573,Set de Colores Smile Nuevo,Infantil,500,4,3,true,0,0,1,4,1,100,2026-04-20,0,0,,A,"contenido diferencial — longitud, material y/o técnica presentes"
ventura-eco-stylus-9250,Ventura Eco Stylus,EcoNature,354,4,3,true,1,0,2,1,1,100,2026-04-20,2,0,9.5,A,"contenido diferencial — longitud, material y/o técnica presentes"
set-de-golf-tees-10929,Set de Golf Tees,Juegos,376,4,3,true,0,0,1,4,1,100,2026-04-20,1,0,12,A,"contenido diferencial — longitud, material y/o técnica presentes"
visera-trucker-10895,Visera Trucker,Gorras,369,4,3,true,0,0,2,4,1,100,2026-04-20,0,0,,A,"contenido diferencial — longitud, material y/o técnica presentes"
gorra-beisbol-469,Gorra Beisbol,Gorras,352,4,3,true,1,0,2,2,1,100,2026-04-20,0,0,,A,"contenido diferencial — longitud, material y/o técnica presentes"
gorra-taslon-urban-travel-13402,Gorra Taslon Urban Travel,Gorras,367,4,3,true,0,0,1,1,1,100,2026-04-20,3,0,3,A,"contenido diferencial — longitud, material y/o técnica presentes"
linterna-neck-9757,Linterna Neck,Iluminación,396,4,3,true,0,0,1,4,1,100,2026-04-20,0,0,,A,"contenido diferencial — longitud, material y/o técnica presentes"
mini-lampara-para-laptop-9758,Mini Lámpara Para Laptop,Iluminación,331,4,3,true,0,0,3,1,1,100,2026-04-20,0,0,,B,"lenguaje promocional genérico predominante, sin dato diferencial"
linterna-doctor-10699,Linterna Doctor,Iluminación,452,4,4,true,1,0,1,1,1,100,2026-04-20,0,0,,A,"contenido diferencial — longitud, material y/o técnica presentes"
linterna-recargable-morven-10816,Linterna Recargable Morven,Iluminación,323,4,4,true,0,0,2,1,1,100,2026-04-20,0,0,,A,"contenido diferencial — longitud, material y/o técnica presentes"
mini-linterna-bamboo-9926,Mini Linterna Bamboo,Iluminación,388,4,3,true,1,0,0,1,1,100,2026-04-20,0,0,,A,"contenido diferencial — longitud, material y/o técnica presentes"
linterna-de-9-leds-flynt-5753,Linterna de 9 Leds Flynt,Iluminación,451,4,3,true,0,0,0,3,1,100,2026-04-20,0,0,,A,"contenido diferencial — longitud, material y/o técnica presentes"
mini-selfie-light-para-moviles-9689,Mini Selfie Light Para Móviles,Iluminación,381,4,3,true,0,0,2,3,1,100,2026-04-20,0,0,,A,"contenido diferencial — longitud, material y/o técnica presentes"
dispensador-de-bolsas-muller-oferta-9934,Dispensador de Bolsas Muller Oferta,Iluminación,390,4,3,true,0,0,2,2,1,100,2026-04-20,0,0,,A,"contenido diferencial — longitud, material y/o técnica presentes"
metro-llavero-nitto-10051,Metro Llavero Nitto,Iluminación,348,4,3,true,0,0,1,3,1,100,2026-04-20,0,0,,A,"contenido diferencial — longitud, material y/o técnica presentes"
cargador-inalambrico-con-lampara-flex-oferta-10467,Cargador Inalámbrico Con Lámpara Flex - Oferta,Iluminación,335,4,3,true,0,0,1,3,1,100,2026-04-20,0,0,,A,"contenido diferencial — longitud, material y/o técnica presentes"
linterna-tom-10374,Linterna Tom,Iluminación,408,4,3,true,0,0,2,4,1,100,2026-04-20,2,0,17.5,A,"contenido diferencial — longitud, material y/o técnica presentes"
luz-de-emergencia-v16-magnetica-13423,Luz de Emergencia V16 Magnetica,Iluminación,443,4,3,true,1,0,1,4,1,100,2026-04-20,0,0,,A,"contenido diferencial — longitud, material y/o técnica presentes"
luz-portable-work-13223,Luz Portable Work,Iluminación,408,4,3,true,0,0,1,4,1,100,2026-04-20,0,0,,A,"contenido diferencial — longitud, material y/o técnica presentes"
linterna-recargable-ultan-13226,Linterna Recargable Ultan,Iluminación,368,4,3,true,0,0,3,1,1,100,2026-04-20,0,0,,B,"lenguaje promocional genérico predominante, sin dato diferencial"
paraguas-autolight-23-13284,Paraguas Autolight 23,Iluminación,335,4,3,true,0,0,0,2,1,100,2026-04-20,0,0,,A,"contenido diferencial — longitud, material y/o técnica presentes"
linterna-recargable-neck-13406,Linterna Recargable Neck,Iluminación,368,4,3,true,0,0,1,1,1,100,2026-04-20,0,0,,A,"contenido diferencial — longitud, material y/o técnica presentes"
llavero-sigma-13407,Llavero Sigma,Iluminación,416,4,4,true,0,0,2,1,1,100,2026-04-20,0,0,,A,"contenido diferencial — longitud, material y/o técnica presentes"
miniset-de-escritorio-2047,Miniset de Escritorio,Infantil,453,4,3,true,0,0,1,4,1,100,2026-04-20,1,0,10,A,"contenido diferencial — longitud, material y/o técnica presentes"
alcancia-cubo-apilable-produccion-nacional-8716,Alcancía Cubo Apilable - Produccion Nacional,Infantil,414,4,4,true,1,0,1,1,1,100,2026-04-20,0,0,,A,"contenido diferencial — longitud, material y/o técnica presentes"
cartuchera-en-cambrel-kidz-con-diseno-8511,Cartuchera en Cambrel Kidz Con Diseño.,Infantil,397,4,4,true,0,0,1,1,1,100,2026-04-20,0,0,,A,"contenido diferencial — longitud, material y/o técnica presentes"
set-de-colores-y-crayolas-gavino-8654,Set de Colores y Crayolas Gavino,Infantil,356,4,3,true,0,0,2,1,1,100,2026-04-20,1,0,10,A,"contenido diferencial — longitud, material y/o técnica presentes"
mini-tablero-borrable-9101,Mini Tablero Borrable,Infantil,457,4,3,true,0,0,2,1,1,100,2026-04-20,0,0,,A,"contenido diferencial — longitud, material y/o técnica presentes"
botilito-plastico-thor-470ml-produccion-nacional-9393,Botilito Plastico Thor 470ml- Producción Nacional,Tomatodos y Botilitos Personalizados,146,4,3,true,1,0,2,1,1,80,2026-07-10,0,0,,A,"contenido diferencial — longitud, material y/o técnica presentes"
tapa-alcancia-produccion-nacional-9387,Tapa Alcancia - Produccion Nacional,Infantil,381,4,3,true,1,0,2,4,1,100,2026-04-20,0,0,,A,"contenido diferencial — longitud, material y/o técnica presentes"
set-de-4-mini-marcadores-tinta-lavable-9415,Set de 4 Mini Marcadores Tinta Lavable,Infantil,465,4,3,true,0,0,2,4,1,100,2026-04-20,0,0,,A,"contenido diferencial — longitud, material y/o técnica presentes"
set-paint-9814,Set Paint,Infantil,432,4,3,true,0,0,2,4,1,100,2026-04-20,0,0,,A,"contenido diferencial — longitud, material y/o técnica presentes"
set-de-colores-annie-10157,Set de Colores Annie,Infantil,403,4,3,true,0,0,2,4,1,100,2026-04-20,0,0,,A,"contenido diferencial — longitud, material y/o técnica presentes"
set-de-juegos-pelkat-9886,Set de Juegos Pelkat,Juegos,406,4,3,true,0,0,2,3,1,100,2026-04-20,0,0,,A,"contenido diferencial — longitud, material y/o técnica presentes"
botilito-wave-pvc-640ml-produccion-nacional-7763,Botilito Wave Pvc 640ml - Produccion Nacional,Tomatodos y Botilitos Personalizados,167,5,3,true,1,0,2,0,1,80,2026-07-10,0,0,,A,"contenido diferencial — longitud, material y/o técnica presentes"
botilito-murray-700ml-8665,Botilito Murray 700ml,Tomatodos y Botilitos Personalizados,172,5,3,true,0,1,2,1,1,80,2026-07-10,0,0,,A,"contenido diferencial — longitud, material y/o técnica presentes"
resaltador-magico-en-cera-flower-4-colores-7243,Resaltador Magico en Cera Flower - 4 Colores,Infantil,432,4,3,true,0,0,2,1,1,100,2026-04-20,0,0,,A,"contenido diferencial — longitud, material y/o técnica presentes"
set-de-escritorio-office-8718,Set de Escritorio Office,Infantil,410,4,3,true,0,0,2,1,1,100,2026-04-20,0,0,,A,"contenido diferencial — longitud, material y/o técnica presentes"
clip-marcador-de-hojas-oferta-9039,Clip Marcador de Hojas - Oferta,Infantil,510,4,3,true,0,0,1,4,1,100,2026-04-20,0,0,,A,"contenido diferencial — longitud, material y/o técnica presentes"
sticky-set-separador-de-hojas-10102,Sticky Set Separador de Hojas,Médicos,414,4,3,true,0,0,1,1,1,100,2026-04-20,0,0,,A,"contenido diferencial — longitud, material y/o técnica presentes"
vaso-pitillo-balon-720ml-produccion-nacional-4094,Vaso Pitillo Balon 720ml-produccion Nacional,Vasos Personalizados,127,3,3,true,0,0,1,1,1,80,2026-07-10,2,0,9.5,A,"contenido diferencial — longitud, material y/o técnica presentes"
lonchera-multifuncion-produccion-nacional-3280,Lonchera Multifunción - Produccion Nacional,Infantil,453,5,4,true,0,0,3,4,1,100,2026-04-20,0,0,,B,"lenguaje promocional genérico predominante, sin dato diferencial"
juego-triqui-10651,Juego Triqui,Juegos,350,4,3,true,0,0,2,1,1,100,2026-04-20,0,0,,A,"contenido diferencial — longitud, material y/o técnica presentes"
coca-tradicional-produccion-nacional-13174,Coca Tradicional - Produccion Nacional,Juegos,402,4,3,true,2,0,0,3,1,100,2026-04-20,0,0,,A,"contenido diferencial — longitud, material y/o técnica presentes"
set-de-resaltadores-trumix-13292,Set de Resaltadores Trumix,Infantil,433,4,3,true,0,0,1,4,1,100,2026-04-20,0,0,,A,"contenido diferencial — longitud, material y/o técnica presentes"
resaltador-triple-13310,Resaltador Triple,Infantil,410,4,3,true,0,0,0,4,1,100,2026-04-20,4,0,6.25,A,"contenido diferencial — longitud, material y/o técnica presentes"
estuche-en-silicona-lybra-13429,Estuche en Silicona Lybra,Infantil,463,4,3,true,1,0,1,1,1,100,2026-04-20,1,0,21,A,"contenido diferencial — longitud, material y/o técnica presentes"
tangram-eco-13498,Tangram Eco,Juegos,426,4,3,true,1,0,2,3,1,100,2026-04-20,0,0,,A,"contenido diferencial — longitud, material y/o técnica presentes"
juego-de-madera-win-13508,Juego de Madera Win,Juegos,369,4,3,true,1,0,1,1,1,100,2026-04-20,0,0,,A,"contenido diferencial — longitud, material y/o técnica presentes"
juego-brain-nuevo-13550,Juego Brain Nuevo,Juegos,369,4,3,true,0,1,2,1,1,100,2026-04-20,0,0,,A,"contenido diferencial — longitud, material y/o técnica presentes"
juego-de-dados-nuevo-13546,Juego de Dados Nuevo,Juegos,332,4,3,true,0,0,2,3,1,100,2026-04-20,1,0,9,A,"contenido diferencial — longitud, material y/o técnica presentes"
tajalapiz-con-borrador-run-nuevo-13551,Tajálapiz Con Borrador Run Nuevo,Infantil,348,4,3,true,0,0,2,1,1,100,2026-04-20,1,1,2,A,"contenido diferencial — longitud, material y/o técnica presentes"
set-kramer-nuevo-13562,Set Kramer Nuevo,Infantil,411,4,3,true,0,0,1,4,1,100,2026-04-20,0,0,,A,"contenido diferencial — longitud, material y/o técnica presentes"
torre-de-madera-skill-2-11151,Torre de Madera Skill 2,Juegos,377,4,3,true,1,0,1,4,1,100,2026-04-20,2,0,8.5,A,"contenido diferencial — longitud, material y/o técnica presentes"
set-de-juego-en-madera-3-1-9715,Set de Juego en Madera 3-1,Juegos,327,4,3,true,1,0,4,4,1,100,2026-04-20,0,0,,A,"contenido diferencial — longitud, material y/o técnica presentes"
juego-de-raquetas-wood-beach-10380,Juego de Raquetas Wood Beach,Juegos,420,4,3,true,1,0,1,1,1,100,2026-04-20,1,0,5,A,"contenido diferencial — longitud, material y/o técnica presentes"
set-de-cartas-eco-10379,Set de Cartas Eco,Juegos,379,4,3,true,0,0,2,1,1,100,2026-04-20,0,0,,A,"contenido diferencial — longitud, material y/o técnica presentes"
mini-cancha-basket-10347,Mini Cancha Básket,Juegos,408,4,3,true,0,0,1,4,1,100,2026-04-20,0,0,,A,"contenido diferencial — longitud, material y/o técnica presentes"
golf-tees-7cm-10988,Golf Tees 7cm,Juegos,388,4,3,true,1,0,1,2,1,100,2026-04-20,2,0,5,A,"contenido diferencial — longitud, material y/o técnica presentes"
golf-tees-7cm-bamboo-10989,Golf Tees 7cm Bamboo,Juegos,499,4,3,true,2,0,2,1,1,100,2026-04-20,0,0,,A,"contenido diferencial — longitud, material y/o técnica presentes"
lapiz-golf-pencil-11005,Lápiz Golf Pencil,Juegos,377,4,3,true,1,0,4,2,1,100,2026-04-20,3,0,6.33,A,"contenido diferencial — longitud, material y/o técnica presentes"
juego-cartas-y-domino-eco-11013,Juego Cartas y Dominó Eco,Juegos,366,5,3,true,0,0,2,1,1,100,2026-04-20,0,0,,A,"contenido diferencial — longitud, material y/o técnica presentes"
juego-triqui-box-eco-11031,Juego Triqui Box Eco,Juegos,404,4,3,true,1,1,2,1,1,100,2026-04-20,0,0,,A,"contenido diferencial — longitud, material y/o técnica presentes"
set-de-juego-chessman-11067,Set de Juego Chessman,Juegos,372,4,4,true,0,0,1,1,1,100,2026-04-20,2,0,7.5,A,"contenido diferencial — longitud, material y/o técnica presentes"
set-de-juegos-genium-9961,Set de Juegos Genium,Juegos,422,4,3,true,0,0,1,4,1,100,2026-04-20,0,0,,A,"contenido diferencial — longitud, material y/o técnica presentes"
set-de-poker-13401,Set de Poker,Juegos,353,4,4,true,1,0,1,1,1,100,2026-04-20,1,0,19,A,"contenido diferencial — longitud, material y/o técnica presentes"
juego-ruleta-nuevo-13331,Juego Ruleta Nuevo,Juegos,356,4,3,true,0,0,2,3,1,100,2026-04-20,11,2,8.64,A,"contenido diferencial — longitud, material y/o técnica presentes"
juego-triqui-eco-13315,Juego Triqui Eco,Juegos,402,4,3,true,0,0,2,2,1,100,2026-04-20,0,0,,A,"contenido diferencial — longitud, material y/o técnica presentes"
domino-bamboo-nuevo-13306,Domino Bamboo Nuevo,Juegos,370,4,3,true,1,0,2,4,1,100,2026-04-20,0,0,,A,"contenido diferencial — longitud, material y/o técnica presentes"
mini-balon-de-futbol-inter-no-1-13374,Mini Balón de Fútbol Inter No. 1,Juegos,400,4,3,true,0,0,2,1,1,100,2026-04-20,0,0,,A,"contenido diferencial — longitud, material y/o técnica presentes"
balon-de-futbol-united-no-5-13372,Balón de Fútbol United No. 5,Juegos,304,4,3,true,0,0,2,1,1,100,2026-04-20,1,0,6,A,"contenido diferencial — longitud, material y/o técnica presentes"
balon-de-futbol-manchester-no-5-13373,Balón de Fútbol Manchester No. 5,Juegos,400,4,3,true,0,0,2,1,1,100,2026-04-20,0,0,,A,"contenido diferencial — longitud, material y/o técnica presentes"
llavero-con-nivelador-magnet-11129,Llavero Con Nivelador Magnet,Master Line,410,4,3,true,1,0,1,4,1,100,2026-04-20,0,0,,A,"contenido diferencial — longitud, material y/o técnica presentes"
llavero-silver-ml-259-4790,Llavero Silver Ml-259,Master Line,365,4,3,true,1,2,2,1,1,100,2026-04-20,1,0,169,A,"contenido diferencial — longitud, material y/o técnica presentes"
set-ml-398-10077,Set Ml-398,Master Line,464,4,3,true,2,0,3,3,1,100,2026-04-20,3,0,5.33,A,"contenido diferencial — longitud, material y/o técnica presentes"
llavero-ml-103-1572,Llavero Ml-103,Master Line,361,4,3,true,1,1,0,1,1,100,2026-04-20,0,0,,A,"contenido diferencial — longitud, material y/o técnica presentes"
llavero-silver-ml-145-2257,Llavero Silver Ml-145,Master Line,401,4,3,true,1,1,1,1,1,100,2026-04-20,4,0,1.75,A,"contenido diferencial — longitud, material y/o técnica presentes"
llavero-car-ii-3204,Llavero Car ii,Master Line,459,4,3,true,0,0,1,4,1,100,2026-04-20,6,0,3.5,A,"contenido diferencial — longitud, material y/o técnica presentes"
llavero-silver-ml-196-3359,Llavero Silver Ml-196,Master Line,332,4,3,true,1,0,1,1,1,100,2026-04-20,0,0,,A,"contenido diferencial — longitud, material y/o técnica presentes"
llavero-silver-ml-262-4793,Llavero Silver Ml-262,Master Line,441,4,3,true,0,0,2,4,1,100,2026-04-20,0,0,,A,"contenido diferencial — longitud, material y/o técnica presentes"
llavero-ml-294-5454,Llavero Ml-294,Master Line,299,4,3,true,0,0,3,1,1,100,2026-04-20,0,0,,B,"lenguaje promocional genérico predominante, sin dato diferencial"
llavero-silver-ml-217-3549,Llavero Silver Ml-217,Master Line,369,4,3,true,1,0,1,4,1,100,2026-04-20,0,0,,A,"contenido diferencial — longitud, material y/o técnica presentes"
llavero-silver-ml-241-4417,Llavero Silver Ml-241,Master Line,328,4,3,true,1,1,1,1,1,100,2026-04-20,7,0,5.57,A,"contenido diferencial — longitud, material y/o técnica presentes"
placa-metalica-con-pin-ml-332-7438,Placa Metalica Con Pin Ml-332,Master Line,415,4,3,true,1,1,3,3,1,100,2026-04-20,1,0,5,A,"contenido diferencial — longitud, material y/o técnica presentes"
llavero-ml-379-9174,Llavero Ml-379,Master Line,340,4,3,true,0,0,0,4,1,100,2026-04-20,0,0,,A,"contenido diferencial — longitud, material y/o técnica presentes"
soporte-para-moviles-ml-382-oferta-9177,Soporte Para Moviles Ml-382 - Oferta,Master Line,332,4,3,true,0,0,1,1,1,100,2026-04-20,0,0,,A,"contenido diferencial — longitud, material y/o técnica presentes"
llavero-multiusos-metalico-touch-free-ml-386-oferta-9490,Llavero Multiusos Metalico Touch Free Ml-386 - Oferta,Master Line,369,4,3,true,1,2,1,1,1,100,2026-04-20,0,0,,A,"contenido diferencial — longitud, material y/o técnica presentes"
llavero-ml-399-10078,Llavero Ml-399,Master Line,414,4,3,true,0,1,1,1,1,100,2026-04-20,0,0,,A,"contenido diferencial — longitud, material y/o técnica presentes"
llavero-ml-417-13523,Llavero Ml-417,Master Line,424,4,3,true,0,1,2,1,1,100,2026-04-20,0,0,,A,"contenido diferencial — longitud, material y/o técnica presentes"
llavero-ml-416-13522,Llavero Ml-416,Master Line,340,4,3,true,0,0,1,3,1,100,2026-04-20,0,0,,A,"contenido diferencial — longitud, material y/o técnica presentes"
llavero-bamboo-round-13494,Llavero Bamboo Round,Master Line,433,4,3,true,2,1,1,4,1,100,2026-04-20,10,1,6.9,A,"contenido diferencial — longitud, material y/o técnica presentes"
llavero-bamboo-square-13496,Llavero Bamboo Square,Master Line,466,4,3,true,1,1,2,4,1,100,2026-04-20,1,0,7,A,"contenido diferencial — longitud, material y/o técnica presentes"
llavero-ml-419-13395,Llavero Ml-419,Master Line,402,4,3,true,0,0,2,4,1,100,2026-04-20,0,0,,A,"contenido diferencial — longitud, material y/o técnica presentes"
llavero-ml-418-13394,Llavero Ml-418,Master Line,355,4,3,true,0,0,2,1,1,100,2026-04-20,1,0,11,A,"contenido diferencial — longitud, material y/o técnica presentes"
llavero-portacelular-nook-13323,Llavero Portacelular Nook,Master Line,383,4,3,true,0,0,2,3,1,100,2026-04-20,0,0,,A,"contenido diferencial — longitud, material y/o técnica presentes"
liquido-antibacterial-pump-spray-10ml-produccion-nacional-9619,Liquido Antibacterial Pump Spray 10ml-produccion Nacional,Médicos,365,4,3,true,0,0,2,1,1,100,2026-04-20,2,0,8.5,A,"contenido diferencial — longitud, material y/o técnica presentes"
espejo-maxx-9146,Espejo Maxx,Médicos,360,4,3,true,0,0,3,1,1,100,2026-04-20,0,0,,B,"lenguaje promocional genérico predominante, sin dato diferencial"
boligrafo-medic-7022,Boligrafo Medic,Médicos,363,4,3,true,0,0,1,3,1,100,2026-04-20,2,1,7,A,"contenido diferencial — longitud, material y/o técnica presentes"
portaidentificador-para-cinta-portacarnet-redondo-8875,Portaidentificador Para Cinta Portacarnet Redondo,Médicos,380,4,3,true,1,0,2,4,1,100,2026-04-20,1,0,7,A,"contenido diferencial — longitud, material y/o técnica presentes"
tabla-metrica-produccion-nacional-3869,Tabla Métrica - Producción Nacional,Médicos,392,4,4,true,0,0,1,4,1,100,2026-04-20,0,0,,A,"contenido diferencial — longitud, material y/o técnica presentes"
mini-resaltador-de-cera-ver-of-376eof-376j-5884,Mini Resaltador de Cera (ver Of-376e/of-376j),Médicos,340,4,3,true,0,0,2,1,1,100,2026-04-20,0,0,,A,"contenido diferencial — longitud, material y/o técnica presentes"
portatacos-frost-con-portatarjetas-produccion-nacional-2547,Portatacos Frost Con Portatarjetas - Produccion Nacional,Médicos,366,4,3,true,0,0,2,1,1,100,2026-04-20,0,0,,A,"contenido diferencial — longitud, material y/o técnica presentes"
resaltador-en-cera-adam-7491,Resaltador en Cera Adam,Médicos,517,4,3,true,0,0,2,3,1,100,2026-04-20,0,0,,A,"contenido diferencial — longitud, material y/o técnica presentes"
estuche-para-2-resaltadores-en-cera-adam-7492,Estuche Para 2 Resaltadores en Cera Adam,Médicos,398,4,3,true,0,0,1,1,1,100,2026-04-20,0,0,,A,"contenido diferencial — longitud, material y/o técnica presentes"
calendario-perpetuo-plastico-7500,Calendario Perpetuo Plástico,Médicos,505,4,3,true,1,2,0,1,1,100,2026-04-20,0,0,,A,"contenido diferencial — longitud, material y/o técnica presentes"
set-de-resaltadores-en-cera-quattro-7507,Set de Resaltadores en Cera Quattro,Médicos,336,4,3,true,0,0,2,3,1,100,2026-04-20,1,0,7,A,"contenido diferencial — longitud, material y/o técnica presentes"
calendario-perpetuo-produccion-nacional-7513,Calendario Perpetuo - Producción Nacional,Médicos,437,4,3,true,0,0,1,1,1,100,2026-04-20,0,0,,A,"contenido diferencial — longitud, material y/o técnica presentes"
portaidentificador-de-carnet-home-oferta-8440,Portaidentificador de Carnet Home Oferta,Médicos,348,4,3,true,0,0,1,3,1,100,2026-04-20,1,0,4,A,"contenido diferencial — longitud, material y/o técnica presentes"
cinta-para-portacarnet-kunel-9892,Cinta Para Portacarnet Kunel,Médicos,344,4,3,true,0,0,0,4,1,100,2026-04-20,0,0,,A,"contenido diferencial — longitud, material y/o técnica presentes"
calendario-perpetuo-wood-9983,Calendario Perpetuo Wood,Médicos,457,4,3,true,1,0,1,1,1,100,2026-04-20,5,2,10.4,A,"contenido diferencial — longitud, material y/o técnica presentes"
tablero-spock-6931,Tablero Spock,Médicos,439,4,3,true,0,0,1,1,1,100,2026-04-20,0,0,,A,"contenido diferencial — longitud, material y/o técnica presentes"
dispensador-de-notas-medic-8150,Dispensador de Notas Medic,Médicos,355,4,3,true,0,0,1,1,1,100,2026-04-20,0,0,,A,"contenido diferencial — longitud, material y/o técnica presentes"
antiestres-doctor-8858,Antiestres Doctor,Médicos,356,4,3,true,0,0,2,1,1,100,2026-04-20,0,0,,A,"contenido diferencial — longitud, material y/o técnica presentes"
bolsa-plegable-medic-8954,Bolsa Plegable Medic,Médicos,376,4,4,true,0,0,1,1,1,100,2026-04-20,0,0,,A,"contenido diferencial — longitud, material y/o técnica presentes"
pastillero-en-bambu-nuevo-13544,Pastillero en Bambú Nuevo,Médicos,439,4,3,true,1,1,1,4,1,100,2026-04-20,0,0,,A,"contenido diferencial — longitud, material y/o técnica presentes"
memoria-usb-mini-bamboo-precio-neto-10322,Memoria Usb Mini Bamboo Precio Neto,Memorias USB,474,4,3,true,1,1,1,1,1,100,2026-04-20,0,0,,A,"contenido diferencial — longitud, material y/o técnica presentes"
reloj-de-arena-petit-4-minutos-7753,Reloj de Arena Petit 4 Minutos,Relojes,347,4,3,true,0,0,2,1,1,100,2026-04-20,0,0,,A,"contenido diferencial — longitud, material y/o técnica presentes"
botilito-plastico-fruit-600ml-nuevo-13575,"Botilito Plástico, Fruit 600ml Nuevo",Tomatodos y Botilitos Personalizados,158,6,3,true,1,0,2,3,1,80,2026-07-10,0,0,,A,"contenido diferencial — longitud, material y/o técnica presentes"
botilito-metalico-concord-negro-550ml-nuevo-13578,Botilito Metálico Concord Negro 550ml Nuevo,Tomatodos y Botilitos Personalizados,155,4,3,true,1,0,2,2,1,80,2026-07-10,0,0,,A,"contenido diferencial — longitud, material y/o técnica presentes"
botilito-metalico-concord-550ml-nuevo-13579,Botilito Metálico Concord 550ml Nuevo,Tomatodos y Botilitos Personalizados,163,5,4,true,1,1,2,3,1,80,2026-07-10,0,0,,A,"contenido diferencial — longitud, material y/o técnica presentes"
botilito-metalico-cuppa-600ml-nuevo-13571,Botilito Metálico Cuppa 600ml Nuevo,Tomatodos y Botilitos Personalizados,136,5,3,true,1,0,1,1,1,80,2026-07-10,0,0,,A,"contenido diferencial — longitud, material y/o técnica presentes"
mug-metalico-para-sublimacion-kup-550-ml-nuevo-13572,Mug Metálico Para Sublimacion Kup 550 ml Nuevo,Novedades,409,4,3,true,2,1,2,1,1,100,2026-04-20,0,0,,A,"contenido diferencial — longitud, material y/o técnica presentes"
morral-backpack-taos-nuevo-13585,Morral Backpack Taos Nuevo,Novedades,367,4,3,true,1,0,3,3,1,100,2026-04-20,0,0,,A,"contenido diferencial — longitud, material y/o técnica presentes"
morral-backpack-barbour-nuevo-13586,Morral Backpack Barbour Nuevo,Novedades,351,4,3,true,0,0,2,1,1,100,2026-04-20,0,0,,A,"contenido diferencial — longitud, material y/o técnica presentes"
mug-metalico-dewar-400-ml-nuevo-13577,Mug Metálico Dewar 400 ml Nuevo,Novedades,423,4,3,true,1,0,2,4,1,100,2026-04-20,0,0,,A,"contenido diferencial — longitud, material y/o técnica presentes"
bolsa-en-cambrel-con-fuelle-para-sublimacion-nuevo-13587,Bolsa en Cambrel Con Fuelle Para Sublimación Nuevo,Novedades,384,4,3,true,0,1,3,4,1,100,2026-04-20,0,0,,B,"lenguaje promocional genérico predominante, sin dato diferencial"
bolsa-en-cambrel-arcadia-para-sublimacion-nuevo-13591,Bolsa en Cambrel Arcadia Para Sublimación Nuevo,Novedades,408,4,3,true,0,1,1,4,1,100,2026-04-20,0,0,,A,"contenido diferencial — longitud, material y/o técnica presentes"
boligrafo-castell-nuevo-13588,Bolígrafo Castell Nuevo,Novedades,421,4,3,true,0,1,3,4,1,100,2026-04-20,0,0,,B,"lenguaje promocional genérico predominante, sin dato diferencial"
nevera-cooler-origin-rpet-nuevo-13561,Nevera Cooler Origin Rpet Nuevo,Novedades,347,4,3,true,1,0,2,1,1,100,2026-04-20,0,0,,A,"contenido diferencial — longitud, material y/o técnica presentes"
portarretrato-kids-nuevo-13563,Portarretrato Kids Nuevo,Novedades,387,4,3,true,0,0,3,1,1,100,2026-04-20,0,0,,B,"lenguaje promocional genérico predominante, sin dato diferencial"
pila-recargable-byte-2200-mah-nuevo-13565,Pila Recargable Byte 2200 Mah Nuevo,Novedades,402,4,3,true,0,0,2,1,1,100,2026-04-20,0,0,,A,"contenido diferencial — longitud, material y/o técnica presentes"
pila-recargable-kode-5000-mah-rpet-nuevo-13566,Pila Recargable Kode 5000 Mah Rpet Nuevo,Novedades,483,4,3,true,1,0,3,4,1,100,2026-04-20,0,0,,A,"contenido diferencial — longitud, material y/o técnica presentes"
cepillo-de-dientes-bambu-nuevo-13567,Cepillo de Dientes Bambú Nuevo,Novedades,360,4,4,true,1,0,2,1,1,100,2026-04-20,0,0,,A,"contenido diferencial — longitud, material y/o técnica presentes"
cepillo-de-dientes-travel-nuevo-13568,Cepillo de Dientes Travel Nuevo,Novedades,368,4,3,true,0,0,1,4,1,100,2026-04-20,1,0,9,A,"contenido diferencial — longitud, material y/o técnica presentes"
speaker-bluetooth-soccer-man-nuevo-13389,Speaker Bluetooth Soccer Man Nuevo,Novedades,363,4,3,true,1,0,3,1,1,100,2026-04-20,0,0,,A,"contenido diferencial — longitud, material y/o técnica presentes"
cobija-en-fleece-con-velcro-nuevo-6313,Cobija en Fleece Con Velcro Nuevo,Novedades,368,4,3,true,0,0,2,2,1,100,2026-04-20,0,0,,A,"contenido diferencial — longitud, material y/o técnica presentes"
botilito-plastico-vita-600ml-rpet-nuevo-13246,Botilito Plástico Vita 600ml Rpet Nuevo,Tomatodos y Botilitos Personalizados,139,6,3,true,0,1,2,1,1,80,2026-07-10,0,0,,A,"contenido diferencial — longitud, material y/o técnica presentes"
cargador-inalambrico-element-nuevo-13541,Cargador Inalámbrico Element Nuevo,Novedades,357,4,3,true,0,0,1,3,1,100,2026-04-20,1,0,1,A,"contenido diferencial — longitud, material y/o técnica presentes"
set-vera-nuevo-13542,Set Vera Nuevo,Novedades,471,4,4,true,0,0,1,4,1,100,2026-04-20,0,0,,A,"contenido diferencial — longitud, material y/o técnica presentes"
cepillo-exfoliante-skin-nuevo-13543,Cepillo Exfoliante Skin Nuevo,Novedades,453,4,3,true,0,0,3,1,1,100,2026-04-20,0,0,,B,"lenguaje promocional genérico predominante, sin dato diferencial"
set-de-cubiertos-craft-nuevo-13545,Set de Cubiertos Craft Nuevo,Novedades,437,4,3,true,3,0,1,1,1,100,2026-04-20,0,0,,A,"contenido diferencial — longitud, material y/o técnica presentes"
joyero-en-algodon-200-gr-nuevo-13547,Joyero en Algodón (200 Gr) Nuevo,Novedades,401,4,3,true,1,0,1,1,1,100,2026-04-20,0,0,,A,"contenido diferencial — longitud, material y/o técnica presentes"
speaker-bluetooth-soccer-ball-13276,Speaker Bluetooth Soccer Ball,Novedades,427,5,5,true,0,0,1,1,1,100,2026-04-20,1,0,10,A,"contenido diferencial — longitud, material y/o técnica presentes"
speaker-bluetooth-aqua-13277,Speaker Bluetooth Aqua,Novedades,365,4,3,true,0,0,2,1,1,100,2026-04-20,0,0,,A,"contenido diferencial — longitud, material y/o técnica presentes"
puerto-usb-syntra-13303,Puerto Usb Syntra,Novedades,364,4,3,true,0,0,2,3,1,100,2026-04-20,0,0,,A,"contenido diferencial — longitud, material y/o técnica presentes"
mug-metalico-vinga-eco-350-ml-13313,Mug Metálico Vinga Eco 350 ml,Novedades,374,4,3,true,3,0,3,3,1,100,2026-04-20,0,0,,A,"contenido diferencial — longitud, material y/o técnica presentes"
botilito-metalico-drover-650ml-13314,Botilito Metalico Drover 650ml,Tomatodos y Botilitos Personalizados,167,5,4,true,1,0,2,1,1,80,2026-07-10,0,0,,A,"contenido diferencial — longitud, material y/o técnica presentes"
pila-recargable-digital-display5000-mah-13316,Pila Recargable Digital Display5000 Mah,Novedades,343,4,3,true,0,0,2,2,1,100,2026-04-20,1,0,8,A,"contenido diferencial — longitud, material y/o técnica presentes"
pila-recargable-nomu-5000mah-13317,Pila Recargable Nomu 5000mah,Novedades,331,4,3,true,0,0,2,2,1,100,2026-04-20,1,0,3,A,"contenido diferencial — longitud, material y/o técnica presentes"
set-de-herramientas-hammer-13325,Set de Herramientas Hammer,Novedades,383,4,3,true,0,0,3,4,1,100,2026-04-20,0,0,,B,"lenguaje promocional genérico predominante, sin dato diferencial"
set-de-herramientas-bamboo-13326,Set de Herramientas Bamboo,Novedades,419,4,3,true,1,1,2,4,1,100,2026-04-20,0,0,,A,"contenido diferencial — longitud, material y/o técnica presentes"
cargador-inalambrico-heston-13328,Cargador Inalambrico Heston,Novedades,414,4,3,true,0,0,2,1,1,100,2026-04-20,2,0,10,A,"contenido diferencial — longitud, material y/o técnica presentes"
portacomidas-wing-eco-13329,Portacomidas Wing Eco,Novedades,389,4,3,true,0,0,1,3,1,100,2026-04-20,0,0,,A,"contenido diferencial — longitud, material y/o técnica presentes"
mini-herramientero-kronus-13335,Mini Herramientero Kronus,Novedades,482,4,3,true,0,0,2,1,1,100,2026-04-20,0,0,,A,"contenido diferencial — longitud, material y/o técnica presentes"
audifonos-tekflow-13339,Audifonos Tekflow,Novedades,406,4,3,true,0,0,1,1,1,100,2026-04-20,0,0,,A,"contenido diferencial — longitud, material y/o técnica presentes"
llavero-metro-tools-13351,Llavero Metro Tools,Novedades,439,4,3,true,0,0,2,4,1,100,2026-04-20,4,0,8,A,"contenido diferencial — longitud, material y/o técnica presentes"
llavero-metro-3-1-13354,Llavero Metro 3-1,Novedades,335,4,3,true,0,0,1,1,1,100,2026-04-20,0,0,,A,"contenido diferencial — longitud, material y/o técnica presentes"
mug-plastico-voltra-400ml-13247,Mug Plastico Voltra 400ml,Novedades,379,4,3,true,1,0,2,1,1,100,2026-04-20,0,0,,A,"contenido diferencial — longitud, material y/o técnica presentes"
portacomidas-stora-eco-13242,Portacomidas Stora Eco,Novedades,341,4,3,true,1,0,2,3,1,100,2026-04-20,0,0,,A,"contenido diferencial — longitud, material y/o técnica presentes"
botilito-plastico-napper-800ml-13243,Botilito Plastico Napper 800ml,Tomatodos y Botilitos Personalizados,151,5,3,true,1,0,1,3,1,80,2026-07-10,0,0,,A,"contenido diferencial — longitud, material y/o técnica presentes"
botilito-plastico-griply-rpet-700ml-13244,Botilito Plastico Griply Rpet 700ml,Tomatodos y Botilitos Personalizados,201,6,4,true,0,1,1,1,1,80,2026-07-10,0,0,,A,"contenido diferencial — longitud, material y/o técnica presentes"
mug-plastico-glimm-eco-300ml-13245,Mug Plastico Glimm Eco 300ml,Novedades,449,4,3,true,1,0,3,2,1,100,2026-04-20,0,0,,A,"contenido diferencial — longitud, material y/o técnica presentes"
molde-para-paletas-13270,Molde Para Paletas,Novedades,393,4,3,true,0,0,1,4,1,100,2026-04-20,0,0,,A,"contenido diferencial — longitud, material y/o técnica presentes"
set-glim-13272,Set Glim,Novedades,363,4,3,true,0,0,2,1,1,100,2026-04-20,0,0,,A,"contenido diferencial — longitud, material y/o técnica presentes"
set-sos-13273,Set Sos,Novedades,437,4,3,true,0,0,1,1,1,100,2026-04-20,0,0,,A,"contenido diferencial — longitud, material y/o técnica presentes"
llavero-destapador-truck-13257,Llavero Destapador Truck,Novedades,397,4,3,true,1,0,1,1,1,100,2026-04-20,0,0,,A,"contenido diferencial — longitud, material y/o técnica presentes"
llavero-destapador-motorbike-13258,Llavero Destapador Motorbike,Novedades,366,4,3,true,1,0,1,3,1,100,2026-04-20,10,0,5.2,A,"contenido diferencial — longitud, material y/o técnica presentes"
llavero-destapador-broq-13259,Llavero Destapador Broq,Novedades,337,4,3,true,1,1,1,4,1,100,2026-04-20,6,0,3.83,A,"contenido diferencial — longitud, material y/o técnica presentes"
botilito-jormi-1000ml-13217,Botilito Jormi 1000ml,Tomatodos y Botilitos Personalizados,149,4,3,true,0,0,1,1,1,80,2026-07-10,0,0,,A,"contenido diferencial — longitud, material y/o técnica presentes"
botilito-metalico-plivi-660ml-13218,Botilito Metalico Plivi 660ml,Tomatodos y Botilitos Personalizados,143,5,3,true,1,0,2,1,1,80,2026-07-10,0,0,,A,"contenido diferencial — longitud, material y/o técnica presentes"
mug-ethio-cofee-473-ml-13219,Mug Ethio Cofee 473 ml,Novedades,405,4,3,true,0,0,2,1,1,100,2026-04-20,0,0,,A,"contenido diferencial — longitud, material y/o técnica presentes"
multicargador-con-puertos-fast-35w-13225,Multicargador Con Puertos Fast 35w,Novedades,438,4,4,true,0,0,1,3,1,100,2026-04-20,0,0,,A,"contenido diferencial — longitud, material y/o técnica presentes"
cooler-para-botellas-13232,Cooler Para Botellas,Novedades,449,4,3,true,0,1,0,4,1,100,2026-04-20,0,0,,A,"contenido diferencial — longitud, material y/o técnica presentes"
botilito-plastico-pvc-runny-690ml-produccion-nacional-13236,Botilito Plástico Pvc Runny 690ml - Producción Nacional,Tomatodos y Botilitos Personalizados,139,5,3,true,1,0,2,1,1,80,2026-07-10,0,0,,A,"contenido diferencial — longitud, material y/o técnica presentes"
mug-metalico-lumix-600-ml-13237,Mug Metálico Lumix 600 ml,Novedades,375,4,3,true,1,1,2,4,1,100,2026-04-20,0,0,,A,"contenido diferencial — longitud, material y/o técnica presentes"
set-de-mugs-metalicos-stylor-200-ml-13238,Set de Mugs Metálicos Stylor 200 ml,Novedades,372,4,3,true,1,0,2,1,1,100,2026-04-20,3,0,11.33,A,"contenido diferencial — longitud, material y/o técnica presentes"
botilito-metalico-swivo-750ml-13239,Botilito Metalico Swivo 750ml,Tomatodos y Botilitos Personalizados,165,5,5,true,1,0,2,1,1,80,2026-07-10,0,0,,A,"contenido diferencial — longitud, material y/o técnica presentes"
mini-aspiradora-lautus-13515,Mini Aspiradora Lautus,Novedades,384,4,4,true,0,0,1,1,1,100,2026-04-20,0,0,,A,"contenido diferencial — longitud, material y/o técnica presentes"
mini-herramientero-clipin-13518,Mini Herramientero Clipin,Novedades,375,4,3,true,0,0,1,1,1,100,2026-04-20,0,0,,A,"contenido diferencial — longitud, material y/o técnica presentes"
destapador-house-bamboo-13519,Destapador House Bamboo,Novedades,447,4,3,true,2,2,2,1,1,100,2026-04-20,0,0,,A,"contenido diferencial — longitud, material y/o técnica presentes"
botilito-metalico-glider-520ml-13520,Botilito Metalico Glider 520ml,Tomatodos y Botilitos Personalizados,167,5,4,true,1,1,2,3,1,80,2026-07-10,0,0,,A,"contenido diferencial — longitud, material y/o técnica presentes"
mug-metalico-lumora-300ml-13524,Mug Metálico Lumora 300ml,Novedades,356,4,3,true,1,0,1,1,1,100,2026-04-20,0,0,,A,"contenido diferencial — longitud, material y/o técnica presentes"
botilito-metalico-plugsy-750ml-13525,Botilito Metalico Plugsy 750ml,Tomatodos y Botilitos Personalizados,181,6,5,true,1,1,2,1,1,80,2026-07-10,0,0,,A,"contenido diferencial — longitud, material y/o técnica presentes"
mug-plastico-atom-370-ml-produccion-nacional-13530,Mug Plastico Atom 370 ml - Producción Nacional,Novedades,370,4,3,true,1,0,2,3,1,100,2026-04-20,2,0,2,A,"contenido diferencial — longitud, material y/o técnica presentes"
cable-multicargador-spectra-13390,Cable Multicargador Spectra,Novedades,417,4,3,true,0,0,3,4,1,100,2026-04-20,0,0,,B,"lenguaje promocional genérico predominante, sin dato diferencial"
mouse-inalambrico-zenith-eco-13391,Mouse Inalambrico Zenith Eco,Novedades,394,4,3,true,1,0,1,3,1,100,2026-04-20,0,0,,A,"contenido diferencial — longitud, material y/o técnica presentes"
soporte-para-movil-nyro-13392,Soporte Para Movil Nyro,Novedades,342,4,3,true,0,0,2,3,1,100,2026-04-20,0,0,,A,"contenido diferencial — longitud, material y/o técnica presentes"
soporte-para-movil-chair-13393,Soporte Para Movil Chair,Novedades,395,4,3,true,0,0,2,1,1,100,2026-04-20,0,0,,A,"contenido diferencial — longitud, material y/o técnica presentes"
soporte-para-celular-magmount-eco-13397,Soporte Para Celular Magmount Eco,Novedades,437,4,4,true,0,0,1,3,1,100,2026-04-20,0,0,,A,"contenido diferencial — longitud, material y/o técnica presentes"
cargador-inalambrico-con-tablero-13388,Cargador Inalámbrico Con Tablero,Novedades,361,4,3,true,0,0,2,3,1,100,2026-04-20,0,0,,A,"contenido diferencial — longitud, material y/o técnica presentes"
cable-multicargador-fast-65w-13364,Cable Multicargador Fast 65w,Novedades,362,4,3,true,0,0,1,3,1,100,2026-04-20,0,0,,A,"contenido diferencial — longitud, material y/o técnica presentes"
cable-multicargador-eco-fast-65w-13365,Cable Multicargador Eco Fast 65w,Novedades,376,4,3,true,0,0,1,3,1,100,2026-04-20,0,0,,A,"contenido diferencial — longitud, material y/o técnica presentes"
mug-metalico-terra-720ml-13367,Mug Metálico Terra 720ml,Novedades,386,4,3,true,1,0,1,2,1,100,2026-04-20,0,0,,A,"contenido diferencial — longitud, material y/o técnica presentes"
portacomidas-novus-13368,Portacomidas Novus,Novedades,332,4,3,true,0,0,1,2,1,100,2026-04-20,0,0,,A,"contenido diferencial — longitud, material y/o técnica presentes"
portacomidas-triton-13369,Portacomidas Triton,Novedades,393,4,3,true,2,0,1,1,1,100,2026-04-20,0,0,,A,"contenido diferencial — longitud, material y/o técnica presentes"
portacomidas-jolt-13370,Portacomidas Jolt,Novedades,369,4,3,true,0,0,1,3,1,100,2026-04-20,0,0,,A,"contenido diferencial — longitud, material y/o técnica presentes"
mug-metalico-micron-800ml-13371,Mug Metálico Micron 800ml,Novedades,327,4,3,true,1,0,1,4,1,100,2026-04-20,0,0,,A,"contenido diferencial — longitud, material y/o técnica presentes"
audifonos-bluetooth-con-traductor-13379,Audífonos Bluetooth Con Traductor,Novedades,310,4,3,true,0,0,1,2,1,100,2026-04-20,0,0,,A,"contenido diferencial — longitud, material y/o técnica presentes"
audifonos-bluetooth-kynor-13381,Audífonos Bluetooth Kynor,Novedades,375,4,3,true,0,0,3,1,1,100,2026-04-20,1,0,11,B,"lenguaje promocional genérico predominante, sin dato diferencial"
audifonos-bluetooth-screen-13382,Audífonos Bluetooth Screen,Novedades,446,4,3,true,0,0,3,4,1,100,2026-04-20,0,0,,B,"lenguaje promocional genérico predominante, sin dato diferencial"
audifonos-bluetooth-devola-13383,Audífonos Bluetooth Devola,Novedades,374,4,4,true,0,0,1,3,1,100,2026-04-20,0,0,,A,"contenido diferencial — longitud, material y/o técnica presentes"
mini-proyector-lcd-13384,Mini Proyector Lcd,Novedades,362,4,3,true,0,0,1,1,1,100,2026-04-20,0,0,,A,"contenido diferencial — longitud, material y/o técnica presentes"
audifonos-bluetooth-soccer-ball-13385,Audífonos Bluetooth Soccer Ball,Novedades,428,4,3,true,0,0,1,4,1,100,2026-04-20,5,1,4.8,A,"contenido diferencial — longitud, material y/o técnica presentes"
cargador-inalambrico-bamboo-clock-13404,Cargador Inalámbrico Bamboo Clock,Novedades,381,4,3,true,1,0,1,2,1,100,2026-04-20,5,1,4.2,A,"contenido diferencial — longitud, material y/o técnica presentes"
set-de-limpieza-nomi-13408,Set de Limpieza Nomi,Novedades,400,4,3,true,0,0,3,3,1,100,2026-04-20,0,0,,B,"lenguaje promocional genérico predominante, sin dato diferencial"
cable-tipo-c-1mt-13410,Cable Tipo c 1mt,Novedades,331,4,3,true,0,0,2,3,1,100,2026-04-20,0,0,,A,"contenido diferencial — longitud, material y/o técnica presentes"
pila-recargable-powerbank-astro-2000mah-13411,Pila Recargable Powerbank Astro 2000mah,Novedades,428,4,3,true,0,0,2,4,1,100,2026-04-20,0,0,,A,"contenido diferencial — longitud, material y/o técnica presentes"
puerto-usb-apex-13414,Puerto Usb Apex,Novedades,318,4,3,true,0,0,2,4,1,100,2026-04-20,0,0,,A,"contenido diferencial — longitud, material y/o técnica presentes"
pila-recargable-nevol-2000mah-13421,Pila Recargable Nevol 2000mah,Novedades,429,4,3,true,0,0,1,3,1,100,2026-04-20,0,0,,A,"contenido diferencial — longitud, material y/o técnica presentes"
pila-recargable-zyma10000mah-13422,Pila Recargable Zyma10000mah,Novedades,345,4,3,true,0,0,1,3,1,100,2026-04-20,0,0,,A,"contenido diferencial — longitud, material y/o técnica presentes"
bolsa-en-algodon-y-yute-13436,Bolsa en Algodón y Yute,Novedades,438,4,3,true,1,0,2,3,1,100,2026-04-20,0,0,,A,"contenido diferencial — longitud, material y/o técnica presentes"
portacomidas-puzzle-13437,Portacomidas Puzzle,Novedades,412,4,3,true,0,0,2,4,1,100,2026-04-20,0,0,,A,"contenido diferencial — longitud, material y/o técnica presentes"
set-de-cocina-trattoria-13433,Set de Cocina Trattoria,Novedades,329,4,3,true,4,0,2,1,1,100,2026-04-20,0,0,,A,"contenido diferencial — longitud, material y/o técnica presentes"
vaso-en-silicona-muggo-13434,Vaso en Silicona Muggo,Vasos Personalizados,177,5,4,true,1,0,1,1,1,80,2026-07-10,0,0,,A,"contenido diferencial — longitud, material y/o técnica presentes"
cable-multicargador-gauss-eco-13444,Cable Multicargador Gauss Eco,Novedades,380,4,3,true,1,0,1,2,1,100,2026-04-20,0,0,,A,"contenido diferencial — longitud, material y/o técnica presentes"
mug-metalico-juggy-880ml-13450,Mug Metálico Juggy 880ml,Novedades,331,4,3,true,2,0,3,1,1,100,2026-04-20,0,0,,A,"contenido diferencial — longitud, material y/o técnica presentes"
botilito-metalico-warp-700ml-13451,Botilito Metálico Warp 700ml,Tomatodos y Botilitos Personalizados,194,5,4,true,1,1,1,3,1,80,2026-07-10,0,0,,A,"contenido diferencial — longitud, material y/o técnica presentes"
masajeador-roller-2-1-13452,Masajeador Roller 2-1,Novedades,379,4,3,true,0,0,2,3,1,100,2026-04-20,0,0,,A,"contenido diferencial — longitud, material y/o técnica presentes"
portacelular-elephant-13453,Portacelular Elephant,Novedades,378,4,3,true,0,0,1,1,1,100,2026-04-20,4,0,4,A,"contenido diferencial — longitud, material y/o técnica presentes"
clip-magnetico-2-1-13455,Clip Magnetico 2-1,Novedades,429,4,3,true,1,0,1,1,1,100,2026-04-20,0,0,,A,"contenido diferencial — longitud, material y/o técnica presentes"
martillo-reflex-13456,Martillo Reflex,Novedades,369,4,3,true,0,0,1,4,1,100,2026-04-20,0,0,,A,"contenido diferencial — longitud, material y/o técnica presentes"
mug-metalico-noma-chili-900ml-13459,Mug Metálico Noma Chili 900ml,Novedades,420,4,3,true,2,0,2,3,1,100,2026-04-20,0,0,,A,"contenido diferencial — longitud, material y/o técnica presentes"
botilito-metalico-klak-chili-1l-13460,Botilito Metálico Klak Chili 1l,Tomatodos y Botilitos Personalizados,173,4,3,true,1,0,1,2,1,80,2026-07-10,0,0,,A,"contenido diferencial — longitud, material y/o técnica presentes"
speaker-bluetooth-fyra-13466,Speaker Bluetooth Fyra,Novedades,480,4,3,true,0,0,2,1,1,100,2026-04-20,0,0,,A,"contenido diferencial — longitud, material y/o técnica presentes"
botilito-metalico-kolvo-urban-travel-440ml-13467,Botilito Metálico Kolvo Urban Travel 440ml,Tomatodos y Botilitos Personalizados,173,6,4,true,2,1,2,1,1,80,2026-07-10,0,0,,A,"contenido diferencial — longitud, material y/o técnica presentes"
mug-metalico-avenix380-ml-13468,Mug Metálico Avenix380 ml,Novedades,456,4,3,true,3,0,1,2,1,100,2026-04-20,4,0,4.75,A,"contenido diferencial — longitud, material y/o técnica presentes"
speaker-bluetooth-bambino-3-1-13470,Speaker Bluetooth Bambino 3-1,Novedades,392,4,3,true,1,0,2,4,1,100,2026-04-20,0,0,,A,"contenido diferencial — longitud, material y/o técnica presentes"
speaker-bluetooth-auralux-13471,Speaker Bluetooth Auralux,Novedades,349,4,3,true,0,0,2,4,1,100,2026-04-20,2,0,6,A,"contenido diferencial — longitud, material y/o técnica presentes"
botilito-hoola-rpet-750ml-13473,Botilito Hoola Rpet 750ml,Tomatodos y Botilitos Personalizados,146,5,4,true,1,0,1,2,1,80,2026-07-10,0,0,,A,"contenido diferencial — longitud, material y/o técnica presentes"
mug-plastico-quovo-500ml-13474,Mug Plastico Quovo 500ml,Novedades,361,4,3,true,1,0,1,1,1,100,2026-04-20,0,0,,A,"contenido diferencial — longitud, material y/o técnica presentes"
cargador-inalambrico-voss-13475,Cargador Inalambrico Voss,Novedades,348,4,3,true,0,0,1,1,1,100,2026-04-20,1,0,6,A,"contenido diferencial — longitud, material y/o técnica presentes"
cable-multicargador-voss-13476,Cable Multicargador Voss,Novedades,370,4,4,true,0,0,3,4,1,100,2026-04-20,0,0,,B,"lenguaje promocional genérico predominante, sin dato diferencial"
cargador-inalambrico-con-cables-4-1-13478,Cargador Inalambrico Con Cables 4-1,Novedades,427,4,4,true,0,0,2,3,1,100,2026-04-20,1,0,4,A,"contenido diferencial — longitud, material y/o técnica presentes"
mug-metalico-camper-urban-travel-1100-ml-13479,Mug Metálico Camper Urban Travel 1100 ml,Novedades,341,4,4,true,2,0,1,2,1,100,2026-04-20,0,0,,A,"contenido diferencial — longitud, material y/o técnica presentes"
botilito-metalico-gulpy-790-ml-13480,Botilito Metalico Gulpy 790 ml,Tomatodos y Botilitos Personalizados,156,6,3,true,1,0,2,3,1,80,2026-07-10,0,0,,A,"contenido diferencial — longitud, material y/o técnica presentes"
mug-en-ceramica-earth-450ml-13482,Mug en Ceramica Earth 450ml,Novedades,373,4,3,true,1,0,1,3,1,100,2026-04-20,0,0,,A,"contenido diferencial — longitud, material y/o técnica presentes"
mug-en-ceramica-rubber-325ml-13483,Mug en Ceramica Rubber 325ml,Novedades,378,4,3,true,1,0,3,4,1,100,2026-04-20,0,0,,A,"contenido diferencial — longitud, material y/o técnica presentes"
botilito-dual-rpet-700-ml-13487,Botilito Dual Rpet 700 ml,Tomatodos y Botilitos Personalizados,170,6,4,true,0,0,1,3,1,80,2026-07-10,0,0,,A,"contenido diferencial — longitud, material y/o técnica presentes"
mug-kolly-500-ml-13488,Mug Kolly 500 ml,Novedades,359,4,3,true,0,0,2,4,1,100,2026-04-20,1,0,3,A,"contenido diferencial — longitud, material y/o técnica presentes"
mug-metalico-boof-600-ml-13489,Mug Metálico Boof 600 ml,Novedades,402,4,3,true,1,0,3,1,1,100,2026-04-20,0,0,,A,"contenido diferencial — longitud, material y/o técnica presentes"
mug-metalico-tasso-500ml-13463,Mug Metálico Tasso 500ml,Novedades,380,4,3,true,1,0,2,4,1,100,2026-04-20,0,0,,A,"contenido diferencial — longitud, material y/o técnica presentes"
mug-metalico-brumo-1200ml-13464,Mug Metálico Brumo 1200ml,Novedades,388,4,3,true,1,0,1,4,1,100,2026-04-20,0,0,,A,"contenido diferencial — longitud, material y/o técnica presentes"
coge-ollas-con-silicona-13497,Coge Ollas Con Silicona,Novedades,410,4,3,true,1,0,2,1,1,100,2026-04-20,0,0,,A,"contenido diferencial — longitud, material y/o técnica presentes"
funda-para-mouse-13493,Funda Para Mouse,Novedades,396,4,3,true,1,0,1,3,1,100,2026-04-20,1,0,9,A,"contenido diferencial — longitud, material y/o técnica presentes"
botilito-metalico-lumo-550ml-13511,Botilito Metalico Lumo 550ml,Tomatodos y Botilitos Personalizados,172,5,3,true,1,0,2,2,1,80,2026-07-10,1,0,6,A,"contenido diferencial — longitud, material y/o técnica presentes"
costurero-valen-13340,Costurero Valen,Novedades,343,4,3,true,0,0,2,1,1,100,2026-04-20,0,0,,A,"contenido diferencial — longitud, material y/o técnica presentes"
set-de-mini-frascos-travel-13330,Set de Mini Frascos Travel,Novedades,403,4,3,true,0,0,3,4,1,100,2026-04-20,0,0,,B,"lenguaje promocional genérico predominante, sin dato diferencial"
llavero-pop-it-bolt-13321,Llavero Pop it Bolt,Novedades,382,4,3,true,0,0,1,3,1,100,2026-04-20,1,0,8,A,"contenido diferencial — longitud, material y/o técnica presentes"
apoya-munecas-pop-it-13322,Apoya Muñecas Pop it,Novedades,364,4,3,true,1,0,1,1,1,100,2026-04-20,1,0,7,A,"contenido diferencial — longitud, material y/o técnica presentes"
antiestres-pop-it-13318,Antiestres Pop it,Novedades,367,4,3,true,1,0,1,4,1,100,2026-04-20,1,0,19,A,"contenido diferencial — longitud, material y/o técnica presentes"
paraguas-comforella-20-13283,Paraguas Comforella 20,Novedades,361,4,3,true,2,0,1,4,1,100,2026-04-20,0,0,,A,"contenido diferencial — longitud, material y/o técnica presentes"
paraguas-easyroll-23-13285,Paraguas Easyroll 23,Novedades,331,4,3,true,0,0,1,3,1,100,2026-04-20,1,1,1,A,"contenido diferencial — longitud, material y/o técnica presentes"
paraguas-voltus-27-urban-travel-13233,Paraguas Voltus 27'' Urban Travel,Novedades,432,4,3,true,0,0,1,2,1,100,2026-04-20,0,0,,A,"contenido diferencial — longitud, material y/o técnica presentes"
mini-paraguas-hook-21-urban-travel-13234,Mini Paraguas Hook 21'' Urban Travel,Novedades,389,4,3,true,0,0,3,3,1,100,2026-04-20,0,0,,B,"lenguaje promocional genérico predominante, sin dato diferencial"
mini-paraguas-super-light-21-urban-travel-13235,Mini Paraguas Super Light 21' Urban Travel,Novedades,299,4,3,true,0,0,2,3,1,100,2026-04-20,0,0,,A,"contenido diferencial — longitud, material y/o técnica presentes"
manilla-pocket-13249,Manilla Pocket,Novedades,372,4,3,true,0,0,2,1,1,100,2026-04-20,0,0,,A,"contenido diferencial — longitud, material y/o técnica presentes"
banda-head-13250,Banda Head,Novedades,391,4,3,true,0,0,1,4,1,100,2026-04-20,0,0,,A,"contenido diferencial — longitud, material y/o técnica presentes"
set-de-manicure-zeldra-13491,Set de Manicure Zeldra,Novedades,507,4,3,true,1,1,2,4,1,100,2026-04-20,0,0,,A,"contenido diferencial — longitud, material y/o técnica presentes"
balaca-para-maquillaje-13484,Balaca Para Maquillaje,Novedades,418,4,3,true,0,0,2,4,1,100,2026-04-20,0,0,,A,"contenido diferencial — longitud, material y/o técnica presentes"
toalla-cooltech-13481,Toalla Cooltech,Novedades,433,4,3,true,0,0,1,1,1,100,2026-04-20,0,0,,A,"contenido diferencial — longitud, material y/o técnica presentes"
tijeras-plasticas-13454,Tijeras Plasticas,Novedades,413,4,3,true,1,0,1,1,1,100,2026-04-20,0,0,,A,"contenido diferencial — longitud, material y/o técnica presentes"
cepillo-en-silicona-eco-13430,Cepillo en Silicona Eco,Novedades,477,4,3,true,1,0,1,1,1,100,2026-04-20,1,0,6,A,"contenido diferencial — longitud, material y/o técnica presentes"
set-de-maquillaje-tasking-13432,Set de Maquillaje Tasking,Novedades,402,4,4,true,0,0,2,1,1,100,2026-04-20,0,0,,A,"contenido diferencial — longitud, material y/o técnica presentes"
espejo-con-luz-garda-13413,Espejo Con Luz Garda,Novedades,376,4,4,true,0,0,3,1,1,100,2026-04-20,0,0,,B,"lenguaje promocional genérico predominante, sin dato diferencial"
espejo-shower-13419,Espejo Shower,Novedades,409,4,3,true,0,0,3,1,1,100,2026-04-20,2,0,6,B,"lenguaje promocional genérico predominante, sin dato diferencial"
espejo-flex-square-13420,Espejo Flex Square,Novedades,354,4,3,true,0,0,2,4,1,100,2026-04-20,0,0,,A,"contenido diferencial — longitud, material y/o técnica presentes"
set-de-brochas-mirror-light-13409,Set de Brochas Mirror Light,Novedades,406,4,4,true,0,0,3,1,1,100,2026-04-20,0,0,,B,"lenguaje promocional genérico predominante, sin dato diferencial"
masajeador-brandon-13521,Masajeador Brandon,Novedades,359,4,3,true,0,0,1,1,1,100,2026-04-20,2,0,3.5,A,"contenido diferencial — longitud, material y/o técnica presentes"
memo-pad-con-destapador-13337,Memo Pad Con Destapador,Novedades,443,4,3,true,0,0,1,1,1,100,2026-04-20,0,0,,A,"contenido diferencial — longitud, material y/o técnica presentes"
set-de-viaje-icarus-13348,Set de Viaje Icarus,Novedades,432,4,3,true,0,0,1,3,1,100,2026-04-20,0,0,,A,"contenido diferencial — longitud, material y/o técnica presentes"
cepillo-para-mascota-13427,Cepillo Para Mascota,Novedades,390,4,3,true,0,0,1,1,1,100,2026-04-20,0,0,,A,"contenido diferencial — longitud, material y/o técnica presentes"
identificador-de-maletas-en-pvc-13490,Identificador de Maletas en Pvc,Novedades,454,4,3,true,1,0,2,3,1,100,2026-04-20,1,0,11,A,"contenido diferencial — longitud, material y/o técnica presentes"
set-travel-lock-13274,Set Travel Lock,Novedades,347,4,3,true,0,0,2,1,1,100,2026-04-20,0,0,,A,"contenido diferencial — longitud, material y/o técnica presentes"
pito-5-1-nuevo-13304,Pito 5 - 1 Nuevo,Novedades,449,4,3,true,0,0,1,4,1,100,2026-04-20,0,0,,A,"contenido diferencial — longitud, material y/o técnica presentes"
set-midas-13336,Set Midas,Novedades,435,4,3,true,0,0,4,1,1,100,2026-04-20,0,0,,B,"lenguaje promocional genérico predominante, sin dato diferencial"
morral-backpack-circuit-urban-travel-13341,Morral Backpack Circuit Urban Travel,Novedades,400,4,3,true,0,0,2,4,1,100,2026-04-20,0,0,,A,"contenido diferencial — longitud, material y/o técnica presentes"
morral-backpack-quasar-urban-travel-13342,Morral Backpack Quasar Urban Travel,Novedades,363,4,3,true,0,0,2,2,1,100,2026-04-20,0,0,,A,"contenido diferencial — longitud, material y/o técnica presentes"
libreta-klivor-13305,Libreta Klivor,Novedades,369,4,3,true,0,0,0,2,1,100,2026-04-20,0,0,,A,"contenido diferencial — longitud, material y/o técnica presentes"
ventilador-veltra-13301,Ventilador Veltra,Novedades,414,4,3,true,0,0,1,2,1,100,2026-04-20,0,0,,A,"contenido diferencial — longitud, material y/o técnica presentes"
ventilador-skylon-13302,Ventilador Skylon,Novedades,399,4,4,true,0,0,2,3,1,100,2026-04-20,1,0,3,A,"contenido diferencial — longitud, material y/o técnica presentes"
morral-backpack-kazomi-13311,Morral Backpack Kazomi,Novedades,324,4,3,true,0,0,2,3,1,100,2026-04-20,0,0,,A,"contenido diferencial — longitud, material y/o técnica presentes"
libreta-inker-rpet-13241,Libreta Inker Rpet,Novedades,348,4,3,true,0,0,2,1,1,100,2026-04-20,0,0,,A,"contenido diferencial — longitud, material y/o técnica presentes"
set-ecologico-demin-13278,Set Ecologico Demin,Novedades,473,4,3,true,0,0,1,3,1,100,2026-04-20,0,0,,A,"contenido diferencial — longitud, material y/o técnica presentes"
set-ecologico-element-13279,Set Ecologico Element,Novedades,389,4,4,true,0,0,1,4,1,100,2026-04-20,0,0,,A,"contenido diferencial — longitud, material y/o técnica presentes"
sticky-set-home-13281,Sticky Set Home,Novedades,481,4,3,true,0,0,2,1,1,100,2026-04-20,0,0,,A,"contenido diferencial — longitud, material y/o técnica presentes"
sticky-set-con-regla-13282,Sticky Set Con Regla,Novedades,404,4,3,true,0,0,2,4,1,100,2026-04-20,0,0,,A,"contenido diferencial — longitud, material y/o técnica presentes"
calculadora-con-tablero-13275,Calculadora Con Tablero,Novedades,396,4,3,true,0,0,1,3,1,100,2026-04-20,0,0,,A,"contenido diferencial — longitud, material y/o técnica presentes"
morral-backpack-omni-13268,Morral Backpack Omni,Novedades,355,4,3,true,0,0,1,2,1,100,2026-04-20,0,0,,A,"contenido diferencial — longitud, material y/o técnica presentes"
sticky-set-thunder-13265,Sticky Set Thunder,Novedades,482,4,3,true,0,0,1,4,1,100,2026-04-20,0,0,,A,"contenido diferencial — longitud, material y/o técnica presentes"
silla-compact-flex-13251,Silla Compact Flex,Novedades,322,4,3,true,0,0,2,1,1,100,2026-04-20,0,0,,A,"contenido diferencial — longitud, material y/o técnica presentes"
tabla-clip-bamboo-13499,Tabla Clip Bamboo,Novedades,442,4,3,true,2,1,1,4,1,100,2026-04-20,0,0,,A,"contenido diferencial — longitud, material y/o técnica presentes"
tabla-anotadora-box-nuevo-13486,Tabla Anotadora Box Nuevo,Novedades,360,4,3,true,0,0,2,4,1,100,2026-04-20,3,0,7.67,A,"contenido diferencial — longitud, material y/o técnica presentes"
memo-pad-milk-13504,Memo Pad Milk,Novedades,366,4,3,true,0,0,2,4,1,100,2026-04-20,0,0,,A,"contenido diferencial — longitud, material y/o técnica presentes"
sticky-set-milk-13505,Sticky Set Milk,Novedades,437,4,3,true,0,0,2,1,1,100,2026-04-20,0,0,,A,"contenido diferencial — longitud, material y/o técnica presentes"
sticky-set-oval-milk-13506,Sticky Set Oval Milk,Novedades,444,4,3,true,0,0,1,4,1,100,2026-04-20,0,0,,A,"contenido diferencial — longitud, material y/o técnica presentes"
cordon-para-portacelular-bamboo-eco-13507,Cordon Para Portacelular Bamboo Eco,Novedades,473,4,3,true,1,0,2,3,1,100,2026-04-20,0,0,,A,"contenido diferencial — longitud, material y/o técnica presentes"
camion-antiestres-13492,Camion Antiestres,Novedades,452,4,3,true,0,0,1,1,1,100,2026-04-20,1,0,8,A,"contenido diferencial — longitud, material y/o técnica presentes"
portaboligrafos-en-bamboo-360-13442,Portaboligrafos en Bamboo 360,Novedades,419,4,3,true,1,0,1,4,1,100,2026-04-20,2,0,6.5,A,"contenido diferencial — longitud, material y/o técnica presentes"
calendario-perpetuo-pad-bamboo-13443,Calendario Perpetuo Pad Bamboo,Novedades,374,4,3,true,1,0,1,3,1,100,2026-04-20,1,0,5,A,"contenido diferencial — longitud, material y/o técnica presentes"
sticky-set-micron-13445,Sticky Set Micron,Novedades,407,4,3,true,0,0,3,1,1,100,2026-04-20,0,0,,B,"lenguaje promocional genérico predominante, sin dato diferencial"
mini-set-goblet-eco-13446,Mini Set Goblet Eco,Novedades,395,4,3,true,2,0,2,3,1,100,2026-04-20,0,0,,A,"contenido diferencial — longitud, material y/o técnica presentes"
morral-backpack-luno-master-ocean-13457,Morral Backpack Luno Master Ocean,Novedades,441,4,3,true,2,0,3,4,1,100,2026-04-20,0,0,,A,"contenido diferencial — longitud, material y/o técnica presentes"
libreta-astralis-cork-13469,Libreta Astralis Cork,Novedades,415,4,3,true,0,0,2,4,1,100,2026-04-20,0,0,,A,"contenido diferencial — longitud, material y/o técnica presentes"
joyero-krono-13431,Joyero Krono,Novedades,365,4,3,true,0,0,1,1,1,100,2026-04-20,0,0,,A,"contenido diferencial — longitud, material y/o técnica presentes"
set-jorka-urban-business-13425,Set Jorka Urban Business,Novedades,355,4,3,true,1,0,1,1,1,100,2026-04-20,0,0,,A,"contenido diferencial — longitud, material y/o técnica presentes"
set-bantik-urban-business-13426,Set Bantik Urban Business,Novedades,344,4,3,true,0,0,3,1,1,100,2026-04-20,0,0,,B,"lenguaje promocional genérico predominante, sin dato diferencial"
organizador-de-escritorio-bamboo-13415,Organizador de Escritorio Bamboo,Novedades,314,4,3,true,1,0,0,3,1,100,2026-04-20,0,0,,A,"contenido diferencial — longitud, material y/o técnica presentes"
repelente-de-insectos-13412,Repelente de Insectos,Novedades,419,4,3,true,0,0,1,2,1,100,2026-04-20,0,0,,A,"contenido diferencial — longitud, material y/o técnica presentes"
morral-backpack-swiss-peak-buzz-13398,Morral Backpack Swiss Peak Buzz,Novedades,393,4,3,true,0,0,3,3,1,100,2026-04-20,0,0,,B,"lenguaje promocional genérico predominante, sin dato diferencial"
morral-backpack-krum-13399,Morral Backpack Krum,Novedades,331,4,3,true,0,0,1,3,1,100,2026-04-20,0,0,,A,"contenido diferencial — longitud, material y/o técnica presentes"
cobija-manta-de-viaje-travel-produccion-nacional-13528,Cobija / Manta de Viaje Travel - Producción Nacional,Novedades,430,4,3,true,0,0,1,5,1,100,2026-04-20,0,0,,A,"contenido diferencial — longitud, material y/o técnica presentes"
organizador-de-escritorio-crunch-produccion-nacional-13529,Organizador de Escritorio Crunch - Producción Nacional,Novedades,392,4,3,true,0,0,2,4,1,100,2026-04-20,0,0,,A,"contenido diferencial — longitud, material y/o técnica presentes"
bolsa-en-yute-mirka-13526,Bolsa en Yute Mirka,Novedades,372,4,3,true,0,0,0,3,1,100,2026-04-20,2,0,3,A,"contenido diferencial — longitud, material y/o técnica presentes"
nevera-cooler-glidex-13361,Nevera Cooler Glidex,Novedades,332,4,3,true,0,0,2,2,1,100,2026-04-20,0,0,,A,"contenido diferencial — longitud, material y/o técnica presentes"
morral-backpack-metrix-13375,Morral Backpack Metrix,Novedades,360,4,3,true,0,0,1,4,1,100,2026-04-20,0,0,,A,"contenido diferencial — longitud, material y/o técnica presentes"
nevera-cooler-kael-13376,Nevera Cooler Kael,Novedades,398,4,3,true,0,0,2,1,1,100,2026-04-20,1,0,9,A,"contenido diferencial — longitud, material y/o técnica presentes"
bolsa-organizador-glinter-13428,Bolsa Organizador Glinter,Novedades,373,4,3,true,0,0,1,3,1,100,2026-04-20,0,0,,A,"contenido diferencial — longitud, material y/o técnica presentes"
morral-backpack-templi-13424,Morral Backpack Templi,Novedades,380,4,3,true,0,0,2,4,1,100,2026-04-20,0,0,,A,"contenido diferencial — longitud, material y/o técnica presentes"
organizador-womp-master-ocean-13458,Organizador Womp Master Ocean,Novedades,371,4,3,true,1,0,2,1,1,100,2026-04-20,0,0,,A,"contenido diferencial — longitud, material y/o técnica presentes"
estuche-sencillo-magnetic-13447,Estuche Sencillo Magnetic,Novedades,337,4,3,true,0,0,2,2,1,100,2026-04-20,0,0,,A,"contenido diferencial — longitud, material y/o técnica presentes"
estuche-doble-magnetic-13448,Estuche Doble Magnetic,Novedades,426,4,3,true,0,0,2,3,1,100,2026-04-20,1,0,8,A,"contenido diferencial — longitud, material y/o técnica presentes"
maletin-en-cambrel-13509,Maletin en Cambrel,Novedades,325,4,3,true,0,0,1,4,1,100,2026-04-20,0,0,,A,"contenido diferencial — longitud, material y/o técnica presentes"
bolsa-ember-13503,Bolsa Ember,Novedades,414,4,3,true,0,0,2,3,1,100,2026-04-20,0,0,,A,"contenido diferencial — longitud, material y/o técnica presentes"
organizador-dalia-13252,Organizador Dalia,Novedades,435,4,3,true,0,0,1,4,1,100,2026-04-20,0,0,,A,"contenido diferencial — longitud, material y/o técnica presentes"
morral-backpack-galko-13254,Morral Backpack Galko,Novedades,387,4,3,true,0,0,2,1,1,100,2026-04-20,0,0,,A,"contenido diferencial — longitud, material y/o técnica presentes"
bolsa-en-cambrel-clento-13255,Bolsa en Cambrel Clento,Novedades,382,4,3,true,0,0,1,1,1,100,2026-04-20,0,0,,A,"contenido diferencial — longitud, material y/o técnica presentes"
bolsa-en-cambrel-vest-13256,Bolsa en Cambrel Vest,Novedades,426,4,3,true,0,0,2,4,1,100,2026-04-20,0,0,,A,"contenido diferencial — longitud, material y/o técnica presentes"
set-de-resaltadores-heart-13260,Set de Resaltadores Heart,Novedades,373,5,3,true,1,0,1,4,1,100,2026-04-20,1,0,9,A,"contenido diferencial — longitud, material y/o técnica presentes"
set-de-resaltadores-square-13261,Set de Resaltadores Square,Novedades,320,4,3,true,0,0,2,4,1,100,2026-04-20,0,0,,A,"contenido diferencial — longitud, material y/o técnica presentes"
morral-backpack-zylos-13266,Morral Backpack Zylos,Novedades,351,4,3,true,0,0,4,4,1,100,2026-04-20,0,0,,B,"lenguaje promocional genérico predominante, sin dato diferencial"
nevera-cooler-cassian-13267,Nevera Cooler Cassian,Novedades,333,4,3,true,0,0,2,1,1,100,2026-04-20,2,0,3,A,"contenido diferencial — longitud, material y/o técnica presentes"
nevera-cooler-dapper-13269,Nevera Cooler Dapper,Novedades,341,4,3,true,0,0,1,3,1,100,2026-04-20,0,0,,A,"contenido diferencial — longitud, material y/o técnica presentes"
nevera-cooler-champ-13229,Nevera Cooler Champ,Novedades,368,4,3,true,0,0,2,1,1,100,2026-04-20,0,0,,A,"contenido diferencial — longitud, material y/o técnica presentes"
portadocumentos-de-viaje-y-de-cables-lumen-13230,Portadocumentos de Viaje y de Cables Lumen,Novedades,333,4,3,true,0,0,0,3,1,100,2026-04-20,5,0,6.6,A,"contenido diferencial — longitud, material y/o técnica presentes"
cosmetiquera-kovina-13231,Cosmetiquera Kovina,Novedades,405,4,3,true,1,0,2,1,1,100,2026-04-20,0,0,,A,"contenido diferencial — longitud, material y/o técnica presentes"
organizador-liloz-13240,Organizador Liloz,Novedades,443,4,3,true,0,0,1,1,1,100,2026-04-20,0,0,,A,"contenido diferencial — longitud, material y/o técnica presentes"
set-de-resaltadores-luban-13221,Set de Resaltadores Luban,Novedades,458,4,3,true,0,0,1,4,1,100,2026-04-20,1,0,8,A,"contenido diferencial — longitud, material y/o técnica presentes"
morral-backpack-radeon-13209,Morral Backpack Radeon,Novedades,319,4,3,true,0,0,3,1,1,100,2026-04-20,0,0,,B,"lenguaje promocional genérico predominante, sin dato diferencial"
nevera-cooler-fluent-13289,Nevera Cooler Fluent,Novedades,377,4,3,true,0,0,3,1,1,100,2026-04-20,0,0,,B,"lenguaje promocional genérico predominante, sin dato diferencial"
nevera-cooler-midas-13290,Nevera Cooler Midas,Novedades,383,4,3,true,0,0,2,1,1,100,2026-04-20,1,0,7,A,"contenido diferencial — longitud, material y/o técnica presentes"
organizador-kappa-urban-travel-13343,Organizador Kappa Urban Travel,Novedades,413,4,3,true,0,0,2,3,1,100,2026-04-20,0,0,,A,"contenido diferencial — longitud, material y/o técnica presentes"
boligrafo-dash-solido-13344,Boligrafo Dash Solido,Novedades,349,4,3,true,0,0,1,1,1,100,2026-04-20,0,0,,A,"contenido diferencial — longitud, material y/o técnica presentes"
boligrafo-dash-frost-13345,Boligrafo Dash Frost,Novedades,492,4,3,true,1,0,1,4,1,100,2026-04-20,0,0,,A,"contenido diferencial — longitud, material y/o técnica presentes"
boligrafo-summit-metal-13346,Boligrafo Summit Metal,Novedades,315,4,3,true,1,0,3,4,1,100,2026-04-20,2,0,2.5,A,"contenido diferencial — longitud, material y/o técnica presentes"
boligrafo-swift-eco-13347,Boligrafo Swift Eco,Novedades,340,4,3,true,1,0,2,3,1,100,2026-04-20,0,0,,A,"contenido diferencial — longitud, material y/o técnica presentes"
boligrafo-allegro-13355,Bolígrafo Allegro,Novedades,417,4,3,true,1,0,1,3,1,100,2026-04-20,0,0,,A,"contenido diferencial — longitud, material y/o técnica presentes"
boligrafo-clasp-borrable-13356,Bolígrafo Clasp Borrable,Novedades,358,4,3,true,0,0,2,1,1,100,2026-04-20,0,0,,A,"contenido diferencial — longitud, material y/o técnica presentes"
set-de-boligrafos-emblem-13357,Set de Bolígrafos Emblem,Novedades,370,4,3,true,0,0,2,1,1,100,2026-04-20,0,0,,A,"contenido diferencial — longitud, material y/o técnica presentes"
boligrafo-helix-bamboo-13358,Bolígrafo Helix Bamboo,Novedades,369,4,3,true,2,0,1,1,1,100,2026-04-20,0,0,,A,"contenido diferencial — longitud, material y/o técnica presentes"
boligrafo-nest-13359,Bolígrafo Nest,Novedades,387,4,3,true,0,0,1,3,1,100,2026-04-20,0,0,,A,"contenido diferencial — longitud, material y/o técnica presentes"
boligrafo-nest-eco-13360,Bolígrafo Nest Eco,Novedades,344,4,3,true,1,0,2,1,1,100,2026-04-20,0,0,,A,"contenido diferencial — longitud, material y/o técnica presentes"
roller-nimbus-13309,Roller Nimbus,Novedades,399,4,3,true,0,0,1,1,1,100,2026-04-20,1,0,2,A,"contenido diferencial — longitud, material y/o técnica presentes"
boligrafo-lynx-solido-13312,Boligrafo Lynx Solido,Novedades,437,4,3,true,1,0,2,3,1,100,2026-04-20,0,0,,A,"contenido diferencial — longitud, material y/o técnica presentes"
boligrafo-lynx-frost-13307,Boligrafo Lynx Frost,Novedades,437,4,4,true,0,0,2,3,1,100,2026-04-20,0,0,,A,"contenido diferencial — longitud, material y/o técnica presentes"
boligrafo-rompecabezas-13295,Boligrafo Rompecabezas,Novedades,335,4,4,true,0,0,1,4,1,100,2026-04-20,0,0,,A,"contenido diferencial — longitud, material y/o técnica presentes"
boligrafo-grasp-13286,Boligrafo Grasp,Novedades,422,4,3,true,0,0,0,4,1,100,2026-04-20,0,0,,A,"contenido diferencial — longitud, material y/o técnica presentes"
boligrafo-x-tool-6-en-1-13288,Boligrafo X-tool 6 en 1,Novedades,403,4,3,true,0,0,0,1,1,100,2026-04-20,0,0,,A,"contenido diferencial — longitud, material y/o técnica presentes"
boligrafo-vinnie-pastel-13214,Boligrafo Vinnie Pastel,Novedades,366,4,3,true,0,0,1,1,1,100,2026-04-20,1,0,9,A,"contenido diferencial — longitud, material y/o técnica presentes"
boligrafo-summit-metal-cork-13215,Boligrafo Summit Metal Cork,Novedades,359,4,3,true,1,0,1,4,1,100,2026-04-20,0,0,,A,"contenido diferencial — longitud, material y/o técnica presentes"
boligrafo-glimmer-13216,Boligrafo Glimmer,Novedades,359,4,3,true,0,0,2,4,1,100,2026-04-20,0,0,,A,"contenido diferencial — longitud, material y/o técnica presentes"
boligrafo-mystic-13220,Boligrafo Mystic,Novedades,392,4,3,true,1,0,2,4,1,100,2026-04-20,3,0,10.67,A,"contenido diferencial — longitud, material y/o técnica presentes"
set-jolt-13271,Set Jolt,Novedades,433,4,3,true,0,0,3,1,1,100,2026-04-20,0,0,,B,"lenguaje promocional genérico predominante, sin dato diferencial"
boligrafo-shimmer-13263,Bolígrafo Shimmer,Novedades,371,4,3,true,1,0,1,4,1,100,2026-04-20,0,0,,A,"contenido diferencial — longitud, material y/o técnica presentes"
roller-shimmer-13264,Roller Shimmer,Novedades,332,4,3,true,1,0,0,3,1,100,2026-04-20,0,0,,A,"contenido diferencial — longitud, material y/o técnica presentes"
set-de-boligrafos-vector-13465,Set de Bolígrafos Vector,Novedades,418,4,4,true,0,0,3,4,1,100,2026-04-20,0,0,,B,"lenguaje promocional genérico predominante, sin dato diferencial"
estuche-black-carton-13449,Estuche Black Carton,Novedades,384,4,3,true,0,1,2,2,1,100,2026-04-20,0,0,,A,"contenido diferencial — longitud, material y/o técnica presentes"
vector-roller-13461,Vector Roller,Novedades,392,4,3,true,0,0,1,4,1,100,2026-04-20,1,0,12,A,"contenido diferencial — longitud, material y/o técnica presentes"
boligrafo-cork-stand-13462,Bolígrafo Cork Stand,Novedades,384,4,4,true,0,0,2,4,1,100,2026-04-20,0,0,,A,"contenido diferencial — longitud, material y/o técnica presentes"
boligrafo-blink-13438,Boligrafo Blink,Novedades,329,4,3,true,0,0,2,1,1,100,2026-04-20,0,0,,A,"contenido diferencial — longitud, material y/o técnica presentes"
boligrafo-delphi-13439,Boligrafo Delphi,Novedades,403,4,3,true,1,0,1,1,1,100,2026-04-20,4,0,11.75,A,"contenido diferencial — longitud, material y/o técnica presentes"
boligrafo-roller-delphi-13440,Boligrafo Roller Delphi,Novedades,355,4,3,true,1,2,1,1,1,100,2026-04-20,0,0,,A,"contenido diferencial — longitud, material y/o técnica presentes"
boligrafo-vinnie-grip-13441,Boligrafo Vinnie Grip,Novedades,468,4,3,true,1,0,2,4,1,100,2026-04-20,1,0,1,A,"contenido diferencial — longitud, material y/o técnica presentes"
set-de-boligrafo-y-portaminas-stanley-13416,Set de Bolígrafo y Portaminas Stanley,Novedades,318,4,3,true,1,0,0,4,1,100,2026-04-20,0,0,,A,"contenido diferencial — longitud, material y/o técnica presentes"
boligrafo-artisan-13417,Bolígrafo Artisan,Novedades,382,4,3,true,1,0,1,4,1,100,2026-04-20,0,0,,A,"contenido diferencial — longitud, material y/o técnica presentes"
boligrafo-avert-13418,Bolígrafo Avert,Novedades,380,4,3,true,0,0,1,4,1,100,2026-04-20,0,0,,A,"contenido diferencial — longitud, material y/o técnica presentes"
set-de-boligrafos-baltimore-vinga-eco-13400,Set de Boligrafos Baltimore Vinga Eco,Novedades,372,4,3,true,0,0,1,1,1,100,2026-04-20,0,0,,A,"contenido diferencial — longitud, material y/o técnica presentes"
organizador-multiusos-monet-produccion-nacional-13403,Organizador Multiusos Monet - Producción Nacional,Novedades,404,4,3,true,0,0,1,2,1,100,2026-04-20,0,0,,A,"contenido diferencial — longitud, material y/o técnica presentes"
mug-shaker-nyro-600ml-13248,Mug Shaker Nyro 600ml,Novedades,402,4,3,true,0,0,1,4,1,100,2026-04-20,0,0,,A,"contenido diferencial — longitud, material y/o técnica presentes"
boligrafo-abanico-13293,Boligrafo Abanico,Novedades,434,4,3,true,0,0,1,1,1,100,2026-04-20,0,0,,A,"contenido diferencial — longitud, material y/o técnica presentes"
rastreador-airtag-seek-13203,Rastreador Airtag Seek,Novedades,420,4,3,true,0,0,3,1,1,100,2026-04-20,0,0,,B,"lenguaje promocional genérico predominante, sin dato diferencial"
rastreador-airtag-vibe-13204,Rastreador Airtag Vibe,Novedades,400,4,3,true,0,0,2,1,1,100,2026-04-20,1,1,14,A,"contenido diferencial — longitud, material y/o técnica presentes"
boligrafo-vinnie-13386,Boligrafo Vinnie,Novedades,326,4,3,true,0,1,2,3,1,100,2026-04-20,0,0,,A,"contenido diferencial — longitud, material y/o técnica presentes"
alcancia-piggy-max-13495,Alcancia Piggy Max,Novedades,421,4,3,true,0,0,2,1,1,100,2026-04-20,2,0,2,A,"contenido diferencial — longitud, material y/o técnica presentes"
boligrafo-mini-dwell-13512,Boligrafo Mini Dwell,Novedades,363,4,3,true,0,0,2,3,1,100,2026-04-20,0,0,,A,"contenido diferencial — longitud, material y/o técnica presentes"
cobija-pillow-13501,Cobija Pillow,Novedades,397,4,3,true,0,0,1,3,1,100,2026-04-20,3,1,6,A,"contenido diferencial — longitud, material y/o técnica presentes"
sporty-bag-garda-rpet-13502,Sporty Bag Garda Rpet,Novedades,389,4,3,true,1,0,2,4,1,100,2026-04-20,0,0,,A,"contenido diferencial — longitud, material y/o técnica presentes"
bolsa-en-algodon-solara-240gr-13207,Bolsa en Algodón Solara (240gr),Novedades,441,4,3,true,1,0,2,4,1,100,2026-04-20,0,0,,A,"contenido diferencial — longitud, material y/o técnica presentes"
sporty-bag-en-algodon-zetta-100gr-13208,Sporty Bag en Algodón Zetta (100gr),Novedades,417,4,3,true,1,0,2,3,1,100,2026-04-20,0,0,,A,"contenido diferencial — longitud, material y/o técnica presentes"
botilito-oasis-800ml-prod-nacional-13194,Botilito Oasis 800ml - Prod. Nacional,Tomatodos y Botilitos Personalizados,156,5,3,true,0,1,1,1,1,80,2026-07-10,0,0,,A,"contenido diferencial — longitud, material y/o técnica presentes"
boligrafo-ecopetite-13196,Bolígrafo Ecopetite,Novedades,385,4,3,true,1,0,3,4,1,100,2026-04-20,3,0,10,A,"contenido diferencial — longitud, material y/o técnica presentes"
mug-metalico-star-350ml-13197,Mug Metálico Star 350ml,Novedades,380,4,3,true,2,0,2,4,1,100,2026-04-20,0,0,,A,"contenido diferencial — longitud, material y/o técnica presentes"
bolsa-en-cambrel-baxter-para-sublimacion-80gr-13198,Bolsa en Cambrel Baxter Para Sublimación (80gr),Novedades,411,4,3,true,0,1,1,4,1,100,2026-04-20,0,0,,A,"contenido diferencial — longitud, material y/o técnica presentes"
sporty-bag-en-cambrel-ewok-sublimacion-80gr-13199,Sporty Bag en Cambrel Ewok Sublimación (80gr),Novedades,371,4,3,true,0,1,1,3,1,100,2026-04-20,0,0,,A,"contenido diferencial — longitud, material y/o técnica presentes"
portarretrato-digital-frame-13206,Portarretrato Digital Frame,Novedades,356,4,3,true,0,0,2,3,1,100,2026-04-20,0,0,,A,"contenido diferencial — longitud, material y/o técnica presentes"
mug-plastico-willow-350ml-13195,Mug Plástico Willow 350ml,Novedades,399,4,3,true,2,0,2,3,1,100,2026-04-20,0,0,,A,"contenido diferencial — longitud, material y/o técnica presentes"
boligrafo-crystal-2-1-13173,Boligrafo Crystal 2-1,Novedades,468,4,3,true,0,0,2,4,1,100,2026-04-20,0,0,,A,"contenido diferencial — longitud, material y/o técnica presentes"
boligrafo-big-bang-13175,Bolígrafo Big Bang,Novedades,414,4,3,true,1,0,0,1,1,100,2026-04-20,0,0,,A,"contenido diferencial — longitud, material y/o técnica presentes"
boligrafo-multi-metal-4-1-13176,Bolígrafo Multi Metal 4-1,Novedades,377,4,3,true,1,0,3,3,1,100,2026-04-20,1,1,8,A,"contenido diferencial — longitud, material y/o técnica presentes"
cordon-portacelular-con-cables-chili-13177,Cordón Portacelular Con Cables Chili,Novedades,431,4,3,true,0,0,3,3,1,100,2026-04-20,0,0,,B,"lenguaje promocional genérico predominante, sin dato diferencial"
set-de-botilitos-trio-13180,Set de Botilitos Trio,Tomatodos y Botilitos Personalizados,128,5,3,true,1,0,0,1,1,80,2026-07-10,0,0,,A,"contenido diferencial — longitud, material y/o técnica presentes"
cafetera-en-vidrio-y-bambu-600ml-13181,Cafetera en Vidrio y Bambú 600ml,Novedades,363,4,3,true,3,0,2,1,1,100,2026-04-20,1,0,10,A,"contenido diferencial — longitud, material y/o técnica presentes"
set-de-botellas-de-viaje-13184,Set de Botellas de Viaje,Novedades,426,4,4,true,0,0,3,2,1,100,2026-04-20,0,0,,B,"lenguaje promocional genérico predominante, sin dato diferencial"
set-de-bano-vanity-13186,Set de Baño Vanity,Novedades,371,4,3,true,0,0,3,3,1,100,2026-04-20,0,0,,B,"lenguaje promocional genérico predominante, sin dato diferencial"
mug-sparkle-296ml-13188,Mug Sparkle 296ml,Novedades,350,4,3,true,1,0,2,2,1,100,2026-04-20,2,1,12,A,"contenido diferencial — longitud, material y/o técnica presentes"
bolsa-en-cambrel-nevada-7767,Bolsa en Cambrel Nevada,Ecología,459,4,3,true,0,0,1,3,1,100,2026-04-20,1,0,2,A,"contenido diferencial — longitud, material y/o técnica presentes"
bolsa-en-cambrel-winter-8191,Bolsa en Cambrel Winter,Ecología,360,4,3,true,0,0,1,3,1,100,2026-04-20,0,0,,A,"contenido diferencial — longitud, material y/o técnica presentes"
bolsa-en-cambrel-petit-8206,Bolsa en Cambrel Petit,Ecología,351,4,3,true,0,0,2,3,1,100,2026-04-20,0,0,,A,"contenido diferencial — longitud, material y/o técnica presentes"
sticky-set-milla-9229,Sticky Set Milla,Ecología,354,4,3,true,0,0,2,2,1,100,2026-04-20,0,0,,A,"contenido diferencial — longitud, material y/o técnica presentes"
sticky-set-kerry-9230,Sticky Set Kerry,Ecología,429,4,3,true,0,0,3,1,1,100,2026-04-20,0,0,,B,"lenguaje promocional genérico predominante, sin dato diferencial"
memo-sticky-set-clapton-9095,Memo Sticky Set Clapton,Ecología,422,4,3,true,0,0,3,3,1,100,2026-04-20,0,0,,B,"lenguaje promocional genérico predominante, sin dato diferencial"
boligrafo-bamboo-9317,Boligrafo Bamboo,Ecología,433,4,3,true,1,0,1,4,1,100,2026-04-20,0,0,,A,"contenido diferencial — longitud, material y/o técnica presentes"
libreta-con-boligrafo-button-reciclable-7207,Libreta Con Bolígrafo Button Reciclable,Ecología,422,4,3,true,0,0,2,1,1,100,2026-04-20,0,0,,A,"contenido diferencial — longitud, material y/o técnica presentes"
libreta-futbol-produccion-nacional-5633,Libreta Futbol - Producción Nacional,Ecología,428,4,3,true,0,0,2,1,1,100,2026-04-20,1,0,7,A,"contenido diferencial — longitud, material y/o técnica presentes"
boligrafo-bamboo-clip-eco-9675,Bolígrafo Bamboo Clip Eco,Ecología,398,4,3,true,2,0,1,1,1,100,2026-04-20,0,0,,A,"contenido diferencial — longitud, material y/o técnica presentes"
boligrafo-geometric-eco-9676,Bolígrafo Geometric Eco,Ecología,339,4,3,true,0,0,0,3,1,100,2026-04-20,0,0,,A,"contenido diferencial — longitud, material y/o técnica presentes"
botilito-metalico-troy-700ml-oferta-9773,Botilito Metálico Troy 700ml Oferta,Tomatodos y Botilitos Personalizados,172,6,5,true,1,2,1,3,1,80,2026-07-10,0,0,,A,"contenido diferencial — longitud, material y/o técnica presentes"
mug-metalico-bamboo-eco-350ml-9779,Mug Metálico Bamboo Eco 350ml,Ecología,404,4,3,true,2,1,2,1,1,100,2026-04-20,0,0,,A,"contenido diferencial — longitud, material y/o técnica presentes"
set-de-escritorio-sticky-calendar-9785,Set de Escritorio Sticky Calendar,Ecología,401,4,3,true,0,0,2,3,1,100,2026-04-20,0,0,,A,"contenido diferencial — longitud, material y/o técnica presentes"
boligrafo-forest-bamboo-9837,Bolígrafo Forest Bamboo,Ecología,355,4,3,true,2,0,2,3,1,100,2026-04-20,3,0,4.33,A,"contenido diferencial — longitud, material y/o técnica presentes"
boligrafo-lolly-bamboo-eco-9913,Bolígrafo Lolly Bamboo Eco,Ecología,418,4,3,true,1,0,0,1,1,100,2026-04-20,1,0,9,A,"contenido diferencial — longitud, material y/o técnica presentes"
boligrafo-cartoon-mini-10015,Bolígrafo Cartoon Mini,Ecología,348,4,3,true,0,0,2,3,1,100,2026-04-20,0,0,,A,"contenido diferencial — longitud, material y/o técnica presentes"
boligrafo-vardis-bamboo-10044,Bolígrafo Vardis Bamboo,Ecología,332,4,3,true,1,0,1,3,1,100,2026-04-20,0,0,,A,"contenido diferencial — longitud, material y/o técnica presentes"
set-mirror-eco-10047,Set Mirror Eco,Ecología,309,4,3,true,1,0,2,3,1,100,2026-04-20,1,0,8,A,"contenido diferencial — longitud, material y/o técnica presentes"
carpeta-folder-con-cargador-inalambrico-cork-10114,Carpeta Folder Con Cargador Inalámbrico Cork,Ecología,315,4,3,true,0,0,1,1,1,100,2026-04-20,0,0,,A,"contenido diferencial — longitud, material y/o técnica presentes"
set-de-herramientas-maxton-10053,Set de Herramientas Maxton,Ecología,418,4,3,true,0,0,0,4,1,100,2026-04-20,0,0,,A,"contenido diferencial — longitud, material y/o técnica presentes"
metro-bamboo-10007,Metro Bamboo,Ecología,400,4,3,true,2,0,2,1,1,100,2026-04-20,0,0,,A,"contenido diferencial — longitud, material y/o técnica presentes"
set-de-cubiertos-natura-eco-10066,Set de Cubiertos Natura Eco,Ecología,439,4,3,true,2,0,1,1,1,100,2026-04-20,0,0,,A,"contenido diferencial — longitud, material y/o técnica presentes"
bolsa-metalizada-mate-10236,Bolsa Metalizada Mate,Ecología,387,4,3,true,1,0,1,1,1,100,2026-04-20,0,0,,A,"contenido diferencial — longitud, material y/o técnica presentes"
pitillo-reutilizable-metalico-9160,Pitillo Reutilizable Metalico,Ecología,470,4,3,true,3,2,2,4,1,100,2026-04-20,1,0,8,A,"contenido diferencial — longitud, material y/o técnica presentes"
espejo-bamboo-9737,Espejo Bamboo,Ecología,385,4,3,true,1,0,3,1,1,100,2026-04-20,0,0,,A,"contenido diferencial — longitud, material y/o técnica presentes"
set-manicure-cork-10048,Set Manicure Cork,Ecología,350,4,3,true,0,0,3,1,1,100,2026-04-20,0,0,,B,"lenguaje promocional genérico predominante, sin dato diferencial"
set-de-cubiertos-bamboo-9384,Set de Cubiertos Bamboo,Ecología,403,4,3,true,2,0,1,4,1,100,2026-04-20,0,0,,A,"contenido diferencial — longitud, material y/o técnica presentes"
carpeta-de-carton-reciclable-ii-9908,Carpeta de Cartón Reciclable ii,Ecología,320,4,3,true,0,0,2,3,1,100,2026-04-20,0,0,,A,"contenido diferencial — longitud, material y/o técnica presentes"
libreta-con-boligrafo-bamboo-9683,Libreta Con Bolígrafo Bamboo,Ecología,406,4,3,true,0,0,3,3,1,100,2026-04-20,0,0,,B,"lenguaje promocional genérico predominante, sin dato diferencial"
sticky-set-bamboo-eco-9949,Sticky Set Bamboo Eco,Ecología,499,4,3,true,2,0,2,3,1,100,2026-04-20,1,0,10,A,"contenido diferencial — longitud, material y/o técnica presentes"
libreta-vincent-10095,Libreta Vincent,Ecología,379,4,3,true,1,0,1,2,1,100,2026-04-20,0,0,,A,"contenido diferencial — longitud, material y/o técnica presentes"
cargador-inalambrico-bamboo-ii-9893,Cargador Inalambrico Bamboo ii,Ecología,327,4,3,true,1,0,1,2,1,100,2026-04-20,4,0,3,A,"contenido diferencial — longitud, material y/o técnica presentes"
cargador-inalambrico-bamboo-square-oferta-9979,Cargador Inalambrico Bamboo Square Oferta,Ecología,402,4,3,true,1,0,2,2,1,100,2026-04-20,4,1,2.75,A,"contenido diferencial — longitud, material y/o técnica presentes"
speaker-bluetooth-onyx-oferta-10135,Speaker Bluetooth Onyx - Oferta,Ecología,408,4,4,true,0,0,3,4,1,100,2026-04-20,1,1,9,B,"lenguaje promocional genérico predominante, sin dato diferencial"
speaker-bluetooth-mack-10137,Speaker Bluetooth Mack,Ecología,334,4,3,true,0,0,1,1,1,100,2026-04-20,0,0,,A,"contenido diferencial — longitud, material y/o técnica presentes"
cargador-inalambrico-nembar-10278,Cargador Inalámbrico Nembar,Ecología,360,4,3,true,0,0,3,1,1,100,2026-04-20,0,0,,B,"lenguaje promocional genérico predominante, sin dato diferencial"
libreta-igor-bamboo-10309,Libreta Igor Bamboo,Ecología,363,4,3,true,0,0,1,1,1,100,2026-04-20,0,0,,A,"contenido diferencial — longitud, material y/o técnica presentes"
puerto-usb-rpet-10494,Puerto Usb Rpet,Ecología,390,4,3,true,1,0,2,3,1,100,2026-04-20,0,0,,A,"contenido diferencial — longitud, material y/o técnica presentes"
cable-multicargador-3-1-bamboo-10473,Cable Multicargador 3-1 Bamboo,Ecología,433,4,3,true,1,0,2,1,1,100,2026-04-20,0,0,,A,"contenido diferencial — longitud, material y/o técnica presentes"
soporte-para-celular-note-10579,Soporte Para Celular Note,Ecología,360,4,3,true,2,0,0,1,1,100,2026-04-20,0,0,,A,"contenido diferencial — longitud, material y/o técnica presentes"
soporte-para-moviles-nixon-bamboo-10339,Soporte Para Móviles Nixon Bamboo,Ecología,361,4,3,true,1,0,2,1,1,100,2026-04-20,0,0,,A,"contenido diferencial — longitud, material y/o técnica presentes"
soporte-magnetico-para-moviles-bamboo-10509,Soporte Magnético Para Móviles Bamboo,Ecología,390,4,3,true,1,0,1,2,1,100,2026-04-20,0,0,,A,"contenido diferencial — longitud, material y/o técnica presentes"
espejo-bamboo-max-10323,Espejo Bamboo Max,Ecología,507,4,3,true,1,0,1,3,1,100,2026-04-20,0,0,,A,"contenido diferencial — longitud, material y/o técnica presentes"
joyero-eco-bamboo-10439,Joyero Eco Bamboo,Ecología,368,4,3,true,1,2,1,1,1,100,2026-04-20,1,1,4,A,"contenido diferencial — longitud, material y/o técnica presentes"
espejo-joyero-bamboo-10377,Espejo Joyero Bamboo,Ecología,333,4,3,true,1,0,1,2,1,100,2026-04-20,0,0,,A,"contenido diferencial — longitud, material y/o técnica presentes"
cepillo-eco-bamboo-10437,Cepillo Eco Bamboo,Ecología,374,4,3,true,2,0,0,1,1,100,2026-04-20,0,0,,A,"contenido diferencial — longitud, material y/o técnica presentes"
set-de-pelotas-cork-10434,Set de Pelotas Cork,Antiestrés,371,4,3,true,0,0,1,1,1,100,2026-04-20,0,0,,A,"contenido diferencial — longitud, material y/o técnica presentes"
botilito-metalico-murphy-750ml-10503,Botilito Metálico Murphy 750ml,Tomatodos y Botilitos Personalizados,126,3,3,true,1,0,2,1,1,80,2026-07-10,0,0,,A,"contenido diferencial — longitud, material y/o técnica presentes"
portacelular-2-1-eco-10436,Portacelular 2-1 Eco,Ecología,365,4,3,true,0,0,1,2,1,100,2026-04-20,0,0,,A,"contenido diferencial — longitud, material y/o técnica presentes"
boligrafo-aston-cartoon-10534,Bolígrafo Aston-cartoon,Ecología,358,4,3,true,0,0,1,3,1,100,2026-04-20,0,0,,A,"contenido diferencial — longitud, material y/o técnica presentes"
boligrafo-sawyer-10515,Bolígrafo Sawyer,Ecología,424,4,3,true,0,0,1,1,1,100,2026-04-20,0,0,,A,"contenido diferencial — longitud, material y/o técnica presentes"
vaso-plegable-eco-10820,Vaso Plegable Eco,Vasos Personalizados,149,4,3,true,1,0,2,1,1,80,2026-07-10,0,0,,A,"contenido diferencial — longitud, material y/o técnica presentes"
eco-pet-9391,Eco Pet,Ecología,376,4,3,true,1,0,1,3,1,100,2026-04-20,0,0,,A,"contenido diferencial — longitud, material y/o técnica presentes"
summit-eco-9416,Summit Eco,Ecología,452,4,3,true,0,0,2,1,1,100,2026-04-20,0,0,,A,"contenido diferencial — longitud, material y/o técnica presentes"
boligrafo-coffee-eco-9677,Bolígrafo Coffee Eco,Ecología,329,4,3,true,1,0,2,1,1,100,2026-04-20,0,0,,A,"contenido diferencial — longitud, material y/o técnica presentes"
boligrafo-hollow-cartoon-9839,Bolígrafo Hollow Cartoon,Ecología,431,4,3,true,0,0,2,4,1,100,2026-04-20,0,0,,A,"contenido diferencial — longitud, material y/o técnica presentes"
boligrafo-hollow-eco-oferta-9840,Bolígrafo Hollow Eco Oferta,Ecología,368,4,3,true,0,0,2,3,1,100,2026-04-20,0,0,,A,"contenido diferencial — longitud, material y/o técnica presentes"
boligrafo-jovi-eco-9844,Bolígrafo Jovi Eco,Ecología,422,4,3,true,0,0,1,1,1,100,2026-04-20,0,0,,A,"contenido diferencial — longitud, material y/o técnica presentes"
boligrafo-ventura-eco-bamboo-9849,Bolígrafo Ventura Eco Bamboo,Ecología,399,4,3,true,3,0,2,3,1,100,2026-04-20,3,0,9,A,"contenido diferencial — longitud, material y/o técnica presentes"
boligrafo-infinity-2-1-oferta-9962,Boligrafo Infinity 2-1 Oferta,Ecología,441,4,3,true,0,0,2,1,1,100,2026-04-20,0,0,,A,"contenido diferencial — longitud, material y/o técnica presentes"
boligrafo-ventura-bamboo-natural-9905,Bolígrafo Ventura Bamboo Natural,Ecología,464,4,3,true,1,0,2,1,1,100,2026-04-20,0,0,,A,"contenido diferencial — longitud, material y/o técnica presentes"
boligrafo-ventura-eco-fibra-de-trigo-9947,Bolígrafo Ventura Eco Fibra de Trigo,Ecología,467,4,3,true,1,0,2,4,1,100,2026-04-20,0,0,,A,"contenido diferencial — longitud, material y/o técnica presentes"
boligrafo-grayson-stylus-cork-10018,Bolígrafo Grayson Stylus Cork,Ecología,383,4,3,true,2,0,2,4,1,100,2026-04-20,0,0,,A,"contenido diferencial — longitud, material y/o técnica presentes"
boligrafo-lit-10025,Bolígrafo Lit,Ecología,496,4,3,true,1,0,1,3,1,100,2026-04-20,1,0,10,A,"contenido diferencial — longitud, material y/o técnica presentes"
set-de-boligrafos-cork-10039,Set de Bolígrafos Cork,Ecología,432,4,3,true,0,0,2,1,1,100,2026-04-20,0,0,,A,"contenido diferencial — longitud, material y/o técnica presentes"
boligrafo-alden-10441,Bolígrafo Alden,Ecología,407,4,3,true,0,0,2,3,1,100,2026-04-20,0,0,,A,"contenido diferencial — longitud, material y/o técnica presentes"
boligrafo-ashby-10428,Bolígrafo Ashby,Ecología,389,4,3,true,0,0,0,3,1,100,2026-04-20,0,0,,A,"contenido diferencial — longitud, material y/o técnica presentes"
boligrafo-foster-10440,Bolígrafo Foster,Ecología,341,4,3,true,1,0,0,1,1,100,2026-04-20,0,0,,A,"contenido diferencial — longitud, material y/o técnica presentes"
boligrafo-vinnie-coffee-10545,Bolígrafo Vinnie-coffee,Ecología,365,4,3,true,0,0,2,3,1,100,2026-04-20,1,0,8,A,"contenido diferencial — longitud, material y/o técnica presentes"
boligrafo-vinnie-eco-10546,Bolígrafo Vinnie Eco,Ecología,423,4,3,true,0,0,1,1,1,100,2026-04-20,1,0,6,A,"contenido diferencial — longitud, material y/o técnica presentes"
set-alter-boligrafo-y-portaminas-9847,Set Alter Bolígrafo y Portaminas,Artículos de Escritura,398,4,3,true,1,1,1,1,1,100,2026-04-20,0,0,,A,"contenido diferencial — longitud, material y/o técnica presentes"
funda-para-boligrafos-rpet-10443,Funda Para Bolígrafos Rpet,Artículos de Escritura,310,4,3,true,1,0,0,4,1,100,2026-04-20,0,0,,A,"contenido diferencial — longitud, material y/o técnica presentes"
boligrafo-merrick-10444,Bolígrafo Merrick,Artículos de Escritura,358,4,3,true,1,0,1,1,1,100,2026-04-20,1,0,8,A,"contenido diferencial — longitud, material y/o técnica presentes"
set-de-paraguas-luxury-13190,Set de Paraguas Luxury,Artículos de Escritura,400,4,3,true,1,0,0,4,1,100,2026-04-20,0,0,,A,"contenido diferencial — longitud, material y/o técnica presentes"
bowl-plastico-liso-produccion-nacional-8731,Bowl Plástico Liso - Produccion Nacional,Hogar,480,4,3,true,1,0,1,4,1,100,2026-04-20,1,0,6,A,"contenido diferencial — longitud, material y/o técnica presentes"
bowl-plastico-con-base-produccion-nacional-8730,Bowl Plástico Con Base - Produccion Nacional,Hogar,466,4,3,true,1,0,1,4,1,100,2026-04-20,0,0,,A,"contenido diferencial — longitud, material y/o técnica presentes"
bolsa-en-cambrel-fest-oferta-8372,Bolsa en Cambrel Fest Oferta,Hogar,395,4,3,true,0,0,2,4,1,100,2026-04-20,0,0,,A,"contenido diferencial — longitud, material y/o técnica presentes"
bolsa-plegable-neon-emma-8535,Bolsa Plegable Neón Emma,Hogar,417,4,3,true,0,0,2,4,1,100,2026-04-20,0,0,,A,"contenido diferencial — longitud, material y/o técnica presentes"
globo-terraqueo-antique-oferta-9144,Globo Terraqueo Antique - Oferta,Hogar,345,4,3,true,0,0,1,4,1,100,2026-04-20,1,0,8,A,"contenido diferencial — longitud, material y/o técnica presentes"
colgador-de-botellas-con-carabinero-oferta-9116,Colgador de Botellas Con Carabinero - Oferta,Hogar,440,4,3,true,1,0,1,1,1,100,2026-04-20,0,0,,A,"contenido diferencial — longitud, material y/o técnica presentes"
set-de-tablas-cuisine-oferta-9749,Set de Tablas Cuisine Oferta,Hogar,369,4,3,true,0,0,2,2,1,100,2026-04-20,0,0,,A,"contenido diferencial — longitud, material y/o técnica presentes"
funda-portabotella-con-destapador-oferta-10183,Funda Portabotella Con Destapador Oferta,Hogar,477,4,3,true,1,0,2,1,1,100,2026-04-20,0,0,,A,"contenido diferencial — longitud, material y/o técnica presentes"
cafetera-en-vidrio-compact-350ml-9560,Cafetera en Vidrio Compact 350ml,Hogar,448,4,3,true,2,0,3,4,1,100,2026-04-20,0,0,,A,"contenido diferencial — longitud, material y/o técnica presentes"
cafetera-en-vidrio-600ml-9866,Cafetera en Vidrio 600ml,Hogar,372,4,3,true,1,0,4,1,1,100,2026-04-20,0,0,,A,"contenido diferencial — longitud, material y/o técnica presentes"
mug-metalico-stabby-380ml-10203,Mug Metálico Stabby 380ml,Hogar,377,4,3,true,1,0,2,1,1,100,2026-04-20,0,0,,A,"contenido diferencial — longitud, material y/o técnica presentes"
mug-plastico-coffee-plus-12oz-produccion-nacional-10215,Mug Plastico Coffee Plus 12oz- Producción Nacional,Hogar,434,4,3,true,1,0,2,3,1,100,2026-04-20,0,0,,A,"contenido diferencial — longitud, material y/o técnica presentes"
portacomidas-celebrity-10535,Portacomidas Celébrity,Hogar,428,4,3,true,0,0,1,1,1,100,2026-04-20,0,0,,A,"contenido diferencial — longitud, material y/o técnica presentes"
portacomidas-spencer-10334,Portacomidas Spéncer,Hogar,359,4,3,true,0,0,2,3,1,100,2026-04-20,0,0,,A,"contenido diferencial — longitud, material y/o técnica presentes"
set-de-cubiertos-metalicos-rpet-10435,Set de Cubiertos Metálicos Rpet,Hogar,384,5,3,true,2,0,2,1,1,100,2026-04-20,0,0,,A,"contenido diferencial — longitud, material y/o técnica presentes"
mini-pano-microfibra-5390,Mini Paño Microfibra,Hogar,504,4,3,true,0,0,1,4,1,100,2026-04-20,4,0,13,A,"contenido diferencial — longitud, material y/o técnica presentes"
bolso-mindy-oferta-7575,Bolso Mindy - Oferta,Hogar,351,4,3,true,0,0,1,4,1,100,2026-04-20,0,0,,A,"contenido diferencial — longitud, material y/o técnica presentes"
florero-inox-produccion-nacional-oferta-8375,Florero Inox - Produccion Nacional - Oferta,Hogar,363,4,4,true,1,2,1,1,1,100,2026-04-20,1,0,11,A,"contenido diferencial — longitud, material y/o técnica presentes"
joyero-produccion-nacional-8712,Joyero - Produccion Nacional,Hogar,400,4,3,true,0,1,2,1,1,100,2026-04-20,0,0,,A,"contenido diferencial — longitud, material y/o técnica presentes"
set-de-viaje-pillow-produccion-nacional-8722,Set de Viaje Pillow - Produccion Nacional,Hogar,416,4,4,true,0,0,2,4,1,100,2026-04-20,0,0,,A,"contenido diferencial — longitud, material y/o técnica presentes"
carrito-para-mercado-shopper-8787,Carrito Para Mercado Shopper,Hogar,380,4,3,true,0,0,2,3,1,100,2026-04-20,1,0,60,A,"contenido diferencial — longitud, material y/o técnica presentes"
cojin-de-viaje-doble-uso-plush-produccion-nacional-8871,Cojin de Viaje Doble Uso Plush-produccion Nacional,Hogar,401,4,3,true,0,0,2,2,1,100,2026-04-20,1,0,9,A,"contenido diferencial — longitud, material y/o técnica presentes"
nevera-cooler-bag-pocket-9401,Nevera Cooler Bag Pocket,Hogar,405,4,3,true,0,0,3,1,1,100,2026-04-20,0,0,,B,"lenguaje promocional genérico predominante, sin dato diferencial"
portacomidas-con-cubiertos-jakarta-produccion-nacional-9403,Portacomidas Con Cubiertos Jakarta - Produccion Nacional,Hogar,418,4,4,true,1,0,2,1,1,100,2026-04-20,0,0,,A,"contenido diferencial — longitud, material y/o técnica presentes"
protector-en-silicona-para-cepillo-de-dientes-oferta-9529,Protector en Silicona Para Cepillo de Dientes - Oferta,Hogar,377,4,3,true,1,0,1,1,1,100,2026-04-20,1,0,4,A,"contenido diferencial — longitud, material y/o técnica presentes"
bolsa-ecologica-laminada-en-rpet-9608,Bolsa Ecologica Laminada en Rpet,Hogar,392,5,3,true,1,0,0,4,1,100,2026-04-20,0,0,,A,"contenido diferencial — longitud, material y/o técnica presentes"
bolsa-ecologica-recycled-rpet-9615,Bolsa Ecologica Recycled Rpet,Hogar,303,4,3,true,1,0,1,3,1,100,2026-04-20,0,0,,A,"contenido diferencial — longitud, material y/o técnica presentes"
limpiador-de-pantallas-sticky-roll-9605,Limpiador de Pantallas Sticky Roll,Hogar,355,4,3,true,0,0,3,4,1,100,2026-04-20,0,0,,B,"lenguaje promocional genérico predominante, sin dato diferencial"
dispensador-de-bolsas-dog-9606,Dispensador de Bolsas Dog,Hogar,367,4,3,true,1,0,0,1,1,100,2026-04-20,0,0,,A,"contenido diferencial — longitud, material y/o técnica presentes"
dispensador-de-bolsas-bone-material-antibacteriano-9695,Dispensador de Bolsas Bone Material Antibacteriano,Hogar,408,4,3,true,1,0,1,4,1,100,2026-04-20,0,0,,A,"contenido diferencial — longitud, material y/o técnica presentes"
espejo-plegable-2-1-9709,Espejo Plegable 2-1,Hogar,382,4,3,true,0,0,3,4,1,100,2026-04-20,1,0,16,B,"lenguaje promocional genérico predominante, sin dato diferencial"
bolsa-plegable-reflect-9822,Bolsa Plegable Reflect,Hogar,393,4,3,true,0,0,1,3,1,100,2026-04-20,0,0,,A,"contenido diferencial — longitud, material y/o técnica presentes"
nevera-cooler-bag-ava-oferta-9833,Nevera Cooler Bag Ava Oferta,Hogar,352,4,4,true,0,0,2,1,1,100,2026-04-20,0,0,,A,"contenido diferencial — longitud, material y/o técnica presentes"
limpiador-pantallas-30ml-con-microfibra-produccion-nacional-9729,Limpiador Pantallas 30ml Con Microfibra - Produccion Nacional,Hogar,369,4,3,true,0,0,2,4,1,100,2026-04-20,0,0,,A,"contenido diferencial — longitud, material y/o técnica presentes"
pesa-digital-feet-9882,Pesa Digital Feet,Hogar,400,4,3,true,1,0,1,2,1,100,2026-04-20,0,0,,A,"contenido diferencial — longitud, material y/o técnica presentes"
espejo-comby-2-1-9907,Espejo Comby 2-1,Hogar,422,4,3,true,0,0,2,1,1,100,2026-04-20,0,0,,A,"contenido diferencial — longitud, material y/o técnica presentes"
set-de-belleza-halston-9710,Set de Belleza Halston,Hogar,409,4,3,true,0,0,1,4,1,100,2026-04-20,0,0,,A,"contenido diferencial — longitud, material y/o técnica presentes"
bandeja-portatil-para-laptop-ryper-oferta-9935,Bandeja Portatil Para Laptop Ryper Oferta,Hogar,382,4,3,true,0,0,1,1,1,100,2026-04-20,0,0,,A,"contenido diferencial — longitud, material y/o técnica presentes"
bolsa-plegable-gibson-10187,Bolsa Plegable Gibson,Hogar,341,4,3,true,0,0,1,1,1,100,2026-04-20,1,1,8,A,"contenido diferencial — longitud, material y/o técnica presentes"
organizador-multiusos-tech-10192,Organizador-multiusos-tech,Hogar,370,4,3,true,0,0,2,4,1,100,2026-04-20,0,0,,A,"contenido diferencial — longitud, material y/o técnica presentes"
protector-solar-para-carro-sunshade-10312,Protector Solar Para Carro Sunshade,Hogar,456,4,3,true,0,0,0,4,1,100,2026-04-20,2,1,22,A,"contenido diferencial — longitud, material y/o técnica presentes"
adaptador-universal-travel-10459,Adaptador Universal Travel,Hogar,353,4,3,true,0,0,1,1,1,100,2026-04-20,2,0,7.5,A,"contenido diferencial — longitud, material y/o técnica presentes"
morral-backpack-bemot-produccion-nacional-8539,Morral Backpack Bemot - Produccion Nacional,Maletines,382,4,3,true,0,0,2,2,1,100,2026-04-20,0,0,,A,"contenido diferencial — longitud, material y/o técnica presentes"
morral-backpack-randy-9820,Morral Backpack Randy,Maletines,354,4,3,true,0,0,1,4,1,100,2026-04-20,0,0,,A,"contenido diferencial — longitud, material y/o técnica presentes"
maletin-deportivo-soccer-oferta-9930,Maletín Deportivo Soccer Oferta,Maletines,402,4,3,true,0,0,2,1,1,100,2026-04-20,0,0,,A,"contenido diferencial — longitud, material y/o técnica presentes"
maletin-neo-urban-travel-10550,Maletín Neo Urban Travel,Maletines,353,4,3,true,0,0,1,3,1,100,2026-04-20,0,0,,A,"contenido diferencial — longitud, material y/o técnica presentes"
canguro-athos-rpet-10418,Canguro Athos Rpet,Maletines,318,4,3,true,0,0,2,1,1,100,2026-04-20,0,0,,A,"contenido diferencial — longitud, material y/o técnica presentes"
canguro-snap-rpet-10419,Canguro Snap Rpet,Maletines,341,4,3,true,1,0,2,1,1,100,2026-04-20,0,0,,A,"contenido diferencial — longitud, material y/o técnica presentes"
canguro-sandy-10569,Canguro Sandy,Maletines,388,4,4,true,0,0,1,1,1,100,2026-04-20,1,0,10,A,"contenido diferencial — longitud, material y/o técnica presentes"
morral-backpack-alpha-10333,Morral Backpack Alpha,Maletines,337,4,3,true,0,0,1,1,1,100,2026-04-20,0,0,,A,"contenido diferencial — longitud, material y/o técnica presentes"
morral-backpack-mush-2-10487,Morral Backpack Mush-2,Maletines,425,4,3,true,0,0,2,3,1,100,2026-04-20,1,0,9,A,"contenido diferencial — longitud, material y/o técnica presentes"
estuche-dry-bag-25l-10517,Estuche Dry Bag 2.5l,Maletines,350,4,3,true,0,0,1,1,1,100,2026-04-20,0,0,,A,"contenido diferencial — longitud, material y/o técnica presentes"
bolso-compacto-con-carabinero-produccion-nacional-3256,Bolso Compacto Con Carabinero - Produccion Nacional,Producción Nacional,403,4,3,true,1,0,1,4,1,100,2026-04-20,5,0,7.8,A,"contenido diferencial — longitud, material y/o técnica presentes"
llavero-ml-414-10771,Llavero Ml-414,Llaveros,385,4,3,true,0,0,2,1,1,100,2026-04-20,0,0,,A,"contenido diferencial — longitud, material y/o técnica presentes"
llavero-ml-415-10772,Llavero Ml-415,Llaveros,429,4,3,true,1,0,1,4,1,100,2026-04-20,2,0,10,A,"contenido diferencial — longitud, material y/o técnica presentes"
tapa-pestana-para-botilito-saturno-7686,Tapa Pestaña Para Botilito Saturno,Tomatodos y Botilitos Personalizados,141,5,3,true,0,0,1,1,1,80,2026-07-10,0,0,,A,"contenido diferencial — longitud, material y/o técnica presentes"
botilito-energy-pvc-produccion-nacional-stock-telefonicamente-7793,Botilito Energy Pvc Producción Nacional - Stock Telefonicamente,Tomatodos y Botilitos Personalizados,141,3,3,true,1,1,1,1,1,80,2026-07-10,0,0,,A,"contenido diferencial — longitud, material y/o técnica presentes"
botilito-en-pet-granada-760ml-produccion-nacional-nuevo-9357,Botilito en Pet Granada 760ml -produccion Nacional Nuevo,Tomatodos y Botilitos Personalizados,143,4,3,true,0,0,2,3,1,80,2026-07-10,0,0,,A,"contenido diferencial — longitud, material y/o técnica presentes"
botilito-logomax-750ml-produccion-naltapa-mu-90-9889,Botilito Logomax 750ml -produccion Nal(tapa Mu-90),Tomatodos y Botilitos Personalizados,154,5,3,true,0,0,3,1,1,80,2026-07-10,0,0,,B,"lenguaje promocional genérico predominante, sin dato diferencial"
botilito-astron-800ml-vaso-produccion-nacional-2380,Botilito Astron 800ml - Vaso - Producción Nacional,Tomatodos y Botilitos Personalizados,152,5,4,true,0,1,1,3,1,80,2026-07-10,0,0,,A,"contenido diferencial — longitud, material y/o técnica presentes"
botilito-maxi-supra-pet-890ml-produccion-nacional-10616,Botilito Maxi Supra Pet 890ml- Produccion Nacional,Tomatodos y Botilitos Personalizados,169,5,3,true,0,0,1,1,1,80,2026-07-10,0,0,,A,"contenido diferencial — longitud, material y/o técnica presentes"
libreta-milky-oferta-10108,Libreta Milky Oferta,Ecología,451,4,3,true,0,0,2,4,1,100,2026-04-20,0,0,,A,"contenido diferencial — longitud, material y/o técnica presentes"
libreta-legend-rpet-10096,Libreta Legend Rpet,Ecología,348,4,3,true,1,0,1,1,1,100,2026-04-20,0,0,,A,"contenido diferencial — longitud, material y/o técnica presentes"
estuche-con-portacelular-rpet-10433,Estuche Con Portacelular Rpet,Ecología,350,4,3,true,1,0,1,1,1,100,2026-04-20,0,0,,A,"contenido diferencial — longitud, material y/o técnica presentes"
cordon-para-portacelular-holder-eco-10511,Cordón Para Portacelular Holder Eco,Ecología,326,4,3,true,0,0,1,2,1,100,2026-04-20,1,0,12,A,"contenido diferencial — longitud, material y/o técnica presentes"
base-para-escritorio-multiple-produccion-nacional-2008,Base Para Escritorio Multiple - Produccion Nacional,Producción Nacional,362,4,3,true,0,0,0,0,1,100,2026-04-22,0,0,,A,"contenido diferencial — longitud, material y/o técnica presentes"
libreta-con-boligrafo-kadens-produccion-nacional-8090,Libreta Con Bolígrafo Kadens - Producción Nacional,Producción Nacional,506,4,3,true,0,0,1,3,1,100,2026-04-20,0,0,,A,"contenido diferencial — longitud, material y/o técnica presentes"
libreta-wave-produccion-nacional-8097,Libreta Wave - Produccion Nacional,Producción Nacional,419,4,3,true,0,0,2,3,1,100,2026-04-20,0,0,,A,"contenido diferencial — longitud, material y/o técnica presentes"
libreta-arco-produccion-nacional-8098,Libreta Arco - Produccion Nacional,Producción Nacional,412,4,3,true,0,0,3,3,1,100,2026-04-20,0,0,,B,"lenguaje promocional genérico predominante, sin dato diferencial"
libreta-spyro-produccion-nacional-8099,Libreta Spyro - Produccion Nacional,Producción Nacional,382,4,3,true,0,0,2,2,1,100,2026-04-20,0,0,,A,"contenido diferencial — longitud, material y/o técnica presentes"
libreta-dots-produccion-nacional-8096,Libreta Dots - Produccion Nacional,Producción Nacional,272,4,3,true,0,0,2,3,1,100,2026-04-20,0,0,,A,"contenido diferencial — longitud, material y/o técnica presentes"
cinta-blanca-especial-para-sublimacion-produccion-nacional-sobre-pedido-5744,Cinta Blanca Especial Para Sublimación - Producción Nacional Sobre Pedido,Producción Nacional,394,4,3,true,0,1,1,4,1,100,2026-04-20,5,0,11.6,A,"contenido diferencial — longitud, material y/o técnica presentes"
mini-libreta-memphis-produccion-nacional-9353,Mini Libreta Memphis - Produccion Nacional,Producción Nacional,354,4,3,true,0,0,1,4,1,100,2026-04-20,1,0,10,A,"contenido diferencial — longitud, material y/o técnica presentes"
libreta-rectangular-produccion-nacional-8363,Libreta Rectangular - Produccion Nacional,Producción Nacional,440,4,3,true,0,0,4,1,1,100,2026-04-20,0,0,,B,"lenguaje promocional genérico predominante, sin dato diferencial"
mini-libreta-like-it-eco-produccion-nacional-10101,Mini Libreta Like it Eco- Producción Nacional,Producción Nacional,411,4,3,true,0,2,4,4,1,100,2026-04-20,0,0,,B,"lenguaje promocional genérico predominante, sin dato diferencial"
funda-en-silicona-para-cp-242-colapsible-de-60ml-oferta-9492,Funda en Silicona Para Cp-242 Colapsible de 60ml Oferta,Cuidado Personal,354,4,3,true,1,0,1,3,1,100,2026-04-20,0,0,,A,"contenido diferencial — longitud, material y/o técnica presentes"
alcancia-esfera-produccion-nacional-8211,Alcancía Esfera - Producción Nacional,Producción Nacional,424,4,3,true,0,0,2,4,1,100,2026-04-20,1,0,5,A,"contenido diferencial — longitud, material y/o técnica presentes"
maraca-grande-unidad-produccion-nacional-8370,Maraca Grande Unidad - Produccion Nacional,Producción Nacional,445,4,3,true,0,0,3,1,1,100,2026-04-20,0,0,,B,"lenguaje promocional genérico predominante, sin dato diferencial"
mini-monedero-en-pvc-produccion-nacional-6237,Mini Monedero en Pvc - Producción Nacional,Producción Nacional,448,4,3,true,1,0,1,4,1,100,2026-04-20,1,1,11,A,"contenido diferencial — longitud, material y/o técnica presentes"
boligrafo-ballpop-oferta-10014,Bolígrafo Ballpop Oferta,Antiestrés,467,4,3,true,0,0,1,3,1,100,2026-04-20,0,0,,A,"contenido diferencial — longitud, material y/o técnica presentes"
portatarjetas-pop-10149,Portatarjetas Pop,Antiestrés,419,4,3,true,0,0,1,4,1,100,2026-04-20,0,0,,A,"contenido diferencial — longitud, material y/o técnica presentes"
mug-metalico-arrow-600-ml-nuevo-13569,Mug Metálico Arrow 600 ml Nuevo,Mugs y Termos,459,4,3,true,1,0,1,2,1,100,2026-04-20,0,0,,A,"contenido diferencial — longitud, material y/o técnica presentes"
mug-metalico-gillan-500-ml-nuevo-13570,Mug Metálico Gillan 500 ml Nuevo,Mugs y Termos,436,4,3,true,1,1,3,4,1,100,2026-04-20,0,0,,A,"contenido diferencial — longitud, material y/o técnica presentes"
resaltador-de-cera-seren-nuevo-13539,Resaltador de Cera Seren Nuevo,Artículos de Escritura,359,4,3,true,0,0,0,2,1,100,2026-04-20,3,0,10,A,"contenido diferencial — longitud, material y/o técnica presentes"
lapiz-infinito-gemini-nuevo-13540,Lápiz Infinito Gemini Nuevo,Artículos de Escritura,455,4,3,true,0,0,1,4,1,100,2026-04-20,0,0,,A,"contenido diferencial — longitud, material y/o técnica presentes"
bolsa-en-cambrel-soot-nuevo-13553,Bolsa en Cambrel Soot Nuevo,Maletines,340,4,3,true,0,0,1,3,1,100,2026-04-20,0,0,,A,"contenido diferencial — longitud, material y/o técnica presentes"
bolsa-en-algodon-y-yute-nativ-300-gm-nuevo-13554,Bolsa en Algodón y Yute Nativ (300 Gm) Nuevo,Maletines,445,4,3,true,1,0,1,4,1,100,2026-04-20,0,0,,A,"contenido diferencial — longitud, material y/o técnica presentes"
bolsa-en-algodon-basic-300-gm-nuevo-13555,Bolsa en Algodón Basic (300 Gm) Nuevo,Maletines,449,4,3,true,1,0,1,4,1,100,2026-04-20,0,0,,A,"contenido diferencial — longitud, material y/o técnica presentes"
planeador-semanal-week-nuevo-13556,Planeador Semanal Week Nuevo,Oficina,460,4,3,true,0,0,1,4,1,100,2026-04-20,0,0,,A,"contenido diferencial — longitud, material y/o técnica presentes"
mug-lume-350-ml-nuevo-13559,Mug Lume 350 ml Nuevo,Mugs y Termos,459,4,4,true,0,0,2,4,1,100,2026-04-20,0,0,,A,"contenido diferencial — longitud, material y/o técnica presentes"
paraguas-balan-23-13560,Paraguas Balan 23,Paraguas,328,4,3,true,0,0,0,3,1,100,2026-04-20,0,0,,A,"contenido diferencial — longitud, material y/o técnica presentes"
medidor-de-presion-para-neumaticos-13297,Medidor de Presión Para Neumaticos,Herramientas,426,4,3,true,0,0,0,1,1,100,2026-04-20,0,0,,A,"contenido diferencial — longitud, material y/o técnica presentes"
speaker-bluetooth-novark-13298,Speaker Bluetooth Novark,Ecología,392,4,3,true,0,0,1,1,1,100,2026-04-20,1,0,9,A,"contenido diferencial — longitud, material y/o técnica presentes"
teclado-bluetooth-orbi-13299,Teclado Bluetooth Orbi,Tecnología,279,4,3,true,0,0,2,1,1,100,2026-04-20,0,0,,A,"contenido diferencial — longitud, material y/o técnica presentes"
mouse-inalambrico-lumo-13300,Mouse Inalambrico Lumo,Tecnología,335,4,3,true,0,0,1,4,1,100,2026-04-20,0,0,,A,"contenido diferencial — longitud, material y/o técnica presentes"
soporte-para-celular-pop-it-13320,Soporte Para Celular Pop it,Antiestrés,410,4,3,true,1,0,1,3,1,100,2026-04-20,1,0,7,A,"contenido diferencial — longitud, material y/o técnica presentes"
reloj-de-arena-doble-13333,Reloj de Arena Doble,Hogar,339,4,3,true,0,0,1,3,1,100,2026-04-20,1,0,12,A,"contenido diferencial — longitud, material y/o técnica presentes"
pastillero-radion-13332,Pastillero Radion,Cuidado Personal,384,4,4,true,1,0,1,1,1,100,2026-04-20,0,0,,A,"contenido diferencial — longitud, material y/o técnica presentes"
portadocumentos-de-viajes-y-de-cables-neox-rpet-13362,Portadocumentos de Viajes y de Cables Neox Rpet,Maletines,346,4,3,true,0,0,1,3,1,100,2026-04-20,0,0,,A,"contenido diferencial — longitud, material y/o técnica presentes"
cosmetiquera-terra-13500,Cosmetiquera Terra,Cuidado Personal,316,4,3,true,0,0,1,1,1,100,2026-04-21,0,0,,A,"contenido diferencial — longitud, material y/o técnica presentes"
mini-bolsa-en-algodon-100gms-13253,Mini Bolsa en Algodón 100gms,Maletines,400,4,3,true,1,0,1,4,1,100,2026-04-20,0,0,,A,"contenido diferencial — longitud, material y/o técnica presentes"
resaltadores-jeringa-13262,Resaltadores Jeringa,Artículos de Escritura,384,4,3,true,0,0,2,1,1,100,2026-04-20,0,0,,A,"contenido diferencial — longitud, material y/o técnica presentes"
portadocumentos-vintra-13308,Portadocumentos Vintra,Maletines,383,4,3,true,0,0,1,3,1,100,2026-04-20,0,0,,A,"contenido diferencial — longitud, material y/o técnica presentes"
boligrafo-scroll-13294,Boligrafo Scroll,Artículos de Escritura,420,4,3,true,0,1,0,4,1,100,2026-04-20,0,0,,A,"contenido diferencial — longitud, material y/o técnica presentes"
rastreador-airtag-boomtag-13210,Rastreador Airtag Boomtag,Tecnología,367,5,3,true,0,0,1,2,1,100,2026-04-20,0,0,,A,"contenido diferencial — longitud, material y/o técnica presentes"
rastreador-airtag-boomcard-13211,Rastreador Airtag Boomcard,Tecnología,332,4,3,true,0,0,1,1,1,100,2026-04-20,0,0,,A,"contenido diferencial — longitud, material y/o técnica presentes"
audifonos-bluetooth-anc-13212,Audifonos Bluetooth Anc,Tecnología,355,4,3,true,0,0,2,2,1,100,2026-04-20,0,0,,A,"contenido diferencial — longitud, material y/o técnica presentes"
speaker-bluetooth-beach-35-boompods-13213,Speaker Bluetooth Beach 35 Boompods,Tecnología,311,4,3,true,0,0,1,4,1,100,2026-04-20,4,1,6.5,A,"contenido diferencial — longitud, material y/o técnica presentes"
bbq-grill-soccer-cook-13202,Bbq Grill Soccer Cook,Hogar,368,4,3,true,1,0,1,4,1,100,2026-04-20,5,0,8.6,A,"contenido diferencial — longitud, material y/o técnica presentes"
masajeador-hyper-eco-13338,Masajeador Hyper Eco,Cuidado Personal,446,4,3,true,0,0,1,1,1,100,2026-04-20,0,0,,A,"contenido diferencial — longitud, material y/o técnica presentes"
abanico-en-madera-11142,Abanico en Madera,Variedades,475,4,3,true,1,1,3,4,1,100,2026-04-20,0,0,,A,"contenido diferencial — longitud, material y/o técnica presentes"
correa-para-mascota-10815,Correa Para Mascota,Variedades,387,4,3,true,0,0,1,3,1,100,2026-04-20,0,0,,A,"contenido diferencial — longitud, material y/o técnica presentes"
ventilador-niklas-10817,Ventilador Niklas,Variedades,350,4,3,true,0,0,2,2,1,100,2026-04-20,1,0,10,A,"contenido diferencial — longitud, material y/o técnica presentes"
set-de-12-colores-eco-kraft-10996,Set de 12 Colores Eco Kraft,Variedades,451,4,3,true,0,0,2,1,1,100,2026-04-20,0,0,,A,"contenido diferencial — longitud, material y/o técnica presentes"
set-de-12-colores-en-bolsa-10997,Set de 12 Colores en Bolsa,Variedades,425,4,3,true,0,0,1,1,1,100,2026-04-20,0,0,,A,"contenido diferencial — longitud, material y/o técnica presentes"
estuche-multiusos-en-silicona-summer-11085,Estuche Multiusos en Silicona Summer,Variedades,333,4,3,true,1,0,1,1,1,85,2026-04-20,0,0,,A,"contenido diferencial — longitud, material y/o técnica presentes"
mini-monedero-en-silicona-city-10906,Mini Monedero en Silicona City,Variedades,371,4,3,true,1,0,2,1,1,100,2026-04-20,0,0,,A,"contenido diferencial — longitud, material y/o técnica presentes"
identificador-de-maletas-nesus-10930,Identificador de Maletas Nesus,Variedades,341,4,3,true,2,0,2,2,1,100,2026-04-20,2,0,7,A,"contenido diferencial — longitud, material y/o técnica presentes"
juego-para-mascotas-10931,Juego Para Mascotas,Variedades,407,4,3,true,0,0,1,4,1,100,2026-04-20,0,0,,A,"contenido diferencial — longitud, material y/o técnica presentes"
gafas-bamboo-eco-10933,Gafas Bamboo Eco,Variedades,351,4,3,true,1,0,0,1,1,100,2026-04-20,0,0,,A,"contenido diferencial — longitud, material y/o técnica presentes"
poncho-en-bolsa-rpet-10936,Poncho en Bolsa Rpet,Variedades,353,4,3,true,1,0,1,1,1,100,2026-04-20,0,0,,A,"contenido diferencial — longitud, material y/o técnica presentes"
funda-portacelular-marathon-11118,Funda Portacelular Marathon,Variedades,364,4,3,true,0,0,0,3,1,100,2026-04-20,4,0,7.75,A,"contenido diferencial — longitud, material y/o técnica presentes"
alcancia-cork-11125,Alcancía Cork,Oficina,385,4,4,true,1,0,0,3,1,100,2026-04-20,1,0,10,A,"contenido diferencial — longitud, material y/o técnica presentes"
dispensador-de-bolsas-string-11127,Dispensador de Bolsas String,Variedades,474,4,3,true,0,0,1,1,1,100,2026-04-20,0,0,,A,"contenido diferencial — longitud, material y/o técnica presentes"
bola-antiestres-neon-67cm-10947,"Bola Antiestrés Neón 6,7cm",Variedades,348,4,3,true,0,0,1,4,1,100,2026-04-20,0,0,,A,"contenido diferencial — longitud, material y/o técnica presentes"
bowl-para-mascota-9813,Bowl Para Mascota,Variedades,331,4,3,true,3,0,0,1,1,100,2026-04-21,0,0,,A,"contenido diferencial — longitud, material y/o técnica presentes"
protector-solar-para-carro-1442,Protector Solar Para Carro,Automóvil,378,4,3,true,0,0,1,1,1,100,2026-04-20,5,0,13.6,A,"contenido diferencial — longitud, material y/o técnica presentes"
banderitas-magic-index-722,Banderitas Magic Index,Oficina,306,4,3,true,0,0,1,1,1,100,2026-04-21,0,0,,A,"contenido diferencial — longitud, material y/o técnica presentes"
banderitas-magic-index-ii-2576,Banderitas Magic Index ii,Oficina,280,4,3,true,0,0,1,1,1,100,2026-04-21,0,0,,A,"contenido diferencial — longitud, material y/o técnica presentes"
tapa-chupo-para-va-160-mu-53-mu-07-6310,Tapa Chupo Para Va-160 / Mu-53 / Mu-07,Producción Nacional,322,4,3,true,0,0,0,4,1,100,2026-04-21,0,0,,A,"contenido diferencial — longitud, material y/o técnica presentes"
identificador-de-maletas-flat-7296,Identificador de Maletas Flat,Variedades,336,4,3,true,0,0,1,2,1,100,2026-04-20,0,0,,A,"contenido diferencial — longitud, material y/o técnica presentes"
aspiradora-para-carro-7410,Aspiradora Para Carro,Automóvil,329,4,3,true,0,0,0,1,1,100,2026-04-21,0,0,,A,"contenido diferencial — longitud, material y/o técnica presentes"
alcancia-house-8154,Alcancia House,Variedades,336,4,3,true,0,0,1,1,1,100,2026-04-20,0,0,,A,"contenido diferencial — longitud, material y/o técnica presentes"
bolsa-plegable-market-8192,Bolsa Plegable Market,Maletines,448,4,3,true,0,0,1,4,1,100,2026-04-20,0,0,,A,"contenido diferencial — longitud, material y/o técnica presentes"
bolsa-en-cambrel-multiusos-vita-prod-nacional-9364,Bolsa en Cambrel Multiusos Vita - Prod Nacional,Automóvil,335,4,3,true,0,0,1,4,1,100,2026-04-20,1,0,9,A,"contenido diferencial — longitud, material y/o técnica presentes"
monedero-en-silicona-backpack-9086,Monedero en Silicona Backpack,Variedades,365,4,3,true,1,0,1,3,1,100,2026-04-20,0,0,,A,"contenido diferencial — longitud, material y/o técnica presentes"
cojin-de-viaje-triple-uso-produccion-nacional-9333,Cojín de Viaje Triple Uso - Produccion Nacional,Automóvil,378,4,3,true,0,0,2,3,1,100,2026-04-20,0,0,,A,"contenido diferencial — longitud, material y/o técnica presentes"
bolsa-en-algodon-corcho-135gr-9103,Bolsa en Algodón Corcho (135gr),Maletines,500,4,3,true,1,0,1,4,1,100,2026-04-20,1,0,13,A,"contenido diferencial — longitud, material y/o técnica presentes"
bolsa-plegable-sunday-9216,Bolsa Plegable Sunday,Maletines,373,4,3,true,1,0,1,1,1,100,2026-04-20,0,0,,A,"contenido diferencial — longitud, material y/o técnica presentes"
yoga-mat-9609,Yoga Mat,Hogar,344,4,3,true,0,0,1,1,1,100,2026-04-20,4,0,14,A,"contenido diferencial — longitud, material y/o técnica presentes"
alcancia-piggy-con-portacelular-9661,Alcancia Piggy Con Portacelular,Variedades,366,4,3,true,0,0,1,1,1,100,2026-04-20,0,0,,A,"contenido diferencial — longitud, material y/o técnica presentes"
cuerpo-plastico-para-abanico-tela-impresa-prod-nal-9439,Cuerpo Plastico Para Abanico (tela Impresa Prod Nal),Producción Nacional,336,4,3,true,1,0,1,4,1,100,2026-04-21,1,0,2,A,"contenido diferencial — longitud, material y/o técnica presentes"
carrito-shopping-bag-zipper-9867,Carrito Shopping Bag Zipper,Maletines,316,4,3,true,0,0,0,3,1,100,2026-04-21,1,0,9,A,"contenido diferencial — longitud, material y/o técnica presentes"
identificador-de-maletas-cork-10357,Identificador de Maletas Cork,Maletines,371,4,3,true,0,0,1,1,1,100,2026-04-20,0,0,,A,"contenido diferencial — longitud, material y/o técnica presentes"
identificador-de-maletas-murdock-10541,Identificador de Maletas Murdock,Maletines,349,4,3,true,0,0,1,3,1,100,2026-04-20,0,0,,A,"contenido diferencial — longitud, material y/o técnica presentes"
portatarjetas-myles-rpet-10445,Portatarjetas Myles Rpet,Maletines,343,4,3,true,1,0,2,3,1,100,2026-04-20,0,0,,A,"contenido diferencial — longitud, material y/o técnica presentes"
morral-backpack-limit-10488,Morral Backpack Límit,Maletines,361,5,4,true,1,0,1,3,1,100,2026-04-20,1,0,7,A,"contenido diferencial — longitud, material y/o técnica presentes"
bolsa-en-algodon-botanik-135gr-7533,Bolsa en Algodón Botanik (135gr),Maletines,316,4,3,true,1,1,0,1,1,100,2026-04-21,0,0,,A,"contenido diferencial — longitud, material y/o técnica presentes"
dispensador-de-bolsas-bone-13179,Dispensador de Bolsas Bone,Variedades,360,4,3,true,1,0,0,1,1,100,2026-04-22,0,0,,A,"contenido diferencial — longitud, material y/o técnica presentes"
soporte-para-moviles-y-tablets-bamboo-13182,Soporte Para Móviles y Tablets Bamboo,Variedades,306,4,3,true,0,0,0,1,1,100,2026-04-21,0,0,,A,"contenido diferencial — longitud, material y/o técnica presentes"
cepillo-con-espejo-ulys-11123,Cepillo Con Espejo Ulys,Cuidado Personal,393,4,3,true,0,0,2,1,1,100,2026-04-20,0,0,,A,"contenido diferencial — longitud, material y/o técnica presentes"
set-de-portavasos-cork-10969,Set de Portavasos Cork,Hogar,327,4,3,true,0,0,0,1,1,100,2026-04-20,0,0,,A,"contenido diferencial — longitud, material y/o técnica presentes"
portacomidas-attila-10818,Portacomidas Attila,Hogar,352,4,4,true,0,0,1,1,1,100,2026-04-20,0,0,,A,"contenido diferencial — longitud, material y/o técnica presentes"
set-de-cubiertos-dimitri-10822,Set de Cubiertos Dimitri,Hogar,366,4,3,true,1,0,1,1,1,100,2026-04-20,0,0,,A,"contenido diferencial — longitud, material y/o técnica presentes"
set-de-fondue-petra-10990,Set de Fondue Petra,Hogar,386,4,3,true,0,0,1,1,1,100,2026-04-20,0,0,,A,"contenido diferencial — longitud, material y/o técnica presentes"
set-de-fondue-queralt-10991,Set de Fondue Queralt,Hogar,494,4,3,true,0,0,2,2,1,100,2026-04-20,1,0,12,A,"contenido diferencial — longitud, material y/o técnica presentes"
portacomidas-albus-eco-11030,Portacomidas Albus Eco,Hogar,371,4,3,true,2,0,2,4,1,100,2026-04-20,0,0,,A,"contenido diferencial — longitud, material y/o técnica presentes"
set-de-queso-annika-11056,Set de Queso Annika,Hogar,341,4,3,true,0,0,0,1,1,100,2026-04-21,0,0,,A,"contenido diferencial — longitud, material y/o técnica presentes"
reloj-de-arena-skai-eco-11062,Reloj de Arena Skai Eco,Hogar,473,4,3,true,1,0,2,1,1,100,2026-04-20,0,0,,A,"contenido diferencial — longitud, material y/o técnica presentes"
set-de-queso-beret-10896,Set de Queso Beret,Hogar,353,4,3,true,2,0,1,1,1,100,2026-04-20,0,0,,A,"contenido diferencial — longitud, material y/o técnica presentes"
molde-de-hielo-nook-10907,Molde de Hielo Nook,Hogar,411,4,4,true,1,0,2,1,1,100,2026-04-20,0,0,,A,"contenido diferencial — longitud, material y/o técnica presentes"
portaliquido-metalico-chunky-420ml-11093,Portalíquido Metálico Chunky 420ml,Hogar,424,4,3,true,1,0,1,1,1,100,2026-04-20,0,0,,A,"contenido diferencial — longitud, material y/o técnica presentes"
set-de-cubiertos-en-acero-11096,Set de Cubiertos en Acero,Hogar,426,4,3,true,1,0,2,1,1,100,2026-04-20,2,1,7,A,"contenido diferencial — longitud, material y/o técnica presentes"
portacomidas-anton-eco-11097,Portacomidas Anton Eco,Hogar,410,4,3,true,0,0,1,1,1,100,2026-04-20,0,0,,A,"contenido diferencial — longitud, material y/o técnica presentes"
cobija-spark-10937,Cobija Spark,Hogar,379,4,4,true,0,0,1,1,1,100,2026-04-20,0,0,,A,"contenido diferencial — longitud, material y/o técnica presentes"
mezclador-coffee-mixer-10946,Mezclador Coffee Mixer,Hogar,380,4,3,true,0,0,1,3,1,100,2026-04-20,3,1,6,A,"contenido diferencial — longitud, material y/o técnica presentes"
portacomidas-lagoon-10887,Portacomidas Lagoon,Hogar,324,4,3,true,0,0,1,1,1,100,2026-04-21,0,0,,A,"contenido diferencial — longitud, material y/o técnica presentes"
mezclador-en-madera-10912,Mezclador en Madera,Hogar,286,4,3,true,1,0,0,0,1,100,2026-04-21,0,0,,A,"contenido diferencial — longitud, material y/o técnica presentes"
mug-metalico-con-prensa-francesa-450ml-10824,Mug Metálico Con Prensa Francesa 450ml,Hogar,431,4,3,true,1,0,2,3,1,100,2026-04-20,0,0,,A,"contenido diferencial — longitud, material y/o técnica presentes"
llavero-destapador-campello-4808,Llavero Destapador Campello,Bar y Vino,308,4,3,true,1,0,1,1,1,100,2026-04-21,5,0,4.8,A,"contenido diferencial — longitud, material y/o técnica presentes"
speaker-bluetooth-plant-10555,Speaker Bluetooth Plant,Tecnología,319,4,3,true,0,0,1,1,1,100,2026-04-22,0,0,,A,"contenido diferencial — longitud, material y/o técnica presentes"
boligrafo-kord-bamboo-10841,Bolígrafo Kord Bamboo,Oficina,261,4,3,true,2,0,1,1,1,100,2026-04-22,0,0,,A,"contenido diferencial — longitud, material y/o técnica presentes"
lapiz-rojo-check-para-contabilidad-11000,Lápiz Rojo Check (para Contabilidad),Oficina,352,4,3,true,1,0,1,1,1,100,2026-04-22,7,0,8.14,A,"contenido diferencial — longitud, material y/o técnica presentes"
set-resaltador-fingers-ii-eco-10720,Set Resaltador Fingers ii Eco,Oficina,335,4,3,true,0,0,0,1,1,100,2026-04-22,0,0,,A,"contenido diferencial — longitud, material y/o técnica presentes"
resaltador-raff-rpet-ii-11048,Resaltador Raff Rpet ii,Oficina,297,4,3,true,1,0,1,0,1,100,2026-04-22,0,0,,A,"contenido diferencial — longitud, material y/o técnica presentes"
set-de-clips-cork-10383,Set de Clips Cork,Oficina,259,4,3,true,1,0,0,1,1,100,2026-04-22,0,0,,A,"contenido diferencial — longitud, material y/o técnica presentes"
planeador-semanal-cartoon-10345,Planeador Semanal Cartoon,Oficina,292,4,3,true,0,0,0,1,1,100,2026-04-22,0,0,,A,"contenido diferencial — longitud, material y/o técnica presentes"
cordon-portacelular-chili-10520,Cordón Portacelular Chili,Oficina,357,4,3,true,0,0,1,1,1,100,2026-04-22,0,0,,A,"contenido diferencial — longitud, material y/o técnica presentes"
libreta-plastica-klio-60-hojas-10559,Libreta Plástica Klio 60 Hojas,Oficina,359,4,3,true,0,0,1,3,1,100,2026-04-22,0,0,,A,"contenido diferencial — longitud, material y/o técnica presentes"
libreta-attis-80-hojas-10561,Libreta Attis 80 Hojas,Oficina,319,4,3,true,0,0,1,1,1,100,2026-04-20,0,0,,A,"contenido diferencial — longitud, material y/o técnica presentes"
libreta-mouse-pad-80-hojas-10375,Libreta Mouse Pad 80 Hojas,Oficina,306,4,3,true,0,0,0,1,1,100,2026-04-22,0,0,,A,"contenido diferencial — longitud, material y/o técnica presentes"
libreta-narnia-80-hojas-10580,Libreta Narnia 80 Hojas,Oficina,319,4,3,true,0,0,1,0,1,100,2026-04-22,0,0,,A,"contenido diferencial — longitud, material y/o técnica presentes"
carpeta-folder-flap-10329,Carpeta Folder Flap,Oficina,319,4,3,true,0,0,0,1,1,100,2026-04-22,0,0,,A,"contenido diferencial — longitud, material y/o técnica presentes"
libreta-everest-rpet-80-hojas-10331,Libreta Everest Rpet 80 Hojas,Oficina,296,4,3,true,1,0,1,1,1,100,2026-04-22,0,0,,A,"contenido diferencial — longitud, material y/o técnica presentes"
libreta-multifuncional-rpet-bamboo-urban-business-10792,Libreta Multifuncional Rpet Bamboo Urban Business,Oficina,351,4,3,true,1,0,0,0,1,100,2026-04-22,0,0,,A,"contenido diferencial — longitud, material y/o técnica presentes"
carpeta-folder-velvet-rpet-10793,Carpeta Folder Velvet Rpet,Oficina,305,4,3,true,1,1,1,0,1,100,2026-04-22,0,0,,A,"contenido diferencial — longitud, material y/o técnica presentes"
libreta-velvet-rpet-10794,Libreta Velvet Rpet,Oficina,281,4,3,true,1,0,1,1,1,100,2026-04-22,0,0,,A,"contenido diferencial — longitud, material y/o técnica presentes"
resaltador-relaxy-10838,Resaltador Relaxy,Oficina,296,4,3,true,0,0,1,1,1,100,2026-04-22,0,0,,A,"contenido diferencial — longitud, material y/o técnica presentes"
portaboligrafos-konstantin-bamboo-10986,Portabolígrafos Konstantin Bamboo,Oficina,333,4,3,true,1,0,1,2,1,100,2026-04-20,0,0,,A,"contenido diferencial — longitud, material y/o técnica presentes"
calendario-perpetuo-loic-bamboo-10987,Calendario Perpetuo Loic Bamboo,Oficina,260,4,3,true,0,0,0,0,1,100,2026-04-22,0,0,,A,"contenido diferencial — longitud, material y/o técnica presentes"
set-romain-urban-business-10992,Set Romain Urban Business,Oficina,342,4,3,true,0,0,0,1,1,100,2026-04-22,0,0,,A,"contenido diferencial — longitud, material y/o técnica presentes"
libreta-saskia-urban-business-10994,Libreta Saskia Urban Business,Oficina,351,4,3,true,0,0,1,0,1,100,2026-04-22,0,0,,A,"contenido diferencial — longitud, material y/o técnica presentes"
borrador-school-10999,Borrador School,Oficina,342,4,3,true,0,0,1,0,1,100,2026-04-22,0,0,,A,"contenido diferencial — longitud, material y/o técnica presentes"
set-cyrus-eco-11006,Set Cyrus Eco,Oficina,357,4,3,true,0,0,1,1,1,100,2026-04-22,2,0,11,A,"contenido diferencial — longitud, material y/o técnica presentes"
set-de-escritorio-lynx-eco-11011,Set de Escritorio Lynx Eco,Oficina,364,4,3,true,0,0,1,2,1,100,2026-04-22,0,0,,A,"contenido diferencial — longitud, material y/o técnica presentes"
set-de-resaltadores-perseus-11016,Set de Resaltadores Perseus,Oficina,312,4,3,true,0,0,1,1,1,100,2026-04-22,1,0,10,A,"contenido diferencial — longitud, material y/o técnica presentes"
set-de-reglas-metalicas-11021,Set de Reglas Metálicas,Oficina,318,4,3,true,1,0,1,1,1,100,2026-04-22,0,0,,A,"contenido diferencial — longitud, material y/o técnica presentes"
resaltador-round-eco-11029,Resaltador Round Eco,Oficina,348,4,3,true,0,0,1,1,1,100,2026-04-22,0,0,,A,"contenido diferencial — longitud, material y/o técnica presentes"
libreta-bamboo-eco-cover-11032,Libreta Bamboo Eco Cover,Oficina,461,4,3,true,1,0,1,3,1,100,2026-04-20,0,0,,A,"contenido diferencial — longitud, material y/o técnica presentes"
set-aquarius-10783,Set Aquarius,Oficina,321,4,3,true,0,0,0,1,1,100,2026-04-22,0,0,,A,"contenido diferencial — longitud, material y/o técnica presentes"
libreta-albus-10784,Libreta Albus,Oficina,313,4,3,true,0,0,1,1,1,100,2026-04-22,0,0,,A,"contenido diferencial — longitud, material y/o técnica presentes"
regla-con-aluminio-30cm-11051,Regla Con Aluminio 30cm,Oficina,375,4,3,true,0,0,1,1,1,100,2026-04-22,0,0,,A,"contenido diferencial — longitud, material y/o técnica presentes"
libreta-folke-eco-11060,Libreta Folke Eco,Oficina,335,4,3,true,1,0,1,3,1,100,2026-04-20,0,0,,A,"contenido diferencial — longitud, material y/o técnica presentes"
set-carlson-eco-11064,Set Carlson Eco,Oficina,346,4,3,true,0,0,0,1,1,100,2026-04-22,0,0,,A,"contenido diferencial — longitud, material y/o técnica presentes"
libreta-hakan-eco-11065,Libreta Hakan Eco,Oficina,283,4,3,true,0,0,0,1,1,100,2026-04-22,0,0,,A,"contenido diferencial — longitud, material y/o técnica presentes"
set-de-escritorio-rolf-eco-11071,Set de Escritorio Rolf Eco,Oficina,440,4,4,true,1,0,0,4,1,100,2026-04-20,0,0,,A,"contenido diferencial — longitud, material y/o técnica presentes"
set-flok-urban-business-10901,Set Flok Urban Business,Oficina,353,4,3,true,0,0,1,3,1,100,2026-04-20,3,1,3.33,A,"contenido diferencial — longitud, material y/o técnica presentes"
set-henrik-urban-business-10902,Set Henrik Urban Business,Oficina,354,4,3,true,0,0,0,1,1,100,2026-04-22,0,0,,A,"contenido diferencial — longitud, material y/o técnica presentes"
libreta-klaus-urban-business-10903,Libreta Klaus Urban Business,Oficina,337,4,3,true,1,1,0,0,1,100,2026-04-22,0,0,,A,"contenido diferencial — longitud, material y/o técnica presentes"
memo-stickies-house-10881,Memo Stickies House,Oficina,347,4,3,true,0,0,0,1,1,100,2026-04-22,0,0,,A,"contenido diferencial — longitud, material y/o técnica presentes"
libreta-astralis-rpet-11094,Libreta Astralis Rpet,Oficina,315,4,3,true,1,0,1,3,1,100,2026-04-22,0,0,,A,"contenido diferencial — longitud, material y/o técnica presentes"
pila-recargable-goliath-5000mah-10639,Pila Recargable Goliath 5000mah,Tecnología,340,4,3,true,0,1,0,1,1,100,2026-04-22,2,0,8.5,A,"contenido diferencial — longitud, material y/o técnica presentes"
mouse-pad-rpet-urban-business-10790,Mouse Pad Rpet Urban Business,Oficina,373,4,3,true,1,0,1,1,1,100,2026-04-22,2,0,2,A,"contenido diferencial — longitud, material y/o técnica presentes"
puerto-usb-orion-eco-11014,Puerto Usb Orion Eco,Tecnología,362,4,3,true,0,0,1,1,1,100,2026-04-22,0,0,,A,"contenido diferencial — longitud, material y/o técnica presentes"
mouse-pad-organizer-eco-11015,Mouse Pad Organizer Eco,Tecnología,332,4,3,true,1,0,1,1,1,100,2026-04-22,0,0,,A,"contenido diferencial — longitud, material y/o técnica presentes"
set-de-mouse-pad-y-mouse-11018,Set de Mouse Pad y Mouse,Tecnología,342,4,3,true,0,0,1,3,1,100,2026-04-20,0,0,,A,"contenido diferencial — longitud, material y/o técnica presentes"
cargador-inalambrico-sabik-eco-11020,Cargador Inalámbrico Sabik Eco,Tecnología,286,4,3,true,0,0,0,1,1,100,2026-04-22,1,0,5,A,"contenido diferencial — longitud, material y/o técnica presentes"
organizador-de-cables-flex-11028,Organizador de Cables Flex,Tecnología,438,4,3,true,0,0,1,3,1,100,2026-04-20,1,0,11,A,"contenido diferencial — longitud, material y/o técnica presentes"
mouse-pad-cork-10394,Mouse Pad Cork,Oficina,325,4,3,true,0,1,1,1,1,100,2026-04-22,0,0,,A,"contenido diferencial — longitud, material y/o técnica presentes"
estacion-de-trabajo-rpet-urban-business-10796,Estación de Trabajo Rpet Urban Business,Oficina,354,4,3,true,1,0,1,1,1,100,2026-04-22,2,0,4.5,A,"contenido diferencial — longitud, material y/o técnica presentes"
boligrafo-ventura-clean-set-10840,Bolígrafo Ventura Clean Set,Oficina,347,5,3,true,1,0,1,3,1,100,2026-04-20,0,0,,A,"contenido diferencial — longitud, material y/o técnica presentes"
set-harley-10107,Set Harley,Artículos de Escritura,448,4,3,true,1,2,1,4,1,100,2026-04-20,0,0,,A,"contenido diferencial — longitud, material y/o técnica presentes"
resaltador-raff-rpet-10109,Resaltador Raff Rpet,Artículos de Escritura,339,4,3,true,1,0,2,1,1,100,2026-04-22,0,0,,A,"contenido diferencial — longitud, material y/o técnica presentes"
libreta-scorpius-rpet-10271,Libreta Scorpius Rpet,Oficina,446,4,3,true,0,0,1,4,1,100,2026-04-20,0,0,,A,"contenido diferencial — longitud, material y/o técnica presentes"
libreta-atlas-rpet-10272,Libreta Atlas Rpet,Tecnología,423,4,4,true,1,0,1,4,1,100,2026-04-20,0,0,,A,"contenido diferencial — longitud, material y/o técnica presentes"
lacol-cubre-camara-9896,Lacol Cubre Camara,Tecnología,395,4,3,true,0,0,1,1,1,100,2026-04-20,0,0,,A,"contenido diferencial — longitud, material y/o técnica presentes"
mouse-pad-minet-9900,Mouse Pad Minet,Oficina,458,4,3,true,0,0,1,4,1,100,2026-04-20,1,0,7,A,"contenido diferencial — longitud, material y/o técnica presentes"
mini-libreta-duo-produccion-nacional-ver-ref-bolian-6051,Mini Libreta Duo - Producción Nacional (ver Ref Bolian),Producción Nacional,389,4,3,true,0,0,2,2,1,100,2026-04-20,0,0,,A,"contenido diferencial — longitud, material y/o técnica presentes"
set-de-resaltadores-de-cera-trio-6524,Set de Resaltadores de Cera Trio,Artículos de Escritura,373,4,4,true,0,0,1,4,1,100,2026-04-20,0,0,,A,"contenido diferencial — longitud, material y/o técnica presentes"
resaltador-magico-en-cera-mega-5152,Resaltador Mágico en Cera Mega,Artículos de Escritura,393,4,3,true,0,0,1,4,1,100,2026-04-20,1,0,11,A,"contenido diferencial — longitud, material y/o técnica presentes"
estuche-para-resaltador-magico-mega-5154,Estuche Para Resaltador Mágico Mega,Artículos de Escritura,358,4,3,true,0,0,0,1,1,100,2026-04-22,0,0,,A,"contenido diferencial — longitud, material y/o técnica presentes"
set-mini-resaltador-de-tinta-6594,Set Mini Resaltador de Tinta,Artículos de Escritura,469,4,3,true,0,0,1,3,1,100,2026-04-20,0,0,,A,"contenido diferencial — longitud, material y/o técnica presentes"
estuche-rectangular-para-of-376-5886,Estuche Rectangular Para Of-376,Artículos de Escritura,358,4,3,true,0,0,0,3,1,100,2026-04-20,1,0,20,A,"contenido diferencial — longitud, material y/o técnica presentes"
estuche-jar-para-of-376-y-of-19-5885,Estuche Jar Para Of-376 y Of-19,Artículos de Escritura,436,4,3,true,0,0,2,1,1,100,2026-04-20,0,0,,A,"contenido diferencial — longitud, material y/o técnica presentes"
set-resaltador-fingers-6707,Set Resaltador Fingers,Artículos de Escritura,461,4,3,true,0,0,1,4,1,100,2026-04-20,3,0,8,A,"contenido diferencial — longitud, material y/o técnica presentes"
marcador-borrable-3999,Marcador Borrable,Oficina,340,4,3,true,0,1,0,1,1,100,2026-04-22,2,0,47,A,"contenido diferencial — longitud, material y/o técnica presentes"
estuche-para-4-resaltadores-en-cera-adam-7493,Estuche Para 4 Resaltadores en Cera Adam,Artículos de Escritura,354,4,3,true,0,1,1,0,1,100,2026-04-22,0,0,,A,"contenido diferencial — longitud, material y/o técnica presentes"
libreta-newton-7485,Libreta Newton,Oficina,325,4,3,true,0,0,1,1,1,100,2026-04-22,0,0,,A,"contenido diferencial — longitud, material y/o técnica presentes"
mini-libreta-soker-7748,Mini Libreta Soker,Oficina,336,4,3,true,0,0,1,0,1,100,2026-04-22,0,0,,A,"contenido diferencial — longitud, material y/o técnica presentes"
libreta-cedric-oferta-8474,Libreta Cedric - Oferta,Oficina,326,4,3,true,0,0,1,4,1,100,2026-04-20,0,0,,A,"contenido diferencial — longitud, material y/o técnica presentes"
mini-libreta-niccolo-8640,Mini Libreta Níccolo,Oficina,347,4,3,true,0,0,1,1,1,100,2026-04-22,0,0,,A,"contenido diferencial — longitud, material y/o técnica presentes"
mini-libreta-neon-ii-8739,Mini Libreta Neón ii,Oficina,394,4,3,true,1,0,2,4,1,100,2026-04-20,0,0,,A,"contenido diferencial — longitud, material y/o técnica presentes"
estuche-metalico-avalon-8400,Estuche Metalico Avalon,Oficina,348,4,3,true,2,1,0,1,1,100,2026-04-22,0,0,,A,"contenido diferencial — longitud, material y/o técnica presentes"
libreta-british-9041,Libreta British,Oficina,337,4,3,true,0,0,1,4,1,100,2026-04-20,1,0,5,A,"contenido diferencial — longitud, material y/o técnica presentes"
libreta-zipper-oferta-9062,Libreta Zipper Oferta,Oficina,364,4,3,true,0,0,1,4,1,100,2026-04-20,0,0,,A,"contenido diferencial — longitud, material y/o técnica presentes"
buckingham-roller-9360,Buckingham Roller,Artículos de Escritura,370,4,3,true,0,0,1,1,1,100,2026-04-20,0,0,,A,"contenido diferencial — longitud, material y/o técnica presentes"
cargador-inalambrico-portadocumentos-8908,Cargador Inalámbrico Portadocumentos,Tecnología,366,4,3,true,0,0,0,3,1,100,2026-04-20,0,0,,A,"contenido diferencial — longitud, material y/o técnica presentes"
mouse-inalambrico-9105,Mouse Inalambrico,Tecnología,358,4,3,true,0,0,0,3,1,100,2026-04-20,0,0,,A,"contenido diferencial — longitud, material y/o técnica presentes"
calentador-de-mugs-usb-9328,Calentador de Mugs Usb,Tecnología,324,4,3,true,0,0,1,1,1,100,2026-04-22,0,0,,A,"contenido diferencial — longitud, material y/o técnica presentes"
maui-9248,Maui,Artículos de Escritura,400,4,3,true,0,0,1,4,1,100,2026-04-20,0,0,,A,"contenido diferencial — longitud, material y/o técnica presentes"
soporte-metalico-para-portatil-aluminium-ii-9868,Soporte Metálico Para Portátil Aluminium ii,Tecnología,452,4,4,true,1,0,1,3,1,100,2026-04-20,0,0,,A,"contenido diferencial — longitud, material y/o técnica presentes"
buckingham-boligrafo-9881,Buckingham Bolígrafo,Artículos de Escritura,375,4,3,true,1,0,2,3,1,100,2026-04-20,0,0,,A,"contenido diferencial — longitud, material y/o técnica presentes"
cargador-inalambrico-para-moviles-flat-10w-9940,Cargador Inalámbrico Para Móviles Flat 10w,Tecnología,346,4,3,true,2,1,0,2,1,100,2026-04-22,0,0,,A,"contenido diferencial — longitud, material y/o técnica presentes"
libreta-igor-100-hojas-10198,Libreta Igor 100 Hojas,Oficina,343,4,3,true,0,0,0,1,1,100,2026-04-22,0,0,,A,"contenido diferencial — longitud, material y/o técnica presentes"
mini-libreta-sevilla-100-hojas-10199,Mini Libreta Sevilla 100 Hojas,Oficina,361,4,3,true,0,0,1,1,1,100,2026-04-22,0,0,,A,"contenido diferencial — longitud, material y/o técnica presentes"
carpeta-folder-con-cargador-inalambrico-grimm-10115,Carpeta Folder Con Cargador Inalámbrico Grimm,Tecnología,360,4,3,true,0,0,2,1,1,100,2026-04-20,1,0,6,A,"contenido diferencial — longitud, material y/o técnica presentes"
libreta-multifuncional-cargador-inalambrico-grimm-10117,Libreta Multifuncional Cargador Inalámbrico Grimm,Tecnología,316,4,3,true,0,0,0,1,1,100,2026-04-22,4,0,6.75,A,"contenido diferencial — longitud, material y/o técnica presentes"
cargador-inalambrico-emmett-10128,Cargador Inalámbrico Emmett,Tecnología,400,4,3,true,0,0,1,3,1,100,2026-04-20,0,0,,A,"contenido diferencial — longitud, material y/o técnica presentes"
soporte-metalico-premium-10131,Soporte Metálico Premium,Tecnología,338,4,3,true,1,0,0,2,1,100,2026-04-22,0,0,,A,"contenido diferencial — longitud, material y/o técnica presentes"
soporte-para-moviles-strike-produccion-nacional-10282,Soporte Para Móviles Strike Producción Nacional,Producción Nacional,336,4,3,true,0,0,1,2,1,100,2026-04-20,3,0,7,A,"contenido diferencial — longitud, material y/o técnica presentes"
soporte-para-moviles-handy-7550,Soporte Para Moviles Handy,Tecnología,372,4,3,true,0,1,1,1,1,100,2026-04-22,0,0,,A,"contenido diferencial — longitud, material y/o técnica presentes"
portatarjetas-en-silicona-con-soporte-9377,Portatarjetas en Silicona Con Soporte,Tecnología,349,4,3,true,1,0,1,1,1,100,2026-04-22,0,0,,A,"contenido diferencial — longitud, material y/o técnica presentes"
portatarjetas-en-silicona-magnet-9378,Portatarjetas en Silicona Magnet,Tecnología,350,4,3,true,1,0,1,4,1,100,2026-04-20,0,0,,A,"contenido diferencial — longitud, material y/o técnica presentes"
cargador-inalambrico-credit-card-oferta-9572,Cargador Inalambrico Credit Card - Oferta,Tecnología,377,4,3,true,0,0,1,3,1,100,2026-04-20,0,0,,A,"contenido diferencial — longitud, material y/o técnica presentes"
soporte-plastico-para-portatil-ii-10280,Soporte Plástico Para Portátil ii,Tecnología,314,4,3,true,1,0,1,4,1,100,2026-04-22,0,0,,A,"contenido diferencial — longitud, material y/o técnica presentes"
cable-multicargador-bamboo-9794,Cable Multicargador Bamboo,Ecología,272,4,3,true,2,0,1,1,1,100,2026-04-22,0,0,,A,"contenido diferencial — longitud, material y/o técnica presentes"
mouse-pad-con-cargador-inalambrico-mylo-9806,Mouse Pad Con Cargador Inalámbrico Mylo,Tecnología,351,4,3,true,0,0,2,3,1,100,2026-04-20,0,0,,A,"contenido diferencial — longitud, material y/o técnica presentes"
portatarjetas-becam-9894,Portatarjetas Becam,Tecnología,418,4,3,true,0,0,1,3,1,100,2026-04-20,0,0,,A,"contenido diferencial — longitud, material y/o técnica presentes"
portatarjetas-en-lycra-9910,Portatarjetas en Lycra,Tecnología,358,4,3,true,0,0,0,2,1,85,2026-04-22,0,0,,A,"contenido diferencial — longitud, material y/o técnica presentes"
puerto-usb-gyro-oferta-9977,Puerto Usb Gyro Oferta,Tecnología,344,4,3,true,0,0,1,1,1,100,2026-04-22,0,0,,A,"contenido diferencial — longitud, material y/o técnica presentes"
cargador-inalambrico-collin-10136,Cargador Inalámbrico Collin,Ecología,353,4,3,true,0,0,1,2,2,100,2026-04-22,1,0,3,A,"contenido diferencial — longitud, material y/o técnica presentes"
soporte-para-moviles-miller-10140,Soporte Para Móviles Miller,Tecnología,340,4,3,true,0,0,1,1,1,100,2026-04-22,0,0,,A,"contenido diferencial — longitud, material y/o técnica presentes"
portatarjetas-adhesivo-con-boligrafo-oferta-10146,Portatarjetas Adhesivo Con Bolígrafo - Oferta,Artículos de Escritura,348,4,3,true,0,0,0,1,1,100,2026-04-22,0,0,,A,"contenido diferencial — longitud, material y/o técnica presentes"
audifonos-bluetooth-polka-oferta-10147,Audífonos Bluetooth Polka Oferta,Tecnología,339,4,3,true,0,0,1,1,1,100,2026-04-22,0,0,,A,"contenido diferencial — longitud, material y/o técnica presentes"
gemini-roller-10304,Gemini Roller,Artículos de Escritura,397,4,3,true,0,0,1,4,1,100,2026-04-20,1,0,2,A,"contenido diferencial — longitud, material y/o técnica presentes"
organizador-de-escritorio-3-1-rpet-10493,Organizador de Escritorio 3-1 Rpet,Tecnología,465,4,3,true,1,0,2,4,1,100,2026-04-20,0,0,,A,"contenido diferencial — longitud, material y/o técnica presentes"
cubre-camara-eco-clip-10486,Cubre Cámara Eco Clip,Tecnología,388,4,3,true,0,0,0,1,1,100,2026-04-20,0,0,,A,"contenido diferencial — longitud, material y/o técnica presentes"
puerto-usb-bamboo-spirit-10311,Puerto Usb Bamboo Spirit,Tecnología,405,4,4,true,1,0,1,1,1,100,2026-04-20,0,0,,A,"contenido diferencial — longitud, material y/o técnica presentes"
soporte-para-moviles-deluxe-10527,Soporte Para Móviles Deluxe,Tecnología,387,4,4,true,0,0,0,3,1,100,2026-04-20,0,0,,A,"contenido diferencial — longitud, material y/o técnica presentes"
soporte-para-moviles-gyro-10526,Soporte Para Móviles Gyro,Tecnología,392,4,3,true,0,0,1,3,1,100,2026-04-20,0,0,,A,"contenido diferencial — longitud, material y/o técnica presentes"
set-de-libreta-y-boligrafo-2-1-rpet-10330,Set de Libreta y Bolígrafo 2-1 Rpet,Oficina,349,4,3,true,1,0,0,1,1,100,2026-04-22,0,0,,A,"contenido diferencial — longitud, material y/o técnica presentes"
portaidentificador-de-carnet-con-metro-10624,Portaidentificador de Carnet Con Metro,Herramientas,340,4,3,true,0,0,0,2,1,100,2026-04-20,0,0,,A,"contenido diferencial — longitud, material y/o técnica presentes"
audifonos-bluetooth-vibe-boompods-10883,Audífonos Bluetooth Vibe Boompods,Tecnología,395,4,3,true,0,0,2,1,1,100,2026-04-20,0,0,,A,"contenido diferencial — longitud, material y/o técnica presentes"
audifonos-bluetooth-sportpods-boompods-10884,Audífonos Bluetooth Sportpods Boompods,Tecnología,320,4,3,true,0,0,1,2,1,100,2026-04-22,1,0,17,A,"contenido diferencial — longitud, material y/o técnica presentes"
speaker-bluetooth-beach-boompods-10885,Speaker Bluetooth Beach Boompods,Tecnología,342,4,3,true,0,0,1,2,1,100,2026-04-22,0,0,,A,"contenido diferencial — longitud, material y/o técnica presentes"
reloj-inteligente-korbin-plus-10353,Reloj Inteligente Korbin Plus,Cuidado Personal,429,4,3,true,0,0,0,1,1,100,2026-04-20,0,0,,A,"contenido diferencial — longitud, material y/o técnica presentes"
pila-recargable-con-cargador-inalambrico-4000mah-10532,Pila Recargable Con Cargador Inalámbrico 4000mah,Tecnología,363,4,3,true,0,0,1,3,1,100,2026-04-20,0,0,,A,"contenido diferencial — longitud, material y/o técnica presentes"
speaker-bluetooth-waterproof-ii-10645,Speaker Bluetooth Waterproof ii,Tecnología,348,4,3,true,0,0,1,3,1,100,2026-04-20,0,0,,A,"contenido diferencial — longitud, material y/o técnica presentes"
pila-recargable-en-bamboo-nipax-5000mah-ii-10648,Pila Recargable en Bamboo Nipax 5000mah ii,Ecología,282,4,3,true,0,1,0,0,1,100,2026-04-22,2,0,6.5,A,"contenido diferencial — longitud, material y/o técnica presentes"
soporte-para-moviles-alarik-ii-10277,Soporte Para Móviles Alarik ii,Tecnología,362,4,3,true,0,0,1,3,1,100,2026-04-20,0,0,,A,"contenido diferencial — longitud, material y/o técnica presentes"
speaker-bluetooth-bentley-10351,Speaker Bluetooth Bentley,Tecnología,334,4,3,true,0,0,1,1,1,100,2026-04-22,0,0,,A,"contenido diferencial — longitud, material y/o técnica presentes"
speaker-bluetooth-callum-10386,Speaker Bluetooth Callum,Tecnología,326,4,3,true,0,0,1,1,1,100,2026-04-22,0,0,,A,"contenido diferencial — longitud, material y/o técnica presentes"
speaker-bluetooth-dallas-10385,Speaker Bluetooth Dallas,Tecnología,330,4,3,true,0,0,1,3,1,100,2026-04-22,3,0,7.33,A,"contenido diferencial — longitud, material y/o técnica presentes"
cargador-inalambrico-magnet-oferta-10482,Cargador Inalámbrico Mágnet Oferta,Tecnología,309,4,3,true,1,0,0,1,1,100,2026-04-22,1,0,4,A,"contenido diferencial — longitud, material y/o técnica presentes"
soporte-para-moviles-scully-10539,Soporte Para Móviles Scully,Tecnología,350,4,3,true,0,0,0,1,1,100,2026-04-22,0,0,,A,"contenido diferencial — longitud, material y/o técnica presentes"
speaker-bluetooth-owen-urban-travel-10476,Speaker Bluetooth Owen Urban Travel,Tecnología,381,4,3,true,0,0,1,3,1,100,2026-04-22,0,0,,A,"contenido diferencial — longitud, material y/o técnica presentes"
cargador-para-carro-dino-10460,Cargador Para Carro Dino,Automóvil,359,4,3,true,0,0,1,1,1,100,2026-04-22,0,0,,A,"contenido diferencial — longitud, material y/o técnica presentes"
puerto-usb-6-1-10471,Puerto Usb 6-1,Tecnología,351,4,3,true,0,0,0,1,1,100,2026-04-22,2,0,4.5,A,"contenido diferencial — longitud, material y/o técnica presentes"
soporte-para-moviles-mirror-10649,Soporte Para Móviles Mirror,Tecnología,351,4,3,true,0,0,2,0,1,100,2026-04-22,0,0,,A,"contenido diferencial — longitud, material y/o técnica presentes"
ventilador-tipo-c-10705,Ventilador Tipo c,Tecnología,343,4,3,true,0,0,1,1,1,100,2026-04-22,2,0,12,A,"contenido diferencial — longitud, material y/o técnica presentes"
speaker-bluetooth-groovy-urban-travel-10917,Speaker Bluetooth Groovy Urban Travel,Tecnología,323,4,3,true,0,0,0,1,1,100,2026-04-22,0,0,,A,"contenido diferencial — longitud, material y/o técnica presentes"
speaker-bluetooth-vortex-10918,Speaker Bluetooth Vortex,Tecnología,329,4,3,true,0,0,1,1,1,100,2026-04-22,0,0,,A,"contenido diferencial — longitud, material y/o técnica presentes"
pila-recargable-flashlight-5000-mah-10826,Pila Recargable Flashlight 5000 Mah,Tecnología,347,4,3,true,0,0,1,1,1,100,2026-04-22,0,0,,A,"contenido diferencial — longitud, material y/o técnica presentes"
soporte-metalico-atlas-eco-10740,Soporte Metálico Atlas Eco,Tecnología,308,4,3,true,1,0,1,1,1,100,2026-04-20,1,0,21,A,"contenido diferencial — longitud, material y/o técnica presentes"
puerto-usb-dante-eco-10741,Puerto Usb Dante Eco,Tecnología,308,4,3,true,0,0,0,0,1,100,2026-04-22,0,0,,A,"contenido diferencial — longitud, material y/o técnica presentes"
puerto-usb-casiuss-eco-10744,Puerto Usb Casiuss Eco,Tecnología,335,4,3,true,0,0,0,1,1,100,2026-04-22,0,0,,A,"contenido diferencial — longitud, material y/o técnica presentes"
cargador-inalambrico-con-tablero-eco-10745,Cargador Inalámbrico Con Tablero Eco,Tecnología,354,4,3,true,0,0,1,1,1,100,2026-04-22,0,0,,A,"contenido diferencial — longitud, material y/o técnica presentes"
cargador-para-carro-eco-10747,Cargador Para Carro Eco,Tecnología,354,4,3,true,0,0,1,1,1,100,2026-04-20,0,0,,A,"contenido diferencial — longitud, material y/o técnica presentes"
speaker-bluetooth-twin-karaoke-10976,Speaker Bluetooth Twin Karaoke,Tecnología,337,4,3,true,0,0,1,1,1,100,2026-04-22,0,0,,A,"contenido diferencial — longitud, material y/o técnica presentes"
cable-multicargador-lorcan-10977,Cable Multicargador Lorcan,Tecnología,306,4,3,true,0,0,1,1,1,100,2026-04-22,0,0,,A,"contenido diferencial — longitud, material y/o técnica presentes"
cargador-inalambrico-en-aluminio-reciclado-10812,Cargador Inalámbrico en Aluminio Reciclado,Tecnología,345,4,3,true,1,1,0,2,1,100,2026-04-22,0,0,,A,"contenido diferencial — longitud, material y/o técnica presentes"
cargador-inalambrico-warmer-10875,Cargador Inalámbrico Warmer,Tecnología,340,4,3,true,0,0,1,2,1,100,2026-04-22,5,0,2.8,A,"contenido diferencial — longitud, material y/o técnica presentes"
puerto-usb-hero-10876,Puerto Usb Hero,Tecnología,391,4,3,true,0,0,1,2,1,100,2026-04-20,0,0,,A,"contenido diferencial — longitud, material y/o técnica presentes"
puerto-usb-julius-10877,Puerto Usb Julius,Tecnología,358,4,3,true,0,0,1,1,1,100,2026-04-22,0,0,,A,"contenido diferencial — longitud, material y/o técnica presentes"
cable-multicargador-kornell-10878,Cable Multicargador Kornell,Tecnología,345,4,3,true,0,0,0,1,1,100,2026-04-22,0,0,,A,"contenido diferencial — longitud, material y/o técnica presentes"
cargador-inalambrico-lavinia-10879,Cargador Inalámbrico Lavinia,Tecnología,352,4,3,true,0,0,0,1,1,100,2026-04-22,0,0,,A,"contenido diferencial — longitud, material y/o técnica presentes"
audifonos-bluetooth-osmin-10897,Audífonos Bluetooth Osmin,Tecnología,355,4,3,true,0,0,1,1,1,100,2026-04-22,0,0,,A,"contenido diferencial — longitud, material y/o técnica presentes"
cable-multicargador-steffen-10898,Cable Multicargador Steffen,Tecnología,299,4,3,true,0,0,1,0,1,100,2026-04-22,0,0,,A,"contenido diferencial — longitud, material y/o técnica presentes"
pila-recargable-olympus-10000mah-10908,Pila Recargable Olympus 10000mah,Tecnología,349,4,3,true,0,0,0,1,1,100,2026-04-22,0,0,,A,"contenido diferencial — longitud, material y/o técnica presentes"
pila-recargable-majestic-5000mah-10909,Pila Recargable Majestic 5000mah,Tecnología,340,4,3,true,0,0,0,0,1,100,2026-04-22,0,0,,A,"contenido diferencial — longitud, material y/o técnica presentes"
set-de-viaje-kinetik-10942,Set de Viaje Kinetik,Tecnología,364,4,3,true,0,0,0,2,1,100,2026-04-22,1,0,11,A,"contenido diferencial — longitud, material y/o técnica presentes"
reloj-inteligente-timothy-ii-13168,Reloj Inteligente Timothy ii,Tecnología,338,4,3,true,0,0,1,1,1,100,2026-04-20,1,0,10,A,"contenido diferencial — longitud, material y/o técnica presentes"
speaker-bluetooth-artix-ii-10220,Speaker Bluetooth Artix ii,Tecnología,428,4,3,true,0,0,1,1,1,100,2026-04-20,0,0,,A,"contenido diferencial — longitud, material y/o técnica presentes"
set-de-limpieza-tech-10156,Set de Limpieza Tech,Tecnología,368,4,3,true,0,0,1,1,1,100,2026-04-20,3,0,4.33,A,"contenido diferencial — longitud, material y/o técnica presentes"
mini-set-de-limpieza-tech-10161,Mini Set de Limpieza Tech,Tecnología,362,4,3,true,0,0,0,4,1,100,2026-04-20,0,0,,A,"contenido diferencial — longitud, material y/o técnica presentes"
organizador-multiusos-con-esterilizador-uvc-led-oferta-9494,Organizador Multiusos Con Esterilizador Uvc Led Oferta,Antimicrobianos,311,4,3,true,0,0,1,1,1,100,2026-04-22,0,0,,A,"contenido diferencial — longitud, material y/o técnica presentes"
cargador-inalambrico-bamboo-square-ii-13191,Cargador Inalámbrico Bamboo Square ii,Tecnología,418,4,3,true,1,0,1,3,1,100,2026-04-20,2,0,3,A,"contenido diferencial — longitud, material y/o técnica presentes"
bolsa-en-algodon-botanik-100gr-10690,Bolsa en Algodón Botanik (100gr),Maletines,362,4,3,true,1,0,1,2,1,100,2026-04-22,0,0,,A,"contenido diferencial — longitud, material y/o técnica presentes"
bolsa-en-algodon-con-fuelle-100gr-10691,Bolsa en Algodón Con Fuelle (100gr),Maletines,346,4,3,true,1,0,1,1,1,100,2026-04-22,0,0,,A,"contenido diferencial — longitud, material y/o técnica presentes"
cartoon-3010,Cartoon,Artículos de Escritura,349,4,3,true,0,0,0,0,1,85,2026-04-22,1,0,6,A,"contenido diferencial — longitud, material y/o técnica presentes"
ecologik-8231,Ecologik,Artículos de Escritura,278,4,3,true,0,0,1,2,1,100,2026-04-22,1,0,10,A,"contenido diferencial — longitud, material y/o técnica presentes"
reloj-led-bamboo-9721,Reloj Led Bamboo,Relojes,308,5,3,true,1,0,0,1,1,100,2026-04-22,0,0,,A,"contenido diferencial — longitud, material y/o técnica presentes"
bolsa-en-algodon-con-fuelle-135gr-7568,Bolsa en Algodón Con Fuelle (135gr),Maletines,288,4,3,true,1,0,1,1,1,100,2026-04-22,0,0,,A,"contenido diferencial — longitud, material y/o técnica presentes"
morral-backpack-telesto-rpet-10414,Morral Backpack Telesto Rpet,Maletines,338,4,3,true,1,0,0,1,1,100,2026-04-22,0,0,,A,"contenido diferencial — longitud, material y/o técnica presentes"
portadocumentos-de-viaje-y-de-cables-rpet-10420,Portadocumentos de Viaje y de Cables Rpet,Maletines,345,4,3,true,1,0,1,2,1,100,2026-04-20,0,0,,A,"contenido diferencial — longitud, material y/o técnica presentes"
organizador-de-viaje-tango-rpet-10421,Organizador de Viaje Tango Rpet,Maletines,319,4,3,true,1,0,1,2,1,100,2026-04-22,0,0,,A,"contenido diferencial — longitud, material y/o técnica presentes"
bolsa-holt-eco-120gr-10422,Bolsa Holt Eco (120gr),Maletines,352,4,3,true,0,0,0,2,1,100,2026-04-22,0,0,,A,"contenido diferencial — longitud, material y/o técnica presentes"
morral-backpack-prince-urban-travel-10548,Morral Backpack Prince Urban Travel,Maletines,278,4,3,true,0,0,0,3,1,100,2026-04-22,0,0,,A,"contenido diferencial — longitud, material y/o técnica presentes"
morral-backpack-genesis-urban-travel-10549,Morral Backpack Génesis Urban Travel,Maletines,372,4,3,true,0,0,0,3,1,100,2026-04-20,0,0,,A,"contenido diferencial — longitud, material y/o técnica presentes"
bolsa-plastica-ruffus-10584,Bolsa Plástica Ruffus,Maletines,336,4,3,true,1,0,1,2,1,100,2026-04-22,0,0,,A,"contenido diferencial — longitud, material y/o técnica presentes"
morral-backpack-river-10363,Morral Backpack River,Maletines,316,4,3,true,0,0,0,1,1,100,2026-04-22,0,0,,A,"contenido diferencial — longitud, material y/o técnica presentes"
morral-backpack-chest-10370,Morral Backpack Chest,Maletines,316,4,3,true,0,0,1,3,1,100,2026-04-22,0,0,,A,"contenido diferencial — longitud, material y/o técnica presentes"
nevera-cooler-ginko-10371,Nevera Cooler Ginko,Maletines,363,4,3,true,0,0,1,1,1,100,2026-04-22,0,0,,A,"contenido diferencial — longitud, material y/o técnica presentes"
bolsa-en-algodon-shopper-290gr-10367,Bolsa en Algodón Shopper (290gr),Maletines,341,4,3,true,1,0,1,1,1,100,2026-04-22,0,0,,A,"contenido diferencial — longitud, material y/o técnica presentes"
estuche-baloo-10372,Estuche Baloo,Maletines,347,4,3,true,0,1,0,0,1,100,2026-04-22,1,0,3,A,"contenido diferencial — longitud, material y/o técnica presentes"
organizador-de-viaje-artemis-10376,Organizador de Viaje Artemis,Maletines,452,4,3,true,0,1,1,2,1,100,2026-04-20,0,0,,A,"contenido diferencial — longitud, material y/o técnica presentes"
organizador-de-viaje-venus-10574,Organizador de Viaje Venus,Maletines,312,4,3,true,0,0,1,3,1,100,2026-04-22,0,0,,A,"contenido diferencial — longitud, material y/o técnica presentes"
bolsa-compacta-cliff-10576,Bolsa Compacta Cliff,Maletines,309,4,3,true,0,0,0,1,1,100,2026-04-22,0,0,,A,"contenido diferencial — longitud, material y/o técnica presentes"
morral-backpack-doom-10332,Morral Backpack Doom,Maletines,359,4,3,true,0,0,0,2,1,100,2026-04-22,0,0,,A,"contenido diferencial — longitud, material y/o técnica presentes"
morral-backpack-kallisto-10787,Morral Backpack Kallisto,Maletines,314,4,3,true,0,0,1,1,1,100,2026-04-22,0,0,,A,"contenido diferencial — longitud, material y/o técnica presentes"
morral-backpack-antirrobo-sencillo-armor-ii-10564,Morral Backpack Antirrobo Sencillo Armor ii,Maletines,355,4,3,true,1,0,2,3,1,100,2026-04-20,0,0,,A,"contenido diferencial — longitud, material y/o técnica presentes"
morral-backpack-tripp-ii-10565,Morral Backpack Tripp ii,Maletines,316,4,3,true,0,1,1,0,1,100,2026-04-22,0,0,,A,"contenido diferencial — longitud, material y/o técnica presentes"
organizador-de-viaje-nova-urban-travel-9817,Organizador de Viaje Nova Urban Travel,Maletines,352,4,3,true,0,0,0,1,1,100,2026-04-22,0,0,,A,"contenido diferencial — longitud, material y/o técnica presentes"
cosmetiquera-judy-produccion-nacional-9825,Cosmetiquera Judy - Produccion Nacional,Producción Nacional,324,4,3,true,0,0,0,4,1,100,2026-04-22,0,0,,A,"contenido diferencial — longitud, material y/o técnica presentes"
maletin-avenue-oferta-6161,Maletin Avenue - Oferta,Maletines,347,4,3,true,0,0,1,1,1,100,2026-04-22,3,0,2.67,A,"contenido diferencial — longitud, material y/o técnica presentes"
bolsa-clear-trenza-con-ribete-produccion-nacional-6463,Bolsa Clear Trenza Con Ribete - Producción Nacional,Producción Nacional,323,4,3,true,0,0,0,0,1,100,2026-04-22,0,0,,A,"contenido diferencial — longitud, material y/o técnica presentes"
bolsa-clear-zuzy-con-ribete-produccion-nacional-6460,Bolsa Clear Zuzy Con Ribete - Produccion Nacional,Producción Nacional,280,4,3,true,0,0,0,1,1,100,2026-04-22,0,0,,A,"contenido diferencial — longitud, material y/o técnica presentes"
morral-backpack-denim-7600,Morral Backpack Denim,Maletines,330,4,3,true,0,0,0,0,1,100,2026-05-31,0,0,,A,"contenido diferencial — longitud, material y/o técnica presentes"
morral-backpack-plegable-venecia-9157,Morral Backpack Plegable Venecia,Maletines,363,4,3,true,0,0,0,1,1,100,2026-04-22,0,0,,A,"contenido diferencial — longitud, material y/o técnica presentes"
nevera-cooler-bag-neopreno-9311,Nevera Cooler Bag Neopreno,Maletines,365,4,3,true,0,0,1,1,1,100,2026-04-22,0,0,,A,"contenido diferencial — longitud, material y/o técnica presentes"
nevera-cooler-joplin-9068,Nevera Cooler Joplin,Maletines,332,4,3,true,0,0,1,0,1,100,2026-04-22,0,0,,A,"contenido diferencial — longitud, material y/o técnica presentes"
morral-backpack-antirrobo-security-9601,Morral Backpack Antirrobo Security,Maletines,372,4,3,true,0,0,1,3,1,100,2026-04-20,0,0,,A,"contenido diferencial — longitud, material y/o técnica presentes"
organizador-de-viaje-darwin-9826,Organizador de Viaje Darwin,Maletines,345,4,3,true,0,0,0,2,1,100,2026-04-22,0,0,,A,"contenido diferencial — longitud, material y/o técnica presentes"
bolsa-en-cambrel-shopper-9960,Bolsa en Cambrel Shopper,Maletines,344,4,3,true,0,1,0,1,1,100,2026-04-22,0,0,,A,"contenido diferencial — longitud, material y/o técnica presentes"
manos-libres-lakey-urban-travel-10167,Manos Libres Lakey Urban Travel,Maletines,340,4,3,true,0,0,0,3,1,100,2026-04-22,0,0,,A,"contenido diferencial — longitud, material y/o técnica presentes"
sporty-bag-evan-10155,Sporty Bag Evan,Maletines,345,4,3,true,0,0,0,1,1,100,2026-04-22,0,0,,A,"contenido diferencial — longitud, material y/o técnica presentes"
nevera-cooler-caspian-10175,Nevera Cooler Caspian,Maletines,343,4,3,true,0,0,1,0,1,100,2026-04-22,1,0,8,A,"contenido diferencial — longitud, material y/o técnica presentes"
nevera-cooler-bishop-10185,Nevera Cooler Bishop,Maletines,308,4,3,true,0,0,0,1,1,100,2026-04-22,0,0,,A,"contenido diferencial — longitud, material y/o técnica presentes"
nevera-cooler-strap-10189,Nevera Cooler Strap,Maletines,340,4,3,true,0,0,1,1,1,100,2026-04-22,0,0,,A,"contenido diferencial — longitud, material y/o técnica presentes"
nevera-cooler-cody-10193,Nevera Cooler Cody,Maletines,402,4,3,true,0,0,1,1,1,100,2026-04-20,0,0,,A,"contenido diferencial — longitud, material y/o técnica presentes"
organizador-de-viaje-merrick-10184,Organizador de Viaje Merrick,Maletines,297,4,3,true,0,1,1,1,1,100,2026-04-22,0,0,,A,"contenido diferencial — longitud, material y/o técnica presentes"
funda-portalaptop-rpet-10173,Funda Portalaptop Rpet,Maletines,328,4,3,true,2,2,0,2,1,100,2026-04-22,0,0,,A,"contenido diferencial — longitud, material y/o técnica presentes"
maletin-portadocumentos-king-10171,Maletín Portadocumentos King,Maletines,319,4,3,true,2,1,1,1,1,100,2026-04-22,2,0,1.5,A,"contenido diferencial — longitud, material y/o técnica presentes"
morral-backpack-asher-rpet-10174,Morral Backpack Asher Rpet,Maletines,323,4,3,true,1,0,0,1,1,100,2026-04-22,0,0,,A,"contenido diferencial — longitud, material y/o técnica presentes"
morral-backpack-padrax-oferta-10170,Morral Backpack Padrax Oferta,Maletines,345,4,3,true,0,1,0,1,1,100,2026-04-22,0,0,,A,"contenido diferencial — longitud, material y/o técnica presentes"
bolsa-graham-ii-13172,Bolsa Graham ii,Maletines,293,4,3,true,0,0,1,1,1,100,2026-04-22,0,0,,A,"contenido diferencial — longitud, material y/o técnica presentes"
sporty-bag-cotton-180gr-ii-11039,Sporty Bag Cotton (180gr) ii,Maletines,358,4,3,true,1,2,1,1,1,100,2026-04-22,0,0,,A,"contenido diferencial — longitud, material y/o técnica presentes"
morral-backpack-gripper-11045,Morral Backpack Gripper,Maletines,416,4,3,true,0,0,1,1,1,100,2026-04-20,0,0,,A,"contenido diferencial — longitud, material y/o técnica presentes"
botilito-plastico-santino-650ml-oferta-9774,Botilito Plástico Santino 650ml Oferta,Tomatodos y Botilitos Personalizados,145,6,4,true,1,1,2,1,1,80,2026-07-10,0,0,,A,"contenido diferencial — longitud, material y/o técnica presentes"
botilito-plastico-frontier-petg-610ml-10700,Botilito Plástico Frontier Petg 610ml,Tomatodos y Botilitos Personalizados,160,5,3,true,1,0,2,2,1,80,2026-07-10,0,0,,A,"contenido diferencial — longitud, material y/o técnica presentes"
botilito-metalico-marcello-800ml-10390,Botilito Metálico Marcello 800ml,Tomatodos y Botilitos Personalizados,154,5,3,true,1,0,1,1,1,80,2026-07-10,0,0,,A,"contenido diferencial — longitud, material y/o técnica presentes"
mug-metalico-troy-300ml-10341,Mug Metálico Troy 300ml,Mugs y Termos,457,4,3,true,2,0,1,4,1,100,2026-04-20,0,0,,A,"contenido diferencial — longitud, material y/o técnica presentes"
botilito-metalico-lewis-urban-travel-500ml-10342,Botilito Metálico Lewis Urban Travel 500ml,Tomatodos y Botilitos Personalizados,159,5,3,true,1,0,2,1,1,80,2026-07-10,0,0,,A,"contenido diferencial — longitud, material y/o técnica presentes"
mug-metalico-magnus-urban-travel-400ml-10506,Mug Metálico Magnus Urban Travel 400ml,Mugs y Termos,318,4,3,true,1,0,0,2,1,100,2026-04-22,0,0,,A,"contenido diferencial — longitud, material y/o técnica presentes"
botilito-metalico-legacy-530ml-10512,Botilito Metálico Légacy 530ml,Tomatodos y Botilitos Personalizados,158,5,4,true,1,1,1,3,1,80,2026-07-10,0,0,,A,"contenido diferencial — longitud, material y/o técnica presentes"
botilito-metalico-dash-950ml-10501,Botilito Metálico Dash 950ml,Tomatodos y Botilitos Personalizados,145,6,3,true,1,0,3,1,1,80,2026-07-10,0,0,,A,"contenido diferencial — longitud, material y/o técnica presentes"
mug-metalico-harlem-350ml-10504,Mug Metálico Harlem 350ml,Mugs y Termos,368,4,3,true,3,0,0,1,1,100,2026-04-22,0,0,,A,"contenido diferencial — longitud, material y/o técnica presentes"
termo-metalico-calypso-chili-750ml-10518,Termo Metálico Calypso Chili 750ml,Termos Personalizados,147,4,3,true,1,1,2,3,1,80,2026-07-10,0,0,,A,"contenido diferencial — longitud, material y/o técnica presentes"
mug-metalico-calypso-chili-500ml-10521,Mug Metálico Calypso Chili 500ml,Mugs y Termos,326,4,3,true,1,0,0,2,1,100,2026-04-22,0,0,,A,"contenido diferencial — longitud, material y/o técnica presentes"
mug-compacto-350ml-10568,Mug Compacto 350ml,Mugs y Termos,385,4,3,true,0,0,2,4,1,100,2026-04-20,0,0,,A,"contenido diferencial — longitud, material y/o técnica presentes"
mug-metalico-chester-880ml-10455,Mug Metálico Chester 880ml,Mugs y Termos,294,4,3,true,3,0,0,1,1,100,2026-04-22,0,0,,A,"contenido diferencial — longitud, material y/o técnica presentes"
botilito-plastico-bacchus-pet-1000ml-10562,Botilito Plástico Bacchus Pet 1000ml,Tomatodos y Botilitos Personalizados,149,5,3,true,1,0,1,1,1,80,2026-07-10,0,0,,A,"contenido diferencial — longitud, material y/o técnica presentes"
mug-plastico-pacific-450ml-oferta-10581,Mug Plástico Pacific 450ml Oferta,Mugs y Termos,331,4,3,true,1,0,1,3,1,100,2026-04-22,0,0,,A,"contenido diferencial — longitud, material y/o técnica presentes"
botilito-plastico-wonder-700ml-produccion-nacional-10688,Botilito Plástico Wonder-700ml-producción Nacional,Tomatodos y Botilitos Personalizados,138,4,3,true,1,0,2,1,1,80,2026-07-10,0,0,,A,"contenido diferencial — longitud, material y/o técnica presentes"
botilito-plastico-shams-rpet-600ml-10785,Botilito Plástico Shams Rpet 600ml,Tomatodos y Botilitos Personalizados,140,5,3,true,1,1,2,3,1,80,2026-07-10,0,0,,A,"contenido diferencial — longitud, material y/o técnica presentes"
mug-metalico-torval-urban-travel-400ml-11053,Mug Metálico Torval Urban Travel 400ml,Mugs y Termos,309,4,3,true,2,0,1,3,1,100,2026-04-20,0,0,,A,"contenido diferencial — longitud, material y/o técnica presentes"
tapa-cupula-double-10631,Tapa Cúpula Double,Mugs y Termos,439,4,3,true,0,0,2,3,1,100,2026-04-20,0,0,,A,"contenido diferencial — longitud, material y/o técnica presentes"
tapa-pestana-window-10632,Tapa Pestaña Window,Mugs y Termos,342,4,3,true,0,0,0,1,1,100,2026-04-22,0,0,,A,"contenido diferencial — longitud, material y/o técnica presentes"
tapa-holdy-10615,Tapa Holdy,Producción Nacional,321,4,3,true,0,0,0,3,1,100,2026-04-22,0,0,,A,"contenido diferencial — longitud, material y/o técnica presentes"
botilito-metalico-dakota-650ml-10083,Botilito Metálico Dakota 650ml,Tomatodos y Botilitos Personalizados,138,6,4,true,1,1,2,1,1,80,2026-07-10,0,0,,A,"contenido diferencial — longitud, material y/o técnica presentes"
botilito-plastico-sterling-700ml-10084,Botilito Plástico Sterling 700ml,Tomatodos y Botilitos Personalizados,143,5,4,true,1,1,3,3,1,80,2026-07-10,0,0,,A,"contenido diferencial — longitud, material y/o técnica presentes"
mug-metalico-con-pitillo-600ml-10092,Mug Metálico Con Pitillo 600ml,Mugs y Termos,338,4,3,true,1,0,1,2,1,100,2026-05-31,0,0,,A,"contenido diferencial — longitud, material y/o técnica presentes"
botilito-metalico-artemis-800ml-10306,Botilito Metálico Artemis 800ml,Tomatodos y Botilitos Personalizados,134,5,3,true,1,0,2,3,1,80,2026-07-10,4,0,58.25,A,"contenido diferencial — longitud, material y/o técnica presentes"
botilito-en-pvc-helice-760ml-produccion-nacional-5741,Botilito en Pvc Hélice 760ml - Producción Nacional,Tomatodos y Botilitos Personalizados,148,6,3,true,1,0,2,2,1,80,2026-07-10,0,0,,A,"contenido diferencial — longitud, material y/o técnica presentes"
botilito-sport-650ml-produccion-nacional-4083,Botilito Sport 650ml - Produccion Nacional,Tomatodos y Botilitos Personalizados,161,6,3,true,0,0,1,1,1,80,2026-07-10,0,0,,A,"contenido diferencial — longitud, material y/o técnica presentes"
tapa-en-silicona-para-mug-orbit-5893,Tapa en Silicona Para Mug Orbit,Mugs y Termos,354,4,3,true,1,0,0,1,1,100,2026-04-22,0,0,,A,"contenido diferencial — longitud, material y/o técnica presentes"
tapa-pestana-para-botilito-mu-07-mu-59-4087,Tapa Pestaña Para Botilito Mu-07 - Mu-59,Tomatodos y Botilitos Personalizados,162,5,3,true,0,0,1,1,1,80,2026-07-10,0,0,,A,"contenido diferencial — longitud, material y/o técnica presentes"
tapa-botilito-igloo-energy-2381,Tapa Botilito Igloo / Energy,Tomatodos y Botilitos Personalizados,161,5,3,true,0,1,1,1,1,80,2026-07-10,0,0,,A,"contenido diferencial — longitud, material y/o técnica presentes"
botilito-supra-en-pet-600ml-produccion-nacional-6706,Botilito Supra en Pet 600ml - Produccion Nacional,Tomatodos y Botilitos Personalizados,156,5,3,true,0,0,2,1,1,80,2026-07-10,1,0,15,A,"contenido diferencial — longitud, material y/o técnica presentes"
botilito-para-mascotas-580ml-8867,Botilito Para Mascotas 580ml,Tomatodos y Botilitos Personalizados,144,5,3,true,0,0,1,1,1,80,2026-07-10,0,0,,A,"contenido diferencial — longitud, material y/o técnica presentes"
botilito-plastico-cork-650ml-oferta-9012,Botilito Plástico Cork 650ml - Oferta,Tomatodos y Botilitos Personalizados,161,6,3,true,1,0,1,1,1,80,2026-07-10,1,0,6,A,"contenido diferencial — longitud, material y/o técnica presentes"
botilito-en-pet-leroy-800ml-produccion-nacional-9355,Botilito en Pet Leroy 800ml - Produccion Nacional,Tomatodos y Botilitos Personalizados,135,5,3,true,0,0,1,1,1,80,2026-07-10,0,0,,A,"contenido diferencial — longitud, material y/o técnica presentes"
tapa-chupo-lisa-produccion-nacional-9394,Tapa Chupo Lisa - Produccion Nacional,Producción Nacional,333,4,3,true,0,0,1,1,1,100,2026-04-22,0,0,,A,"contenido diferencial — longitud, material y/o técnica presentes"
tapa-para-botilito-supra-mu-90-y-mu-253-maxi-supra-6988,Tapa Para Botilito Supra Mu-90 y Mu-253 Maxi Supra,Tomatodos y Botilitos Personalizados,165,5,3,true,0,0,0,3,1,80,2026-07-10,0,0,,A,"contenido diferencial — longitud, material y/o técnica presentes"
botilito-plastico-alepy-petg-750ml-oferta-9557,Botilito Plastico Alepy Petg 750ml - Oferta,Tomatodos y Botilitos Personalizados,145,6,4,true,1,0,2,3,1,80,2026-07-10,1,0,10,A,"contenido diferencial — longitud, material y/o técnica presentes"
botilito-plastico-nomix-petg-750ml-oferta-9558,Botilito Plastico Nomix Petg 750ml - Oferta,Tomatodos y Botilitos Personalizados,143,5,3,true,1,1,2,1,1,80,2026-07-10,0,0,,A,"contenido diferencial — longitud, material y/o técnica presentes"
mug-metalico-koen-urban-travel-600ml-10500,Mug Metálico Koen Urban Travel 600ml,Mugs y Termos,346,4,3,true,3,0,0,2,1,100,2026-04-22,3,0,13,A,"contenido diferencial — longitud, material y/o técnica presentes"
mug-metalico-wilem-380ml-ii-10621,Mug Metálico Wilem 380ml ii,Mugs y Termos,338,4,3,true,2,0,1,1,1,100,2026-04-22,0,0,,A,"contenido diferencial — longitud, material y/o técnica presentes"
boligrafo-aldrich-metalizado-10664,Bolígrafo Aldrich Metalizado,Artículos de Escritura,342,4,3,true,1,0,1,1,1,100,2026-04-22,0,0,,A,"contenido diferencial — longitud, material y/o técnica presentes"
boligrafo-aldrich-solido-10663,Bolígrafo Aldrich Sólido,Artículos de Escritura,332,4,3,true,1,0,0,0,1,100,2026-04-22,0,0,,A,"contenido diferencial — longitud, material y/o técnica presentes"
boligrafo-baniri-bamboo-10658,Bolígrafo Baniri Bamboo,Artículos de Escritura,346,4,3,true,2,0,2,0,1,100,2026-04-22,0,0,,A,"contenido diferencial — longitud, material y/o técnica presentes"
boligrafo-jeringa-2441,Boligrafo Jeringa,Artículos de Escritura,340,4,3,true,0,0,1,4,1,100,2026-04-22,2,0,10.5,A,"contenido diferencial — longitud, material y/o técnica presentes"
boligrafo-calvin-10498,Bolígrafo Calvin,Artículos de Escritura,336,4,3,true,0,0,1,0,1,100,2026-04-22,0,0,,A,"contenido diferencial — longitud, material y/o técnica presentes"
boligrafo-helmet-10666,Bolígrafo Helmet,Artículos de Escritura,333,4,3,true,0,0,0,1,1,100,2026-04-22,0,0,,A,"contenido diferencial — longitud, material y/o técnica presentes"
boligrafo-kent-10657,Bolígrafo Kent,Artículos de Escritura,385,4,3,true,0,1,0,1,1,100,2026-04-22,0,0,,A,"contenido diferencial — longitud, material y/o técnica presentes"
boligrafo-landon-10662,Bolígrafo Landon,Artículos de Escritura,313,4,3,true,0,0,1,1,1,100,2026-04-22,0,0,,A,"contenido diferencial — longitud, material y/o técnica presentes"
boligrafo-luana-10661,Bolígrafo Luana,Artículos de Escritura,300,4,3,true,0,0,1,1,1,100,2026-04-22,0,0,,A,"contenido diferencial — longitud, material y/o técnica presentes"
boligrafo-ziwei-bamboo-10659,Bolígrafo Ziwei Bamboo,Artículos de Escritura,321,4,3,true,1,0,0,1,1,100,2026-05-31,0,0,,A,"contenido diferencial — longitud, material y/o técnica presentes"
boligrafo-funk-10016,Bolígrafo Funk,Artículos de Escritura,319,4,3,true,0,0,1,1,1,100,2026-04-22,1,0,3,A,"contenido diferencial — longitud, material y/o técnica presentes"
boligrafo-jovi-metalizado-10022,Bolígrafo Jovi Metalizado,Artículos de Escritura,290,4,3,true,1,0,2,1,1,100,2026-04-22,0,0,,A,"contenido diferencial — longitud, material y/o técnica presentes"
korn-roller-10023,Korn Roller,Artículos de Escritura,336,4,3,true,0,0,1,1,1,100,2026-04-22,0,0,,A,"contenido diferencial — longitud, material y/o técnica presentes"
boligrafo-lizzy-10026,Bolígrafo Lizzy,Artículos de Escritura,288,4,3,true,0,0,1,1,1,100,2026-04-22,0,0,,A,"contenido diferencial — longitud, material y/o técnica presentes"
boligrafo-maddax-gel-10028,Bolígrafo Maddax Gel,Artículos de Escritura,338,4,3,true,0,0,1,1,1,100,2026-04-22,0,0,,A,"contenido diferencial — longitud, material y/o técnica presentes"
boligrafo-ralph-10032,Bolígrafo Ralph,Artículos de Escritura,357,4,3,true,0,0,1,1,1,100,2026-04-22,0,0,,A,"contenido diferencial — longitud, material y/o técnica presentes"
boligrafo-rapid-gel-10033,Bolígrafo Rapid Gel,Artículos de Escritura,294,4,3,true,0,0,0,1,1,100,2026-04-22,0,0,,A,"contenido diferencial — longitud, material y/o técnica presentes"
boligrafo-selva-metalizado-10036,Bolígrafo Selva Metalizado,Artículos de Escritura,332,4,3,true,1,0,0,1,1,100,2026-04-22,0,0,,A,"contenido diferencial — longitud, material y/o técnica presentes"
boligrafo-selva-pastel-10037,Bolígrafo Selva Pastel,Artículos de Escritura,339,4,3,true,0,0,1,1,1,100,2026-04-22,0,0,,A,"contenido diferencial — longitud, material y/o técnica presentes"
nolton-5184,Nolton,Artículos de Escritura,353,4,3,true,1,0,0,1,1,100,2026-04-22,0,0,,A,"contenido diferencial — longitud, material y/o técnica presentes"
aria-5646,Aria,Artículos de Escritura,316,4,3,true,0,1,2,1,1,100,2026-05-31,0,0,,A,"contenido diferencial — longitud, material y/o técnica presentes"
summit-3018,Summit,Artículos de Escritura,347,4,3,true,0,0,0,1,1,100,2026-04-22,0,0,,A,"contenido diferencial — longitud, material y/o técnica presentes"
woody-3690,Woody,Artículos de Escritura,328,4,3,true,1,0,1,1,1,100,2026-04-22,0,0,,A,"contenido diferencial — longitud, material y/o técnica presentes"
dwyn-metalico-6584,Dwyn Metalico,Artículos de Escritura,305,4,3,true,1,0,1,2,1,100,2026-04-22,0,0,,A,"contenido diferencial — longitud, material y/o técnica presentes"
loman-roller-pen-ver-mina-roller-europea-o-china-5186,Loman Roller Pen (ver Mina Roller Europea ó China),Artículos de Escritura,324,4,3,true,0,0,2,0,1,100,2026-04-22,0,0,,A,"contenido diferencial — longitud, material y/o técnica presentes"
estuche-doble-regal-prod-nacional-6048,Estuche Doble Regal (prod. Nacional),Producción Nacional,324,4,3,true,0,1,1,1,1,100,2026-04-22,0,0,,A,"contenido diferencial — longitud, material y/o técnica presentes"
estuche-clear-produccion-nacional-6047,Estuche Clear - Produccion Nacional,Producción Nacional,358,4,3,true,0,0,1,1,1,100,2026-04-22,0,0,,A,"contenido diferencial — longitud, material y/o técnica presentes"
clark-metalizado-7337,Clark Metalizado,Artículos de Escritura,315,4,3,true,1,0,1,1,1,100,2026-04-22,2,0,9,A,"contenido diferencial — longitud, material y/o técnica presentes"
clark-solido-7338,Clark Solido,Artículos de Escritura,356,4,3,true,0,0,1,3,1,100,2026-04-22,1,0,10,A,"contenido diferencial — longitud, material y/o técnica presentes"
magno-7343,Magno,Artículos de Escritura,349,4,3,true,0,0,1,0,1,100,2026-04-22,0,0,,A,"contenido diferencial — longitud, material y/o técnica presentes"
opera-boligrafo-7348,Opera Boligrafo,Artículos de Escritura,315,4,3,true,0,0,1,1,1,100,2026-04-22,0,0,,A,"contenido diferencial — longitud, material y/o técnica presentes"
opera-roller-7349,Opera Roller,Artículos de Escritura,341,4,3,true,1,0,1,0,1,100,2026-04-22,0,0,,A,"contenido diferencial — longitud, material y/o técnica presentes"
boligrafo-wister-7369,Boligrafo Wister,Artículos de Escritura,342,4,3,true,0,0,0,1,1,100,2026-05-31,0,0,,A,"contenido diferencial — longitud, material y/o técnica presentes"
summit-neon-7722,Summit Neon,Artículos de Escritura,325,4,3,true,0,0,1,1,1,100,2026-04-22,0,0,,A,"contenido diferencial — longitud, material y/o técnica presentes"
dickens-metalico-oferta-7734,Dickens Metalico Oferta,Artículos de Escritura,324,4,3,true,2,0,0,1,1,100,2026-04-22,0,0,,A,"contenido diferencial — longitud, material y/o técnica presentes"
benella-oferta-7809,Benella Oferta,Artículos de Escritura,277,4,3,true,0,0,0,1,1,100,2026-05-31,0,0,,A,"contenido diferencial — longitud, material y/o técnica presentes"
cosmo-borrable-oferta-4067,Cosmo Borrable - Oferta,Artículos de Escritura,319,4,3,true,0,1,1,1,1,100,2026-04-22,0,0,,A,"contenido diferencial — longitud, material y/o técnica presentes"
prisma-7752,Prisma,Artículos de Escritura,305,4,3,true,0,0,0,1,1,100,2026-04-22,0,0,,A,"contenido diferencial — longitud, material y/o técnica presentes"
tempo-7855,Tempo,Artículos de Escritura,325,4,3,true,0,0,0,1,1,100,2026-04-22,0,0,,A,"contenido diferencial — longitud, material y/o técnica presentes"
trevon-oferta-7944,Trevon Oferta,Artículos de Escritura,300,4,3,true,0,0,0,1,1,100,2026-04-22,0,0,,A,"contenido diferencial — longitud, material y/o técnica presentes"
petrus-boligrafo-8577,Petrus Boligrafo,Artículos de Escritura,317,4,3,true,0,0,0,1,1,100,2026-04-22,0,0,,A,"contenido diferencial — longitud, material y/o técnica presentes"
petrus-roller-8578,Petrus Roller,Artículos de Escritura,306,4,3,true,0,0,1,1,1,100,2026-04-22,0,0,,A,"contenido diferencial — longitud, material y/o técnica presentes"
clas-oferta-8593,Clas Oferta,Artículos de Escritura,315,4,3,true,0,0,2,1,1,100,2026-04-22,0,0,,A,"contenido diferencial — longitud, material y/o técnica presentes"
corpy-oferta-8594,Corpy Oferta,Artículos de Escritura,332,4,3,true,0,0,2,1,1,100,2026-04-22,0,0,,A,"contenido diferencial — longitud, material y/o técnica presentes"
emory-neon-8557,Emory Neón,Artículos de Escritura,335,4,3,true,0,0,0,0,1,100,2026-04-22,0,0,,A,"contenido diferencial — longitud, material y/o técnica presentes"
tillot-8574,Tillot,Artículos de Escritura,324,4,3,true,0,0,0,1,1,100,2026-04-22,0,0,,A,"contenido diferencial — longitud, material y/o técnica presentes"
ellison-solido-8570,Ellison Sólido,Artículos de Escritura,308,4,3,true,0,0,1,0,1,100,2026-04-22,1,0,9,A,"contenido diferencial — longitud, material y/o técnica presentes"
aston-mate-8880,Aston Mate,Artículos de Escritura,342,4,3,true,0,0,0,2,1,100,2026-04-22,0,0,,A,"contenido diferencial — longitud, material y/o técnica presentes"
telson-oferta-9258,Telson - Oferta,Artículos de Escritura,327,4,3,true,0,1,0,1,1,100,2026-04-22,0,0,,A,"contenido diferencial — longitud, material y/o técnica presentes"
legox-9256,Legox,Artículos de Escritura,301,4,3,true,0,1,0,1,1,100,2026-04-22,0,0,,A,"contenido diferencial — longitud, material y/o técnica presentes"
lipsy-oferta-9241,Lipsy Oferta,Artículos de Escritura,343,4,3,true,1,1,0,1,1,100,2026-04-22,0,0,,A,"contenido diferencial — longitud, material y/o técnica presentes"
tokken-9243,Tokken,Artículos de Escritura,350,4,3,true,0,0,0,1,1,100,2026-04-22,0,0,,A,"contenido diferencial — longitud, material y/o técnica presentes"
boligrafo-deluxe-eco-oferta-9836,Bolígrafo Deluxe Eco Oferta,Artículos de Escritura,322,4,3,true,0,0,1,1,1,100,2026-04-22,0,0,,A,"contenido diferencial — longitud, material y/o técnica presentes"
boligrafo-jovi-9843,Bolígrafo Jovi,Artículos de Escritura,337,4,3,true,0,0,1,1,1,100,2026-04-22,0,0,,A,"contenido diferencial — longitud, material y/o técnica presentes"
boligrafo-devo-9945,Boligrafo Devo,Producción Nacional,348,4,3,true,0,0,1,4,1,100,2026-04-22,2,0,5,A,"contenido diferencial — longitud, material y/o técnica presentes"
kaiser-stylus-bamboo-10315,Kaiser Stylus Bamboo,Artículos de Escritura,320,4,3,true,1,0,0,1,1,100,2026-04-22,0,0,,A,"contenido diferencial — longitud, material y/o técnica presentes"
set-de-herramientas-blackburn-ii-10859,Set de Herramientas Blackburn ii,Herramientas,348,4,3,true,1,0,1,0,1,100,2026-04-22,0,0,,A,"contenido diferencial — longitud, material y/o técnica presentes"
metro-paddy-10451,Metro Paddy,Herramientas,363,4,3,true,1,0,1,0,1,100,2026-04-22,0,0,,A,"contenido diferencial — longitud, material y/o técnica presentes"
set-de-destornilladores-pistol-10537,Set de Destornilladores Pistol,Herramientas,323,4,3,true,1,0,0,1,1,100,2026-04-22,2,0,4,A,"contenido diferencial — longitud, material y/o técnica presentes"
set-de-destornilladores-home-10538,Set de Destornilladores Home,Herramientas,352,4,3,true,0,0,1,1,1,100,2026-04-22,1,0,3,A,"contenido diferencial — longitud, material y/o técnica presentes"
set-de-herramientas-robust-10964,Set de Herramientas Robust,Herramientas,326,4,3,true,0,0,1,0,1,100,2026-04-22,0,0,,A,"contenido diferencial — longitud, material y/o técnica presentes"
set-de-mini-destornilladores-con-nivelador-10966,Set de Mini Destornilladores Con Nivelador,Herramientas,350,4,3,true,0,0,0,1,1,100,2026-04-22,0,0,,A,"contenido diferencial — longitud, material y/o técnica presentes"
mini-set-de-destornilladores-duck-10967,Mini Set de Destornilladores Duck,Herramientas,338,4,3,true,0,0,1,1,1,100,2026-04-22,0,0,,A,"contenido diferencial — longitud, material y/o técnica presentes"
set-de-herramientas-cork-10968,Set de Herramientas Cork,Herramientas,325,4,3,true,1,0,0,1,1,100,2026-04-22,0,0,,A,"contenido diferencial — longitud, material y/o técnica presentes"
nivelador-con-iman-11017,Nivelador Con Imán,Herramientas,329,4,3,true,1,0,0,1,1,100,2026-04-22,0,0,,A,"contenido diferencial — longitud, material y/o técnica presentes"
martillo-con-navaja-eco-11050,Martillo Con Navaja Eco,Herramientas,335,4,3,true,3,0,0,0,1,100,2026-04-22,0,0,,A,"contenido diferencial — longitud, material y/o técnica presentes"
herramientero-denby-11068,Herramientero Denby,Herramientas,307,4,3,true,1,0,1,1,1,100,2026-04-22,0,0,,A,"contenido diferencial — longitud, material y/o técnica presentes"
llavero-metro-con-nivelador-jazzy-11113,Llavero Metro Con Nivelador Jazzy,Herramientas,339,4,3,true,0,0,1,1,1,100,2026-04-22,0,0,,A,"contenido diferencial — longitud, material y/o técnica presentes"
llavero-destapador-level-11114,Llavero Destapador Level,Herramientas,351,4,3,true,0,0,1,1,1,100,2026-04-22,0,0,,A,"contenido diferencial — longitud, material y/o técnica presentes"
metro-arkitect-con-destornilladores-11115,Metro Arkitect Con Destornilladores,Herramientas,329,4,3,true,1,0,1,1,1,100,2026-04-22,0,0,,A,"contenido diferencial — longitud, material y/o técnica presentes"
mini-set-de-destornilladores-level-11116,Mini Set de Destornilladores Level,Herramientas,302,4,3,true,1,0,0,1,1,100,2026-04-22,0,0,,A,"contenido diferencial — longitud, material y/o técnica presentes"
herramientero-orca-11128,Herramientero Orca,Herramientas,316,4,3,true,0,0,0,1,1,100,2026-04-22,0,0,,A,"contenido diferencial — longitud, material y/o técnica presentes"
metro-retractil-kolors-10052,Metro Retráctil Kolors,Herramientas,340,4,3,true,1,0,1,4,1,100,2026-04-22,0,0,,A,"contenido diferencial — longitud, material y/o técnica presentes"
metro-llavero-bone-9124,Metro Llavero Bone,Herramientas,305,4,3,true,0,0,1,2,1,100,2026-04-22,0,0,,A,"contenido diferencial — longitud, material y/o técnica presentes"
llavero-destapador-viggo-eco-11054,Llavero Destapador Viggo Eco,Llaveros,331,4,3,true,0,0,1,1,1,100,2026-04-22,0,0,,A,"contenido diferencial — longitud, material y/o técnica presentes"
set-nebula-11026,Set Nébula,Paraguas,307,4,3,true,2,0,0,1,1,100,2026-04-22,0,0,,A,"contenido diferencial — longitud, material y/o técnica presentes"
paraguas-dayton-23-9790-3846,Paraguas Dayton 23,Paraguas,313,4,3,true,0,1,0,2,1,100,2026-05-31,0,0,,A,"contenido diferencial — longitud, material y/o técnica presentes"
paraguas-corbett-27-10586,Paraguas Corbett 27'',Paraguas,296,4,3,true,0,0,1,2,1,100,2026-04-22,0,0,,A,"contenido diferencial — longitud, material y/o técnica presentes"
paraguas-kahlo-urban-travel-23-10894,Paraguas Kahlo Urban Travel 23'',Paraguas,305,4,3,true,0,0,0,2,1,100,2026-04-22,0,0,,A,"contenido diferencial — longitud, material y/o técnica presentes"
paraguas-flex-golf-16-10882,Paraguas Flex Golf 16,Paraguas,357,4,3,true,0,0,1,3,1,100,2026-04-22,0,0,,A,"contenido diferencial — longitud, material y/o técnica presentes"
mini-paraguas-hansel-21-6868-3854,Mini Paraguas Hansel 21,Paraguas,318,4,3,true,0,0,0,3,1,100,2026-04-22,0,0,,A,"contenido diferencial — longitud, material y/o técnica presentes"
paraguas-lancelot-27-6865,Paraguas Lancelot 27,Paraguas,329,4,3,true,0,0,1,1,1,100,2026-04-22,0,0,,A,"contenido diferencial — longitud, material y/o técnica presentes"
mini-paraguas-strap-21-6201-3856,Mini Paraguas Strap 21,Paraguas,359,4,3,true,1,0,1,3,1,100,2026-04-22,0,0,,A,"contenido diferencial — longitud, material y/o técnica presentes"
paraguas-brook-27-6369-3857,Paraguas Brook 27,Paraguas,334,4,3,true,0,0,0,1,1,100,2026-04-22,0,0,,A,"contenido diferencial — longitud, material y/o técnica presentes"
paraguas-trendy-poliester-27-5693,Paraguas Trendy Poliéster 27,Paraguas,365,5,3,true,2,0,2,3,1,100,2026-05-31,0,0,,A,"contenido diferencial — longitud, material y/o técnica presentes"
paraguas-golf-cuadrado-30-1085,Paraguas Golf Cuadrado 30,Paraguas,340,4,3,true,1,2,1,4,1,100,2026-04-22,0,0,,A,"contenido diferencial — longitud, material y/o técnica presentes"
paraguas-profesional-en-fibra-de-vidrio-30-2145-3863,Paraguas Profesional en Fibra de Vidrio 30,Paraguas,326,4,3,true,1,0,1,1,1,100,2026-04-22,0,0,,A,"contenido diferencial — longitud, material y/o técnica presentes"
paraguas-fiori-23-7515-3864,Paraguas Fiori 23,Paraguas,313,4,3,true,0,0,1,2,1,100,2026-04-22,0,0,,A,"contenido diferencial — longitud, material y/o técnica presentes"
paraguas-brook-ergo-27-7512-3865,Paraguas Brook Ergo 27,Paraguas,276,4,3,true,0,0,0,2,1,100,2026-04-22,0,0,,A,"contenido diferencial — longitud, material y/o técnica presentes"
paraguas-freerain-23-7627-3866,Paraguas Freerain 23,Paraguas,362,4,3,true,0,0,0,1,1,100,2026-04-22,0,0,,A,"contenido diferencial — longitud, material y/o técnica presentes"
paraguas-trendy-poliester-27-7764,Paraguas Trendy Poliester 27,Paraguas,341,4,3,true,1,2,1,3,1,100,2026-05-31,0,0,,A,"contenido diferencial — longitud, material y/o técnica presentes"
mini-paraguas-lloyd-21-8658-3868,Mini Paraguas Lloyd 21,Paraguas,317,4,3,true,0,0,1,1,1,100,2026-04-22,0,0,,A,"contenido diferencial — longitud, material y/o técnica presentes"
paraguas-galtem-27-8652,Paraguas Galtem 27,Paraguas,356,4,3,true,0,0,0,1,1,100,2026-04-22,0,0,,A,"contenido diferencial — longitud, material y/o técnica presentes"
paraguas-27-9218,Paraguas 27,Paraguas,327,4,3,true,0,0,1,1,1,100,2026-05-31,0,0,,A,"contenido diferencial — longitud, material y/o técnica presentes"
paraguas-23-9217,Paraguas 23,Paraguas,352,4,3,true,0,0,1,2,1,100,2026-05-31,0,0,,A,"contenido diferencial — longitud, material y/o técnica presentes"
mini-paraguas-biondi-21-8911-3873,Mini Paraguas Biondi 21,Paraguas,353,4,3,true,0,0,1,3,1,100,2026-04-22,0,0,,A,"contenido diferencial — longitud, material y/o técnica presentes"
paraguas-kenny-215-8909-3874,Paraguas Kenny 21.5,Paraguas,342,4,3,true,0,0,1,1,1,100,2026-04-22,0,0,,A,"contenido diferencial — longitud, material y/o técnica presentes"
paraguas-president-30-9381,Paraguas President 30,Paraguas,366,4,3,true,0,0,1,3,1,100,2026-04-22,0,0,,A,"contenido diferencial — longitud, material y/o técnica presentes"
mini-paraguas-maverick-21-9426-3878,Mini Paraguas Maverick 21,Paraguas,334,4,3,true,0,0,0,1,1,100,2026-04-22,0,0,,A,"contenido diferencial — longitud, material y/o técnica presentes"
set-manicure-rpet-10387,Set Manicure Rpet,Cuidado Personal,339,4,3,true,1,0,1,1,1,100,2026-05-31,0,0,,A,"contenido diferencial — longitud, material y/o técnica presentes"
set-de-brochas-cayden-10384,Set de Brochas Cayden,Cuidado Personal,370,4,3,true,0,0,0,1,1,100,2026-04-22,0,0,,A,"contenido diferencial — longitud, material y/o técnica presentes"
bolsa-termica-600ml-10358,Bolsa Térmica 600ml,Cuidado Personal,339,4,3,true,0,0,1,3,1,100,2026-04-22,1,0,8,A,"contenido diferencial — longitud, material y/o técnica presentes"
metro-para-medicion-de-altura-10540,Metro Para Medición de Altura,Cuidado Personal,367,4,3,true,0,0,1,1,1,100,2026-04-22,2,0,10,A,"contenido diferencial — longitud, material y/o técnica presentes"
set-manicure-evelyn-10316,Set Manicure Evelyn,Cuidado Personal,325,4,3,true,0,0,1,1,1,100,2026-05-31,1,0,12,A,"contenido diferencial — longitud, material y/o técnica presentes"
set-facial-wood-spa-13169,Set Facial Wood Spa,Cuidado Personal,349,4,3,true,1,0,1,0,1,100,2026-05-31,0,0,,A,"contenido diferencial — longitud, material y/o técnica presentes"
mug-metalico-mini-chester-400-ml-13592,Mug Metálico Mini Chester 400 ml,Novedades,330,4,3,true,2,0,3,2,1,100,2026-05-31,0,0,,A,"contenido diferencial — longitud, material y/o técnica presentes"
llavero-linterna-space-nuevo-13595,Llavero Linterna Space,Iluminación,331,4,3,true,0,1,1,1,1,100,2026-05-31,0,0,,A,"contenido diferencial — longitud, material y/o técnica presentes"
balon-de-futbol-no5-delko-9427,Balón de Fútbol No.5 Delko,Deportes,329,4,3,true,1,1,1,3,1,100,2026-05-31,0,0,,A,"contenido diferencial — longitud, material y/o técnica presentes"
borrador-school-ii-13604,Borrador School ii,Novedades,283,4,3,true,0,0,1,3,1,100,2026-05-31,0,0,,A,"contenido diferencial — longitud, material y/o técnica presentes"
bolsa-en-algodon-ecotote-13596,Bolsa en Algodón Ecotote,Novedades,327,4,3,true,1,2,1,2,1,100,2026-05-31,0,0,,A,"contenido diferencial — longitud, material y/o técnica presentes"
bolsa-en-algodon-ecopack-13597,Bolsa en Algodón Ecopack,Novedades,370,4,3,true,1,1,2,1,1,100,2026-05-31,0,0,,A,"contenido diferencial — longitud, material y/o técnica presentes"
dispensador-bolsas-linterna-led-personalizado-ecuador,DISPENSADOR DE BOLSAS MULLER OFERTA,Iluminación,280,0,0,true,0,1,2,5,1,,,0,0,,A,"contenido diferencial — longitud, material y/o técnica presentes"
boligrafo-metalico-personalizado-articulos-promocionales,SKIL OFERTA,Artículos de Escritura,302,0,0,true,2,1,1,5,1,,,0,0,,A,"contenido diferencial — longitud, material y/o técnica presentes"
boligrafo-metalico-personalizado-clas-oferta,CLAS OFERTA,Artículos de Escritura,321,0,0,true,1,0,3,4,1,,,0,0,,A,"contenido diferencial — longitud, material y/o técnica presentes"
cargador-inalambrico-lampara-flex-personalizado,CARGADOR INALAMBRICO CON LAMPARA FLEX,Iluminación,306,0,0,true,0,0,1,4,1,,,0,0,,A,"contenido diferencial — longitud, material y/o técnica presentes"
llavero-personalizado-touch-free-ml386-ecuador,LLAVERO MULTIUSOS METALICO TOUCH FREE ML-386 - OFERTA,Llaveros,309,0,0,true,1,0,3,3,1,,,0,0,,A,"contenido diferencial — longitud, material y/o técnica presentes"
boligrafos-promocionales-lipsy-personalizado,LIPSY OFERTA,Artículos de Escritura,282,0,0,true,1,1,2,6,1,,,0,0,,A,"contenido diferencial — longitud, material y/o técnica presentes"
boligrafo-infinity-2-1-promocional,BOLIGRAFO INFINITY 2-1 OFERTA,Artículos de Escritura,310,0,0,true,1,1,3,4,1,,,0,0,,A,"contenido diferencial — longitud, material y/o técnica presentes"
botilito-plastico-reciclado-600ml-personalizado,BOTILITO PLÁSTICO CLEMEN RPET 600ML,Ecología,270,0,0,true,1,1,2,6,1,,,0,0,,A,"contenido diferencial — longitud, material y/o técnica presentes"
boligrafo-ventura-spray-antibacteriano-oferta,BOLIGRAFO VENTURA SPRAY ANTIBACTERIANO OFERTA,Artículos de Escritura,281,0,0,true,1,1,1,4,1,,,0,0,,A,"contenido diferencial — longitud, material y/o técnica presentes"
reloj-wall-bamboo-personalizado,RELOJ WALL BAMBOO,Ecología,293,0,0,true,1,0,1,5,1,,,0,0,,A,"contenido diferencial — longitud, material y/o técnica presentes"
organizador-escritorio-bamboo-cargador-inalambrico,ORGANIZADOR DE ESCRITORIO BAMBOO CON CARGADOR OFERTA,Ecología,306,0,0,true,1,0,2,4,1,,,0,0,,A,"contenido diferencial — longitud, material y/o técnica presentes"
set-herramientas-personalizados-luz-car,SET DE DESTORNILLADORES CON LUZ CAR OFERTA,Herramientas,288,0,0,true,0,1,3,5,1,,,0,0,,B,"lenguaje promocional genérico predominante, sin dato diferencial"
boligrafos-metalicos-personalizados-articulos-promocionales,DICKENS METALICO OFERTA,Artículos de Escritura,319,0,0,true,1,1,1,4,1,,,0,0,,A,"contenido diferencial — longitud, material y/o técnica presentes"
vaso-personalizado-450ml-plastico-doble-pared,MUG PLASTICO PACIFIC 450ML OFERTA,Mugs y Termos,276,0,0,true,1,1,1,6,1,,,0,0,,A,"contenido diferencial — longitud, material y/o técnica presentes"
botilito-plastico-personalizado-650ml,BOTILITO PLASTICO SANTINO 650ML OFERTA,Mugs y Termos,290,0,0,true,1,1,1,3,1,,,0,0,,A,"contenido diferencial — longitud, material y/o técnica presentes"
portatarjetas-personalizado-ml-275,PORTATARJETAS ML-275 - OFERTA,Master Line,300,0,0,true,0,0,3,4,1,,,0,0,,B,"lenguaje promocional genérico predominante, sin dato diferencial"
portapapel-personalizado-master-line,PORTAPAPEL CAR - OFERTA,Master Line,263,0,0,true,1,1,2,6,1,,,0,0,,A,"contenido diferencial — longitud, material y/o técnica presentes"
bolsa-plegable-paraguas-hansel-ecuador,BOLSA PLEGABLE PARA PARAGUAS HANSEL - OFERTA,Maletines,312,0,0,true,1,0,2,6,1,,,0,0,,A,"contenido diferencial — longitud, material y/o técnica presentes"
botilito-tritan-600ml-personalizado-oferta,BOTILITO EN TRITAN SWAT 600ML - OFERTA,Mugs y Termos,258,0,0,true,1,2,2,6,1,,,0,0,,A,"contenido diferencial — longitud, material y/o técnica presentes"
botilito-plastico-petg-700ml-personalizado,BOTILITO PLASTICO MACK PETG 700ML OFERTA,Mugs y Termos,282,0,0,true,1,1,3,4,1,,,0,0,,A,"contenido diferencial — longitud, material y/o técnica presentes"
morral-backpack-personalizado-ecuador,MORRAL BACKPACK PADRAX OFERTA,Maletines,307,0,0,true,1,2,3,6,1,,,0,0,,A,"contenido diferencial — longitud, material y/o técnica presentes"
maletin-avenue-personalizado,MALETIN AVENUE - OFERTA,Maletines,280,0,0,true,1,1,1,6,1,,,0,0,,A,"contenido diferencial — longitud, material y/o técnica presentes"
botilito-plastico-nomix-petg-750ml-personalizado,BOTILITO PLASTICO NOMIX PETG 750ML - OFERTA,Mugs y Termos,296,0,0,true,2,1,2,6,1,,,0,0,,A,"contenido diferencial — longitud, material y/o técnica presentes"
vaso-personalizado-petg-750ml-ecuador,BOTILITO PLASTICO ALEPY PETG 750ML - OFERTA,Mugs y Termos,317,0,0,true,2,1,2,6,1,,,0,0,,A,"contenido diferencial — longitud, material y/o técnica presentes"
maletin-trolley-bag-norris-personalizado,MALETIN TROLLEY BAG NORRIS OFERTA,Maletines,265,0,0,true,1,0,2,3,1,,,0,0,,A,"contenido diferencial — longitud, material y/o técnica presentes"
cargador-inalambrico-heston-personalizado,CARGADOR INALAMBRICO HESTON,Variedades,282,0,0,true,0,1,2,4,1,,,0,0,,A,"contenido diferencial — longitud, material y/o técnica presentes"
bolsa-metalizada-hologram-personalizada-ecuador,BOLSA METALIZADA HOLOGRAM,Precio Bomba,293,0,0,true,1,1,3,5,1,,,0,0,,A,"contenido diferencial — longitud, material y/o técnica presentes"
llavero-pop-personalizado-silicona,LLAVERO POP,Llaveros,268,0,0,true,2,1,2,6,1,,,0,0,,A,"contenido diferencial — longitud, material y/o técnica presentes"
boligrafo-antiestres-personalizado,BOLIGRAFO AVERT,Antiestrés,292,0,0,true,1,1,2,5,1,,,0,0,,A,"contenido diferencial — longitud, material y/o técnica presentes"
portatarjetas-antiestres-personalizado,PORTATARJETAS POP,Antiestrés,299,0,0,true,1,1,2,5,1,,,0,0,,A,"contenido diferencial — longitud, material y/o técnica presentes"
llaveros-personalizados-antiestres-ball,LLAVERO ANTIESTRES BALL,Llaveros,286,0,0,true,0,1,2,5,1,,,0,0,,A,"contenido diferencial — longitud, material y/o técnica presentes"
pelota-antiestres-personalizada-6-3cm,BOLA ANTIESTRES NEON 6 3CM,Antiestrés,272,0,0,true,0,1,2,6,1,,,0,0,,A,"contenido diferencial — longitud, material y/o técnica presentes"
pelota-antiestres-personalizada-67cm,"BOLA ANTIESTRÉS NEÓN 6,7CM",Antiestrés,273,0,0,true,0,1,3,6,1,,,0,0,,B,"lenguaje promocional genérico predominante, sin dato diferencial"
pelota-antiestres-personalizada-ecuador,BOLA ANTIESTRES TRICOLOR,Antiestrés,272,0,0,true,0,1,2,6,1,,,0,0,,A,"contenido diferencial — longitud, material y/o técnica presentes"
pelota-antiestres-personalizada-ecuador-va-631,GOTA ANTIESTRES,Antiestrés,309,0,0,true,0,1,2,4,1,,,0,0,,A,"contenido diferencial — longitud, material y/o técnica presentes"
pelota-antiestres-personalizada-silicona,BOLA POP IT,Antiestrés,279,0,0,true,1,1,3,6,1,,,0,0,,A,"contenido diferencial — longitud, material y/o técnica presentes"
pelota-antiestres-personalizada-soporte-celular,SOPORTE PARA CELULAR POP IT,Antiestrés,294,0,0,true,1,1,2,4,1,,,0,0,,A,"contenido diferencial — longitud, material y/o técnica presentes"
pelota-antiestres-personalizada-rubber,BOLA ANTIESTRES RUBBER,Antiestrés,291,0,0,true,1,1,2,4,1,,,0,0,,A,"contenido diferencial — longitud, material y/o técnica presentes"
pelota-antistres-personalizada-grip-gyro,GRIP GYRO,Antiestrés,313,0,0,true,0,1,2,4,1,,,0,0,,A,"contenido diferencial — longitud, material y/o técnica presentes"
soporte-moviles-antistres-personalizado,SOPORTE PARA MOVILES ANTIESTRES,Antiestrés,281,0,0,true,0,1,2,6,1,,,0,0,,A,"contenido diferencial — longitud, material y/o técnica presentes"
pelota-antiestres-personalizada,FRISBEE POP,Antiestrés,315,0,0,true,1,1,2,6,1,,,0,0,,A,"contenido diferencial — longitud, material y/o técnica presentes"
camion-antiestres-personalizado,CAMION ANTIESTRES,Antiestrés,331,0,0,true,0,1,2,4,1,,,0,0,,A,"contenido diferencial — longitud, material y/o técnica presentes"
muneco-antiestres-personalizado-clips,JUEGO DESESTRESANTE CON CLIPS,Antiestrés,321,0,0,true,1,1,3,4,1,,,0,0,,A,"contenido diferencial — longitud, material y/o técnica presentes"
pelota-antiestres-personalizada-va-305,CORAZON ANTIESTRES,Antiestrés,281,0,0,true,0,1,2,4,1,,,0,0,,A,"contenido diferencial — longitud, material y/o técnica presentes"
llavero-corcho-personalizado-ecuador,LLAVERO CORCHO - OFERTA,Llaveros,308,0,0,true,0,0,2,5,1,,,0,0,,A,"contenido diferencial — longitud, material y/o técnica presentes"
colgador-botellas-carabinero-personalizado-ecuador,COLGADOR DE BOTELLAS CON CARABINERO - OFERTA,Variedades,287,0,0,true,1,1,2,6,1,,,0,0,,A,"contenido diferencial — longitud, material y/o técnica presentes"
soporte-moviles-ml-382-personalizado,SOPORTE PARA MOVILES ML-382 - OFERTA,Variedades,257,0,0,true,2,0,3,6,1,,,0,0,,A,"contenido diferencial — longitud, material y/o técnica presentes"
usb-soccer-memoria-personalizado-ecuador,PVC MEMORIA USB SOCCER (VER OF-228-CH) OFERTA,Variedades,305,0,0,true,1,1,2,5,1,,,0,0,,A,"contenido diferencial — longitud, material y/o técnica presentes"
dispensador-bolsas-antibacteriano-personalizado,DISPENSADOR DE BOLSAS BONE MATERIAL ANTIBACTERIANO,Antimicrobianos,292,0,0,true,0,1,2,5,1,,,0,0,,A,"contenido diferencial — longitud, material y/o técnica presentes"
set-swiss-peak-deluxe-articulos-promocionales,SET SWISS PEAK DELUXE,Artículos de Escritura,295,0,0,true,1,0,2,6,1,,,0,0,,A,"contenido diferencial — longitud, material y/o técnica presentes"
set-ml-383-ii-personalizado-articulos-promocionales,SET ML-383 II,Artículos de Escritura,298,0,0,true,0,1,2,6,1,,,0,0,,A,"contenido diferencial — longitud, material y/o técnica presentes"
boligrafo-antibacteriano-personalizado-ecuador,BOLIGRAFO VINNIE ANTIBACTERIANO,Antimicrobianos,301,0,0,true,1,0,3,6,1,,,0,0,,A,"contenido diferencial — longitud, material y/o técnica presentes"
boligrafo-big-bang-personalizado-ecuador,BOLÍGRAFO BIG BANG,Artículos de Escritura,311,0,0,true,2,1,3,5,1,,,0,0,,A,"contenido diferencial — longitud, material y/o técnica presentes"
boligrafo-blink-personalizado-articulos-promocionales,BOLIGRAFO BLINK,Artículos de Escritura,327,0,0,true,1,1,3,6,1,,,0,0,,A,"contenido diferencial — longitud, material y/o técnica presentes"
set-boligrafos-vector-promocionales-ecuador,SET DE BOLIGRAFOS VECTOR,Artículos de Escritura,330,0,0,true,1,1,2,5,1,,,0,0,,A,"contenido diferencial — longitud, material y/o técnica presentes"
memoria-usb-boligrafo-king-personalizado,MEMORIA USB BOLIGRAFO KING PRECIO NETO,Artículos de Escritura,291,0,0,true,2,0,2,5,1,,,0,0,,A,"contenido diferencial — longitud, material y/o técnica presentes"
opera-roller-personalizado-ecuador,OPERA ROLLER,Artículos de Escritura,269,0,0,true,1,1,2,5,1,,,0,0,,A,"contenido diferencial — longitud, material y/o técnica presentes"
boligrafo-scroll-personalizado-ecuador,BOLIGRAFO SCROLL,Artículos de Escritura,260,0,0,true,2,2,2,6,1,,,0,0,,A,"contenido diferencial — longitud, material y/o técnica presentes"
set-resaltadores-cera-articulos-promocionales-ecuador,SET DE RESALTADORES DE CERA TRIO,Artículos de Escritura,263,0,0,true,1,1,2,5,1,,,0,0,,A,"contenido diferencial — longitud, material y/o técnica presentes"
boligrafo-ventura-clean-set-articulos-promocionales,Bolígrafo Ventura Clean Set,Artículos de Escritura,263,0,0,true,2,1,2,6,1,,,0,0,,A,"contenido diferencial — longitud, material y/o técnica presentes"
boligrafo-vector-roller-personalizado,BOLIGRAFO VECTOR ROLLER,Artículos de Escritura,271,0,0,true,1,1,2,6,1,,,0,0,,A,"contenido diferencial — longitud, material y/o técnica presentes"
set-resaltador-fingers-ii-eco-personalizado,SET RESALTADOR FINGERS II ECO,Artículos de Escritura,243,0,0,true,0,1,2,5,1,,,0,0,,A,"contenido diferencial — longitud, material y/o técnica presentes"
milla-roller-stylus-articulos-promocionales,MILLA ROLLER STYLUS,Artículos de Escritura,264,0,0,true,1,1,2,5,1,,,0,0,,A,"contenido diferencial — longitud, material y/o técnica presentes"
set-mini-resaltador-tinta-personalizado-ecuador,SET MINI RESALTADOR DE TINTA,Artículos de Escritura,253,0,0,true,1,1,3,6,1,,,0,0,,A,"contenido diferencial — longitud, material y/o técnica presentes"
estuche-aluminio-personalizado-ecuador,ESTUCHE ALUMINIO,Artículos de Escritura,254,0,0,true,0,1,2,6,1,,,0,0,,A,"contenido diferencial — longitud, material y/o técnica presentes"
mop-bicolor-personalizado-articulos-promocionales,MOP BICOLOR,Artículos de Escritura,278,0,0,true,0,1,2,6,1,,,0,0,,A,"contenido diferencial — longitud, material y/o técnica presentes"
set-boligrafo-portaminas-bamboo-personalizado,SET BOLIGRAFO Y PORTAMINAS BAMBOO,Artículos de Escritura,279,0,0,true,3,1,2,5,1,,,0,0,,A,"contenido diferencial — longitud, material y/o técnica presentes"
resaltador-triangulo-eco-articulos-promocionales,RESALTADOR TRIANGULO ECO NUEVO,Artículos de Escritura,252,0,0,true,0,1,2,4,1,,,0,0,,A,"contenido diferencial — longitud, material y/o técnica presentes"
focus-ii-resaltador-cera-articulos-promocionales,FOCUS II RESALTADOR DE CERA,Artículos de Escritura,273,0,0,true,1,1,2,4,1,,,0,0,,A,"contenido diferencial — longitud, material y/o técnica presentes"
boligrafo-sookie-personalizado-articulos-promocionales,Bolígrafo Sookie,Artículos de Escritura,301,0,0,true,1,0,2,5,1,,,0,0,,A,"contenido diferencial — longitud, material y/o técnica presentes"
boligrafo-stylus-personalizado-articulos-promocionales-ecuador,BOLIGRAFO BRINK STYLUS,Artículos de Escritura,241,0,0,true,1,0,3,5,1,,,0,0,,A,"contenido diferencial — longitud, material y/o técnica presentes"
resaltador-relaxy-personalizado-ecuador,RESALTADOR RELAXY,Artículos de Escritura,240,0,0,true,1,1,3,5,1,,,0,0,,A,"contenido diferencial — longitud, material y/o técnica presentes"
kaiser-stylus-bamboo-articulos-promocionales,KAISER STYLUS BAMBOO,Artículos de Escritura,287,0,0,true,1,1,1,5,1,,,0,0,,A,"contenido diferencial — longitud, material y/o técnica presentes"
boligrafo-bamboo-articulos-promocionales-ecuador,BOLÍGRAFO DORMIN BAMBOO,Artículos de Escritura,254,0,0,true,1,1,3,5,1,,,0,0,,A,"contenido diferencial — longitud, material y/o técnica presentes"
resaltador-fiona-articulos-promocionales-ecuador,RESALTADOR DE CERA FIONA,Artículos de Escritura,251,0,0,true,0,1,3,5,1,,,0,0,,B,"lenguaje promocional genérico predominante, sin dato diferencial"
boligrafo-tempo-personalizado,Bolígrafo Tempo,Artículos de Escritura,284,0,0,true,1,0,2,3,1,,,0,0,,A,"contenido diferencial — longitud, material y/o técnica presentes"
aston-stylus-metalico-articulos-promocionales,ASTON STYLUS METALICO,Artículos de Escritura,263,0,0,true,1,1,1,6,1,,,0,0,,A,"contenido diferencial — longitud, material y/o técnica presentes"
advant-2-1-resaltador-tinta-articulos-promocionales,ADVANT 2-1 RESALTADOR DE TINTA,Artículos de Escritura,262,0,0,true,0,1,2,6,1,,,0,0,,A,"contenido diferencial — longitud, material y/o técnica presentes"
estuche-carton-personalizado-ecuador,ESTUCHE CARTON - PRODUCCION NACIONAL,Artículos de Escritura,263,0,0,true,0,1,2,5,1,,,0,0,,A,"contenido diferencial — longitud, material y/o técnica presentes"
boligrafo-pebble-personalizado-ecuador,BOLÍGRAFO PEBBLE,Artículos de Escritura,290,0,0,true,2,1,2,5,1,,,0,0,,A,"contenido diferencial — longitud, material y/o técnica presentes"
marcador-borrable-personalizado-ecuador,MARCADOR BORRABLE,Artículos de Escritura,258,0,0,true,1,1,3,6,1,,,0,0,,A,"contenido diferencial — longitud, material y/o técnica presentes"
boligrafo-skip-personalizado-articulos-promocionales,Bolígrafo SKIP,Artículos de Escritura,269,0,0,true,3,1,3,5,1,,,0,0,,A,"contenido diferencial — longitud, material y/o técnica presentes"
boligrafo-jovi-eco-personalizado,BOLIGRAFO JOVI ECO,Artículos de Escritura,261,0,0,true,1,1,2,4,1,,,0,0,,A,"contenido diferencial — longitud, material y/o técnica presentes"
boligrafos-eco-pet-personalizados-articulos-promocionales,ECO PET,Artículos de Escritura,242,0,0,true,1,1,1,5,1,,,0,0,,A,"contenido diferencial — longitud, material y/o técnica presentes"
boligrafo-jovi-metalizado-personalizado-articulos-promocionales,BOLIGRAFO JOVI METALIZADO,Artículos de Escritura,246,0,0,true,2,1,2,6,1,,,0,0,,A,"contenido diferencial — longitud, material y/o técnica presentes"
boligrafo-lepper-personalizado,BOLIGRAFO LEPPER,Artículos de Escritura,261,0,0,true,1,1,2,6,1,,,0,0,,A,"contenido diferencial — longitud, material y/o técnica presentes"
ventura-eco-stylus-articulos-promocionales-ecuador,VENTURA ECO STYLUS,Artículos de Escritura,312,0,0,true,2,1,2,6,1,,,0,0,,A,"contenido diferencial — longitud, material y/o técnica presentes"
boligrafo-summit-eco-bamboo-personalizado,BOLÍGRAFO SUMMIT ECO BAMBOO,Artículos de Escritura,240,0,0,true,2,1,3,6,1,,,0,0,,A,"contenido diferencial — longitud, material y/o técnica presentes"
lapiz-infinito-gemini-personalizado,LÁPIZ INFINITO GEMINI,Artículos de Escritura,264,0,0,true,0,1,2,6,1,,,0,0,,A,"contenido diferencial — longitud, material y/o técnica presentes"
