url,type,real_date_field,real_date_value,current_sitemap_source,is_real,recommended_action
/productos/organizador-multiusos-link-nuevo-13536/,producto,last_ai_update,2026-04-20,"campo real (last_ai_update, sin usar hoy en sitemap.ts)",true,usar last_ai_update en sitemap.ts
/productos/candado-de-clave-tsa-nuevo-13537/,producto,last_ai_update,2026-04-20,"campo real (last_ai_update, sin usar hoy en sitemap.ts)",true,usar last_ai_update en sitemap.ts
/productos/banda-elastica-gym-nuevo-13538/,producto,last_ai_update,2026-04-20,"campo real (last_ai_update, sin usar hoy en sitemap.ts)",true,usar last_ai_update en sitemap.ts
/productos/paraguas-kahlo-23-nuevo-13532/,producto,last_ai_update,2026-04-20,"campo real (last_ai_update, sin usar hoy en sitemap.ts)",true,usar last_ai_update en sitemap.ts
/productos/rastreador-chili-card-nuevo-13533/,producto,ninguno,,BUILD_DATE (fallback compartido),false,omitir lastmod (sin dato real)
/productos/mug-plastico-stash-500-ml-nuevo-13534/,producto,last_ai_update,2026-04-20,"campo real (last_ai_update, sin usar hoy en sitemap.ts)",true,usar last_ai_update en sitemap.ts
/productos/sticky-set-truck-nuevo-13280/,producto,last_ai_update,2026-04-20,"campo real (last_ai_update, sin usar hoy en sitemap.ts)",true,usar last_ai_update en sitemap.ts
/productos/audifonos-bluetooth-earshots-boompods-oferta-10589/,producto,last_ai_update,2026-04-22,"campo real (last_ai_update, sin usar hoy en sitemap.ts)",true,usar last_ai_update en sitemap.ts
/productos/audifonos-bluetooth-bassline-go-boompods-10590/,producto,last_ai_update,2026-04-20,"campo real (last_ai_update, sin usar hoy en sitemap.ts)",true,usar last_ai_update en sitemap.ts
/productos/speaker-bluetooth-zero-boompods-10591/,producto,ninguno,,BUILD_DATE (fallback compartido),false,omitir lastmod (sin dato real)
/productos/termo-metalico-calypso-chili-500ml-9781/,producto,last_ai_update,2026-07-10,"campo real (last_ai_update, sin usar hoy en sitemap.ts)",true,usar last_ai_update en sitemap.ts
/productos/botilito-en-vidrio-calypso-chili-750ml-10653/,producto,last_ai_update,2026-07-10,"campo real (last_ai_update, sin usar hoy en sitemap.ts)",true,usar last_ai_update en sitemap.ts
/productos/morral-backpack-master-ocean-10668/,producto,ninguno,,BUILD_DATE (fallback compartido),false,omitir lastmod (sin dato real)
/productos/maletin-master-ocean-10669/,producto,last_ai_update,2026-04-20,"campo real (last_ai_update, sin usar hoy en sitemap.ts)",true,usar last_ai_update en sitemap.ts
/productos/canguro-master-ocean-10670/,producto,last_ai_update,2026-04-22,"campo real (last_ai_update, sin usar hoy en sitemap.ts)",true,usar last_ai_update en sitemap.ts
/productos/organizador-de-viaje-master-ocean-10959/,producto,ninguno,,BUILD_DATE (fallback compartido),false,omitir lastmod (sin dato real)
/productos/morral-backpack-compacto-master-ocean-10961/,producto,ninguno,,BUILD_DATE (fallback compartido),false,omitir lastmod (sin dato real)
/productos/canguro-compacto-master-ocean-10962/,producto,last_ai_update,2026-04-20,"campo real (last_ai_update, sin usar hoy en sitemap.ts)",true,usar last_ai_update en sitemap.ts
/productos/morral-backpack-antirrobo-chili-9834/,producto,ninguno,,BUILD_DATE (fallback compartido),false,omitir lastmod (sin dato real)
/productos/boligrafo-metalico-shell-oferta-7326/,producto,ninguno,,BUILD_DATE (fallback compartido),false,omitir lastmod (sin dato real)
/productos/skil-oferta-8592/,producto,last_ai_update,2026-04-20,"campo real (last_ai_update, sin usar hoy en sitemap.ts)",true,usar last_ai_update en sitemap.ts
/productos/espejo-cork-ii-10689/,producto,last_ai_update,2026-04-22,"campo real (last_ai_update, sin usar hoy en sitemap.ts)",true,usar last_ai_update en sitemap.ts
/productos/portaboligrafos-lumi-rpet-10811/,producto,ninguno,,BUILD_DATE (fallback compartido),false,omitir lastmod (sin dato real)
/productos/speaker-bluetooth-clock-eco-10835/,producto,ninguno,,BUILD_DATE (fallback compartido),false,omitir lastmod (sin dato real)
/productos/puerto-usb-massimo-bamboo-10813/,producto,ninguno,,BUILD_DATE (fallback compartido),false,omitir lastmod (sin dato real)
/productos/set-de-colores-figgy-10697/,producto,last_ai_update,2026-04-20,"campo real (last_ai_update, sin usar hoy en sitemap.ts)",true,usar last_ai_update en sitemap.ts
/productos/mini-set-de-colores-baby-10698/,producto,last_ai_update,2026-04-20,"campo real (last_ai_update, sin usar hoy en sitemap.ts)",true,usar last_ai_update en sitemap.ts
/productos/bolsa-en-cambrel-baxter-5260/,producto,last_ai_update,2026-04-20,"campo real (last_ai_update, sin usar hoy en sitemap.ts)",true,usar last_ai_update en sitemap.ts
/productos/bolsa-en-yute-wine-oferta-5437/,producto,last_ai_update,2026-04-22,"campo real (last_ai_update, sin usar hoy en sitemap.ts)",true,usar last_ai_update en sitemap.ts
/productos/boligrafo-mop-like-stylus-10030/,producto,last_ai_update,2026-04-20,"campo real (last_ai_update, sin usar hoy en sitemap.ts)",true,usar last_ai_update en sitemap.ts
/productos/mop-medic-stylus-7344/,producto,last_ai_update,2026-05-31,"campo real (last_ai_update, sin usar hoy en sitemap.ts)",true,usar last_ai_update en sitemap.ts
/productos/mop-stylus-7345/,producto,ninguno,,BUILD_DATE (fallback compartido),false,omitir lastmod (sin dato real)
/productos/mop-bicolor-8947/,producto,last_ai_update,2026-04-20,"campo real (last_ai_update, sin usar hoy en sitemap.ts)",true,usar last_ai_update en sitemap.ts
/productos/mini-paraguas-brenna-19-10673/,producto,ninguno,,BUILD_DATE (fallback compartido),false,omitir lastmod (sin dato real)
/productos/mini-paraguas-strap-21-6201/,producto,ninguno,,BUILD_DATE (fallback compartido),false,omitir lastmod (sin dato real)
/productos/paraguas-brook-27-6369/,producto,ninguno,,BUILD_DATE (fallback compartido),false,omitir lastmod (sin dato real)
/productos/paraguas-golf-ii-30-1083/,producto,last_ai_update,2026-04-20,"campo real (last_ai_update, sin usar hoy en sitemap.ts)",true,usar last_ai_update en sitemap.ts
/productos/paraguas-golf-redondo-27-1889/,producto,last_ai_update,2026-04-22,"campo real (last_ai_update, sin usar hoy en sitemap.ts)",true,usar last_ai_update en sitemap.ts
/productos/paraguas-profesional-en-fibra-de-vidrio-30-2145/,producto,ninguno,,BUILD_DATE (fallback compartido),false,omitir lastmod (sin dato real)
/productos/mini-paraguas-hansel-21-6868/,producto,ninguno,,BUILD_DATE (fallback compartido),false,omitir lastmod (sin dato real)
/productos/paraguas-freerain-23-7627/,producto,last_ai_update,2026-04-20,"campo real (last_ai_update, sin usar hoy en sitemap.ts)",true,usar last_ai_update en sitemap.ts
/productos/paraguas-fiori-23-7515/,producto,last_ai_update,2026-04-20,"campo real (last_ai_update, sin usar hoy en sitemap.ts)",true,usar last_ai_update en sitemap.ts
/productos/vaso-cervecero-300ml-oferta-4813/,producto,last_ai_update,2026-07-10,"campo real (last_ai_update, sin usar hoy en sitemap.ts)",true,usar last_ai_update en sitemap.ts
/productos/set-de-viaje-swiss-peak-travel-10611/,producto,ninguno,,BUILD_DATE (fallback compartido),false,omitir lastmod (sin dato real)
/productos/funda-portalaptop-swiss-peak-10612/,producto,ninguno,,BUILD_DATE (fallback compartido),false,omitir lastmod (sin dato real)
/productos/portadocumentos-heritage-swiss-peak-11110/,producto,ninguno,,BUILD_DATE (fallback compartido),false,omitir lastmod (sin dato real)
/productos/organizador-swiss-peak-office-oferta-10177/,producto,ninguno,,BUILD_DATE (fallback compartido),false,omitir lastmod (sin dato real)
/productos/organizador-de-viaje-swiss-peak-rpet-10181/,producto,last_ai_update,2026-04-20,"campo real (last_ai_update, sin usar hoy en sitemap.ts)",true,usar last_ai_update en sitemap.ts
/productos/portadocumentos-de-viaje-swiss-peak-6267/,producto,ninguno,,BUILD_DATE (fallback compartido),false,omitir lastmod (sin dato real)
/productos/set-de-portatarjetas-y-boligrafos-swiss-peak-8584/,producto,last_ai_update,2026-04-20,"campo real (last_ai_update, sin usar hoy en sitemap.ts)",true,usar last_ai_update en sitemap.ts
/productos/speaker-bluetooth-bass-swiss-peak-8933/,producto,ninguno,,BUILD_DATE (fallback compartido),false,omitir lastmod (sin dato real)
/productos/set-de-boligrafos-swiss-peak-luzern-8942/,producto,ninguno,,BUILD_DATE (fallback compartido),false,omitir lastmod (sin dato real)
/productos/set-de-boligrafo-y-libreta-swiss-peak-lux-9568/,producto,last_ai_update,2026-04-20,"campo real (last_ai_update, sin usar hoy en sitemap.ts)",true,usar last_ai_update en sitemap.ts
/productos/maletin-portadocumentos-urban-travel-7606/,producto,ninguno,,BUILD_DATE (fallback compartido),false,omitir lastmod (sin dato real)
/productos/trolley-morral-backpack-urban-travel-7609/,producto,ninguno,,BUILD_DATE (fallback compartido),false,omitir lastmod (sin dato real)
/productos/chaqueta-urban-travel-wear-8155/,producto,last_ai_update,2026-04-20,"campo real (last_ai_update, sin usar hoy en sitemap.ts)",true,usar last_ai_update en sitemap.ts
/productos/portapasaporte-vester-urban-travel-8174/,producto,ninguno,,BUILD_DATE (fallback compartido),false,omitir lastmod (sin dato real)
/productos/morral-backpack-mangini-urban-travel-9220/,producto,ninguno,,BUILD_DATE (fallback compartido),false,omitir lastmod (sin dato real)
/productos/morral-backpack-king-urban-travel-9599/,producto,ninguno,,BUILD_DATE (fallback compartido),false,omitir lastmod (sin dato real)
/productos/gorra-sport-en-microfibra-urban-travel-10600/,producto,last_ai_update,2026-04-22,"campo real (last_ai_update, sin usar hoy en sitemap.ts)",true,usar last_ai_update en sitemap.ts
/productos/gorra-brixton-urban-travel-10601/,producto,last_ai_update,2026-04-22,"campo real (last_ai_update, sin usar hoy en sitemap.ts)",true,usar last_ai_update en sitemap.ts
/productos/gorra-mesh-urban-travel-10602/,producto,last_ai_update,2026-04-20,"campo real (last_ai_update, sin usar hoy en sitemap.ts)",true,usar last_ai_update en sitemap.ts
/productos/bajalenguas-plastico-produccion-nacional-7955/,producto,last_ai_update,2026-04-21,"campo real (last_ai_update, sin usar hoy en sitemap.ts)",true,usar last_ai_update en sitemap.ts
/productos/set-de-cubiertos-lunch-produccion-nacional-9617/,producto,last_ai_update,2026-04-20,"campo real (last_ai_update, sin usar hoy en sitemap.ts)",true,usar last_ai_update en sitemap.ts
/productos/mug-plastico-osiris-360ml-produccion-nacional-8051/,producto,last_ai_update,2026-04-22,"campo real (last_ai_update, sin usar hoy en sitemap.ts)",true,usar last_ai_update en sitemap.ts
/productos/mug-plastico-newport-480ml-produccion-nacional-9030/,producto,last_ai_update,2026-04-20,"campo real (last_ai_update, sin usar hoy en sitemap.ts)",true,usar last_ai_update en sitemap.ts
/productos/vaso-doble-pared-de-seguridad-450ml-prod-nacional-9618/,producto,last_ai_update,2026-07-10,"campo real (last_ai_update, sin usar hoy en sitemap.ts)",true,usar last_ai_update en sitemap.ts
/productos/mug-plastico-morgan-300ml-produccion-nacional-10202/,producto,last_ai_update,2026-04-20,"campo real (last_ai_update, sin usar hoy en sitemap.ts)",true,usar last_ai_update en sitemap.ts
/productos/mug-plastico-orbit-12oz-produccion-nacional-5889/,producto,last_ai_update,2026-04-21,"campo real (last_ai_update, sin usar hoy en sitemap.ts)",true,usar last_ai_update en sitemap.ts
/productos/mug-plastico-shaker-14-oz-produccion-nacional-6809/,producto,last_ai_update,2026-04-20,"campo real (last_ai_update, sin usar hoy en sitemap.ts)",true,usar last_ai_update en sitemap.ts
/productos/vaso-glitter-produccion-nacional-3277/,producto,last_ai_update,2026-07-10,"campo real (last_ai_update, sin usar hoy en sitemap.ts)",true,usar last_ai_update en sitemap.ts
/productos/vaso-arrow-produccion-nacional-3267/,producto,last_ai_update,2026-07-10,"campo real (last_ai_update, sin usar hoy en sitemap.ts)",true,usar last_ai_update en sitemap.ts
/productos/portacomida-sencillo-con-cubiertos-produccion-nacional-5389/,producto,ninguno,,BUILD_DATE (fallback compartido),false,omitir lastmod (sin dato real)
/productos/estuche-multiusos-space-produccion-nacional-9620/,producto,last_ai_update,2026-04-20,"campo real (last_ai_update, sin usar hoy en sitemap.ts)",true,usar last_ai_update en sitemap.ts
/productos/set-de-vino-bonard-9752/,producto,last_ai_update,2026-04-20,"campo real (last_ai_update, sin usar hoy en sitemap.ts)",true,usar last_ai_update en sitemap.ts
/productos/morral-backpack-bobby-edge-10762/,producto,ninguno,,BUILD_DATE (fallback compartido),false,omitir lastmod (sin dato real)
/productos/morral-backpack-bizz-20-10763/,producto,ninguno,,BUILD_DATE (fallback compartido),false,omitir lastmod (sin dato real)
/productos/morral-backpack-soft-pack-10764/,producto,ninguno,,BUILD_DATE (fallback compartido),false,omitir lastmod (sin dato real)
/productos/morral-backpack-antirrobo-bobby-soft-9831/,producto,ninguno,,BUILD_DATE (fallback compartido),false,omitir lastmod (sin dato real)
/productos/funda-portalaptop-impact-rpet-10004/,producto,last_ai_update,2026-04-20,"campo real (last_ai_update, sin usar hoy en sitemap.ts)",true,usar last_ai_update en sitemap.ts
/productos/organizador-para-bicicleta-reflect-10178/,producto,last_ai_update,2026-04-22,"campo real (last_ai_update, sin usar hoy en sitemap.ts)",true,usar last_ai_update en sitemap.ts
/productos/morral-backpack-reflect-10179/,producto,last_ai_update,2026-04-22,"campo real (last_ai_update, sin usar hoy en sitemap.ts)",true,usar last_ai_update en sitemap.ts
/productos/morral-backpack-flex-gym-10176/,producto,ninguno,,BUILD_DATE (fallback compartido),false,omitir lastmod (sin dato real)
/productos/organizador-de-viaje-florida-6265/,producto,ninguno,,BUILD_DATE (fallback compartido),false,omitir lastmod (sin dato real)
/productos/set-de-lapices-black-10995/,producto,last_ai_update,2026-04-20,"campo real (last_ai_update, sin usar hoy en sitemap.ts)",true,usar last_ai_update en sitemap.ts
/productos/reloj-de-agua-power-10828/,producto,last_ai_update,2026-04-20,"campo real (last_ai_update, sin usar hoy en sitemap.ts)",true,usar last_ai_update en sitemap.ts
/productos/reloj-digital-utopus-11124/,producto,last_ai_update,2026-04-20,"campo real (last_ai_update, sin usar hoy en sitemap.ts)",true,usar last_ai_update en sitemap.ts
/productos/set-de-crayolas-infant-10695/,producto,last_ai_update,2026-04-20,"campo real (last_ai_update, sin usar hoy en sitemap.ts)",true,usar last_ai_update en sitemap.ts
/productos/ventilador-spray-10923/,producto,last_ai_update,2026-04-20,"campo real (last_ai_update, sin usar hoy en sitemap.ts)",true,usar last_ai_update en sitemap.ts
/productos/bola-para-mascotas-10979/,producto,ninguno,,BUILD_DATE (fallback compartido),false,omitir lastmod (sin dato real)
/productos/set-limpiador-7-en-1-10980/,producto,last_ai_update,2026-04-20,"campo real (last_ai_update, sin usar hoy en sitemap.ts)",true,usar last_ai_update en sitemap.ts
/productos/advant-2-1-resaltador-de-tinta-2551/,producto,last_ai_update,2026-04-20,"campo real (last_ai_update, sin usar hoy en sitemap.ts)",true,usar last_ai_update en sitemap.ts
/productos/advant-2-1-resaltador-cera-6609/,producto,ninguno,,BUILD_DATE (fallback compartido),false,omitir lastmod (sin dato real)
/productos/focus-ii-resaltador-de-cera-6368/,producto,ninguno,,BUILD_DATE (fallback compartido),false,omitir lastmod (sin dato real)
/productos/ventura-resaltador-cera-5709/,producto,ninguno,,BUILD_DATE (fallback compartido),false,omitir lastmod (sin dato real)
/productos/pascal-stylus-neon-4-1-7929/,producto,last_ai_update,2026-04-22,"campo real (last_ai_update, sin usar hoy en sitemap.ts)",true,usar last_ai_update en sitemap.ts
/productos/royce-neon-3-1-oferta-8575/,producto,ninguno,,BUILD_DATE (fallback compartido),false,omitir lastmod (sin dato real)
/productos/boligrafo-carson-3-1-10497/,producto,last_ai_update,2026-04-22,"campo real (last_ai_update, sin usar hoy en sitemap.ts)",true,usar last_ai_update en sitemap.ts
/productos/resaltador-winston-10496/,producto,last_ai_update,2026-04-20,"campo real (last_ai_update, sin usar hoy en sitemap.ts)",true,usar last_ai_update en sitemap.ts
/productos/sticky-set-floppy-6184/,producto,last_ai_update,2026-04-20,"campo real (last_ai_update, sin usar hoy en sitemap.ts)",true,usar last_ai_update en sitemap.ts
/productos/sticky-set-eco-3377/,producto,last_ai_update,2026-04-20,"campo real (last_ai_update, sin usar hoy en sitemap.ts)",true,usar last_ai_update en sitemap.ts
/productos/sticky-set-leader-eco-3382/,producto,last_ai_update,2026-04-20,"campo real (last_ai_update, sin usar hoy en sitemap.ts)",true,usar last_ai_update en sitemap.ts
/productos/libreta-con-boligrafo-recycle-eco-3384/,producto,last_ai_update,2026-04-22,"campo real (last_ai_update, sin usar hoy en sitemap.ts)",true,usar last_ai_update en sitemap.ts
/productos/libreta-con-boligrafo-gulliver-eco-4036/,producto,last_ai_update,2026-04-20,"campo real (last_ai_update, sin usar hoy en sitemap.ts)",true,usar last_ai_update en sitemap.ts
/productos/libreta-woody-ecologica-produccion-nacional-5493/,producto,ninguno,,BUILD_DATE (fallback compartido),false,omitir lastmod (sin dato real)
/productos/mini-libreta-con-boligrafo-tavish-8668/,producto,last_ai_update,2026-04-22,"campo real (last_ai_update, sin usar hoy en sitemap.ts)",true,usar last_ai_update en sitemap.ts
/productos/memo-sticky-set-ring-8820/,producto,last_ai_update,2026-04-22,"campo real (last_ai_update, sin usar hoy en sitemap.ts)",true,usar last_ai_update en sitemap.ts
/productos/mini-libreta-cork-9110/,producto,last_ai_update,2026-04-20,"campo real (last_ai_update, sin usar hoy en sitemap.ts)",true,usar last_ai_update en sitemap.ts
/productos/libreta-cork-9111/,producto,ninguno,,BUILD_DATE (fallback compartido),false,omitir lastmod (sin dato real)
/productos/set-de-escritorio-cotton-10652/,producto,last_ai_update,2026-04-22,"campo real (last_ai_update, sin usar hoy en sitemap.ts)",true,usar last_ai_update en sitemap.ts
/productos/estuche-carton-produccion-nacional-6045/,producto,last_ai_update,2026-04-22,"campo real (last_ai_update, sin usar hoy en sitemap.ts)",true,usar last_ai_update en sitemap.ts
/productos/estuche-aluminio-1061/,producto,ninguno,,BUILD_DATE (fallback compartido),false,omitir lastmod (sin dato real)
/productos/set-elegance-boligrafo-y-portaminas-7356/,producto,ninguno,,BUILD_DATE (fallback compartido),false,omitir lastmod (sin dato real)
/productos/set-escolar-college-produccion-nacional-9392/,producto,last_ai_update,2026-04-22,"campo real (last_ai_update, sin usar hoy en sitemap.ts)",true,usar last_ai_update en sitemap.ts
/productos/estuche-ariston-9242/,producto,ninguno,,BUILD_DATE (fallback compartido),false,omitir lastmod (sin dato real)
/productos/set-de-trigo-eco-9679/,producto,last_ai_update,2026-04-20,"campo real (last_ai_update, sin usar hoy en sitemap.ts)",true,usar last_ai_update en sitemap.ts
/productos/lapiz-eco-3684/,producto,last_ai_update,2026-04-22,"campo real (last_ai_update, sin usar hoy en sitemap.ts)",true,usar last_ai_update en sitemap.ts
/productos/lapiz-neon-153/,producto,last_ai_update,2026-04-20,"campo real (last_ai_update, sin usar hoy en sitemap.ts)",true,usar last_ai_update en sitemap.ts
/productos/lapiz-metallic-oferta-8507/,producto,ninguno,,BUILD_DATE (fallback compartido),false,omitir lastmod (sin dato real)
/productos/lapiz-infinity-eco-9841/,producto,ninguno,,BUILD_DATE (fallback compartido),false,omitir lastmod (sin dato real)
/productos/ventura-bamboo-infinity-9918/,producto,last_ai_update,2026-04-20,"campo real (last_ai_update, sin usar hoy en sitemap.ts)",true,usar last_ai_update en sitemap.ts
/productos/set-de-boligrafos-flock-oferta-10040/,producto,last_ai_update,2026-04-20,"campo real (last_ai_update, sin usar hoy en sitemap.ts)",true,usar last_ai_update en sitemap.ts
/productos/lapiz-infinity-con-borrador-10254/,producto,last_ai_update,2026-04-22,"campo real (last_ai_update, sin usar hoy en sitemap.ts)",true,usar last_ai_update en sitemap.ts
/productos/portanotas-yakari-oferta-9890/,producto,last_ai_update,2026-04-21,"campo real (last_ai_update, sin usar hoy en sitemap.ts)",true,usar last_ai_update en sitemap.ts
/productos/lapiz-eco-natural-13205/,producto,last_ai_update,2026-04-20,"campo real (last_ai_update, sin usar hoy en sitemap.ts)",true,usar last_ai_update en sitemap.ts
/productos/llavero-linterna-carabinero-7425/,producto,last_ai_update,2026-04-22,"campo real (last_ai_update, sin usar hoy en sitemap.ts)",true,usar last_ai_update en sitemap.ts
/productos/llavero-destapador-nash-7432/,producto,last_ai_update,2026-04-20,"campo real (last_ai_update, sin usar hoy en sitemap.ts)",true,usar last_ai_update en sitemap.ts
/productos/llavero-ml-345-7451/,producto,last_ai_update,2026-04-22,"campo real (last_ai_update, sin usar hoy en sitemap.ts)",true,usar last_ai_update en sitemap.ts
/productos/llavero-bici-7781/,producto,last_ai_update,2026-04-20,"campo real (last_ai_update, sin usar hoy en sitemap.ts)",true,usar last_ai_update en sitemap.ts
/productos/llavero-ml-347-7782/,producto,last_ai_update,2026-04-22,"campo real (last_ai_update, sin usar hoy en sitemap.ts)",true,usar last_ai_update en sitemap.ts
/productos/llavero-pito-maxi-7877/,producto,last_ai_update,2026-05-31,"campo real (last_ai_update, sin usar hoy en sitemap.ts)",true,usar last_ai_update en sitemap.ts
/productos/llavero-ml-356-8039/,producto,last_ai_update,2026-04-20,"campo real (last_ai_update, sin usar hoy en sitemap.ts)",true,usar last_ai_update en sitemap.ts
/productos/llavero-ml-367-8532/,producto,last_ai_update,2026-04-20,"campo real (last_ai_update, sin usar hoy en sitemap.ts)",true,usar last_ai_update en sitemap.ts
/productos/set-de-portatarjetas-y-llavero-jack-oferta-8497/,producto,last_ai_update,2026-04-22,"campo real (last_ai_update, sin usar hoy en sitemap.ts)",true,usar last_ai_update en sitemap.ts
/productos/llavero-ml-368-8533/,producto,last_ai_update,2026-04-22,"campo real (last_ai_update, sin usar hoy en sitemap.ts)",true,usar last_ai_update en sitemap.ts
/productos/llavero-destapador-car-9131/,producto,last_ai_update,2026-04-20,"campo real (last_ai_update, sin usar hoy en sitemap.ts)",true,usar last_ai_update en sitemap.ts
/productos/milla-roller-stylus-5848/,producto,ninguno,,BUILD_DATE (fallback compartido),false,omitir lastmod (sin dato real)
/productos/floyd-stylus-5837/,producto,ninguno,,BUILD_DATE (fallback compartido),false,omitir lastmod (sin dato real)
/productos/aston-stylus-metalico-7852/,producto,ninguno,,BUILD_DATE (fallback compartido),false,omitir lastmod (sin dato real)
/productos/memoria-usb-boligrafo-king-precio-neto-5723/,producto,last_ai_update,2026-04-22,"campo real (last_ai_update, sin usar hoy en sitemap.ts)",true,usar last_ai_update en sitemap.ts
/productos/hamond-stylus-8555/,producto,last_ai_update,2026-04-20,"campo real (last_ai_update, sin usar hoy en sitemap.ts)",true,usar last_ai_update en sitemap.ts
/productos/boligrafo-brink-stylus-9835/,producto,ninguno,,BUILD_DATE (fallback compartido),false,omitir lastmod (sin dato real)
/productos/boligrafo-tankist-stylus-10043/,producto,ninguno,,BUILD_DATE (fallback compartido),false,omitir lastmod (sin dato real)
/productos/llavero-linterna-flat-6972/,producto,last_ai_update,2026-04-22,"campo real (last_ai_update, sin usar hoy en sitemap.ts)",true,usar last_ai_update en sitemap.ts
/productos/metro-llavero-car-7275/,producto,last_ai_update,2026-04-22,"campo real (last_ai_update, sin usar hoy en sitemap.ts)",true,usar last_ai_update en sitemap.ts
/productos/llavero-linterna-like-it-con-stylus-7417/,producto,last_ai_update,2026-04-22,"campo real (last_ai_update, sin usar hoy en sitemap.ts)",true,usar last_ai_update en sitemap.ts
/productos/llavero-destapador-truman-7430/,producto,last_ai_update,2026-04-20,"campo real (last_ai_update, sin usar hoy en sitemap.ts)",true,usar last_ai_update en sitemap.ts
/productos/llavero-metro-con-destapador-mimic-7429/,producto,last_ai_update,2026-04-20,"campo real (last_ai_update, sin usar hoy en sitemap.ts)",true,usar last_ai_update en sitemap.ts
/productos/llavero-metro-con-nivelador-7992/,producto,last_ai_update,2026-04-22,"campo real (last_ai_update, sin usar hoy en sitemap.ts)",true,usar last_ai_update en sitemap.ts
/productos/mini-set-de-destornilladores-koda-7996/,producto,ninguno,,BUILD_DATE (fallback compartido),false,omitir lastmod (sin dato real)
/productos/llavero-destapador-like-it-8029/,producto,last_ai_update,2026-04-21,"campo real (last_ai_update, sin usar hoy en sitemap.ts)",true,usar last_ai_update en sitemap.ts
/productos/llavero-casco-8753/,producto,ninguno,,BUILD_DATE (fallback compartido),false,omitir lastmod (sin dato real)
/productos/llavero-plastico-multiusos-anticontacto-produccion-nacional-9475/,producto,ninguno,,BUILD_DATE (fallback compartido),false,omitir lastmod (sin dato real)
/productos/metro-llavero-kurtis-9760/,producto,last_ai_update,2026-04-20,"campo real (last_ai_update, sin usar hoy en sitemap.ts)",true,usar last_ai_update en sitemap.ts
/productos/llavero-relajante-10219/,producto,ninguno,,BUILD_DATE (fallback compartido),false,omitir lastmod (sin dato real)
/productos/grayson-stylus-6992/,producto,last_ai_update,2026-04-20,"campo real (last_ai_update, sin usar hoy en sitemap.ts)",true,usar last_ai_update en sitemap.ts
/productos/summit-stylus-5747/,producto,ninguno,,BUILD_DATE (fallback compartido),false,omitir lastmod (sin dato real)
/productos/nolton-stylus-5756/,producto,last_ai_update,2026-04-22,"campo real (last_ai_update, sin usar hoy en sitemap.ts)",true,usar last_ai_update en sitemap.ts
/productos/kaiser-stylus-7342/,producto,ninguno,,BUILD_DATE (fallback compartido),false,omitir lastmod (sin dato real)
/productos/ventura-stylus-neon-7947/,producto,ninguno,,BUILD_DATE (fallback compartido),false,omitir lastmod (sin dato real)
/productos/smith-7031/,producto,last_ai_update,2026-04-22,"campo real (last_ai_update, sin usar hoy en sitemap.ts)",true,usar last_ai_update en sitemap.ts
/productos/billy-7010/,producto,last_ai_update,2026-04-22,"campo real (last_ai_update, sin usar hoy en sitemap.ts)",true,usar last_ai_update en sitemap.ts
/productos/barcelona-solido-7007/,producto,last_ai_update,2026-04-22,"campo real (last_ai_update, sin usar hoy en sitemap.ts)",true,usar last_ai_update en sitemap.ts
/productos/lamont-6998/,producto,last_ai_update,2026-04-20,"campo real (last_ai_update, sin usar hoy en sitemap.ts)",true,usar last_ai_update en sitemap.ts
/productos/ventura-frost-4500/,producto,ninguno,,BUILD_DATE (fallback compartido),false,omitir lastmod (sin dato real)
/productos/boligrafo-ventura-barril-plata-1658/,producto,ninguno,,BUILD_DATE (fallback compartido),false,omitir lastmod (sin dato real)
/productos/balmax-stylus-7330/,producto,last_ai_update,2026-04-22,"campo real (last_ai_update, sin usar hoy en sitemap.ts)",true,usar last_ai_update en sitemap.ts
/productos/parrot-7856/,producto,ninguno,,BUILD_DATE (fallback compartido),false,omitir lastmod (sin dato real)
/productos/set-de-cafe-eco-9680/,producto,last_ai_update,2026-04-20,"campo real (last_ai_update, sin usar hoy en sitemap.ts)",true,usar last_ai_update en sitemap.ts
/productos/set-jersey-antibacteriano-9681/,producto,last_ai_update,2026-04-20,"campo real (last_ai_update, sin usar hoy en sitemap.ts)",true,usar last_ai_update en sitemap.ts
/productos/set-boligrafo-y-portaminas-bamboo-9682/,producto,last_ai_update,2026-04-20,"campo real (last_ai_update, sin usar hoy en sitemap.ts)",true,usar last_ai_update en sitemap.ts
/productos/portaminas-jester-coffee-10021/,producto,last_ai_update,2026-04-22,"campo real (last_ai_update, sin usar hoy en sitemap.ts)",true,usar last_ai_update en sitemap.ts
/productos/talbot-2-1-oferta-7016/,producto,ninguno,,BUILD_DATE (fallback compartido),false,omitir lastmod (sin dato real)
/productos/estuche-para-resaltador-de-cera-fiona-6694/,producto,last_ai_update,2026-04-20,"campo real (last_ai_update, sin usar hoy en sitemap.ts)",true,usar last_ai_update en sitemap.ts
/productos/set-de-resaltadores-magicos-en-cera-flipper-5496/,producto,last_ai_update,2026-04-22,"campo real (last_ai_update, sin usar hoy en sitemap.ts)",true,usar last_ai_update en sitemap.ts
/productos/resaltador-de-cera-fiona-5749/,producto,last_ai_update,2026-04-20,"campo real (last_ai_update, sin usar hoy en sitemap.ts)",true,usar last_ai_update en sitemap.ts
/productos/resaltador-magico-en-cera-flower-5-colores-5499/,producto,last_ai_update,2026-04-20,"campo real (last_ai_update, sin usar hoy en sitemap.ts)",true,usar last_ai_update en sitemap.ts
/productos/resaltador-magico-de-cera-triangulo-5497/,producto,last_ai_update,2026-04-22,"campo real (last_ai_update, sin usar hoy en sitemap.ts)",true,usar last_ai_update en sitemap.ts
/productos/resaltador-magico-en-cera-4672/,producto,last_ai_update,2026-04-22,"campo real (last_ai_update, sin usar hoy en sitemap.ts)",true,usar last_ai_update en sitemap.ts
/productos/estuche-para-resaltador-magico-produccion-nacional-4673/,producto,ninguno,,BUILD_DATE (fallback compartido),false,omitir lastmod (sin dato real)
/productos/comprimidos-produccion-nacional-5605/,producto,last_ai_update,2026-04-20,"campo real (last_ai_update, sin usar hoy en sitemap.ts)",true,usar last_ai_update en sitemap.ts
/productos/identificador-de-maletas-pop-10583/,producto,last_ai_update,2026-04-20,"campo real (last_ai_update, sin usar hoy en sitemap.ts)",true,usar last_ai_update en sitemap.ts
/productos/clip-de-golf-para-gorra-5882/,producto,last_ai_update,2026-04-22,"campo real (last_ai_update, sin usar hoy en sitemap.ts)",true,usar last_ai_update en sitemap.ts
/productos/gorra-golf-471/,producto,last_ai_update,2026-04-22,"campo real (last_ai_update, sin usar hoy en sitemap.ts)",true,usar last_ai_update en sitemap.ts
/productos/gorra-eco-6-cascos-1082/,producto,last_ai_update,2026-04-22,"campo real (last_ai_update, sin usar hoy en sitemap.ts)",true,usar last_ai_update en sitemap.ts
/productos/gorra-emergency-5887/,producto,last_ai_update,2026-04-20,"campo real (last_ai_update, sin usar hoy en sitemap.ts)",true,usar last_ai_update en sitemap.ts
/productos/gorra-trucker-3502/,producto,last_ai_update,2026-04-20,"campo real (last_ai_update, sin usar hoy en sitemap.ts)",true,usar last_ai_update en sitemap.ts
/productos/gorra-mesh-7374/,producto,last_ai_update,2026-04-22,"campo real (last_ai_update, sin usar hoy en sitemap.ts)",true,usar last_ai_update en sitemap.ts
/productos/gorra-modena-7375/,producto,last_ai_update,2026-04-22,"campo real (last_ai_update, sin usar hoy en sitemap.ts)",true,usar last_ai_update en sitemap.ts
/productos/pano-en-microfibra-3192/,producto,last_ai_update,2026-04-20,"campo real (last_ai_update, sin usar hoy en sitemap.ts)",true,usar last_ai_update en sitemap.ts
/productos/toalla-cool-sport-7968/,producto,last_ai_update,2026-04-20,"campo real (last_ai_update, sin usar hoy en sitemap.ts)",true,usar last_ai_update en sitemap.ts
/productos/toalla-en-microfibra-multiusos-8688/,producto,last_ai_update,2026-04-20,"campo real (last_ai_update, sin usar hoy en sitemap.ts)",true,usar last_ai_update en sitemap.ts
/productos/toalla-golf-toalla-de-mano-tundida-acabado-fino-7379/,producto,last_ai_update,2026-04-20,"campo real (last_ai_update, sin usar hoy en sitemap.ts)",true,usar last_ai_update en sitemap.ts
/productos/toalla-cool-sport-con-estuche-7956/,producto,last_ai_update,2026-04-20,"campo real (last_ai_update, sin usar hoy en sitemap.ts)",true,usar last_ai_update en sitemap.ts
/productos/set-de-toallitas-multiusos-3641/,producto,last_ai_update,2026-04-20,"campo real (last_ai_update, sin usar hoy en sitemap.ts)",true,usar last_ai_update en sitemap.ts
/productos/toallas-100-algodon-produccion-nacional-7689/,producto,last_ai_update,2026-04-20,"campo real (last_ai_update, sin usar hoy en sitemap.ts)",true,usar last_ai_update en sitemap.ts
/productos/toalla-cool-sport-box-9524/,producto,last_ai_update,2026-04-20,"campo real (last_ai_update, sin usar hoy en sitemap.ts)",true,usar last_ai_update en sitemap.ts
/productos/lapiz-plastic-clip-de-golf-5879/,producto,last_ai_update,2026-04-22,"campo real (last_ai_update, sin usar hoy en sitemap.ts)",true,usar last_ai_update en sitemap.ts
/productos/paraguas-30-halley-urban-travel-10674/,producto,last_ai_update,2026-04-22,"campo real (last_ai_update, sin usar hoy en sitemap.ts)",true,usar last_ai_update en sitemap.ts
/productos/set-de-herramientas-neumatic-5373/,producto,ninguno,,BUILD_DATE (fallback compartido),false,omitir lastmod (sin dato real)
/productos/set-de-herramientas-motobike-6530/,producto,ninguno,,BUILD_DATE (fallback compartido),false,omitir lastmod (sin dato real)
/productos/set-de-herramientas-saxon-6536/,producto,last_ai_update,2026-04-22,"campo real (last_ai_update, sin usar hoy en sitemap.ts)",true,usar last_ai_update en sitemap.ts
/productos/set-de-herramientas-speed-7999/,producto,last_ai_update,2026-04-20,"campo real (last_ai_update, sin usar hoy en sitemap.ts)",true,usar last_ai_update en sitemap.ts
/productos/set-de-herramientas-mustang-8439/,producto,last_ai_update,2026-04-22,"campo real (last_ai_update, sin usar hoy en sitemap.ts)",true,usar last_ai_update en sitemap.ts
/productos/set-de-herramientas-truck-9136/,producto,last_ai_update,2026-04-20,"campo real (last_ai_update, sin usar hoy en sitemap.ts)",true,usar last_ai_update en sitemap.ts
/productos/set-de-herramientas-lantern-9179/,producto,ninguno,,BUILD_DATE (fallback compartido),false,omitir lastmod (sin dato real)
/productos/linterna-dinamo-con-radio-9078/,producto,last_ai_update,2026-04-20,"campo real (last_ai_update, sin usar hoy en sitemap.ts)",true,usar last_ai_update en sitemap.ts
/productos/set-de-herramientas-handle-9533/,producto,last_ai_update,2026-05-31,"campo real (last_ai_update, sin usar hoy en sitemap.ts)",true,usar last_ai_update en sitemap.ts
/productos/set-de-herramientas-apache-10288/,producto,ninguno,,BUILD_DATE (fallback compartido),false,omitir lastmod (sin dato real)
/productos/candado-de-clave-metalico-6765/,producto,last_ai_update,2026-04-20,"campo real (last_ai_update, sin usar hoy en sitemap.ts)",true,usar last_ai_update en sitemap.ts
/productos/set-de-herramientas-alutool-3123/,producto,last_ai_update,2026-04-20,"campo real (last_ai_update, sin usar hoy en sitemap.ts)",true,usar last_ai_update en sitemap.ts
/productos/mini-set-de-herramientas-avante-8844/,producto,ninguno,,BUILD_DATE (fallback compartido),false,omitir lastmod (sin dato real)
/productos/set-de-destornilladores-con-luz-car-oferta-9137/,producto,last_ai_update,2026-04-22,"campo real (last_ai_update, sin usar hoy en sitemap.ts)",true,usar last_ai_update en sitemap.ts
/productos/set-de-destornilladores-pen-con-linterna-led-10251/,producto,last_ai_update,2026-04-22,"campo real (last_ai_update, sin usar hoy en sitemap.ts)",true,usar last_ai_update en sitemap.ts
/productos/metro-retractil-button-294/,producto,last_ai_update,2026-04-22,"campo real (last_ai_update, sin usar hoy en sitemap.ts)",true,usar last_ai_update en sitemap.ts
/productos/metro-neumatic-5374/,producto,ninguno,,BUILD_DATE (fallback compartido),false,omitir lastmod (sin dato real)
/productos/metro-carabinero-stanley-5371/,producto,ninguno,,BUILD_DATE (fallback compartido),false,omitir lastmod (sin dato real)
/productos/metro-llavero-house-5368/,producto,ninguno,,BUILD_DATE (fallback compartido),false,omitir lastmod (sin dato real)
/productos/metro-arkitect-809/,producto,last_ai_update,2026-04-20,"campo real (last_ai_update, sin usar hoy en sitemap.ts)",true,usar last_ai_update en sitemap.ts
/productos/metro-oliver-7993/,producto,ninguno,,BUILD_DATE (fallback compartido),false,omitir lastmod (sin dato real)
/productos/metro-llavero-saloon-9123/,producto,ninguno,,BUILD_DATE (fallback compartido),false,omitir lastmod (sin dato real)
/productos/set-de-herramientas-en-madera-9534/,producto,last_ai_update,2026-05-31,"campo real (last_ai_update, sin usar hoy en sitemap.ts)",true,usar last_ai_update en sitemap.ts
/productos/herramientero-bamboo-box-10002/,producto,last_ai_update,2026-04-20,"campo real (last_ai_update, sin usar hoy en sitemap.ts)",true,usar last_ai_update en sitemap.ts
/productos/set-de-destornilladores-everest-7991/,producto,last_ai_update,2026-04-22,"campo real (last_ai_update, sin usar hoy en sitemap.ts)",true,usar last_ai_update en sitemap.ts
/productos/set-de-destornilladores-diplo-9953/,producto,last_ai_update,2026-04-20,"campo real (last_ai_update, sin usar hoy en sitemap.ts)",true,usar last_ai_update en sitemap.ts
/productos/lonchera-journey-produccion-nacional-7067/,producto,ninguno,,BUILD_DATE (fallback compartido),false,omitir lastmod (sin dato real)
/productos/portacomidas-electrico-6599/,producto,last_ai_update,2026-04-20,"campo real (last_ai_update, sin usar hoy en sitemap.ts)",true,usar last_ai_update en sitemap.ts
/productos/portavianda-produccion-nacional-6270/,producto,last_ai_update,2026-04-20,"campo real (last_ai_update, sin usar hoy en sitemap.ts)",true,usar last_ai_update en sitemap.ts
/productos/set-de-bbq-6-piezas-3773/,producto,ninguno,,BUILD_DATE (fallback compartido),false,omitir lastmod (sin dato real)
/productos/jarra-plastica-ovalada-1000ml-produccion-nacional-5399/,producto,ninguno,,BUILD_DATE (fallback compartido),false,omitir lastmod (sin dato real)
/productos/hielera-plastica-produccion-nacional-4056/,producto,ninguno,,BUILD_DATE (fallback compartido),false,omitir lastmod (sin dato real)
/productos/set-de-contenedores-x-3-unidades-produccion-nacional-6269/,producto,ninguno,,BUILD_DATE (fallback compartido),false,omitir lastmod (sin dato real)
/productos/portacomida-produccion-nacional-4857/,producto,ninguno,,BUILD_DATE (fallback compartido),false,omitir lastmod (sin dato real)
/productos/destapador-clip-produccion-nacional-4054/,producto,last_ai_update,2026-04-20,"campo real (last_ai_update, sin usar hoy en sitemap.ts)",true,usar last_ai_update en sitemap.ts
/productos/portavasos-plastico-set-x-4-y-base-produccion-nacional-3348/,producto,last_ai_update,2026-04-21,"campo real (last_ai_update, sin usar hoy en sitemap.ts)",true,usar last_ai_update en sitemap.ts
/productos/quita-motas-adhesivo-10680/,producto,last_ai_update,2026-04-20,"campo real (last_ai_update, sin usar hoy en sitemap.ts)",true,usar last_ai_update en sitemap.ts
/productos/quita-motas-adhesivo-repuesto-10681/,producto,last_ai_update,2026-04-20,"campo real (last_ai_update, sin usar hoy en sitemap.ts)",true,usar last_ai_update en sitemap.ts
/productos/set-de-vino-bottle-4049/,producto,last_ai_update,2026-04-20,"campo real (last_ai_update, sin usar hoy en sitemap.ts)",true,usar last_ai_update en sitemap.ts
/productos/destapador-electrico-para-vino-3778/,producto,last_ai_update,2026-04-20,"campo real (last_ai_update, sin usar hoy en sitemap.ts)",true,usar last_ai_update en sitemap.ts
/productos/nevera-wine-cooler-bag-produccion-nacional-3785/,producto,last_ai_update,2026-04-20,"campo real (last_ai_update, sin usar hoy en sitemap.ts)",true,usar last_ai_update en sitemap.ts
/productos/descorchador-de-dos-tiempos-kiblack-3958/,producto,last_ai_update,2026-04-20,"campo real (last_ai_update, sin usar hoy en sitemap.ts)",true,usar last_ai_update en sitemap.ts
/productos/destapador-eco-wine-9541/,producto,last_ai_update,2026-04-20,"campo real (last_ai_update, sin usar hoy en sitemap.ts)",true,usar last_ai_update en sitemap.ts
/productos/set-de-bar-y-portavino-ii-9718/,producto,last_ai_update,2026-04-20,"campo real (last_ai_update, sin usar hoy en sitemap.ts)",true,usar last_ai_update en sitemap.ts
/productos/set-de-vino-remy-ii-9717/,producto,last_ai_update,2026-04-21,"campo real (last_ai_update, sin usar hoy en sitemap.ts)",true,usar last_ai_update en sitemap.ts
/productos/set-de-vino-en-corcho-ii-9720/,producto,last_ai_update,2026-04-20,"campo real (last_ai_update, sin usar hoy en sitemap.ts)",true,usar last_ai_update en sitemap.ts
/productos/set-de-bar-y-portavino-cork-9750/,producto,last_ai_update,2026-04-20,"campo real (last_ai_update, sin usar hoy en sitemap.ts)",true,usar last_ai_update en sitemap.ts
/productos/set-enfriador-de-vino-chill-9753/,producto,last_ai_update,2026-04-22,"campo real (last_ai_update, sin usar hoy en sitemap.ts)",true,usar last_ai_update en sitemap.ts
/productos/destapador-electrico-cork-9964/,producto,last_ai_update,2026-04-21,"campo real (last_ai_update, sin usar hoy en sitemap.ts)",true,usar last_ai_update en sitemap.ts
/productos/juego-portavasos-en-acero-inoxidable-produccion-nacional-7406/,producto,last_ai_update,2026-04-21,"campo real (last_ai_update, sin usar hoy en sitemap.ts)",true,usar last_ai_update en sitemap.ts
/productos/destapador-rectangular-produccion-nacional-8755/,producto,last_ai_update,2026-04-20,"campo real (last_ai_update, sin usar hoy en sitemap.ts)",true,usar last_ai_update en sitemap.ts
/productos/cobija-en-fleece-1861/,producto,last_ai_update,2026-04-20,"campo real (last_ai_update, sin usar hoy en sitemap.ts)",true,usar last_ai_update en sitemap.ts
/productos/nevera-cooler-hexagon-7570/,producto,last_ai_update,2026-04-20,"campo real (last_ai_update, sin usar hoy en sitemap.ts)",true,usar last_ai_update en sitemap.ts
/productos/sanduchera-plastica-produccion-nacional-8018/,producto,last_ai_update,2026-04-21,"campo real (last_ai_update, sin usar hoy en sitemap.ts)",true,usar last_ai_update en sitemap.ts
/productos/bowl-plastico-produccion-nacional-7611/,producto,ninguno,,BUILD_DATE (fallback compartido),false,omitir lastmod (sin dato real)
/productos/nevera-cooler-bag-picnic-7015/,producto,last_ai_update,2026-04-20,"campo real (last_ai_update, sin usar hoy en sitemap.ts)",true,usar last_ai_update en sitemap.ts
/productos/llavero-destapador-orbis-6115/,producto,last_ai_update,2026-04-21,"campo real (last_ai_update, sin usar hoy en sitemap.ts)",true,usar last_ai_update en sitemap.ts
/productos/destapador-bamboo-9741/,producto,last_ai_update,2026-04-20,"campo real (last_ai_update, sin usar hoy en sitemap.ts)",true,usar last_ai_update en sitemap.ts
/productos/destapador-nacul-9885/,producto,last_ai_update,2026-04-20,"campo real (last_ai_update, sin usar hoy en sitemap.ts)",true,usar last_ai_update en sitemap.ts
/productos/llavero-destapador-stiked-9903/,producto,last_ai_update,2026-04-21,"campo real (last_ai_update, sin usar hoy en sitemap.ts)",true,usar last_ai_update en sitemap.ts
/productos/destapador-botella-con-iman-produccion-nacional-8756/,producto,last_ai_update,2026-04-20,"campo real (last_ai_update, sin usar hoy en sitemap.ts)",true,usar last_ai_update en sitemap.ts
/productos/set-de-bbq-en-aluminio-6-piezas-1866/,producto,ninguno,,BUILD_DATE (fallback compartido),false,omitir lastmod (sin dato real)
/productos/nevera-lonchera-con-set-bbq-8900/,producto,last_ai_update,2026-04-21,"campo real (last_ai_update, sin usar hoy en sitemap.ts)",true,usar last_ai_update en sitemap.ts
/productos/bbq-grill-cook-9623/,producto,ninguno,,BUILD_DATE (fallback compartido),false,omitir lastmod (sin dato real)
/productos/set-bbq-con-delantal-9711/,producto,last_ai_update,2026-04-20,"campo real (last_ai_update, sin usar hoy en sitemap.ts)",true,usar last_ai_update en sitemap.ts
/productos/bbq-grill-con-nevera-lonchera-9978/,producto,last_ai_update,2026-04-21,"campo real (last_ai_update, sin usar hoy en sitemap.ts)",true,usar last_ai_update en sitemap.ts
/productos/set-bbq-bamboo-10062/,producto,last_ai_update,2026-04-21,"campo real (last_ai_update, sin usar hoy en sitemap.ts)",true,usar last_ai_update en sitemap.ts
/productos/set-bbq-novak-10065/,producto,last_ai_update,2026-04-21,"campo real (last_ai_update, sin usar hoy en sitemap.ts)",true,usar last_ai_update en sitemap.ts
/productos/akker-bbq-electrico-10369/,producto,ninguno,,BUILD_DATE (fallback compartido),false,omitir lastmod (sin dato real)
/productos/set-de-queso-edam-8486/,producto,ninguno,,BUILD_DATE (fallback compartido),false,omitir lastmod (sin dato real)
/productos/set-de-queso-cajun-9139/,producto,ninguno,,BUILD_DATE (fallback compartido),false,omitir lastmod (sin dato real)
/productos/set-de-sushi-9744/,producto,last_ai_update,2026-04-20,"campo real (last_ai_update, sin usar hoy en sitemap.ts)",true,usar last_ai_update en sitemap.ts
/productos/set-de-queso-italy-10057/,producto,ninguno,,BUILD_DATE (fallback compartido),false,omitir lastmod (sin dato real)
/productos/organizador-de-escritorio-harmony-produccion-nacional-7056/,producto,ninguno,,BUILD_DATE (fallback compartido),false,omitir lastmod (sin dato real)
/productos/nevera-cooler-spring-produccion-nacional-6983/,producto,ninguno,,BUILD_DATE (fallback compartido),false,omitir lastmod (sin dato real)
/productos/nevera-cooler-trendy-produccion-nacional-6982/,producto,ninguno,,BUILD_DATE (fallback compartido),false,omitir lastmod (sin dato real)
/productos/nevera-cooler-max-produccion-nacional-6981/,producto,ninguno,,BUILD_DATE (fallback compartido),false,omitir lastmod (sin dato real)
/productos/estuche-multiusos-boxx-produccion-nacional-6702/,producto,ninguno,,BUILD_DATE (fallback compartido),false,omitir lastmod (sin dato real)
/productos/silla-nevera-cooler-con-espaldar-produccion-nacional-3270/,producto,last_ai_update,2026-04-21,"campo real (last_ai_update, sin usar hoy en sitemap.ts)",true,usar last_ai_update en sitemap.ts
/productos/set-escolar-produccion-nacional-6294/,producto,ninguno,,BUILD_DATE (fallback compartido),false,omitir lastmod (sin dato real)
/productos/alcancia-cerdito-produccion-nacional-5412/,producto,last_ai_update,2026-04-20,"campo real (last_ai_update, sin usar hoy en sitemap.ts)",true,usar last_ai_update en sitemap.ts
/productos/alcancia-estrella-135cm-produccion-nacional-2390/,producto,ninguno,,BUILD_DATE (fallback compartido),false,omitir lastmod (sin dato real)
/productos/alcancia-balon-produccion-nacional-5687/,producto,last_ai_update,2026-04-20,"campo real (last_ai_update, sin usar hoy en sitemap.ts)",true,usar last_ai_update en sitemap.ts
/productos/mouse-pad-sencillo-5547/,producto,ninguno,,BUILD_DATE (fallback compartido),false,omitir lastmod (sin dato real)
/productos/llavero-linterna-puck-6572/,producto,last_ai_update,2026-04-20,"campo real (last_ai_update, sin usar hoy en sitemap.ts)",true,usar last_ai_update en sitemap.ts
/productos/linterna-loop-9133/,producto,last_ai_update,2026-04-20,"campo real (last_ai_update, sin usar hoy en sitemap.ts)",true,usar last_ai_update en sitemap.ts
/productos/llavero-linterna-lamp-9984/,producto,last_ai_update,2026-04-22,"campo real (last_ai_update, sin usar hoy en sitemap.ts)",true,usar last_ai_update en sitemap.ts
/productos/linterna-carabinero-bamboo-10650/,producto,last_ai_update,2026-04-22,"campo real (last_ai_update, sin usar hoy en sitemap.ts)",true,usar last_ai_update en sitemap.ts
/productos/mini-linterna-ozen-13296/,producto,last_ai_update,2026-04-20,"campo real (last_ai_update, sin usar hoy en sitemap.ts)",true,usar last_ai_update en sitemap.ts
/productos/llavero-metro-light-13352/,producto,last_ai_update,2026-04-20,"campo real (last_ai_update, sin usar hoy en sitemap.ts)",true,usar last_ai_update en sitemap.ts
/productos/memoria-usb-mini-crystal-precio-neto-5883/,producto,ninguno,,BUILD_DATE (fallback compartido),false,omitir lastmod (sin dato real)
/productos/memoria-usb-hook-precio-neto-oferta-8927/,producto,last_ai_update,2026-04-22,"campo real (last_ai_update, sin usar hoy en sitemap.ts)",true,usar last_ai_update en sitemap.ts
/productos/estuche-metalico-para-memoria-usb-oferta-2542/,producto,last_ai_update,2026-04-20,"campo real (last_ai_update, sin usar hoy en sitemap.ts)",true,usar last_ai_update en sitemap.ts
/productos/memoria-usb-swivel-precio-neto-3932/,producto,last_ai_update,2026-04-22,"campo real (last_ai_update, sin usar hoy en sitemap.ts)",true,usar last_ai_update en sitemap.ts
/productos/chip-para-memoria-usb-precio-neto-4482/,producto,last_ai_update,2026-04-20,"campo real (last_ai_update, sin usar hoy en sitemap.ts)",true,usar last_ai_update en sitemap.ts
/productos/memoria-usb-llave-precio-neto-4078/,producto,last_ai_update,2026-04-20,"campo real (last_ai_update, sin usar hoy en sitemap.ts)",true,usar last_ai_update en sitemap.ts
/productos/memoria-usb-portacelular-30-precio-neto-8926/,producto,last_ai_update,2026-04-20,"campo real (last_ai_update, sin usar hoy en sitemap.ts)",true,usar last_ai_update en sitemap.ts
/productos/lampara-usb-swan-precio-bomba-7423/,producto,ninguno,,BUILD_DATE (fallback compartido),false,omitir lastmod (sin dato real)
/productos/lampara-usb-snake-8117/,producto,last_ai_update,2026-04-20,"campo real (last_ai_update, sin usar hoy en sitemap.ts)",true,usar last_ai_update en sitemap.ts
/productos/linterna-cob-power-9544/,producto,last_ai_update,2026-04-22,"campo real (last_ai_update, sin usar hoy en sitemap.ts)",true,usar last_ai_update en sitemap.ts
/productos/speaker-bluetooth-con-lampara-oferta-9579/,producto,last_ai_update,2026-04-20,"campo real (last_ai_update, sin usar hoy en sitemap.ts)",true,usar last_ai_update en sitemap.ts
/productos/carpeta-folder-congress-produccion-nacional-7090/,producto,last_ai_update,2026-04-20,"campo real (last_ai_update, sin usar hoy en sitemap.ts)",true,usar last_ai_update en sitemap.ts
/productos/libreta-like-it-produccion-nacional-7089/,producto,ninguno,,BUILD_DATE (fallback compartido),false,omitir lastmod (sin dato real)
/productos/libreta-con-boligrafo-hard-top-100-hojas-produccion-nacional-1064/,producto,last_ai_update,2026-04-22,"campo real (last_ai_update, sin usar hoy en sitemap.ts)",true,usar last_ai_update en sitemap.ts
/productos/portarretrato-almanaque-produccion-nacional-4720/,producto,last_ai_update,2026-04-20,"campo real (last_ai_update, sin usar hoy en sitemap.ts)",true,usar last_ai_update en sitemap.ts
/productos/portaboligrafos-frost-produccion-nacional-2388/,producto,last_ai_update,2026-04-20,"campo real (last_ai_update, sin usar hoy en sitemap.ts)",true,usar last_ai_update en sitemap.ts
/productos/portaboligrafos-3-en-1-produccion-nacional-2389/,producto,last_ai_update,2026-04-20,"campo real (last_ai_update, sin usar hoy en sitemap.ts)",true,usar last_ai_update en sitemap.ts
/productos/portalapices-cilindrico-nacional-3472/,producto,last_ai_update,2026-04-22,"campo real (last_ai_update, sin usar hoy en sitemap.ts)",true,usar last_ai_update en sitemap.ts
/productos/portatarjetas-arc-produccion-nacional-2385/,producto,last_ai_update,2026-04-22,"campo real (last_ai_update, sin usar hoy en sitemap.ts)",true,usar last_ai_update en sitemap.ts
/productos/portaidentificador-de-carnet-con-destapador-10378/,producto,last_ai_update,2026-05-31,"campo real (last_ai_update, sin usar hoy en sitemap.ts)",true,usar last_ai_update en sitemap.ts
/productos/llavero-destapador-house-10408/,producto,last_ai_update,2026-04-22,"campo real (last_ai_update, sin usar hoy en sitemap.ts)",true,usar last_ai_update en sitemap.ts
/productos/mini-herramientero-blazor-13334/,producto,last_ai_update,2026-04-20,"campo real (last_ai_update, sin usar hoy en sitemap.ts)",true,usar last_ai_update en sitemap.ts
/productos/carabinero-3100/,producto,last_ai_update,2026-04-20,"campo real (last_ai_update, sin usar hoy en sitemap.ts)",true,usar last_ai_update en sitemap.ts
/productos/llavero-silicone-silicona-2226/,producto,ninguno,,BUILD_DATE (fallback compartido),false,omitir lastmod (sin dato real)
/productos/llavero-corcho-oferta-8884/,producto,ninguno,,BUILD_DATE (fallback compartido),false,omitir lastmod (sin dato real)
/productos/llavero-pop-10076/,producto,last_ai_update,2026-04-20,"campo real (last_ai_update, sin usar hoy en sitemap.ts)",true,usar last_ai_update en sitemap.ts
/productos/llavero-double-10218/,producto,last_ai_update,2026-04-22,"campo real (last_ai_update, sin usar hoy en sitemap.ts)",true,usar last_ai_update en sitemap.ts
/productos/set-ml-391-9761/,producto,last_ai_update,2026-04-20,"campo real (last_ai_update, sin usar hoy en sitemap.ts)",true,usar last_ai_update en sitemap.ts
/productos/llavero-ml-393-9763/,producto,last_ai_update,2026-04-22,"campo real (last_ai_update, sin usar hoy en sitemap.ts)",true,usar last_ai_update en sitemap.ts
/productos/soporte-para-moviles-pop-10126/,producto,last_ai_update,2026-04-22,"campo real (last_ai_update, sin usar hoy en sitemap.ts)",true,usar last_ai_update en sitemap.ts
/productos/llavero-pito-con-destapador-9132/,producto,last_ai_update,2026-04-20,"campo real (last_ai_update, sin usar hoy en sitemap.ts)",true,usar last_ai_update en sitemap.ts
/productos/pito-con-luz-vision-13366/,producto,last_ai_update,2026-04-20,"campo real (last_ai_update, sin usar hoy en sitemap.ts)",true,usar last_ai_update en sitemap.ts
/productos/gancho-portacartera-1710/,producto,last_ai_update,2026-04-20,"campo real (last_ai_update, sin usar hoy en sitemap.ts)",true,usar last_ai_update en sitemap.ts
/productos/sporty-bag-kidz-sin-diseno-13170/,producto,ninguno,,BUILD_DATE (fallback compartido),false,omitir lastmod (sin dato real)
/productos/cartuchera-en-cambrel-kidz-sin-diseno-13171/,producto,ninguno,,BUILD_DATE (fallback compartido),false,omitir lastmod (sin dato real)
/productos/bolsa-metalizada-6933/,producto,ninguno,,BUILD_DATE (fallback compartido),false,omitir lastmod (sin dato real)
/productos/sporty-bag-en-cambrel-ewok-6928/,producto,last_ai_update,2026-04-22,"campo real (last_ai_update, sin usar hoy en sitemap.ts)",true,usar last_ai_update en sitemap.ts
/productos/bolsa-en-cambrel-bawel-5611/,producto,last_ai_update,2026-04-20,"campo real (last_ai_update, sin usar hoy en sitemap.ts)",true,usar last_ai_update en sitemap.ts
/productos/bolsa-en-cambrel-queen-6293/,producto,ninguno,,BUILD_DATE (fallback compartido),false,omitir lastmod (sin dato real)
/productos/bolsa-en-cambrel-arcadia-6247/,producto,last_ai_update,2026-04-22,"campo real (last_ai_update, sin usar hoy en sitemap.ts)",true,usar last_ai_update en sitemap.ts
/productos/bolsa-en-cambrel-con-fuelle-6248/,producto,last_ai_update,2026-04-22,"campo real (last_ai_update, sin usar hoy en sitemap.ts)",true,usar last_ai_update en sitemap.ts
/productos/mini-bolsa-en-cambrel-6235/,producto,last_ai_update,2026-04-22,"campo real (last_ai_update, sin usar hoy en sitemap.ts)",true,usar last_ai_update en sitemap.ts
/productos/bolsa-en-cambrel-franky-6238/,producto,last_ai_update,2026-04-20,"campo real (last_ai_update, sin usar hoy en sitemap.ts)",true,usar last_ai_update en sitemap.ts
/productos/bolsa-en-cambrel-market-7574/,producto,last_ai_update,2026-04-20,"campo real (last_ai_update, sin usar hoy en sitemap.ts)",true,usar last_ai_update en sitemap.ts
/productos/canguro-en-poliester-3615/,producto,last_ai_update,2026-04-20,"campo real (last_ai_update, sin usar hoy en sitemap.ts)",true,usar last_ai_update en sitemap.ts
/productos/canguro-orion-7602/,producto,last_ai_update,2026-04-20,"campo real (last_ai_update, sin usar hoy en sitemap.ts)",true,usar last_ai_update en sitemap.ts
/productos/canguro-en-poliester-pocket-7766/,producto,last_ai_update,2026-04-20,"campo real (last_ai_update, sin usar hoy en sitemap.ts)",true,usar last_ai_update en sitemap.ts
/productos/canguro-gemini-produccion-nacional-8721/,producto,last_ai_update,2026-04-20,"campo real (last_ai_update, sin usar hoy en sitemap.ts)",true,usar last_ai_update en sitemap.ts
/productos/canguro-reflective-9156/,producto,last_ai_update,2026-04-20,"campo real (last_ai_update, sin usar hoy en sitemap.ts)",true,usar last_ai_update en sitemap.ts
/productos/canguro-sauris-9196/,producto,last_ai_update,2026-04-20,"campo real (last_ai_update, sin usar hoy en sitemap.ts)",true,usar last_ai_update en sitemap.ts
/productos/canguro-moldik-9197/,producto,last_ai_update,2026-04-20,"campo real (last_ai_update, sin usar hoy en sitemap.ts)",true,usar last_ai_update en sitemap.ts
/productos/canguro-para-moviles-nylon-9857/,producto,last_ai_update,2026-04-22,"campo real (last_ai_update, sin usar hoy en sitemap.ts)",true,usar last_ai_update en sitemap.ts
/productos/canguro-dior-9823/,producto,last_ai_update,2026-04-22,"campo real (last_ai_update, sin usar hoy en sitemap.ts)",true,usar last_ai_update en sitemap.ts
/productos/canguro-london-produccion-nacional-9824/,producto,last_ai_update,2026-04-20,"campo real (last_ai_update, sin usar hoy en sitemap.ts)",true,usar last_ai_update en sitemap.ts
/productos/canguro-strike-urban-travel-10166/,producto,ninguno,,BUILD_DATE (fallback compartido),false,omitir lastmod (sin dato real)
/productos/morral-backpack-legacy-urban-travel-9818/,producto,ninguno,,BUILD_DATE (fallback compartido),false,omitir lastmod (sin dato real)
/productos/morral-backpack-kepler-urban-travel-10164/,producto,ninguno,,BUILD_DATE (fallback compartido),false,omitir lastmod (sin dato real)
/productos/morral-backpack-jinx-urban-travel-10163/,producto,ninguno,,BUILD_DATE (fallback compartido),false,omitir lastmod (sin dato real)
/productos/sporty-bag-crocket-6938/,producto,last_ai_update,2026-04-20,"campo real (last_ai_update, sin usar hoy en sitemap.ts)",true,usar last_ai_update en sitemap.ts
/productos/morral-backpack-rush-produccion-nacional-6901/,producto,last_ai_update,2026-04-21,"campo real (last_ai_update, sin usar hoy en sitemap.ts)",true,usar last_ai_update en sitemap.ts
/productos/maletin-deportivo-florida-4876/,producto,last_ai_update,2026-04-20,"campo real (last_ai_update, sin usar hoy en sitemap.ts)",true,usar last_ai_update en sitemap.ts
/productos/morral-backpack-reflective-8161/,producto,last_ai_update,2026-04-20,"campo real (last_ai_update, sin usar hoy en sitemap.ts)",true,usar last_ai_update en sitemap.ts
/productos/sporty-bag-reflective-8182/,producto,last_ai_update,2026-04-20,"campo real (last_ai_update, sin usar hoy en sitemap.ts)",true,usar last_ai_update en sitemap.ts
/productos/morral-backpack-plegable-molly-8193/,producto,last_ai_update,2026-04-20,"campo real (last_ai_update, sin usar hoy en sitemap.ts)",true,usar last_ai_update en sitemap.ts
/productos/protector-para-morral-backpack-emergency-produccion-nacional-6919/,producto,ninguno,,BUILD_DATE (fallback compartido),false,omitir lastmod (sin dato real)
/productos/morral-backpack-retro-produccion-nacional-7697/,producto,last_ai_update,2026-04-20,"campo real (last_ai_update, sin usar hoy en sitemap.ts)",true,usar last_ai_update en sitemap.ts
/productos/morral-backpack-derex-8541/,producto,ninguno,,BUILD_DATE (fallback compartido),false,omitir lastmod (sin dato real)
/productos/morral-backpack-antirrobo-royal-9213/,producto,last_ai_update,2026-04-20,"campo real (last_ai_update, sin usar hoy en sitemap.ts)",true,usar last_ai_update en sitemap.ts
/productos/morral-backpack-strings-9598/,producto,ninguno,,BUILD_DATE (fallback compartido),false,omitir lastmod (sin dato real)
/productos/mininevera-cooler-con-portacomida-produccion-nacional-3244/,producto,last_ai_update,2026-04-22,"campo real (last_ai_update, sin usar hoy en sitemap.ts)",true,usar last_ai_update en sitemap.ts
/productos/nevera-cooler-bag-trolley-1073/,producto,ninguno,,BUILD_DATE (fallback compartido),false,omitir lastmod (sin dato real)
/productos/nevera-cooler-lunchy-8157/,producto,last_ai_update,2026-04-20,"campo real (last_ai_update, sin usar hoy en sitemap.ts)",true,usar last_ai_update en sitemap.ts
/productos/nevera-cooler-bag-soccer-ball-produccion-nacional-8291/,producto,last_ai_update,2026-04-21,"campo real (last_ai_update, sin usar hoy en sitemap.ts)",true,usar last_ai_update en sitemap.ts
/productos/nevera-cooler-bag-goal-produccion-nacional-8290/,producto,last_ai_update,2026-04-20,"campo real (last_ai_update, sin usar hoy en sitemap.ts)",true,usar last_ai_update en sitemap.ts
/productos/nevera-cooler-kendrik-produccion-nacional-9349/,producto,last_ai_update,2026-04-20,"campo real (last_ai_update, sin usar hoy en sitemap.ts)",true,usar last_ai_update en sitemap.ts
/productos/molde-de-silicona-ice-face-10677/,producto,last_ai_update,2026-04-20,"campo real (last_ai_update, sin usar hoy en sitemap.ts)",true,usar last_ai_update en sitemap.ts
/productos/organizador-multiusos-lyra-10675/,producto,ninguno,,BUILD_DATE (fallback compartido),false,omitir lastmod (sin dato real)
/productos/cosmetiquera-venecia-6904/,producto,ninguno,,BUILD_DATE (fallback compartido),false,omitir lastmod (sin dato real)
/productos/multiorganizador-para-cartera-y-maletin-6562/,producto,last_ai_update,2026-04-20,"campo real (last_ai_update, sin usar hoy en sitemap.ts)",true,usar last_ai_update en sitemap.ts
/productos/bolso-venecia-nacional-6221/,producto,ninguno,,BUILD_DATE (fallback compartido),false,omitir lastmod (sin dato real)
/productos/sporty-bag-molt-6246/,producto,last_ai_update,2026-04-20,"campo real (last_ai_update, sin usar hoy en sitemap.ts)",true,usar last_ai_update en sitemap.ts
/productos/agarradera-para-bolso-compacto-con-carabinero-3258/,producto,last_ai_update,2026-04-22,"campo real (last_ai_update, sin usar hoy en sitemap.ts)",true,usar last_ai_update en sitemap.ts
/productos/portapasaporte-security-7599/,producto,ninguno,,BUILD_DATE (fallback compartido),false,omitir lastmod (sin dato real)
/productos/cosmetiquera-travel-produccion-nacional-8720/,producto,last_ai_update,2026-04-20,"campo real (last_ai_update, sin usar hoy en sitemap.ts)",true,usar last_ai_update en sitemap.ts
/productos/maletin-trolley-bag-norris-oferta-6925/,producto,last_ai_update,2026-04-21,"campo real (last_ai_update, sin usar hoy en sitemap.ts)",true,usar last_ai_update en sitemap.ts
/productos/morral-backpack-elegant-10725/,producto,last_ai_update,2026-04-22,"campo real (last_ai_update, sin usar hoy en sitemap.ts)",true,usar last_ai_update en sitemap.ts
/productos/maletin-trolley-florida-weekend-oferta-4888/,producto,ninguno,,BUILD_DATE (fallback compartido),false,omitir lastmod (sin dato real)
/productos/maletin-trolley-city-4886/,producto,last_ai_update,2026-04-20,"campo real (last_ai_update, sin usar hoy en sitemap.ts)",true,usar last_ai_update en sitemap.ts
/productos/morral-antirrobo-backpack-rpet-10010/,producto,last_ai_update,2026-04-22,"campo real (last_ai_update, sin usar hoy en sitemap.ts)",true,usar last_ai_update en sitemap.ts
/productos/sporty-bag-sencilla-ii-rpet-10686/,producto,last_ai_update,2026-04-20,"campo real (last_ai_update, sin usar hoy en sitemap.ts)",true,usar last_ai_update en sitemap.ts
/productos/bolsa-clear-anny-produccion-nacional-6465/,producto,last_ai_update,2026-04-22,"campo real (last_ai_update, sin usar hoy en sitemap.ts)",true,usar last_ai_update en sitemap.ts
/productos/sporty-bag-con-malla-2129/,producto,last_ai_update,2026-04-22,"campo real (last_ai_update, sin usar hoy en sitemap.ts)",true,usar last_ai_update en sitemap.ts
/productos/sporty-bag-sencilla-1552/,producto,last_ai_update,2026-04-22,"campo real (last_ai_update, sin usar hoy en sitemap.ts)",true,usar last_ai_update en sitemap.ts
/productos/sporty-bag-aspen-7583/,producto,last_ai_update,2026-04-20,"campo real (last_ai_update, sin usar hoy en sitemap.ts)",true,usar last_ai_update en sitemap.ts
/productos/sporty-bag-whip-7571/,producto,last_ai_update,2026-04-22,"campo real (last_ai_update, sin usar hoy en sitemap.ts)",true,usar last_ai_update en sitemap.ts
/productos/bolsa-en-cambrel-reflectiva-8199/,producto,last_ai_update,2026-04-20,"campo real (last_ai_update, sin usar hoy en sitemap.ts)",true,usar last_ai_update en sitemap.ts
/productos/sporty-bag-champion-produccion-nacional-8283/,producto,last_ai_update,2026-04-22,"campo real (last_ai_update, sin usar hoy en sitemap.ts)",true,usar last_ai_update en sitemap.ts
/productos/sporty-bag-spock-8404/,producto,last_ai_update,2026-04-22,"campo real (last_ai_update, sin usar hoy en sitemap.ts)",true,usar last_ai_update en sitemap.ts
/productos/sporty-bag-eco-yute-280gr-9725/,producto,last_ai_update,2026-04-22,"campo real (last_ai_update, sin usar hoy en sitemap.ts)",true,usar last_ai_update en sitemap.ts
/productos/llavero-ml-401-10514/,producto,ninguno,,BUILD_DATE (fallback compartido),false,omitir lastmod (sin dato real)
/productos/llavero-ml-402-10407/,producto,last_ai_update,2026-04-20,"campo real (last_ai_update, sin usar hoy en sitemap.ts)",true,usar last_ai_update en sitemap.ts
/productos/llavero-ml-404-10950/,producto,ninguno,,BUILD_DATE (fallback compartido),false,omitir lastmod (sin dato real)
/productos/llavero-ml-405-10951/,producto,ninguno,,BUILD_DATE (fallback compartido),false,omitir lastmod (sin dato real)
/productos/llavero-ml-406-10952/,producto,last_ai_update,2026-04-20,"campo real (last_ai_update, sin usar hoy en sitemap.ts)",true,usar last_ai_update en sitemap.ts
/productos/llavero-ml-407-10953/,producto,ninguno,,BUILD_DATE (fallback compartido),false,omitir lastmod (sin dato real)
/productos/llavero-ml-408-10954/,producto,ninguno,,BUILD_DATE (fallback compartido),false,omitir lastmod (sin dato real)
/productos/llavero-ml-409-10955/,producto,ninguno,,BUILD_DATE (fallback compartido),false,omitir lastmod (sin dato real)
/productos/llavero-ml-411-10957/,producto,ninguno,,BUILD_DATE (fallback compartido),false,omitir lastmod (sin dato real)
/productos/llavero-ml-412-10958/,producto,ninguno,,BUILD_DATE (fallback compartido),false,omitir lastmod (sin dato real)
/productos/llavero-ml-413-11037/,producto,last_ai_update,2026-04-20,"campo real (last_ai_update, sin usar hoy en sitemap.ts)",true,usar last_ai_update en sitemap.ts
/productos/clip-portamensajes-car-4214/,producto,last_ai_update,2026-04-20,"campo real (last_ai_update, sin usar hoy en sitemap.ts)",true,usar last_ai_update en sitemap.ts
/productos/clip-portamensajes-house-oferta-4213/,producto,last_ai_update,2026-04-20,"campo real (last_ai_update, sin usar hoy en sitemap.ts)",true,usar last_ai_update en sitemap.ts
/productos/clip-portamensajes-mini-car-oferta-8037/,producto,last_ai_update,2026-04-22,"campo real (last_ai_update, sin usar hoy en sitemap.ts)",true,usar last_ai_update en sitemap.ts
/productos/portatarjetas-ml-275-oferta-4816/,producto,last_ai_update,2026-04-20,"campo real (last_ai_update, sin usar hoy en sitemap.ts)",true,usar last_ai_update en sitemap.ts
/productos/porta-tarjetas-ml-307-6131/,producto,last_ai_update,2026-04-22,"campo real (last_ai_update, sin usar hoy en sitemap.ts)",true,usar last_ai_update en sitemap.ts
/productos/portatarjetas-ml-182-3089/,producto,last_ai_update,2026-04-22,"campo real (last_ai_update, sin usar hoy en sitemap.ts)",true,usar last_ai_update en sitemap.ts
/productos/set-monarch-7443/,producto,last_ai_update,2026-04-20,"campo real (last_ai_update, sin usar hoy en sitemap.ts)",true,usar last_ai_update en sitemap.ts
/productos/portatarjetas-ml-376-oferta-8610/,producto,last_ai_update,2026-04-22,"campo real (last_ai_update, sin usar hoy en sitemap.ts)",true,usar last_ai_update en sitemap.ts
/productos/set-de-llavero-y-portatarjetas-ml-372-oferta-8606/,producto,last_ai_update,2026-04-20,"campo real (last_ai_update, sin usar hoy en sitemap.ts)",true,usar last_ai_update en sitemap.ts
/productos/set-ml-383-9191/,producto,last_ai_update,2026-04-22,"campo real (last_ai_update, sin usar hoy en sitemap.ts)",true,usar last_ai_update en sitemap.ts
/productos/portatarjetas-ml-384-oferta-9192/,producto,last_ai_update,2026-04-22,"campo real (last_ai_update, sin usar hoy en sitemap.ts)",true,usar last_ai_update en sitemap.ts
/productos/memoria-usb-boligrafo-wood-precio-neto-10011/,producto,ninguno,,BUILD_DATE (fallback compartido),false,omitir lastmod (sin dato real)
/productos/memoria-usb-credit-card-precio-neto-3301/,producto,last_ai_update,2026-04-20,"campo real (last_ai_update, sin usar hoy en sitemap.ts)",true,usar last_ai_update en sitemap.ts
/productos/memoria-usb-manilla-slimmy-ver-chip-of-228-ch-precio-neto-7271/,producto,last_ai_update,2026-04-22,"campo real (last_ai_update, sin usar hoy en sitemap.ts)",true,usar last_ai_update en sitemap.ts
/productos/memoria-usb-manilla-bandy-ii-precio-neto-7259/,producto,last_ai_update,2026-04-20,"campo real (last_ai_update, sin usar hoy en sitemap.ts)",true,usar last_ai_update en sitemap.ts
/productos/pvc-memoria-usb-medic-3d-ver-of-228-ch-precio-neto-8802/,producto,last_ai_update,2026-04-22,"campo real (last_ai_update, sin usar hoy en sitemap.ts)",true,usar last_ai_update en sitemap.ts
/productos/pvc-memoria-usb-soccer-ver-of-228-ch-oferta-9929/,producto,last_ai_update,2026-04-22,"campo real (last_ai_update, sin usar hoy en sitemap.ts)",true,usar last_ai_update en sitemap.ts
/productos/memoria-usb-credit-card-eco-precio-neto-oferta-10012/,producto,last_ai_update,2026-04-22,"campo real (last_ai_update, sin usar hoy en sitemap.ts)",true,usar last_ai_update en sitemap.ts
/productos/botilito-metalico-sublimacion-sport-bottle-500ml-10667/,producto,last_ai_update,2026-07-10,"campo real (last_ai_update, sin usar hoy en sitemap.ts)",true,usar last_ai_update en sitemap.ts
/productos/botilito-plastico-counter-650ml-9775/,producto,last_ai_update,2026-07-10,"campo real (last_ai_update, sin usar hoy en sitemap.ts)",true,usar last_ai_update en sitemap.ts
/productos/botilito-metalico-para-sublimacion-gipsy-700ml-10684/,producto,last_ai_update,2026-07-10,"campo real (last_ai_update, sin usar hoy en sitemap.ts)",true,usar last_ai_update en sitemap.ts
/productos/mezclador-en-acero-inoxidable-6701/,producto,ninguno,,BUILD_DATE (fallback compartido),false,omitir lastmod (sin dato real)
/productos/botilito-sport-laguna-800ml-4440/,producto,last_ai_update,2026-07-10,"campo real (last_ai_update, sin usar hoy en sitemap.ts)",true,usar last_ai_update en sitemap.ts
/productos/botilito-en-pvc-curvy-525ml-produccion-nacional-6322/,producto,last_ai_update,2026-07-10,"campo real (last_ai_update, sin usar hoy en sitemap.ts)",true,usar last_ai_update en sitemap.ts
/productos/botilito-sport-titan-650-ml-produccion-nacional-4439/,producto,last_ai_update,2026-07-10,"campo real (last_ai_update, sin usar hoy en sitemap.ts)",true,usar last_ai_update en sitemap.ts
/productos/botilito-pvc-mercury-850ml-precio-bomba-3742/,producto,last_ai_update,2026-07-10,"campo real (last_ai_update, sin usar hoy en sitemap.ts)",true,usar last_ai_update en sitemap.ts
/productos/botilito-mini-spring-550ml-5159/,producto,last_ai_update,2026-07-10,"campo real (last_ai_update, sin usar hoy en sitemap.ts)",true,usar last_ai_update en sitemap.ts
/productos/botilito-urban-700ml-produccion-nacional-4080/,producto,last_ai_update,2026-07-10,"campo real (last_ai_update, sin usar hoy en sitemap.ts)",true,usar last_ai_update en sitemap.ts
/productos/botilito-igloo-500ml-produccion-nacional-ver-tapa-energy-2375/,producto,last_ai_update,2026-07-10,"campo real (last_ai_update, sin usar hoy en sitemap.ts)",true,usar last_ai_update en sitemap.ts
/productos/botilito-metalico-sport-bottle-500ml-4433/,producto,last_ai_update,2026-07-10,"campo real (last_ai_update, sin usar hoy en sitemap.ts)",true,usar last_ai_update en sitemap.ts
/productos/botilito-metalico-otto-600-ml-8530/,producto,last_ai_update,2026-07-10,"campo real (last_ai_update, sin usar hoy en sitemap.ts)",true,usar last_ai_update en sitemap.ts
/productos/botilito-metalico-jupiter-500-ml-8514/,producto,last_ai_update,2026-07-10,"campo real (last_ai_update, sin usar hoy en sitemap.ts)",true,usar last_ai_update en sitemap.ts
/productos/botilito-metalico-wolfgang-500-ml-8531/,producto,last_ai_update,2026-07-10,"campo real (last_ai_update, sin usar hoy en sitemap.ts)",true,usar last_ai_update en sitemap.ts
/productos/botilito-en-aluminio-parsons-700ml-8758/,producto,last_ai_update,2026-07-10,"campo real (last_ai_update, sin usar hoy en sitemap.ts)",true,usar last_ai_update en sitemap.ts
/productos/botilito-metalico-wood-700ml-9016/,producto,last_ai_update,2026-07-10,"campo real (last_ai_update, sin usar hoy en sitemap.ts)",true,usar last_ai_update en sitemap.ts
/productos/botilito-metalico-barry-600ml-9017/,producto,last_ai_update,2026-07-10,"campo real (last_ai_update, sin usar hoy en sitemap.ts)",true,usar last_ai_update en sitemap.ts
/productos/botilito-metalico-jumbo-750ml-9396/,producto,last_ai_update,2026-07-10,"campo real (last_ai_update, sin usar hoy en sitemap.ts)",true,usar last_ai_update en sitemap.ts
/productos/botilito-metalico-hans-600ml-9437/,producto,last_ai_update,2026-07-10,"campo real (last_ai_update, sin usar hoy en sitemap.ts)",true,usar last_ai_update en sitemap.ts
/productos/botilito-metalico-vortex-600ml-9550/,producto,last_ai_update,2026-07-10,"campo real (last_ai_update, sin usar hoy en sitemap.ts)",true,usar last_ai_update en sitemap.ts
/productos/botilito-supra-en-pet-610ml-produccion-nacional-6706/,producto,last_ai_update,2026-07-10,"campo real (last_ai_update, sin usar hoy en sitemap.ts)",true,usar last_ai_update en sitemap.ts
/productos/botilito-en-pvc-helice-650ml-produccion-nacional-5741/,producto,last_ai_update,2026-07-10,"campo real (last_ai_update, sin usar hoy en sitemap.ts)",true,usar last_ai_update en sitemap.ts
/productos/botilito-spider-pvc-650-ml-produccion-nacional-5486/,producto,last_ai_update,2026-07-10,"campo real (last_ai_update, sin usar hoy en sitemap.ts)",true,usar last_ai_update en sitemap.ts
/productos/botilito-en-pvc-curvy-500ml-produccion-nacional-6322/,producto,last_ai_update,2026-07-10,"campo real (last_ai_update, sin usar hoy en sitemap.ts)",true,usar last_ai_update en sitemap.ts
/productos/botilito-sport-titan-690-ml-produccion-nacional-4439/,producto,last_ai_update,2026-07-10,"campo real (last_ai_update, sin usar hoy en sitemap.ts)",true,usar last_ai_update en sitemap.ts
/productos/botilito-pvc-mercury-850ml-3742/,producto,last_ai_update,2026-07-10,"campo real (last_ai_update, sin usar hoy en sitemap.ts)",true,usar last_ai_update en sitemap.ts
/productos/botilito-saturno-pvc-900ml-produccion-nacional-ver-mu-35-tapa-pesta-6705/,producto,last_ai_update,2026-07-10,"campo real (last_ai_update, sin usar hoy en sitemap.ts)",true,usar last_ai_update en sitemap.ts
/productos/mini-botilito-ergo-400ml-produccion-nacional-5484/,producto,last_ai_update,2026-07-10,"campo real (last_ai_update, sin usar hoy en sitemap.ts)",true,usar last_ai_update en sitemap.ts
/productos/botilito-carabinero-pvc-690ml-produccion-nacional-5820/,producto,last_ai_update,2026-07-10,"campo real (last_ai_update, sin usar hoy en sitemap.ts)",true,usar last_ai_update en sitemap.ts
/productos/botilito-mini-spring-590ml-tapa-importada-o-nacional-5159/,producto,last_ai_update,2026-07-10,"campo real (last_ai_update, sin usar hoy en sitemap.ts)",true,usar last_ai_update en sitemap.ts
/productos/botilito-en-tritan-bugsy-630ml-6815/,producto,last_ai_update,2026-07-10,"campo real (last_ai_update, sin usar hoy en sitemap.ts)",true,usar last_ai_update en sitemap.ts
/productos/botilito-infussion-800ml-5762/,producto,last_ai_update,2026-07-10,"campo real (last_ai_update, sin usar hoy en sitemap.ts)",true,usar last_ai_update en sitemap.ts
/productos/botilito-en-tritan-swat-600ml-oferta-9559/,producto,last_ai_update,2026-07-10,"campo real (last_ai_update, sin usar hoy en sitemap.ts)",true,usar last_ai_update en sitemap.ts
/productos/agarradera-en-polietileno-nuevo-13405/,producto,ninguno,,BUILD_DATE (fallback compartido),false,omitir lastmod (sin dato real)
/productos/mug-ceramica-neon-11oz-oferta-6821/,producto,last_ai_update,2026-04-20,"campo real (last_ai_update, sin usar hoy en sitemap.ts)",true,usar last_ai_update en sitemap.ts
/productos/mug-oxford-ceramica-11oz-3505/,producto,last_ai_update,2026-04-20,"campo real (last_ai_update, sin usar hoy en sitemap.ts)",true,usar last_ai_update en sitemap.ts
/productos/mug-ceramica-cuadrado-10-oz-1591/,producto,last_ai_update,2026-04-21,"campo real (last_ai_update, sin usar hoy en sitemap.ts)",true,usar last_ai_update en sitemap.ts
/productos/mug-ceramica-tablero-11oz-con-tiza-4059/,producto,last_ai_update,2026-04-20,"campo real (last_ai_update, sin usar hoy en sitemap.ts)",true,usar last_ai_update en sitemap.ts
/productos/mug-ceramica-para-sublimacion-i-11oz-4065/,producto,last_ai_update,2026-04-20,"campo real (last_ai_update, sin usar hoy en sitemap.ts)",true,usar last_ai_update en sitemap.ts
/productos/mug-ceramica-sublimacion-magic-color-11oz-4064/,producto,last_ai_update,2026-04-20,"campo real (last_ai_update, sin usar hoy en sitemap.ts)",true,usar last_ai_update en sitemap.ts
/productos/mug-ceramica-con-cuchara-trump-10oz-6822/,producto,last_ai_update,2026-04-20,"campo real (last_ai_update, sin usar hoy en sitemap.ts)",true,usar last_ai_update en sitemap.ts
/productos/mug-firenze-ceramica-neon-10oz-oferta-2831/,producto,last_ai_update,2026-04-21,"campo real (last_ai_update, sin usar hoy en sitemap.ts)",true,usar last_ai_update en sitemap.ts
/productos/mug-ceramica-con-corcho-11-oz-7453/,producto,last_ai_update,2026-04-20,"campo real (last_ai_update, sin usar hoy en sitemap.ts)",true,usar last_ai_update en sitemap.ts
/productos/mug-ceramica-zenith-12oz-7874/,producto,last_ai_update,2026-04-20,"campo real (last_ai_update, sin usar hoy en sitemap.ts)",true,usar last_ai_update en sitemap.ts
/productos/mug-ceramica-ottis-11oz-oferta-8421/,producto,last_ai_update,2026-04-20,"campo real (last_ai_update, sin usar hoy en sitemap.ts)",true,usar last_ai_update en sitemap.ts
/productos/mug-doble-pared-en-acero-ii-16oz-1342/,producto,last_ai_update,2026-04-20,"campo real (last_ai_update, sin usar hoy en sitemap.ts)",true,usar last_ai_update en sitemap.ts
/productos/mug-metalico-galileo-16oz-8060/,producto,last_ai_update,2026-04-20,"campo real (last_ai_update, sin usar hoy en sitemap.ts)",true,usar last_ai_update en sitemap.ts
/productos/mug-metalico-peyton-470-ml-8667/,producto,last_ai_update,2026-04-20,"campo real (last_ai_update, sin usar hoy en sitemap.ts)",true,usar last_ai_update en sitemap.ts
/productos/mug-metalico-moritz-450-ml-8526/,producto,last_ai_update,2026-04-20,"campo real (last_ai_update, sin usar hoy en sitemap.ts)",true,usar last_ai_update en sitemap.ts
/productos/set-de-mugs-con-termo-cascade-8853/,producto,last_ai_update,2026-07-10,"campo real (last_ai_update, sin usar hoy en sitemap.ts)",true,usar last_ai_update en sitemap.ts
/productos/mug-metalico-star-350ml-8986/,producto,last_ai_update,2026-04-21,"campo real (last_ai_update, sin usar hoy en sitemap.ts)",true,usar last_ai_update en sitemap.ts
/productos/mug-metalico-mask-350ml-9018/,producto,last_ai_update,2026-04-20,"campo real (last_ai_update, sin usar hoy en sitemap.ts)",true,usar last_ai_update en sitemap.ts
/productos/mug-metalico-slash-550ml-9019/,producto,last_ai_update,2026-04-21,"campo real (last_ai_update, sin usar hoy en sitemap.ts)",true,usar last_ai_update en sitemap.ts
/productos/mug-metalico-quest-450ml-9389/,producto,last_ai_update,2026-04-21,"campo real (last_ai_update, sin usar hoy en sitemap.ts)",true,usar last_ai_update en sitemap.ts
/productos/mug-metalico-con-bamboo-500ml-9699/,producto,last_ai_update,2026-04-20,"campo real (last_ai_update, sin usar hoy en sitemap.ts)",true,usar last_ai_update en sitemap.ts
/productos/mug-metalico-warmer-450ml-9707/,producto,last_ai_update,2026-04-20,"campo real (last_ai_update, sin usar hoy en sitemap.ts)",true,usar last_ai_update en sitemap.ts
/productos/vaso-yumbo-32oz-produccion-nacional-11149/,producto,last_ai_update,2026-07-10,"campo real (last_ai_update, sin usar hoy en sitemap.ts)",true,usar last_ai_update en sitemap.ts
/productos/maxi-mug-produccion-nacional-2362/,producto,last_ai_update,2026-04-20,"campo real (last_ai_update, sin usar hoy en sitemap.ts)",true,usar last_ai_update en sitemap.ts
/productos/mug-kid-produccion-nacional-2869/,producto,last_ai_update,2026-04-22,"campo real (last_ai_update, sin usar hoy en sitemap.ts)",true,usar last_ai_update en sitemap.ts
/productos/mug-mediano-club-produccion-nacional-2873/,producto,last_ai_update,2026-04-21,"campo real (last_ai_update, sin usar hoy en sitemap.ts)",true,usar last_ai_update en sitemap.ts
/productos/vaso-plastico-new-york-23-oz-produccion-nacional-8714/,producto,last_ai_update,2026-07-10,"campo real (last_ai_update, sin usar hoy en sitemap.ts)",true,usar last_ai_update en sitemap.ts
/productos/vaso-plastico-new-york-20-oz-produccion-nacional-8735/,producto,last_ai_update,2026-07-10,"campo real (last_ai_update, sin usar hoy en sitemap.ts)",true,usar last_ai_update en sitemap.ts
/productos/botilito-metalico-para-sublimacion-wolfgang-500ml-9967/,producto,last_ai_update,2026-07-10,"campo real (last_ai_update, sin usar hoy en sitemap.ts)",true,usar last_ai_update en sitemap.ts
/productos/botilito-en-aluminio-para-sublimacion-parsons-750ml-9968/,producto,last_ai_update,2026-07-10,"campo real (last_ai_update, sin usar hoy en sitemap.ts)",true,usar last_ai_update en sitemap.ts
/productos/mug-metalico-para-sublimacion-galileo-450ml-9969/,producto,last_ai_update,2026-04-21,"campo real (last_ai_update, sin usar hoy en sitemap.ts)",true,usar last_ai_update en sitemap.ts
/productos/mug-metalico-para-sublimacion-mask-350ml-9973/,producto,last_ai_update,2026-04-21,"campo real (last_ai_update, sin usar hoy en sitemap.ts)",true,usar last_ai_update en sitemap.ts
/productos/botilito-metalico-anders-500ml-10502/,producto,last_ai_update,2026-07-10,"campo real (last_ai_update, sin usar hoy en sitemap.ts)",true,usar last_ai_update en sitemap.ts
/productos/botilito-plastico-wonder-650ml-produccion-nacional-10688/,producto,last_ai_update,2026-07-10,"campo real (last_ai_update, sin usar hoy en sitemap.ts)",true,usar last_ai_update en sitemap.ts
/productos/termo-bullet-350ml-912/,producto,last_ai_update,2026-07-10,"campo real (last_ai_update, sin usar hoy en sitemap.ts)",true,usar last_ai_update en sitemap.ts
/productos/termo-zeus-500-ml-4432/,producto,last_ai_update,2026-07-10,"campo real (last_ai_update, sin usar hoy en sitemap.ts)",true,usar last_ai_update en sitemap.ts
/productos/termo-bamboo-500ml-9771/,producto,last_ai_update,2026-07-10,"campo real (last_ai_update, sin usar hoy en sitemap.ts)",true,usar last_ai_update en sitemap.ts
/productos/termo-urban-travel-hydra-500ml-10206/,producto,last_ai_update,2026-07-10,"campo real (last_ai_update, sin usar hoy en sitemap.ts)",true,usar last_ai_update en sitemap.ts
/productos/aro-de-silicona-para-mug-orbit-5890/,producto,last_ai_update,2026-04-20,"campo real (last_ai_update, sin usar hoy en sitemap.ts)",true,usar last_ai_update en sitemap.ts
/productos/vaso-circular-320ml-produccion-nacional-2374/,producto,last_ai_update,2026-07-10,"campo real (last_ai_update, sin usar hoy en sitemap.ts)",true,usar last_ai_update en sitemap.ts
/productos/vaso-speedy-14-oz-san-produccion-nacional-5482/,producto,last_ai_update,2026-07-10,"campo real (last_ai_update, sin usar hoy en sitemap.ts)",true,usar last_ai_update en sitemap.ts
/productos/vaso-cuadrado-7oz-cristal-produccion-nacional-5479/,producto,last_ai_update,2026-07-10,"campo real (last_ai_update, sin usar hoy en sitemap.ts)",true,usar last_ai_update en sitemap.ts
/productos/vaso-twister-12-oz-san-produccion-nacional-5481/,producto,last_ai_update,2026-07-10,"campo real (last_ai_update, sin usar hoy en sitemap.ts)",true,usar last_ai_update en sitemap.ts
/productos/vaso-triangular-250ml-produccion-nacional-3274/,producto,last_ai_update,2026-07-10,"campo real (last_ai_update, sin usar hoy en sitemap.ts)",true,usar last_ai_update en sitemap.ts
/productos/vaso-tapa-plastico-14-oz-produccion-nacional-2871/,producto,last_ai_update,2026-07-10,"campo real (last_ai_update, sin usar hoy en sitemap.ts)",true,usar last_ai_update en sitemap.ts
/productos/vaso-con-pitillo-produccion-nacional-2870/,producto,last_ai_update,2026-07-10,"campo real (last_ai_update, sin usar hoy en sitemap.ts)",true,usar last_ai_update en sitemap.ts
/productos/copa-para-vino-7oz-produccion-nacional-2007/,producto,last_ai_update,2026-04-21,"campo real (last_ai_update, sin usar hoy en sitemap.ts)",true,usar last_ai_update en sitemap.ts
/productos/copa-cilindrica-2oz-cristal-produccion-nacional-5480/,producto,last_ai_update,2026-04-21,"campo real (last_ai_update, sin usar hoy en sitemap.ts)",true,usar last_ai_update en sitemap.ts
/productos/botilito-metalico-shelby-600ml-9555/,producto,last_ai_update,2026-07-10,"campo real (last_ai_update, sin usar hoy en sitemap.ts)",true,usar last_ai_update en sitemap.ts
/productos/botilito-metalico-uv-c-clean-500ml-9686/,producto,last_ai_update,2026-07-10,"campo real (last_ai_update, sin usar hoy en sitemap.ts)",true,usar last_ai_update en sitemap.ts
/productos/mug-metalico-doble-pared-coffee-urban-travel-380ml-9766/,producto,last_ai_update,2026-04-21,"campo real (last_ai_update, sin usar hoy en sitemap.ts)",true,usar last_ai_update en sitemap.ts
/productos/botilito-metalico-atomic-500ml-9970/,producto,last_ai_update,2026-07-10,"campo real (last_ai_update, sin usar hoy en sitemap.ts)",true,usar last_ai_update en sitemap.ts
/productos/mug-metalico-grant-urban-travel-500ml-10081/,producto,last_ai_update,2026-04-22,"campo real (last_ai_update, sin usar hoy en sitemap.ts)",true,usar last_ai_update en sitemap.ts
/productos/memo-stick-personalizados-6963/,producto,last_ai_update,2026-04-22,"campo real (last_ai_update, sin usar hoy en sitemap.ts)",true,usar last_ai_update en sitemap.ts
/productos/alcancia-con-portaboligrafo-6920/,producto,last_ai_update,2026-04-20,"campo real (last_ai_update, sin usar hoy en sitemap.ts)",true,usar last_ai_update en sitemap.ts
/productos/regla-flexy-pvc-30cm-produccion-nacional-6848/,producto,last_ai_update,2026-04-22,"campo real (last_ai_update, sin usar hoy en sitemap.ts)",true,usar last_ai_update en sitemap.ts
/productos/set-de-escritorio-magnum-6829/,producto,ninguno,,BUILD_DATE (fallback compartido),false,omitir lastmod (sin dato real)
/productos/boton-plastico-para-portacarnet-oferta-6561/,producto,last_ai_update,2026-04-20,"campo real (last_ai_update, sin usar hoy en sitemap.ts)",true,usar last_ai_update en sitemap.ts
/productos/set-de-bandas-elasticas-oferta-6560/,producto,last_ai_update,2026-04-20,"campo real (last_ai_update, sin usar hoy en sitemap.ts)",true,usar last_ai_update en sitemap.ts
/productos/juego-desestresante-con-clips-2198/,producto,last_ai_update,2026-04-20,"campo real (last_ai_update, sin usar hoy en sitemap.ts)",true,usar last_ai_update en sitemap.ts
/productos/juego-imantado-desestresante-1772/,producto,last_ai_update,2026-04-20,"campo real (last_ai_update, sin usar hoy en sitemap.ts)",true,usar last_ai_update en sitemap.ts
/productos/libreta-igor-jumbo-11119/,producto,last_ai_update,2026-04-22,"campo real (last_ai_update, sin usar hoy en sitemap.ts)",true,usar last_ai_update en sitemap.ts
/productos/libreta-igor-80-hojas-6843/,producto,last_ai_update,2026-04-20,"campo real (last_ai_update, sin usar hoy en sitemap.ts)",true,usar last_ai_update en sitemap.ts
/productos/libreta-century-6838/,producto,ninguno,,BUILD_DATE (fallback compartido),false,omitir lastmod (sin dato real)
/productos/mini-libreta-forest-6189/,producto,ninguno,,BUILD_DATE (fallback compartido),false,omitir lastmod (sin dato real)
/productos/mini-libreta-sevilla-80-hojas-5739/,producto,last_ai_update,2026-04-22,"campo real (last_ai_update, sin usar hoy en sitemap.ts)",true,usar last_ai_update en sitemap.ts
/productos/sticky-set-en-trigo-wheat-eco-9678/,producto,last_ai_update,2026-04-22,"campo real (last_ai_update, sin usar hoy en sitemap.ts)",true,usar last_ai_update en sitemap.ts
/productos/sticky-set-cubik-9974/,producto,last_ai_update,2026-04-20,"campo real (last_ai_update, sin usar hoy en sitemap.ts)",true,usar last_ai_update en sitemap.ts
/productos/bamboo-sticky-pad-9955/,producto,last_ai_update,2026-04-20,"campo real (last_ai_update, sin usar hoy en sitemap.ts)",true,usar last_ai_update en sitemap.ts
/productos/memo-sticky-set-bamboo-10100/,producto,last_ai_update,2026-04-20,"campo real (last_ai_update, sin usar hoy en sitemap.ts)",true,usar last_ai_update en sitemap.ts
/productos/portataco-duo-produccion-nacional-3845/,producto,last_ai_update,2026-04-22,"campo real (last_ai_update, sin usar hoy en sitemap.ts)",true,usar last_ai_update en sitemap.ts
/productos/sticky-set-doctor-9090/,producto,last_ai_update,2026-04-20,"campo real (last_ai_update, sin usar hoy en sitemap.ts)",true,usar last_ai_update en sitemap.ts
/productos/planeador-semanal-ecologico-9975/,producto,last_ai_update,2026-04-22,"campo real (last_ai_update, sin usar hoy en sitemap.ts)",true,usar last_ai_update en sitemap.ts
/productos/memo-clip-bamboo-ii-10242/,producto,last_ai_update,2026-04-20,"campo real (last_ai_update, sin usar hoy en sitemap.ts)",true,usar last_ai_update en sitemap.ts
/productos/set-memo-pad-eco-10099/,producto,last_ai_update,2026-04-22,"campo real (last_ai_update, sin usar hoy en sitemap.ts)",true,usar last_ai_update en sitemap.ts
/productos/cargador-inalambrico-office-10150/,producto,last_ai_update,2026-04-22,"campo real (last_ai_update, sin usar hoy en sitemap.ts)",true,usar last_ai_update en sitemap.ts
/productos/mouse-pad-plastificado-5549/,producto,last_ai_update,2026-04-20,"campo real (last_ai_update, sin usar hoy en sitemap.ts)",true,usar last_ai_update en sitemap.ts
/productos/mouse-pad-ergonomico-produccion-nacional-5542/,producto,last_ai_update,2026-04-20,"campo real (last_ai_update, sin usar hoy en sitemap.ts)",true,usar last_ai_update en sitemap.ts
/productos/mouse-pad-frost-produccion-nacional-2006/,producto,last_ai_update,2026-04-20,"campo real (last_ai_update, sin usar hoy en sitemap.ts)",true,usar last_ai_update en sitemap.ts
/productos/mouse-pad-vaniat-9862/,producto,last_ai_update,2026-04-20,"campo real (last_ai_update, sin usar hoy en sitemap.ts)",true,usar last_ai_update en sitemap.ts
/productos/organizador-de-escritorio-office-10112/,producto,last_ai_update,2026-04-20,"campo real (last_ai_update, sin usar hoy en sitemap.ts)",true,usar last_ai_update en sitemap.ts
/productos/mouse-pad-calendar-produccion-nacional-10159/,producto,last_ai_update,2026-04-22,"campo real (last_ai_update, sin usar hoy en sitemap.ts)",true,usar last_ai_update en sitemap.ts
/productos/mouse-pad-con-cargador-inalambrico-dexter-10113/,producto,last_ai_update,2026-04-20,"campo real (last_ai_update, sin usar hoy en sitemap.ts)",true,usar last_ai_update en sitemap.ts
/productos/cargador-inalambrico-flexi-pad-10524/,producto,last_ai_update,2026-04-22,"campo real (last_ai_update, sin usar hoy en sitemap.ts)",true,usar last_ai_update en sitemap.ts
/productos/mouse-pad-3-1-lcd-10461/,producto,last_ai_update,2026-04-20,"campo real (last_ai_update, sin usar hoy en sitemap.ts)",true,usar last_ai_update en sitemap.ts
/productos/mouse-bamboo-10340/,producto,last_ai_update,2026-04-20,"campo real (last_ai_update, sin usar hoy en sitemap.ts)",true,usar last_ai_update en sitemap.ts
/productos/mouse-pad-cork-con-apoya-munecas-10557/,producto,ninguno,,BUILD_DATE (fallback compartido),false,omitir lastmod (sin dato real)
/productos/tablero-week-6932/,producto,last_ai_update,2026-04-20,"campo real (last_ai_update, sin usar hoy en sitemap.ts)",true,usar last_ai_update en sitemap.ts
/productos/carpeta-folder-london-6844/,producto,ninguno,,BUILD_DATE (fallback compartido),false,omitir lastmod (sin dato real)
/productos/bolsa-portapapeles-produccion-nacional-4058/,producto,last_ai_update,2026-04-22,"campo real (last_ai_update, sin usar hoy en sitemap.ts)",true,usar last_ai_update en sitemap.ts
/productos/carpeta-folder-a4-crown-5507/,producto,ninguno,,BUILD_DATE (fallback compartido),false,omitir lastmod (sin dato real)
/productos/portaidentificador-de-carnet-medic-8077/,producto,last_ai_update,2026-04-22,"campo real (last_ai_update, sin usar hoy en sitemap.ts)",true,usar last_ai_update en sitemap.ts
/productos/carpeta-folder-zipper-8078/,producto,last_ai_update,2026-04-22,"campo real (last_ai_update, sin usar hoy en sitemap.ts)",true,usar last_ai_update en sitemap.ts
/productos/portaidentificador-de-carnet-redondo-ii-8226/,producto,last_ai_update,2026-04-22,"campo real (last_ai_update, sin usar hoy en sitemap.ts)",true,usar last_ai_update en sitemap.ts
/productos/calculadora-multifuncion-oferta-8477/,producto,last_ai_update,2026-04-20,"campo real (last_ai_update, sin usar hoy en sitemap.ts)",true,usar last_ai_update en sitemap.ts
/productos/portaboligrafos-flex-produccion-nacional-4113/,producto,last_ai_update,2026-04-22,"campo real (last_ai_update, sin usar hoy en sitemap.ts)",true,usar last_ai_update en sitemap.ts
/productos/portatacos-con-portalapices-produccion-nacional-7496/,producto,last_ai_update,2026-04-22,"campo real (last_ai_update, sin usar hoy en sitemap.ts)",true,usar last_ai_update en sitemap.ts
/productos/estuche-plastico-de-tres-cuerpos-produccion-nacional-7613/,producto,last_ai_update,2026-04-20,"campo real (last_ai_update, sin usar hoy en sitemap.ts)",true,usar last_ai_update en sitemap.ts
/productos/libreta-con-portalapices-produccion-nacional-7687/,producto,last_ai_update,2026-04-22,"campo real (last_ai_update, sin usar hoy en sitemap.ts)",true,usar last_ai_update en sitemap.ts
/productos/set-de-escritorio-en-pu-stickies-y-resaltadores-magicos-5503/,producto,ninguno,,BUILD_DATE (fallback compartido),false,omitir lastmod (sin dato real)
/productos/sticky-set-flag-oferta-8475/,producto,last_ai_update,2026-04-20,"campo real (last_ai_update, sin usar hoy en sitemap.ts)",true,usar last_ai_update en sitemap.ts
/productos/set-de-clips-smiley-faces-8866/,producto,last_ai_update,2026-04-22,"campo real (last_ai_update, sin usar hoy en sitemap.ts)",true,usar last_ai_update en sitemap.ts
/productos/portatarjetas-plastico-produccion-nacional-4462/,producto,last_ai_update,2026-04-20,"campo real (last_ai_update, sin usar hoy en sitemap.ts)",true,usar last_ai_update en sitemap.ts
/productos/mobile-holder-3-1-produccion-nacional-3471/,producto,last_ai_update,2026-04-22,"campo real (last_ai_update, sin usar hoy en sitemap.ts)",true,usar last_ai_update en sitemap.ts
/productos/portapapel-car-oferta-7440/,producto,last_ai_update,2026-04-20,"campo real (last_ai_update, sin usar hoy en sitemap.ts)",true,usar last_ai_update en sitemap.ts
/productos/portatarjetas-en-silicona-doctor-oferta-8953/,producto,ninguno,,BUILD_DATE (fallback compartido),false,omitir lastmod (sin dato real)
/productos/chaqueta-en-pvc-5466/,producto,last_ai_update,2026-04-20,"campo real (last_ai_update, sin usar hoy en sitemap.ts)",true,usar last_ai_update en sitemap.ts
/productos/llavero-con-capa-3336/,producto,last_ai_update,2026-04-20,"campo real (last_ai_update, sin usar hoy en sitemap.ts)",true,usar last_ai_update en sitemap.ts
/productos/abrigo-impermeable-3640/,producto,last_ai_update,2026-04-20,"campo real (last_ai_update, sin usar hoy en sitemap.ts)",true,usar last_ai_update en sitemap.ts
/productos/poncho-pvc-con-estuche-4832/,producto,last_ai_update,2026-04-20,"campo real (last_ai_update, sin usar hoy en sitemap.ts)",true,usar last_ai_update en sitemap.ts
/productos/llavero-con-capa-poncho-soccer-8294/,producto,last_ai_update,2026-04-20,"campo real (last_ai_update, sin usar hoy en sitemap.ts)",true,usar last_ai_update en sitemap.ts
/productos/paraguas-osmond-21-10672/,producto,ninguno,,BUILD_DATE (fallback compartido),false,omitir lastmod (sin dato real)
/productos/mini-paraguas-lloyd-21-8658/,producto,ninguno,,BUILD_DATE (fallback compartido),false,omitir lastmod (sin dato real)
/productos/mini-paraguas-arc-clipper-21-8889/,producto,last_ai_update,2026-04-22,"campo real (last_ai_update, sin usar hoy en sitemap.ts)",true,usar last_ai_update en sitemap.ts
/productos/mini-paraguas-maverick-21-9426/,producto,ninguno,,BUILD_DATE (fallback compartido),false,omitir lastmod (sin dato real)
/productos/bolsa-plegable-para-paraguas-hansel-oferta-8657/,producto,last_ai_update,2026-04-22,"campo real (last_ai_update, sin usar hoy en sitemap.ts)",true,usar last_ai_update en sitemap.ts
/productos/mini-paraguas-biondi-21-8911/,producto,ninguno,,BUILD_DATE (fallback compartido),false,omitir lastmod (sin dato real)
/productos/paraguas-scorpius-urban-travel-21-10588/,producto,ninguno,,BUILD_DATE (fallback compartido),false,omitir lastmod (sin dato real)
/productos/paraguas-brook-ergo-27-7512/,producto,ninguno,,BUILD_DATE (fallback compartido),false,omitir lastmod (sin dato real)
/productos/costurero-sammy-6757/,producto,last_ai_update,2026-04-20,"campo real (last_ai_update, sin usar hoy en sitemap.ts)",true,usar last_ai_update en sitemap.ts
/productos/espejo-starlett-4926/,producto,last_ai_update,2026-04-20,"campo real (last_ai_update, sin usar hoy en sitemap.ts)",true,usar last_ai_update en sitemap.ts
/productos/medidor-de-masa-muscular-5255/,producto,last_ai_update,2026-04-22,"campo real (last_ai_update, sin usar hoy en sitemap.ts)",true,usar last_ai_update en sitemap.ts
/productos/costurero-ovalado-3155/,producto,last_ai_update,2026-04-20,"campo real (last_ai_update, sin usar hoy en sitemap.ts)",true,usar last_ai_update en sitemap.ts
/productos/espejo-circular-3120/,producto,last_ai_update,2026-04-20,"campo real (last_ai_update, sin usar hoy en sitemap.ts)",true,usar last_ai_update en sitemap.ts
/productos/hojas-de-jabon-antibacteriano-con-estuche-7376/,producto,last_ai_update,2026-04-20,"campo real (last_ai_update, sin usar hoy en sitemap.ts)",true,usar last_ai_update en sitemap.ts
/productos/hojas-de-jabon-antibacteriano-repuesto-7377/,producto,last_ai_update,2026-04-20,"campo real (last_ai_update, sin usar hoy en sitemap.ts)",true,usar last_ai_update en sitemap.ts
/productos/gel-antibacterial-moss-30ml-6025/,producto,last_ai_update,2026-04-20,"campo real (last_ai_update, sin usar hoy en sitemap.ts)",true,usar last_ai_update en sitemap.ts
/productos/gel-antibacterial-round-40ml-6003/,producto,last_ai_update,2026-04-20,"campo real (last_ai_update, sin usar hoy en sitemap.ts)",true,usar last_ai_update en sitemap.ts
/productos/gel-antibacterial-bella-15ml-6016/,producto,last_ai_update,2026-04-20,"campo real (last_ai_update, sin usar hoy en sitemap.ts)",true,usar last_ai_update en sitemap.ts
/productos/mini-tarro-panos-humedos-antibacterial-30und-6004/,producto,last_ai_update,2026-04-20,"campo real (last_ai_update, sin usar hoy en sitemap.ts)",true,usar last_ai_update en sitemap.ts
/productos/panos-humedos-antibacterial-klean-60und-7960/,producto,last_ai_update,2026-04-20,"campo real (last_ai_update, sin usar hoy en sitemap.ts)",true,usar last_ai_update en sitemap.ts
/productos/gel-antibacterial-con-dispensador-60ml-7831/,producto,last_ai_update,2026-04-22,"campo real (last_ai_update, sin usar hoy en sitemap.ts)",true,usar last_ai_update en sitemap.ts
/productos/gel-antibacterial-300ml-8548/,producto,last_ai_update,2026-04-20,"campo real (last_ai_update, sin usar hoy en sitemap.ts)",true,usar last_ai_update en sitemap.ts
/productos/gel-antibacterial-color-30ml-oferta-9449/,producto,last_ai_update,2026-04-20,"campo real (last_ai_update, sin usar hoy en sitemap.ts)",true,usar last_ai_update en sitemap.ts
/productos/gel-antibacterial-transparente-produccion-nacional-9452/,producto,last_ai_update,2026-04-21,"campo real (last_ai_update, sin usar hoy en sitemap.ts)",true,usar last_ai_update en sitemap.ts
/productos/alcohol-etilico-70-produccion-nacional-9469/,producto,last_ai_update,2026-04-20,"campo real (last_ai_update, sin usar hoy en sitemap.ts)",true,usar last_ai_update en sitemap.ts
/productos/masajeador-mink-3154/,producto,last_ai_update,2026-04-21,"campo real (last_ai_update, sin usar hoy en sitemap.ts)",true,usar last_ai_update en sitemap.ts
/productos/masajeador-corazon-4980/,producto,last_ai_update,2026-04-20,"campo real (last_ai_update, sin usar hoy en sitemap.ts)",true,usar last_ai_update en sitemap.ts
/productos/masajeador-face-6061/,producto,last_ai_update,2026-04-20,"campo real (last_ai_update, sin usar hoy en sitemap.ts)",true,usar last_ai_update en sitemap.ts
/productos/gafas-terapeuticas-produccion-nacional-1063/,producto,last_ai_update,2026-04-20,"campo real (last_ai_update, sin usar hoy en sitemap.ts)",true,usar last_ai_update en sitemap.ts
/productos/cojin-terapeutico-produccion-nacional-2394/,producto,last_ai_update,2026-04-21,"campo real (last_ai_update, sin usar hoy en sitemap.ts)",true,usar last_ai_update en sitemap.ts
/productos/mini-masajeador-marilyn-9117/,producto,last_ai_update,2026-04-21,"campo real (last_ai_update, sin usar hoy en sitemap.ts)",true,usar last_ai_update en sitemap.ts
/productos/esponja-para-maquillaje-drop-9163/,producto,last_ai_update,2026-04-20,"campo real (last_ai_update, sin usar hoy en sitemap.ts)",true,usar last_ai_update en sitemap.ts
/productos/banda-finger-9733/,producto,last_ai_update,2026-04-20,"campo real (last_ai_update, sin usar hoy en sitemap.ts)",true,usar last_ai_update en sitemap.ts
/productos/boligrafo-boost-13324/,producto,last_ai_update,2026-04-20,"campo real (last_ai_update, sin usar hoy en sitemap.ts)",true,usar last_ai_update en sitemap.ts
/productos/pastillero-vaso-2-en-1-6055/,producto,last_ai_update,2026-07-10,"campo real (last_ai_update, sin usar hoy en sitemap.ts)",true,usar last_ai_update en sitemap.ts
/productos/pastillero-giratorio-7388/,producto,last_ai_update,2026-04-20,"campo real (last_ai_update, sin usar hoy en sitemap.ts)",true,usar last_ai_update en sitemap.ts
/productos/pastillero-tank-7785/,producto,last_ai_update,2026-04-20,"campo real (last_ai_update, sin usar hoy en sitemap.ts)",true,usar last_ai_update en sitemap.ts
/productos/pastillero-dharma-7786/,producto,last_ai_update,2026-04-20,"campo real (last_ai_update, sin usar hoy en sitemap.ts)",true,usar last_ai_update en sitemap.ts
/productos/pastillero-eco-9102/,producto,last_ai_update,2026-04-20,"campo real (last_ai_update, sin usar hoy en sitemap.ts)",true,usar last_ai_update en sitemap.ts
/productos/botilito-plastico-pillbox-750ml-10089/,producto,last_ai_update,2026-07-10,"campo real (last_ai_update, sin usar hoy en sitemap.ts)",true,usar last_ai_update en sitemap.ts
/productos/llavero-pastillero-capsula-10450/,producto,last_ai_update,2026-04-22,"campo real (last_ai_update, sin usar hoy en sitemap.ts)",true,usar last_ai_update en sitemap.ts
/productos/espejo-doble-zonder-oferta-6756/,producto,last_ai_update,2026-04-20,"campo real (last_ai_update, sin usar hoy en sitemap.ts)",true,usar last_ai_update en sitemap.ts
/productos/espejo-magnolia-7387/,producto,last_ai_update,2026-04-20,"campo real (last_ai_update, sin usar hoy en sitemap.ts)",true,usar last_ai_update en sitemap.ts
/productos/cepillo-con-espejo-kolors-7788/,producto,last_ai_update,2026-04-20,"campo real (last_ai_update, sin usar hoy en sitemap.ts)",true,usar last_ai_update en sitemap.ts
/productos/banda-elastica-doble-7959/,producto,last_ai_update,2026-04-21,"campo real (last_ai_update, sin usar hoy en sitemap.ts)",true,usar last_ai_update en sitemap.ts
/productos/cepillo-con-espejo-sully-8872/,producto,last_ai_update,2026-04-20,"campo real (last_ai_update, sin usar hoy en sitemap.ts)",true,usar last_ai_update en sitemap.ts
/productos/espejo-doble-steffi-oferta-8897/,producto,last_ai_update,2026-04-21,"campo real (last_ai_update, sin usar hoy en sitemap.ts)",true,usar last_ai_update en sitemap.ts
/productos/espejo-doble-tod-oferta-9091/,producto,last_ai_update,2026-04-20,"campo real (last_ai_update, sin usar hoy en sitemap.ts)",true,usar last_ai_update en sitemap.ts
/productos/mecanismo-para-reloj-analogo-con-manecillas-5056/,producto,ninguno,,BUILD_DATE (fallback compartido),false,omitir lastmod (sin dato real)
/productos/reloj-quincy-produccion-nacional-7628/,producto,last_ai_update,2026-04-22,"campo real (last_ai_update, sin usar hoy en sitemap.ts)",true,usar last_ai_update en sitemap.ts
/productos/cargador-inalambrico-con-reloj-bamboo-9724/,producto,last_ai_update,2026-04-20,"campo real (last_ai_update, sin usar hoy en sitemap.ts)",true,usar last_ai_update en sitemap.ts
/productos/reloj-con-portaboligrafo-bamboo-9722/,producto,last_ai_update,2026-04-20,"campo real (last_ai_update, sin usar hoy en sitemap.ts)",true,usar last_ai_update en sitemap.ts
/productos/reloj-portaboligrafo-crystal-bamboo-9982/,producto,last_ai_update,2026-04-20,"campo real (last_ai_update, sin usar hoy en sitemap.ts)",true,usar last_ai_update en sitemap.ts
/productos/reloj-con-cargador-inalambrico-denver-10138/,producto,last_ai_update,2026-04-20,"campo real (last_ai_update, sin usar hoy en sitemap.ts)",true,usar last_ai_update en sitemap.ts
/productos/reloj-portaboligrafos-cork-10098/,producto,last_ai_update,2026-04-22,"campo real (last_ai_update, sin usar hoy en sitemap.ts)",true,usar last_ai_update en sitemap.ts
/productos/reloj-de-pared-colors-produccion-nacional-9863/,producto,last_ai_update,2026-04-22,"campo real (last_ai_update, sin usar hoy en sitemap.ts)",true,usar last_ai_update en sitemap.ts
/productos/reloj-de-pared-tempo-produccion-nacional-7208/,producto,last_ai_update,2026-04-22,"campo real (last_ai_update, sin usar hoy en sitemap.ts)",true,usar last_ai_update en sitemap.ts
/productos/reloj-de-pared-wall-metal-clock-2693/,producto,ninguno,,BUILD_DATE (fallback compartido),false,omitir lastmod (sin dato real)
/productos/reloj-dual-produccion-nacional-933/,producto,last_ai_update,2026-04-22,"campo real (last_ai_update, sin usar hoy en sitemap.ts)",true,usar last_ai_update en sitemap.ts
/productos/reloj-mondrian-cuadrado-produccion-nacional-5252/,producto,last_ai_update,2026-04-22,"campo real (last_ai_update, sin usar hoy en sitemap.ts)",true,usar last_ai_update en sitemap.ts
/productos/reloj-de-pared-cosmos-produccion-nacional-8232/,producto,last_ai_update,2026-04-22,"campo real (last_ai_update, sin usar hoy en sitemap.ts)",true,usar last_ai_update en sitemap.ts
/productos/reloj-de-pared-tremont-produccion-nacional-8743/,producto,last_ai_update,2026-04-22,"campo real (last_ai_update, sin usar hoy en sitemap.ts)",true,usar last_ai_update en sitemap.ts
/productos/reloj-wall-bamboo-10578/,producto,ninguno,,BUILD_DATE (fallback compartido),false,omitir lastmod (sin dato real)
/productos/reloj-inteligente-fyllex-13377/,producto,last_ai_update,2026-04-20,"campo real (last_ai_update, sin usar hoy en sitemap.ts)",true,usar last_ai_update en sitemap.ts
/productos/reloj-inteligente-brish-13378/,producto,last_ai_update,2026-04-20,"campo real (last_ai_update, sin usar hoy en sitemap.ts)",true,usar last_ai_update en sitemap.ts
/productos/puerto-usb-einstein-6880/,producto,last_ai_update,2026-04-20,"campo real (last_ai_update, sin usar hoy en sitemap.ts)",true,usar last_ai_update en sitemap.ts
/productos/puerto-usb-edon-6053/,producto,last_ai_update,2026-04-22,"campo real (last_ai_update, sin usar hoy en sitemap.ts)",true,usar last_ai_update en sitemap.ts
/productos/soporte-magnetico-para-moviles-7557/,producto,last_ai_update,2026-04-22,"campo real (last_ai_update, sin usar hoy en sitemap.ts)",true,usar last_ai_update en sitemap.ts
/productos/soporte-para-movil-flexi-7518/,producto,last_ai_update,2026-04-22,"campo real (last_ai_update, sin usar hoy en sitemap.ts)",true,usar last_ai_update en sitemap.ts
/productos/audifono-bluetooth-manos-libres-2-1-oferta-9587/,producto,ninguno,,BUILD_DATE (fallback compartido),false,omitir lastmod (sin dato real)
/productos/set-de-cables-de-carga-tyson-9804/,producto,last_ai_update,2026-04-20,"campo real (last_ai_update, sin usar hoy en sitemap.ts)",true,usar last_ai_update en sitemap.ts
/productos/cable-multicargador-tyler-10129/,producto,last_ai_update,2026-04-22,"campo real (last_ai_update, sin usar hoy en sitemap.ts)",true,usar last_ai_update en sitemap.ts
/productos/soporte-para-moviles-nixon-10120/,producto,last_ai_update,2026-04-20,"campo real (last_ai_update, sin usar hoy en sitemap.ts)",true,usar last_ai_update en sitemap.ts
/productos/soporte-para-moviles-karter-10132/,producto,last_ai_update,2026-04-20,"campo real (last_ai_update, sin usar hoy en sitemap.ts)",true,usar last_ai_update en sitemap.ts
/productos/set-de-carro-universal-ii-oferta-8919/,producto,last_ai_update,2026-04-20,"campo real (last_ai_update, sin usar hoy en sitemap.ts)",true,usar last_ai_update en sitemap.ts
/productos/localizador-de-llaves-7776/,producto,ninguno,,BUILD_DATE (fallback compartido),false,omitir lastmod (sin dato real)
/productos/soporte-para-tablets-8454/,producto,last_ai_update,2026-04-20,"campo real (last_ai_update, sin usar hoy en sitemap.ts)",true,usar last_ai_update en sitemap.ts
/productos/audifonos-bowie-con-manos-libres-tipo-c-10702/,producto,ninguno,,BUILD_DATE (fallback compartido),false,omitir lastmod (sin dato real)
/productos/soporte-para-moviles-jet-10706/,producto,ninguno,,BUILD_DATE (fallback compartido),false,omitir lastmod (sin dato real)
/productos/speaker-bluetooth-barack-8135/,producto,ninguno,,BUILD_DATE (fallback compartido),false,omitir lastmod (sin dato real)
/productos/audifonos-bluetooth-jumper-10769/,producto,ninguno,,BUILD_DATE (fallback compartido),false,omitir lastmod (sin dato real)
/productos/audifonos-boom-precio-bomba-5657/,producto,ninguno,,BUILD_DATE (fallback compartido),false,omitir lastmod (sin dato real)
/productos/portatarjetas-con-organizador-de-cables-8109/,producto,ninguno,,BUILD_DATE (fallback compartido),false,omitir lastmod (sin dato real)
/productos/soporte-para-moviles-pump-8230/,producto,ninguno,,BUILD_DATE (fallback compartido),false,omitir lastmod (sin dato real)
/productos/audifonos-bluetooth-air-i7-8857/,producto,last_ai_update,2026-04-20,"campo real (last_ai_update, sin usar hoy en sitemap.ts)",true,usar last_ai_update en sitemap.ts
/productos/audifonos-bluetooth-big-display-9569/,producto,last_ai_update,2026-04-20,"campo real (last_ai_update, sin usar hoy en sitemap.ts)",true,usar last_ai_update en sitemap.ts
/productos/audifonos-bluetooth-fresh-9575/,producto,last_ai_update,2026-04-22,"campo real (last_ai_update, sin usar hoy en sitemap.ts)",true,usar last_ai_update en sitemap.ts
/productos/accesorio-en-silicona-para-gafas-y-audifonos-oferta-9603/,producto,last_ai_update,2026-04-20,"campo real (last_ai_update, sin usar hoy en sitemap.ts)",true,usar last_ai_update en sitemap.ts
/productos/audifonos-bluetooth-dj-ii-con-lector-tf-9637/,producto,last_ai_update,2026-04-20,"campo real (last_ai_update, sin usar hoy en sitemap.ts)",true,usar last_ai_update en sitemap.ts
/productos/audifonos-bluetooth-airbone-9808/,producto,last_ai_update,2026-04-22,"campo real (last_ai_update, sin usar hoy en sitemap.ts)",true,usar last_ai_update en sitemap.ts
/productos/cargador-inalambrico-multiorganizador-8715/,producto,last_ai_update,2026-04-20,"campo real (last_ai_update, sin usar hoy en sitemap.ts)",true,usar last_ai_update en sitemap.ts
/productos/pila-recargable-2600-mah-con-pesa-de-equipaje-ii-8757/,producto,last_ai_update,2026-04-20,"campo real (last_ai_update, sin usar hoy en sitemap.ts)",true,usar last_ai_update en sitemap.ts
/productos/organizador-de-escritorio-bamboo-con-cargador-oferta-9268/,producto,last_ai_update,2026-04-20,"campo real (last_ai_update, sin usar hoy en sitemap.ts)",true,usar last_ai_update en sitemap.ts
/productos/cargador-inalambrico-con-cable-multicargador-oferta-9050/,producto,last_ai_update,2026-04-20,"campo real (last_ai_update, sin usar hoy en sitemap.ts)",true,usar last_ai_update en sitemap.ts
/productos/set-de-cables-de-carga-mini-kit-9436/,producto,last_ai_update,2026-04-20,"campo real (last_ai_update, sin usar hoy en sitemap.ts)",true,usar last_ai_update en sitemap.ts
/productos/esterilizador-inalambrico-con-luz-uv-led-klean-oferta-9483/,producto,last_ai_update,2026-04-21,"campo real (last_ai_update, sin usar hoy en sitemap.ts)",true,usar last_ai_update en sitemap.ts
/productos/organizador-light-con-cargador-inalambrico-oferta-9588/,producto,last_ai_update,2026-04-22,"campo real (last_ai_update, sin usar hoy en sitemap.ts)",true,usar last_ai_update en sitemap.ts
/productos/esterilizador-con-luz-uv-led-klean-bamboo-oferta-9673/,producto,last_ai_update,2026-04-20,"campo real (last_ai_update, sin usar hoy en sitemap.ts)",true,usar last_ai_update en sitemap.ts
/productos/cargador-inalambrico-cubik-9793/,producto,last_ai_update,2026-04-22,"campo real (last_ai_update, sin usar hoy en sitemap.ts)",true,usar last_ai_update en sitemap.ts
/productos/esterilizador-con-luz-uv-smart-oferta-9472/,producto,last_ai_update,2026-04-20,"campo real (last_ai_update, sin usar hoy en sitemap.ts)",true,usar last_ai_update en sitemap.ts
/productos/organizador-de-cables-oval-produccion-nacional-6220/,producto,last_ai_update,2026-04-22,"campo real (last_ai_update, sin usar hoy en sitemap.ts)",true,usar last_ai_update en sitemap.ts
/productos/soporte-para-moviles-2-1-bamboo-9924/,producto,last_ai_update,2026-04-22,"campo real (last_ai_update, sin usar hoy en sitemap.ts)",true,usar last_ai_update en sitemap.ts
/productos/portatarjetas-pump-9906/,producto,last_ai_update,2026-04-20,"campo real (last_ai_update, sin usar hoy en sitemap.ts)",true,usar last_ai_update en sitemap.ts
/productos/soporte-para-moviles-eco-bamboo-9919/,producto,last_ai_update,2026-04-22,"campo real (last_ai_update, sin usar hoy en sitemap.ts)",true,usar last_ai_update en sitemap.ts
/productos/portatarjetas-pump-bamboo-10360/,producto,last_ai_update,2026-04-22,"campo real (last_ai_update, sin usar hoy en sitemap.ts)",true,usar last_ai_update en sitemap.ts
/productos/speaker-bluetooth-rainbow-8656/,producto,ninguno,,BUILD_DATE (fallback compartido),false,omitir lastmod (sin dato real)
/productos/portacelular-plastico-produccion-nacional-8773/,producto,last_ai_update,2026-04-22,"campo real (last_ai_update, sin usar hoy en sitemap.ts)",true,usar last_ai_update en sitemap.ts
/productos/pulsera-inteligente-gym-9312/,producto,last_ai_update,2026-04-20,"campo real (last_ai_update, sin usar hoy en sitemap.ts)",true,usar last_ai_update en sitemap.ts
/productos/funda-para-moviles-protector-9076/,producto,last_ai_update,2026-04-20,"campo real (last_ai_update, sin usar hoy en sitemap.ts)",true,usar last_ai_update en sitemap.ts
/productos/soporte-para-moviles-pilot-9080/,producto,last_ai_update,2026-04-22,"campo real (last_ai_update, sin usar hoy en sitemap.ts)",true,usar last_ai_update en sitemap.ts
/productos/speaker-bluetooth-rocco-8637/,producto,ninguno,,BUILD_DATE (fallback compartido),false,omitir lastmod (sin dato real)
/productos/speaker-bluetooth-barack-bamboo-9413/,producto,last_ai_update,2026-04-22,"campo real (last_ai_update, sin usar hoy en sitemap.ts)",true,usar last_ai_update en sitemap.ts
/productos/speaker-bluetooth-bamboo-eco-9723/,producto,last_ai_update,2026-04-20,"campo real (last_ai_update, sin usar hoy en sitemap.ts)",true,usar last_ai_update en sitemap.ts
/productos/speaker-bluetooth-soundbar-9796/,producto,ninguno,,BUILD_DATE (fallback compartido),false,omitir lastmod (sin dato real)
/productos/speaker-bluetooth-lights-eco-9798/,producto,ninguno,,BUILD_DATE (fallback compartido),false,omitir lastmod (sin dato real)
/productos/speaker-bluetooth-bryson-9801/,producto,last_ai_update,2026-04-22,"campo real (last_ai_update, sin usar hoy en sitemap.ts)",true,usar last_ai_update en sitemap.ts
/productos/speaker-bluetooth-retro-bamboo-9923/,producto,last_ai_update,2026-04-22,"campo real (last_ai_update, sin usar hoy en sitemap.ts)",true,usar last_ai_update en sitemap.ts
/productos/speaker-bluetooth-artix-bamboo-9956/,producto,last_ai_update,2026-04-20,"campo real (last_ai_update, sin usar hoy en sitemap.ts)",true,usar last_ai_update en sitemap.ts
/productos/memoria-usb-carabinero-precio-neto-oferta-4727/,producto,last_ai_update,2026-04-22,"campo real (last_ai_update, sin usar hoy en sitemap.ts)",true,usar last_ai_update en sitemap.ts
/productos/memoria-mini-usb-en-imitacion-cuero-precio-neto-oferta-5277/,producto,last_ai_update,2026-04-22,"campo real (last_ai_update, sin usar hoy en sitemap.ts)",true,usar last_ai_update en sitemap.ts
/productos/memoria-usb-braxton-precio-neto-oferta-7987/,producto,last_ai_update,2026-04-22,"campo real (last_ai_update, sin usar hoy en sitemap.ts)",true,usar last_ai_update en sitemap.ts
/productos/memoria-usb-credit-card-zilda-bamboo-precio-neto-9432/,producto,last_ai_update,2026-04-20,"campo real (last_ai_update, sin usar hoy en sitemap.ts)",true,usar last_ai_update en sitemap.ts
/productos/memoria-usb-eco-precio-neto-oferta-7254/,producto,last_ai_update,2026-04-22,"campo real (last_ai_update, sin usar hoy en sitemap.ts)",true,usar last_ai_update en sitemap.ts
/productos/alcancia-mini-piggy-5134/,producto,last_ai_update,2026-04-20,"campo real (last_ai_update, sin usar hoy en sitemap.ts)",true,usar last_ai_update en sitemap.ts
/productos/alcancia-hippo-5910/,producto,last_ai_update,2026-04-20,"campo real (last_ai_update, sin usar hoy en sitemap.ts)",true,usar last_ai_update en sitemap.ts
/productos/alcancia-mini-cerdito-cristal-produccion-nacional-6032/,producto,last_ai_update,2026-04-20,"campo real (last_ai_update, sin usar hoy en sitemap.ts)",true,usar last_ai_update en sitemap.ts
/productos/alcancia-piggy-produccion-nacional-2868/,producto,last_ai_update,2026-04-20,"campo real (last_ai_update, sin usar hoy en sitemap.ts)",true,usar last_ai_update en sitemap.ts
/productos/alcancia-flex-produccion-nacional-7578/,producto,last_ai_update,2026-04-21,"campo real (last_ai_update, sin usar hoy en sitemap.ts)",true,usar last_ai_update en sitemap.ts
/productos/alcancia-estrella-16cm-produccion-nacional-7768/,producto,last_ai_update,2026-04-20,"campo real (last_ai_update, sin usar hoy en sitemap.ts)",true,usar last_ai_update en sitemap.ts
/productos/bola-antiestres-tricolor-5877/,producto,last_ai_update,2026-04-20,"campo real (last_ai_update, sin usar hoy en sitemap.ts)",true,usar last_ai_update en sitemap.ts
/productos/corazon-antiestres-3650/,producto,last_ai_update,2026-04-20,"campo real (last_ai_update, sin usar hoy en sitemap.ts)",true,usar last_ai_update en sitemap.ts
/productos/bola-antiestres-neon-63cm-1213/,producto,last_ai_update,2026-04-21,"campo real (last_ai_update, sin usar hoy en sitemap.ts)",true,usar last_ai_update en sitemap.ts
/productos/llavero-antiestres-ball-1216/,producto,last_ai_update,2026-04-20,"campo real (last_ai_update, sin usar hoy en sitemap.ts)",true,usar last_ai_update en sitemap.ts
/productos/gota-antiestres-7597/,producto,last_ai_update,2026-04-20,"campo real (last_ai_update, sin usar hoy en sitemap.ts)",true,usar last_ai_update en sitemap.ts
/productos/soporte-para-moviles-antiestres-10158/,producto,last_ai_update,2026-04-20,"campo real (last_ai_update, sin usar hoy en sitemap.ts)",true,usar last_ai_update en sitemap.ts
/productos/bola-pop-it-10160/,producto,last_ai_update,2026-04-20,"campo real (last_ai_update, sin usar hoy en sitemap.ts)",true,usar last_ai_update en sitemap.ts
/productos/estuche-multiusos-en-silicona-kamelot-6913/,producto,last_ai_update,2026-04-21,"campo real (last_ai_update, sin usar hoy en sitemap.ts)",true,usar last_ai_update en sitemap.ts
/productos/mini-set-de-colores-x-12-unidades-5688/,producto,last_ai_update,2026-04-20,"campo real (last_ai_update, sin usar hoy en sitemap.ts)",true,usar last_ai_update en sitemap.ts
/productos/set-de-colores-cartoon-3441/,producto,last_ai_update,2026-04-20,"campo real (last_ai_update, sin usar hoy en sitemap.ts)",true,usar last_ai_update en sitemap.ts
/productos/set-de-colores-x-6-1510/,producto,last_ai_update,2026-04-20,"campo real (last_ai_update, sin usar hoy en sitemap.ts)",true,usar last_ai_update en sitemap.ts
/productos/set-dony-4962/,producto,last_ai_update,2026-04-20,"campo real (last_ai_update, sin usar hoy en sitemap.ts)",true,usar last_ai_update en sitemap.ts
/productos/set-de-crayolas-x-6-5436/,producto,last_ai_update,2026-04-20,"campo real (last_ai_update, sin usar hoy en sitemap.ts)",true,usar last_ai_update en sitemap.ts
/productos/set-crayolas-dexter-7592/,producto,last_ai_update,2026-04-20,"campo real (last_ai_update, sin usar hoy en sitemap.ts)",true,usar last_ai_update en sitemap.ts
/productos/sporty-bag-kidz-con-diseno-8179/,producto,last_ai_update,2026-04-20,"campo real (last_ai_update, sin usar hoy en sitemap.ts)",true,usar last_ai_update en sitemap.ts
/productos/mini-monedero-en-silicona-6241/,producto,last_ai_update,2026-04-20,"campo real (last_ai_update, sin usar hoy en sitemap.ts)",true,usar last_ai_update en sitemap.ts
/productos/estuche-multifuncion-produccion-nacional-2874/,producto,last_ai_update,2026-04-20,"campo real (last_ai_update, sin usar hoy en sitemap.ts)",true,usar last_ai_update en sitemap.ts
/productos/cosmetiquera-monroe-8233/,producto,last_ai_update,2026-04-20,"campo real (last_ai_update, sin usar hoy en sitemap.ts)",true,usar last_ai_update en sitemap.ts
/productos/cosmetiquera-farrow-8898/,producto,last_ai_update,2026-04-20,"campo real (last_ai_update, sin usar hoy en sitemap.ts)",true,usar last_ai_update en sitemap.ts
/productos/organizador-cosmet-9604/,producto,last_ai_update,2026-04-20,"campo real (last_ai_update, sin usar hoy en sitemap.ts)",true,usar last_ai_update en sitemap.ts
/productos/aplausometro-redondo-produccion-nacional-5685/,producto,last_ai_update,2026-04-20,"campo real (last_ai_update, sin usar hoy en sitemap.ts)",true,usar last_ai_update en sitemap.ts
/productos/aplausometro-triangular-produccion-nacional-5686/,producto,last_ai_update,2026-04-20,"campo real (last_ai_update, sin usar hoy en sitemap.ts)",true,usar last_ai_update en sitemap.ts
/productos/matraca-sencilla-produccion-nacional-5684/,producto,last_ai_update,2026-04-20,"campo real (last_ai_update, sin usar hoy en sitemap.ts)",true,usar last_ai_update en sitemap.ts
/productos/corneta-stadium-produccion-nacional-5765/,producto,last_ai_update,2026-04-21,"campo real (last_ai_update, sin usar hoy en sitemap.ts)",true,usar last_ai_update en sitemap.ts
/productos/aplausometro-manos-produccion-nacional-6034/,producto,last_ai_update,2026-04-21,"campo real (last_ai_update, sin usar hoy en sitemap.ts)",true,usar last_ai_update en sitemap.ts
/productos/gafas-fashion-6240/,producto,last_ai_update,2026-04-20,"campo real (last_ai_update, sin usar hoy en sitemap.ts)",true,usar last_ai_update en sitemap.ts
/productos/gafas-gambler-7587/,producto,last_ai_update,2026-04-20,"campo real (last_ai_update, sin usar hoy en sitemap.ts)",true,usar last_ai_update en sitemap.ts
/productos/gafas-kilpan-eco-9441/,producto,last_ai_update,2026-04-20,"campo real (last_ai_update, sin usar hoy en sitemap.ts)",true,usar last_ai_update en sitemap.ts
/productos/mouse-pad-con-cargador-inalambrico-slim-15w-9994/,producto,last_ai_update,2026-04-20,"campo real (last_ai_update, sin usar hoy en sitemap.ts)",true,usar last_ai_update en sitemap.ts
/productos/portarretrato-cork-10530/,producto,last_ai_update,2026-04-20,"campo real (last_ai_update, sin usar hoy en sitemap.ts)",true,usar last_ai_update en sitemap.ts
/productos/portarretrato-verena-11126/,producto,last_ai_update,2026-04-20,"campo real (last_ai_update, sin usar hoy en sitemap.ts)",true,usar last_ai_update en sitemap.ts
/productos/silla-plegable-1557/,producto,last_ai_update,2026-04-22,"campo real (last_ai_update, sin usar hoy en sitemap.ts)",true,usar last_ai_update en sitemap.ts
/productos/silla-camp-importada-7682/,producto,last_ai_update,2026-04-20,"campo real (last_ai_update, sin usar hoy en sitemap.ts)",true,usar last_ai_update en sitemap.ts
/productos/abanico-con-mango-stick-produccion-nacional-5382/,producto,last_ai_update,2026-04-20,"campo real (last_ai_update, sin usar hoy en sitemap.ts)",true,usar last_ai_update en sitemap.ts
/productos/abanico-finger-produccion-nacional-5377/,producto,last_ai_update,2026-04-20,"campo real (last_ai_update, sin usar hoy en sitemap.ts)",true,usar last_ai_update en sitemap.ts
/productos/abanico-2697/,producto,ninguno,,BUILD_DATE (fallback compartido),false,omitir lastmod (sin dato real)
/productos/abanico-plegable-frisbee-flexible-7577/,producto,last_ai_update,2026-04-20,"campo real (last_ai_update, sin usar hoy en sitemap.ts)",true,usar last_ai_update en sitemap.ts
/productos/ventilador-usb-heat-9812/,producto,last_ai_update,2026-04-20,"campo real (last_ai_update, sin usar hoy en sitemap.ts)",true,usar last_ai_update en sitemap.ts
/productos/mini-ventilador-usb-de-escritorio-ii-8659/,producto,last_ai_update,2026-04-20,"campo real (last_ai_update, sin usar hoy en sitemap.ts)",true,usar last_ai_update en sitemap.ts
/productos/ventilador-hook-10472/,producto,last_ai_update,2026-04-20,"campo real (last_ai_update, sin usar hoy en sitemap.ts)",true,usar last_ai_update en sitemap.ts
/productos/trolley-morral-backpack-dilbert-6926/,producto,last_ai_update,2026-04-20,"campo real (last_ai_update, sin usar hoy en sitemap.ts)",true,usar last_ai_update en sitemap.ts
/productos/pesa-de-viaje-digital-6262/,producto,last_ai_update,2026-04-20,"campo real (last_ai_update, sin usar hoy en sitemap.ts)",true,usar last_ai_update en sitemap.ts
/productos/estuche-para-moviles-flex-waterproof-10889/,producto,last_ai_update,2026-04-22,"campo real (last_ai_update, sin usar hoy en sitemap.ts)",true,usar last_ai_update en sitemap.ts
/productos/panos-humedos-antibacterial-60und-6753/,producto,last_ai_update,2026-04-20,"campo real (last_ai_update, sin usar hoy en sitemap.ts)",true,usar last_ai_update en sitemap.ts
/productos/termo-viajero-calientito-tu-companero-ideal-9707/,producto,last_ai_update,2026-07-10,"campo real (last_ai_update, sin usar hoy en sitemap.ts)",true,usar last_ai_update en sitemap.ts
/productos/set-de-herramientas-con-lampara-led-10250/,producto,last_ai_update,2026-04-22,"campo real (last_ai_update, sin usar hoy en sitemap.ts)",true,usar last_ai_update en sitemap.ts
/productos/set-ml-422-rpet-nuevo-13557/,producto,last_ai_update,2026-04-20,"campo real (last_ai_update, sin usar hoy en sitemap.ts)",true,usar last_ai_update en sitemap.ts
/productos/set-ml-421-rpet-nuevo-13558/,producto,last_ai_update,2026-04-20,"campo real (last_ai_update, sin usar hoy en sitemap.ts)",true,usar last_ai_update en sitemap.ts
/productos/caja-de-te-produccion-nacional-7415/,producto,last_ai_update,2026-04-20,"campo real (last_ai_update, sin usar hoy en sitemap.ts)",true,usar last_ai_update en sitemap.ts
/productos/domino-grande-ver-estuche-produccion-nacional-5291/,producto,last_ai_update,2026-04-20,"campo real (last_ai_update, sin usar hoy en sitemap.ts)",true,usar last_ai_update en sitemap.ts
/productos/minidomino-produccion-nacional-2789/,producto,last_ai_update,2026-04-20,"campo real (last_ai_update, sin usar hoy en sitemap.ts)",true,usar last_ai_update en sitemap.ts
/productos/frisbee-enjoy-produccion-nacional-5245/,producto,last_ai_update,2026-04-20,"campo real (last_ai_update, sin usar hoy en sitemap.ts)",true,usar last_ai_update en sitemap.ts
/productos/frisbee-original-produccion-nacional-2866/,producto,last_ai_update,2026-04-20,"campo real (last_ai_update, sin usar hoy en sitemap.ts)",true,usar last_ai_update en sitemap.ts
/productos/frisbee-dinamo-produccion-nacional-2864/,producto,last_ai_update,2026-04-20,"campo real (last_ai_update, sin usar hoy en sitemap.ts)",true,usar last_ai_update en sitemap.ts
/productos/juego-portatil-produccion-nacional-7685/,producto,last_ai_update,2026-04-20,"campo real (last_ai_update, sin usar hoy en sitemap.ts)",true,usar last_ai_update en sitemap.ts
/productos/frisbee-flexible-produccion-nacional-2865/,producto,last_ai_update,2026-04-20,"campo real (last_ai_update, sin usar hoy en sitemap.ts)",true,usar last_ai_update en sitemap.ts
/productos/frisbee-aero-produccion-nacional-8028/,producto,last_ai_update,2026-04-20,"campo real (last_ai_update, sin usar hoy en sitemap.ts)",true,usar last_ai_update en sitemap.ts
/productos/yoyo-plastico-produccion-nacional-nuevo-9860/,producto,last_ai_update,2026-04-20,"campo real (last_ai_update, sin usar hoy en sitemap.ts)",true,usar last_ai_update en sitemap.ts
/productos/botilito-siluet-500-ml-ver-tipo-tapa-produccion-nacional-4086/,producto,last_ai_update,2026-07-10,"campo real (last_ai_update, sin usar hoy en sitemap.ts)",true,usar last_ai_update en sitemap.ts
/productos/soporte-para-moviles-strike-produccion-nacionalmas-10282/,producto,last_ai_update,2026-04-20,"campo real (last_ai_update, sin usar hoy en sitemap.ts)",true,usar last_ai_update en sitemap.ts
/productos/relojes-alcancia-piggy-max/,producto,last_ai_update,2026-04-20,"campo real (last_ai_update, sin usar hoy en sitemap.ts)",true,usar last_ai_update en sitemap.ts
/productos/relojes-boligrafo-mini-dwell/,producto,last_ai_update,2026-04-20,"campo real (last_ai_update, sin usar hoy en sitemap.ts)",true,usar last_ai_update en sitemap.ts
/productos/relojes-sporty-bag-garda/,producto,last_ai_update,2026-04-20,"campo real (last_ai_update, sin usar hoy en sitemap.ts)",true,usar last_ai_update en sitemap.ts
/productos/relojes-cobija-pillow/,producto,last_ai_update,2026-04-20,"campo real (last_ai_update, sin usar hoy en sitemap.ts)",true,usar last_ai_update en sitemap.ts
/productos/relojes-catalogo-novelties/,producto,last_ai_update,2026-04-20,"campo real (last_ai_update, sin usar hoy en sitemap.ts)",true,usar last_ai_update en sitemap.ts
/productos/relojes-catalogo-novelties-2026/,producto,last_ai_update,2026-04-20,"campo real (last_ai_update, sin usar hoy en sitemap.ts)",true,usar last_ai_update en sitemap.ts
/productos/relojes-catalogo-mundial-2026/,producto,last_ai_update,2026-04-20,"campo real (last_ai_update, sin usar hoy en sitemap.ts)",true,usar last_ai_update en sitemap.ts
/productos/relojes-catalogo-produccion-nacional/,producto,last_ai_update,2026-04-20,"campo real (last_ai_update, sin usar hoy en sitemap.ts)",true,usar last_ai_update en sitemap.ts
/productos/boligrafo-carter-eco-10533/,producto,last_ai_update,2026-04-20,"campo real (last_ai_update, sin usar hoy en sitemap.ts)",true,usar last_ai_update en sitemap.ts
/productos/liquido-antibacterial-holder-spray-10ml-produccion-nacional-9731/,producto,last_ai_update,2026-04-20,"campo real (last_ai_update, sin usar hoy en sitemap.ts)",true,usar last_ai_update en sitemap.ts
/productos/aro-de-pilates-ring-9736/,producto,last_ai_update,2026-04-20,"campo real (last_ai_update, sin usar hoy en sitemap.ts)",true,usar last_ai_update en sitemap.ts
/productos/pitillo-reutilizable-metalico-bamboo-9954/,producto,last_ai_update,2026-04-20,"campo real (last_ai_update, sin usar hoy en sitemap.ts)",true,usar last_ai_update en sitemap.ts
/productos/ducal-eco-9252/,producto,last_ai_update,2026-04-20,"campo real (last_ai_update, sin usar hoy en sitemap.ts)",true,usar last_ai_update en sitemap.ts
/productos/boligrafo-flom-4-1-antibacteriano-9531/,producto,last_ai_update,2026-04-20,"campo real (last_ai_update, sin usar hoy en sitemap.ts)",true,usar last_ai_update en sitemap.ts
/productos/boligrafo-gamma-rpet-10017/,producto,last_ai_update,2026-04-20,"campo real (last_ai_update, sin usar hoy en sitemap.ts)",true,usar last_ai_update en sitemap.ts
/productos/metro-square-bamboo-10448/,producto,last_ai_update,2026-04-20,"campo real (last_ai_update, sin usar hoy en sitemap.ts)",true,usar last_ai_update en sitemap.ts
/productos/set-de-destornilladores-triangular-10536/,producto,last_ai_update,2026-04-20,"campo real (last_ai_update, sin usar hoy en sitemap.ts)",true,usar last_ai_update en sitemap.ts
/productos/set-de-destornilladores-paddle-10965/,producto,last_ai_update,2026-04-20,"campo real (last_ai_update, sin usar hoy en sitemap.ts)",true,usar last_ai_update en sitemap.ts
/productos/regla-plegable-con-llavero-11052/,producto,last_ai_update,2026-04-20,"campo real (last_ai_update, sin usar hoy en sitemap.ts)",true,usar last_ai_update en sitemap.ts
/productos/crispetera-en-silicona-oil-free-9634/,producto,last_ai_update,2026-04-20,"campo real (last_ai_update, sin usar hoy en sitemap.ts)",true,usar last_ai_update en sitemap.ts
/productos/aireador-electrico-para-vino-9965/,producto,last_ai_update,2026-04-20,"campo real (last_ai_update, sin usar hoy en sitemap.ts)",true,usar last_ai_update en sitemap.ts
/productos/set-de-bomba-de-vacio-9966/,producto,last_ai_update,2026-04-20,"campo real (last_ai_update, sin usar hoy en sitemap.ts)",true,usar last_ai_update en sitemap.ts
/productos/espatula-para-pizza-10061/,producto,last_ai_update,2026-04-20,"campo real (last_ai_update, sin usar hoy en sitemap.ts)",true,usar last_ai_update en sitemap.ts
/productos/set-de-cubiertos-camping-10064/,producto,last_ai_update,2026-04-20,"campo real (last_ai_update, sin usar hoy en sitemap.ts)",true,usar last_ai_update en sitemap.ts
/productos/portabotellas-en-madera-10071/,producto,last_ai_update,2026-04-20,"campo real (last_ai_update, sin usar hoy en sitemap.ts)",true,usar last_ai_update en sitemap.ts
/productos/picnic-set-10074/,producto,last_ai_update,2026-04-20,"campo real (last_ai_update, sin usar hoy en sitemap.ts)",true,usar last_ai_update en sitemap.ts
/productos/soporte-en-silicona-para-cucharas-de-cocina-10528/,producto,last_ai_update,2026-04-20,"campo real (last_ai_update, sin usar hoy en sitemap.ts)",true,usar last_ai_update en sitemap.ts
/productos/destapador-con-navaja-eco-11049/,producto,last_ai_update,2026-04-20,"campo real (last_ai_update, sin usar hoy en sitemap.ts)",true,usar last_ai_update en sitemap.ts
/productos/boligrafo-holographic-10245/,producto,last_ai_update,2026-04-20,"campo real (last_ai_update, sin usar hoy en sitemap.ts)",true,usar last_ai_update en sitemap.ts
/productos/boligrafo-jenkin-10246/,producto,last_ai_update,2026-04-20,"campo real (last_ai_update, sin usar hoy en sitemap.ts)",true,usar last_ai_update en sitemap.ts
/productos/boligrafo-jester-coffee-10019/,producto,last_ai_update,2026-04-20,"campo real (last_ai_update, sin usar hoy en sitemap.ts)",true,usar last_ai_update en sitemap.ts
/productos/frisbee-pop-10484/,producto,last_ai_update,2026-04-20,"campo real (last_ai_update, sin usar hoy en sitemap.ts)",true,usar last_ai_update en sitemap.ts
/productos/boligrafo-lepper-10024/,producto,last_ai_update,2026-04-20,"campo real (last_ai_update, sin usar hoy en sitemap.ts)",true,usar last_ai_update en sitemap.ts
/productos/boligrafo-maze-9946/,producto,last_ai_update,2026-04-20,"campo real (last_ai_update, sin usar hoy en sitemap.ts)",true,usar last_ai_update en sitemap.ts
/productos/jarra-en-vidrio-kolors-16oz-8052/,producto,last_ai_update,2026-04-20,"campo real (last_ai_update, sin usar hoy en sitemap.ts)",true,usar last_ai_update en sitemap.ts
/productos/jarra-cafetera-en-acero-inoxidable-coffee-13l-9194/,producto,last_ai_update,2026-04-20,"campo real (last_ai_update, sin usar hoy en sitemap.ts)",true,usar last_ai_update en sitemap.ts
/productos/botilito-en-vidrio-neoprene-450ml-9438/,producto,last_ai_update,2026-07-10,"campo real (last_ai_update, sin usar hoy en sitemap.ts)",true,usar last_ai_update en sitemap.ts
/productos/mug-plastico-con-corcho-16oz-9562/,producto,last_ai_update,2026-04-20,"campo real (last_ai_update, sin usar hoy en sitemap.ts)",true,usar last_ai_update en sitemap.ts
/productos/mug-plastico-trink-480ml-10080/,producto,last_ai_update,2026-04-20,"campo real (last_ai_update, sin usar hoy en sitemap.ts)",true,usar last_ai_update en sitemap.ts
/productos/botilito-plastico-cory-petg-900ml-10090/,producto,last_ai_update,2026-07-10,"campo real (last_ai_update, sin usar hoy en sitemap.ts)",true,usar last_ai_update en sitemap.ts
/productos/botilito-plastico-kepler-650ml-10295/,producto,last_ai_update,2026-07-10,"campo real (last_ai_update, sin usar hoy en sitemap.ts)",true,usar last_ai_update en sitemap.ts
/productos/mug-plastico-idris-300ml-10355/,producto,last_ai_update,2026-04-20,"campo real (last_ai_update, sin usar hoy en sitemap.ts)",true,usar last_ai_update en sitemap.ts
/productos/botilito-plastico-avalon-pet-750ml-10490/,producto,last_ai_update,2026-07-10,"campo real (last_ai_update, sin usar hoy en sitemap.ts)",true,usar last_ai_update en sitemap.ts
/productos/set-de-boligrafo-y-libreta-lawson-9089/,producto,last_ai_update,2026-04-20,"campo real (last_ai_update, sin usar hoy en sitemap.ts)",true,usar last_ai_update en sitemap.ts
/productos/portaidentificador-de-carnet-con-limpiador-9321/,producto,last_ai_update,2026-04-20,"campo real (last_ai_update, sin usar hoy en sitemap.ts)",true,usar last_ai_update en sitemap.ts
/productos/mini-libreta-bamboo-eco-9950/,producto,last_ai_update,2026-04-20,"campo real (last_ai_update, sin usar hoy en sitemap.ts)",true,usar last_ai_update en sitemap.ts
/productos/libreta-con-boligrafo-coffee-10105/,producto,last_ai_update,2026-04-20,"campo real (last_ai_update, sin usar hoy en sitemap.ts)",true,usar last_ai_update en sitemap.ts
/productos/libreta-malik-96-hojas-10409/,producto,last_ai_update,2026-04-20,"campo real (last_ai_update, sin usar hoy en sitemap.ts)",true,usar last_ai_update en sitemap.ts
/productos/cinta-para-portacarnet-cork-10346/,producto,last_ai_update,2026-04-20,"campo real (last_ai_update, sin usar hoy en sitemap.ts)",true,usar last_ai_update en sitemap.ts
/productos/libreta-eco-milk-70-hojas-10447/,producto,last_ai_update,2026-04-20,"campo real (last_ai_update, sin usar hoy en sitemap.ts)",true,usar last_ai_update en sitemap.ts
/productos/libreta-jokull-10984/,producto,last_ai_update,2026-04-20,"campo real (last_ai_update, sin usar hoy en sitemap.ts)",true,usar last_ai_update en sitemap.ts
/productos/regla-pop-it-11027/,producto,last_ai_update,2026-04-20,"campo real (last_ai_update, sin usar hoy en sitemap.ts)",true,usar last_ai_update en sitemap.ts
/productos/libreta-valdis-cork-11058/,producto,last_ai_update,2026-04-20,"campo real (last_ai_update, sin usar hoy en sitemap.ts)",true,usar last_ai_update en sitemap.ts
/productos/mini-libreta-darvi-11059/,producto,last_ai_update,2026-04-20,"campo real (last_ai_update, sin usar hoy en sitemap.ts)",true,usar last_ai_update en sitemap.ts
/productos/boligrafo-pebble-11022/,producto,last_ai_update,2026-04-20,"campo real (last_ai_update, sin usar hoy en sitemap.ts)",true,usar last_ai_update en sitemap.ts
/productos/boligrafo-portent-cartoon-10031/,producto,last_ai_update,2026-04-20,"campo real (last_ai_update, sin usar hoy en sitemap.ts)",true,usar last_ai_update en sitemap.ts
/productos/boligrafo-rush-neon-10034/,producto,last_ai_update,2026-04-20,"campo real (last_ai_update, sin usar hoy en sitemap.ts)",true,usar last_ai_update en sitemap.ts
/productos/paraguas-de-madera-en-poliester-23-8910/,producto,last_ai_update,2026-04-20,"campo real (last_ai_update, sin usar hoy en sitemap.ts)",true,usar last_ai_update en sitemap.ts
/productos/paraguas-brook-ergo-27-9187/,producto,last_ai_update,2026-04-20,"campo real (last_ai_update, sin usar hoy en sitemap.ts)",true,usar last_ai_update en sitemap.ts
/productos/boligrafo-spray-max-antibacteriano-9479/,producto,last_ai_update,2026-04-20,"campo real (last_ai_update, sin usar hoy en sitemap.ts)",true,usar last_ai_update en sitemap.ts
/productos/soporte-para-moviles-pump-bamboo-10431/,producto,last_ai_update,2026-04-20,"campo real (last_ai_update, sin usar hoy en sitemap.ts)",true,usar last_ai_update en sitemap.ts
/productos/soporte-magnetico-para-moviles-aluminio-9636/,producto,last_ai_update,2026-04-20,"campo real (last_ai_update, sin usar hoy en sitemap.ts)",true,usar last_ai_update en sitemap.ts
/productos/soporte-metalico-para-moviles-aluminium-9662/,producto,last_ai_update,2026-04-20,"campo real (last_ai_update, sin usar hoy en sitemap.ts)",true,usar last_ai_update en sitemap.ts
/productos/bandeja-portatil-para-laptop-9672/,producto,last_ai_update,2026-04-20,"campo real (last_ai_update, sin usar hoy en sitemap.ts)",true,usar last_ai_update en sitemap.ts
/productos/soporte-para-tablets-pillow-9691/,producto,last_ai_update,2026-04-20,"campo real (last_ai_update, sin usar hoy en sitemap.ts)",true,usar last_ai_update en sitemap.ts
/productos/mesa-para-laptop-9805/,producto,last_ai_update,2026-04-20,"campo real (last_ai_update, sin usar hoy en sitemap.ts)",true,usar last_ai_update en sitemap.ts
/productos/cargador-inalambrico-3-1-9959/,producto,last_ai_update,2026-04-20,"campo real (last_ai_update, sin usar hoy en sitemap.ts)",true,usar last_ai_update en sitemap.ts
/productos/audifonos-bluetooth-sportbone-9943/,producto,last_ai_update,2026-04-20,"campo real (last_ai_update, sin usar hoy en sitemap.ts)",true,usar last_ai_update en sitemap.ts
/productos/audifonos-bluetooth-aerobone-9944/,producto,last_ai_update,2026-04-20,"campo real (last_ai_update, sin usar hoy en sitemap.ts)",true,usar last_ai_update en sitemap.ts
/productos/audifonos-inalambricos-kick-urban-travel-9925/,producto,last_ai_update,2026-04-20,"campo real (last_ai_update, sin usar hoy en sitemap.ts)",true,usar last_ai_update en sitemap.ts
/productos/speaker-bluetooth-con-luz-emergency-10134/,producto,last_ai_update,2026-04-20,"campo real (last_ai_update, sin usar hoy en sitemap.ts)",true,usar last_ai_update en sitemap.ts
/productos/speaker-de-induccion-bamboo-10141/,producto,last_ai_update,2026-04-20,"campo real (last_ai_update, sin usar hoy en sitemap.ts)",true,usar last_ai_update en sitemap.ts
/productos/speaker-bluetooth-con-audifonos-10142/,producto,last_ai_update,2026-04-20,"campo real (last_ai_update, sin usar hoy en sitemap.ts)",true,usar last_ai_update en sitemap.ts
/productos/soporte-para-moviles-con-microfibra-10403/,producto,last_ai_update,2026-04-20,"campo real (last_ai_update, sin usar hoy en sitemap.ts)",true,usar last_ai_update en sitemap.ts
/productos/soporte-para-moviles-chill-10382/,producto,last_ai_update,2026-04-20,"campo real (last_ai_update, sin usar hoy en sitemap.ts)",true,usar last_ai_update en sitemap.ts
/productos/speaker-bluetooth-eco-cork-10336/,producto,last_ai_update,2026-04-20,"campo real (last_ai_update, sin usar hoy en sitemap.ts)",true,usar last_ai_update en sitemap.ts
/productos/speaker-bluetooth-zip-cork-10424/,producto,last_ai_update,2026-04-20,"campo real (last_ai_update, sin usar hoy en sitemap.ts)",true,usar last_ai_update en sitemap.ts
/productos/audifonos-bluetooth-cork-10425/,producto,last_ai_update,2026-04-20,"campo real (last_ai_update, sin usar hoy en sitemap.ts)",true,usar last_ai_update en sitemap.ts
/productos/speaker-bluetooth-tanner-rpet-10491/,producto,last_ai_update,2026-04-20,"campo real (last_ai_update, sin usar hoy en sitemap.ts)",true,usar last_ai_update en sitemap.ts
/productos/speaker-bluetooth-ringo-bamboo-10495/,producto,last_ai_update,2026-04-20,"campo real (last_ai_update, sin usar hoy en sitemap.ts)",true,usar last_ai_update en sitemap.ts
/productos/speaker-bluetooth-wyn-2-1-10478/,producto,last_ai_update,2026-04-20,"campo real (last_ai_update, sin usar hoy en sitemap.ts)",true,usar last_ai_update en sitemap.ts
/productos/speaker-bluetooth-cyrus-cork-10475/,producto,last_ai_update,2026-04-20,"campo real (last_ai_update, sin usar hoy en sitemap.ts)",true,usar last_ai_update en sitemap.ts
/productos/cargador-inalambrico-multifuncion-10328/,producto,last_ai_update,2026-04-20,"campo real (last_ai_update, sin usar hoy en sitemap.ts)",true,usar last_ai_update en sitemap.ts
/productos/soporte-para-moviles-cup-10477/,producto,last_ai_update,2026-04-20,"campo real (last_ai_update, sin usar hoy en sitemap.ts)",true,usar last_ai_update en sitemap.ts
/productos/speaker-bluetooth-micro-karaoke-10919/,producto,last_ai_update,2026-04-20,"campo real (last_ai_update, sin usar hoy en sitemap.ts)",true,usar last_ai_update en sitemap.ts
/productos/cargador-inalambrico-coil-eco-10742/,producto,last_ai_update,2026-04-20,"campo real (last_ai_update, sin usar hoy en sitemap.ts)",true,usar last_ai_update en sitemap.ts
/productos/speaker-bluetooth-alden-eco-10743/,producto,last_ai_update,2026-04-20,"campo real (last_ai_update, sin usar hoy en sitemap.ts)",true,usar last_ai_update en sitemap.ts
/productos/gancho-carabinero-lock-10401/,producto,last_ai_update,2026-04-20,"campo real (last_ai_update, sin usar hoy en sitemap.ts)",true,usar last_ai_update en sitemap.ts
/productos/timbre-bike-10359/,producto,last_ai_update,2026-04-20,"campo real (last_ai_update, sin usar hoy en sitemap.ts)",true,usar last_ai_update en sitemap.ts
/productos/morral-backpack-glow-10366/,producto,last_ai_update,2026-04-20,"campo real (last_ai_update, sin usar hoy en sitemap.ts)",true,usar last_ai_update en sitemap.ts
/productos/mouse-pad-iggy-10373/,producto,last_ai_update,2026-04-20,"campo real (last_ai_update, sin usar hoy en sitemap.ts)",true,usar last_ai_update en sitemap.ts
/productos/estuche-cosmetiquera-10572/,producto,last_ai_update,2026-04-20,"campo real (last_ai_update, sin usar hoy en sitemap.ts)",true,usar last_ai_update en sitemap.ts
/productos/bowl-mat-para-mascotas-10981/,producto,last_ai_update,2026-04-20,"campo real (last_ai_update, sin usar hoy en sitemap.ts)",true,usar last_ai_update en sitemap.ts
/productos/morral-backpack-skylar-10786/,producto,last_ai_update,2026-04-20,"campo real (last_ai_update, sin usar hoy en sitemap.ts)",true,usar last_ai_update en sitemap.ts
/productos/clip-cork-10939/,producto,last_ai_update,2026-04-20,"campo real (last_ai_update, sin usar hoy en sitemap.ts)",true,usar last_ai_update en sitemap.ts
/productos/bolsa-en-cambrel-savannah-8190/,producto,last_ai_update,2026-04-20,"campo real (last_ai_update, sin usar hoy en sitemap.ts)",true,usar last_ai_update en sitemap.ts
/productos/soporte-viajero-8674/,producto,last_ai_update,2026-04-20,"campo real (last_ai_update, sin usar hoy en sitemap.ts)",true,usar last_ai_update en sitemap.ts
/productos/bolsa-metalizada-hologram-9154/,producto,last_ai_update,2026-04-20,"campo real (last_ai_update, sin usar hoy en sitemap.ts)",true,usar last_ai_update en sitemap.ts
/productos/manija-shopping-9816/,producto,last_ai_update,2026-04-20,"campo real (last_ai_update, sin usar hoy en sitemap.ts)",true,usar last_ai_update en sitemap.ts
/productos/morral-backpack-bound-10172/,producto,last_ai_update,2026-04-20,"campo real (last_ai_update, sin usar hoy en sitemap.ts)",true,usar last_ai_update en sitemap.ts
/productos/morral-backpack-onyx-oferta-10365/,producto,last_ai_update,2026-04-20,"campo real (last_ai_update, sin usar hoy en sitemap.ts)",true,usar last_ai_update en sitemap.ts
/productos/set-de-cubiertos-eco-material-antibacteriano-9694/,producto,last_ai_update,2026-04-20,"campo real (last_ai_update, sin usar hoy en sitemap.ts)",true,usar last_ai_update en sitemap.ts
/productos/portacomidas-eco-holder-antibacteriano-9536/,producto,last_ai_update,2026-04-20,"campo real (last_ai_update, sin usar hoy en sitemap.ts)",true,usar last_ai_update en sitemap.ts
/productos/klean-antibacteriano-oferta-9468/,producto,last_ai_update,2026-04-20,"campo real (last_ai_update, sin usar hoy en sitemap.ts)",true,usar last_ai_update en sitemap.ts
/productos/portacomidas-con-cubiertos-eco-square-ii-produccion-nacional-9855/,producto,last_ai_update,2026-04-20,"campo real (last_ai_update, sin usar hoy en sitemap.ts)",true,usar last_ai_update en sitemap.ts
/productos/boligrafo-ventura-spray-antibacteriano-oferta-9482/,producto,last_ai_update,2026-04-20,"campo real (last_ai_update, sin usar hoy en sitemap.ts)",true,usar last_ai_update en sitemap.ts
/productos/boligrafo-vinnie-antibacteriano-9611/,producto,last_ai_update,2026-04-20,"campo real (last_ai_update, sin usar hoy en sitemap.ts)",true,usar last_ai_update en sitemap.ts
/productos/boligrafo-vinnie-stylus-antibacteriano-9669/,producto,last_ai_update,2026-04-20,"campo real (last_ai_update, sin usar hoy en sitemap.ts)",true,usar last_ai_update en sitemap.ts
/productos/sporty-bag-reflectiva-security-9190/,producto,last_ai_update,2026-04-20,"campo real (last_ai_update, sin usar hoy en sitemap.ts)",true,usar last_ai_update en sitemap.ts
/productos/bolsa-reflectiva-security-9189/,producto,last_ai_update,2026-04-20,"campo real (last_ai_update, sin usar hoy en sitemap.ts)",true,usar last_ai_update en sitemap.ts
/productos/set-de-herramientas-bottle-bike-10286/,producto,last_ai_update,2026-04-20,"campo real (last_ai_update, sin usar hoy en sitemap.ts)",true,usar last_ai_update en sitemap.ts
/productos/set-licorera-malt-9909/,producto,last_ai_update,2026-04-20,"campo real (last_ai_update, sin usar hoy en sitemap.ts)",true,usar last_ai_update en sitemap.ts
/productos/mini-licorera-6oz-8463/,producto,last_ai_update,2026-04-20,"campo real (last_ai_update, sin usar hoy en sitemap.ts)",true,usar last_ai_update en sitemap.ts
/productos/set-de-vino-sutton-10070/,producto,last_ai_update,2026-04-20,"campo real (last_ai_update, sin usar hoy en sitemap.ts)",true,usar last_ai_update en sitemap.ts
/productos/mini-licorera-jacoby-6oz-10075/,producto,last_ai_update,2026-04-20,"campo real (last_ai_update, sin usar hoy en sitemap.ts)",true,usar last_ai_update en sitemap.ts
/productos/set-portavasos-bamboo-puzzle-10072/,producto,last_ai_update,2026-04-20,"campo real (last_ai_update, sin usar hoy en sitemap.ts)",true,usar last_ai_update en sitemap.ts
/productos/copa-plastica-celtic-15oz-produccion-nacional-9920/,producto,last_ai_update,2026-04-20,"campo real (last_ai_update, sin usar hoy en sitemap.ts)",true,usar last_ai_update en sitemap.ts
/productos/copa-plastica-party-1oz-produccion-nacional-9696/,producto,last_ai_update,2026-04-20,"campo real (last_ai_update, sin usar hoy en sitemap.ts)",true,usar last_ai_update en sitemap.ts
/productos/metro-destapador-bamboo-10262/,producto,last_ai_update,2026-04-20,"campo real (last_ai_update, sin usar hoy en sitemap.ts)",true,usar last_ai_update en sitemap.ts
/productos/set-de-vino-en-bambu-ii-9719/,producto,last_ai_update,2026-04-20,"campo real (last_ai_update, sin usar hoy en sitemap.ts)",true,usar last_ai_update en sitemap.ts
/productos/set-de-bar-martini-9740/,producto,last_ai_update,2026-04-20,"campo real (last_ai_update, sin usar hoy en sitemap.ts)",true,usar last_ai_update en sitemap.ts
/productos/set-de-tablas-wine-snack-9755/,producto,last_ai_update,2026-04-20,"campo real (last_ai_update, sin usar hoy en sitemap.ts)",true,usar last_ai_update en sitemap.ts
/productos/llavero-destapador-holder-9546/,producto,last_ai_update,2026-04-20,"campo real (last_ai_update, sin usar hoy en sitemap.ts)",true,usar last_ai_update en sitemap.ts
/productos/balde-multiusos-10281/,producto,last_ai_update,2026-04-20,"campo real (last_ai_update, sin usar hoy en sitemap.ts)",true,usar last_ai_update en sitemap.ts
/productos/set-de-licorera-con-juegos-10405/,producto,last_ai_update,2026-04-20,"campo real (last_ai_update, sin usar hoy en sitemap.ts)",true,usar last_ai_update en sitemap.ts
/productos/set-de-bar-benson-10404/,producto,last_ai_update,2026-04-20,"campo real (last_ai_update, sin usar hoy en sitemap.ts)",true,usar last_ai_update en sitemap.ts
/productos/destapador-bamboo-wine-10406/,producto,last_ai_update,2026-04-20,"campo real (last_ai_update, sin usar hoy en sitemap.ts)",true,usar last_ai_update en sitemap.ts
/productos/cuello-multifuncional-para-sublimacion-8689/,producto,last_ai_update,2026-04-20,"campo real (last_ai_update, sin usar hoy en sitemap.ts)",true,usar last_ai_update en sitemap.ts
/productos/set-de-herramientas-para-bicicleta-gearx-oferta-10055/,producto,last_ai_update,2026-04-20,"campo real (last_ai_update, sin usar hoy en sitemap.ts)",true,usar last_ai_update en sitemap.ts
/productos/linterna-para-bicicleta-snake-ii-10197/,producto,last_ai_update,2026-04-20,"campo real (last_ai_update, sin usar hoy en sitemap.ts)",true,usar last_ai_update en sitemap.ts
/productos/banda-sport-led-10468/,producto,last_ai_update,2026-04-20,"campo real (last_ai_update, sin usar hoy en sitemap.ts)",true,usar last_ai_update en sitemap.ts
/productos/audifonos-bluetooth-taylor-ii-oferta-9865/,producto,last_ai_update,2026-04-20,"campo real (last_ai_update, sin usar hoy en sitemap.ts)",true,usar last_ai_update en sitemap.ts
/productos/organizador-para-bicicleta-9821/,producto,last_ai_update,2026-04-20,"campo real (last_ai_update, sin usar hoy en sitemap.ts)",true,usar last_ai_update en sitemap.ts
/productos/morral-backpack-grant-9832/,producto,last_ai_update,2026-04-20,"campo real (last_ai_update, sin usar hoy en sitemap.ts)",true,usar last_ai_update en sitemap.ts
/productos/linterna-recargable-head-13227/,producto,last_ai_update,2026-04-20,"campo real (last_ai_update, sin usar hoy en sitemap.ts)",true,usar last_ai_update en sitemap.ts
/productos/banda-recargable-sporty-13228/,producto,last_ai_update,2026-04-20,"campo real (last_ai_update, sin usar hoy en sitemap.ts)",true,usar last_ai_update en sitemap.ts
/productos/calculadora-multicolor-12-digitos-11121/,producto,last_ai_update,2026-04-20,"campo real (last_ai_update, sin usar hoy en sitemap.ts)",true,usar last_ai_update en sitemap.ts
/productos/calculadora-executive-12-digitos-4335/,producto,last_ai_update,2026-04-20,"campo real (last_ai_update, sin usar hoy en sitemap.ts)",true,usar last_ai_update en sitemap.ts
/productos/calculadora-clipboard-4336/,producto,last_ai_update,2026-04-20,"campo real (last_ai_update, sin usar hoy en sitemap.ts)",true,usar last_ai_update en sitemap.ts
/productos/calculadora-brody-9730/,producto,last_ai_update,2026-04-20,"campo real (last_ai_update, sin usar hoy en sitemap.ts)",true,usar last_ai_update en sitemap.ts
/productos/bola-antiestres-rubber-9738/,producto,last_ai_update,2026-04-20,"campo real (last_ai_update, sin usar hoy en sitemap.ts)",true,usar last_ai_update en sitemap.ts
/productos/botilito-plastico-galaxy-900ml-produccion-nacional-7890/,producto,last_ai_update,2026-07-10,"campo real (last_ai_update, sin usar hoy en sitemap.ts)",true,usar last_ai_update en sitemap.ts
/productos/morral-backpack-stallone-7582/,producto,last_ai_update,2026-04-20,"campo real (last_ai_update, sin usar hoy en sitemap.ts)",true,usar last_ai_update en sitemap.ts
/productos/botilito-plastico-lambert-petg-710ml-9872/,producto,last_ai_update,2026-07-10,"campo real (last_ai_update, sin usar hoy en sitemap.ts)",true,usar last_ai_update en sitemap.ts
/productos/botilito-plastico-langdon-petg-850ml-9873/,producto,last_ai_update,2026-07-10,"campo real (last_ai_update, sin usar hoy en sitemap.ts)",true,usar last_ai_update en sitemap.ts
/productos/botilito-plastico-zigor-600ml-produccion-nacional-8054/,producto,last_ai_update,2026-07-10,"campo real (last_ai_update, sin usar hoy en sitemap.ts)",true,usar last_ai_update en sitemap.ts
/productos/botilito-de-silicona-twiggy-600ml-9902/,producto,last_ai_update,2026-07-10,"campo real (last_ai_update, sin usar hoy en sitemap.ts)",true,usar last_ai_update en sitemap.ts
/productos/botilito-en-pet-tiffany-680ml-produccion-nacional-9354/,producto,last_ai_update,2026-07-10,"campo real (last_ai_update, sin usar hoy en sitemap.ts)",true,usar last_ai_update en sitemap.ts
/productos/botilito-en-pet-capri-750ml-produccion-nacional-9356/,producto,last_ai_update,2026-07-10,"campo real (last_ai_update, sin usar hoy en sitemap.ts)",true,usar last_ai_update en sitemap.ts
/productos/botilito-plastico-biggy-1500ml-10088/,producto,last_ai_update,2026-07-10,"campo real (last_ai_update, sin usar hoy en sitemap.ts)",true,usar last_ai_update en sitemap.ts
/productos/botilito-plastico-mack-petg-700ml-oferta-10091/,producto,last_ai_update,2026-07-10,"campo real (last_ai_update, sin usar hoy en sitemap.ts)",true,usar last_ai_update en sitemap.ts
/productos/botilitro-plastico-1000ml-1-litro-produccion-nacional-10300/,producto,last_ai_update,2026-04-20,"campo real (last_ai_update, sin usar hoy en sitemap.ts)",true,usar last_ai_update en sitemap.ts
/productos/audifonos-bluetooth-tron-9869/,producto,last_ai_update,2026-04-20,"campo real (last_ai_update, sin usar hoy en sitemap.ts)",true,usar last_ai_update en sitemap.ts
/productos/sporty-bag-baylor-10186/,producto,last_ai_update,2026-04-20,"campo real (last_ai_update, sin usar hoy en sitemap.ts)",true,usar last_ai_update en sitemap.ts
/productos/botilito-en-silicona-compact-500ml-10563/,producto,last_ai_update,2026-07-10,"campo real (last_ai_update, sin usar hoy en sitemap.ts)",true,usar last_ai_update en sitemap.ts
/productos/funda-portacelular-reflect-sport-rpet-10415/,producto,last_ai_update,2026-04-20,"campo real (last_ai_update, sin usar hoy en sitemap.ts)",true,usar last_ai_update en sitemap.ts
/productos/funda-portacelular-sport-rpet-10417/,producto,last_ai_update,2026-04-20,"campo real (last_ai_update, sin usar hoy en sitemap.ts)",true,usar last_ai_update en sitemap.ts
/productos/gorra-fashion-urban-travel-10625/,producto,last_ai_update,2026-04-20,"campo real (last_ai_update, sin usar hoy en sitemap.ts)",true,usar last_ai_update en sitemap.ts
/productos/sporty-bag-ozuma-13485/,producto,last_ai_update,2026-04-20,"campo real (last_ai_update, sin usar hoy en sitemap.ts)",true,usar last_ai_update en sitemap.ts
/productos/maletin-compacto-soccer-cup-13291/,producto,last_ai_update,2026-04-20,"campo real (last_ai_update, sin usar hoy en sitemap.ts)",true,usar last_ai_update en sitemap.ts
/productos/juego-de-raquetas-board-game-13435/,producto,last_ai_update,2026-04-20,"campo real (last_ai_update, sin usar hoy en sitemap.ts)",true,usar last_ai_update en sitemap.ts
/productos/maletin-harmony-13363/,producto,last_ai_update,2026-04-20,"campo real (last_ai_update, sin usar hoy en sitemap.ts)",true,usar last_ai_update en sitemap.ts
/productos/lazo-jump-nuevo-13549/,producto,last_ai_update,2026-04-20,"campo real (last_ai_update, sin usar hoy en sitemap.ts)",true,usar last_ai_update en sitemap.ts
/productos/set-de-bandas-elasticas-en-bolsa-nuevo-13594/,producto,last_ai_update,2026-04-20,"campo real (last_ai_update, sin usar hoy en sitemap.ts)",true,usar last_ai_update en sitemap.ts
/productos/boligrafo-aston-eco-9914/,producto,last_ai_update,2026-04-20,"campo real (last_ai_update, sin usar hoy en sitemap.ts)",true,usar last_ai_update en sitemap.ts
/productos/pitillo-reutilizable-metalico-wheat-9708/,producto,last_ai_update,2026-04-20,"campo real (last_ai_update, sin usar hoy en sitemap.ts)",true,usar last_ai_update en sitemap.ts
/productos/metro-arkitect-eco-10454/,producto,last_ai_update,2026-04-20,"campo real (last_ai_update, sin usar hoy en sitemap.ts)",true,usar last_ai_update en sitemap.ts
/productos/metro-oval-eco-9739/,producto,last_ai_update,2026-04-20,"campo real (last_ai_update, sin usar hoy en sitemap.ts)",true,usar last_ai_update en sitemap.ts
/productos/portacomidas-con-cubiertos-eco-nature-9031/,producto,last_ai_update,2026-04-20,"campo real (last_ai_update, sin usar hoy en sitemap.ts)",true,usar last_ai_update en sitemap.ts
/productos/portacomidas-eco-denver-9746/,producto,last_ai_update,2026-04-20,"campo real (last_ai_update, sin usar hoy en sitemap.ts)",true,usar last_ai_update en sitemap.ts
/productos/portacomidas-con-cubiertos-eco-davis-9747/,producto,last_ai_update,2026-04-20,"campo real (last_ai_update, sin usar hoy en sitemap.ts)",true,usar last_ai_update en sitemap.ts
/productos/portacomidas-julius-10335/,producto,last_ai_update,2026-04-20,"campo real (last_ai_update, sin usar hoy en sitemap.ts)",true,usar last_ai_update en sitemap.ts
/productos/juego-parchis-13183/,producto,last_ai_update,2026-04-20,"campo real (last_ai_update, sin usar hoy en sitemap.ts)",true,usar last_ai_update en sitemap.ts
/productos/juego-de-letras-nuevo-13576/,producto,last_ai_update,2026-04-20,"campo real (last_ai_update, sin usar hoy en sitemap.ts)",true,usar last_ai_update en sitemap.ts
/productos/kirk-eco-9225/,producto,last_ai_update,2026-04-20,"campo real (last_ai_update, sin usar hoy en sitemap.ts)",true,usar last_ai_update en sitemap.ts
/productos/mug-plastico-con-cuchara-tiffany-350ml-produccion-nacional-10125/,producto,last_ai_update,2026-04-20,"campo real (last_ai_update, sin usar hoy en sitemap.ts)",true,usar last_ai_update en sitemap.ts
/productos/pestana-plastica-para-mug-orbit-5892/,producto,last_ai_update,2026-04-20,"campo real (last_ai_update, sin usar hoy en sitemap.ts)",true,usar last_ai_update en sitemap.ts
/productos/tapa-plastica-para-mug-orbit-incluye-mu-62p-5891/,producto,last_ai_update,2026-04-20,"campo real (last_ai_update, sin usar hoy en sitemap.ts)",true,usar last_ai_update en sitemap.ts
/productos/natura-eco-9244/,producto,last_ai_update,2026-04-20,"campo real (last_ai_update, sin usar hoy en sitemap.ts)",true,usar last_ai_update en sitemap.ts
/productos/resaltador-triangulo-eco-13187/,producto,last_ai_update,2026-04-20,"campo real (last_ai_update, sin usar hoy en sitemap.ts)",true,usar last_ai_update en sitemap.ts
/productos/libreta-con-boligrafo-leroy-eco-10106/,producto,last_ai_update,2026-04-20,"campo real (last_ai_update, sin usar hoy en sitemap.ts)",true,usar last_ai_update en sitemap.ts
/productos/set-goblet-eco-13189/,producto,last_ai_update,2026-04-20,"campo real (last_ai_update, sin usar hoy en sitemap.ts)",true,usar last_ai_update en sitemap.ts
/productos/calendario-bamboo-13185/,producto,last_ai_update,2026-04-20,"campo real (last_ai_update, sin usar hoy en sitemap.ts)",true,usar last_ai_update en sitemap.ts
/productos/set-boligrafo-y-portaminas-dakota-eco-9684/,producto,last_ai_update,2026-04-20,"campo real (last_ai_update, sin usar hoy en sitemap.ts)",true,usar last_ai_update en sitemap.ts
/productos/cable-multicargador-cotton-10507/,producto,last_ai_update,2026-04-20,"campo real (last_ai_update, sin usar hoy en sitemap.ts)",true,usar last_ai_update en sitemap.ts
/productos/soporte-para-moviles-tropic-bamboo-nuevo-13574/,producto,last_ai_update,2026-04-20,"campo real (last_ai_update, sin usar hoy en sitemap.ts)",true,usar last_ai_update en sitemap.ts
/productos/identificador-de-maletas-eco-10356/,producto,last_ai_update,2026-04-20,"campo real (last_ai_update, sin usar hoy en sitemap.ts)",true,usar last_ai_update en sitemap.ts
/productos/set-de-colores-smile-nuevo-13573/,producto,last_ai_update,2026-04-20,"campo real (last_ai_update, sin usar hoy en sitemap.ts)",true,usar last_ai_update en sitemap.ts
/productos/ventura-eco-stylus-9250/,producto,last_ai_update,2026-04-20,"campo real (last_ai_update, sin usar hoy en sitemap.ts)",true,usar last_ai_update en sitemap.ts
/productos/set-de-golf-tees-10929/,producto,last_ai_update,2026-04-20,"campo real (last_ai_update, sin usar hoy en sitemap.ts)",true,usar last_ai_update en sitemap.ts
/productos/visera-trucker-10895/,producto,last_ai_update,2026-04-20,"campo real (last_ai_update, sin usar hoy en sitemap.ts)",true,usar last_ai_update en sitemap.ts
/productos/gorra-beisbol-469/,producto,last_ai_update,2026-04-20,"campo real (last_ai_update, sin usar hoy en sitemap.ts)",true,usar last_ai_update en sitemap.ts
/productos/gorra-taslon-urban-travel-13402/,producto,last_ai_update,2026-04-20,"campo real (last_ai_update, sin usar hoy en sitemap.ts)",true,usar last_ai_update en sitemap.ts
/productos/linterna-neck-9757/,producto,last_ai_update,2026-04-20,"campo real (last_ai_update, sin usar hoy en sitemap.ts)",true,usar last_ai_update en sitemap.ts
/productos/mini-lampara-para-laptop-9758/,producto,last_ai_update,2026-04-20,"campo real (last_ai_update, sin usar hoy en sitemap.ts)",true,usar last_ai_update en sitemap.ts
/productos/linterna-doctor-10699/,producto,last_ai_update,2026-04-20,"campo real (last_ai_update, sin usar hoy en sitemap.ts)",true,usar last_ai_update en sitemap.ts
/productos/linterna-recargable-morven-10816/,producto,last_ai_update,2026-04-20,"campo real (last_ai_update, sin usar hoy en sitemap.ts)",true,usar last_ai_update en sitemap.ts
/productos/mini-linterna-bamboo-9926/,producto,last_ai_update,2026-04-20,"campo real (last_ai_update, sin usar hoy en sitemap.ts)",true,usar last_ai_update en sitemap.ts
/productos/linterna-de-9-leds-flynt-5753/,producto,last_ai_update,2026-04-20,"campo real (last_ai_update, sin usar hoy en sitemap.ts)",true,usar last_ai_update en sitemap.ts
/productos/mini-selfie-light-para-moviles-9689/,producto,last_ai_update,2026-04-20,"campo real (last_ai_update, sin usar hoy en sitemap.ts)",true,usar last_ai_update en sitemap.ts
/productos/dispensador-de-bolsas-muller-oferta-9934/,producto,last_ai_update,2026-04-20,"campo real (last_ai_update, sin usar hoy en sitemap.ts)",true,usar last_ai_update en sitemap.ts
/productos/metro-llavero-nitto-10051/,producto,last_ai_update,2026-04-20,"campo real (last_ai_update, sin usar hoy en sitemap.ts)",true,usar last_ai_update en sitemap.ts
/productos/cargador-inalambrico-con-lampara-flex-oferta-10467/,producto,last_ai_update,2026-04-20,"campo real (last_ai_update, sin usar hoy en sitemap.ts)",true,usar last_ai_update en sitemap.ts
/productos/linterna-tom-10374/,producto,last_ai_update,2026-04-20,"campo real (last_ai_update, sin usar hoy en sitemap.ts)",true,usar last_ai_update en sitemap.ts
/productos/luz-de-emergencia-v16-magnetica-13423/,producto,last_ai_update,2026-04-20,"campo real (last_ai_update, sin usar hoy en sitemap.ts)",true,usar last_ai_update en sitemap.ts
/productos/luz-portable-work-13223/,producto,last_ai_update,2026-04-20,"campo real (last_ai_update, sin usar hoy en sitemap.ts)",true,usar last_ai_update en sitemap.ts
/productos/linterna-recargable-ultan-13226/,producto,last_ai_update,2026-04-20,"campo real (last_ai_update, sin usar hoy en sitemap.ts)",true,usar last_ai_update en sitemap.ts
/productos/paraguas-autolight-23-13284/,producto,last_ai_update,2026-04-20,"campo real (last_ai_update, sin usar hoy en sitemap.ts)",true,usar last_ai_update en sitemap.ts
/productos/linterna-recargable-neck-13406/,producto,last_ai_update,2026-04-20,"campo real (last_ai_update, sin usar hoy en sitemap.ts)",true,usar last_ai_update en sitemap.ts
/productos/llavero-sigma-13407/,producto,last_ai_update,2026-04-20,"campo real (last_ai_update, sin usar hoy en sitemap.ts)",true,usar last_ai_update en sitemap.ts
/productos/miniset-de-escritorio-2047/,producto,last_ai_update,2026-04-20,"campo real (last_ai_update, sin usar hoy en sitemap.ts)",true,usar last_ai_update en sitemap.ts
/productos/alcancia-cubo-apilable-produccion-nacional-8716/,producto,last_ai_update,2026-04-20,"campo real (last_ai_update, sin usar hoy en sitemap.ts)",true,usar last_ai_update en sitemap.ts
/productos/cartuchera-en-cambrel-kidz-con-diseno-8511/,producto,last_ai_update,2026-04-20,"campo real (last_ai_update, sin usar hoy en sitemap.ts)",true,usar last_ai_update en sitemap.ts
/productos/set-de-colores-y-crayolas-gavino-8654/,producto,last_ai_update,2026-04-20,"campo real (last_ai_update, sin usar hoy en sitemap.ts)",true,usar last_ai_update en sitemap.ts
/productos/mini-tablero-borrable-9101/,producto,last_ai_update,2026-04-20,"campo real (last_ai_update, sin usar hoy en sitemap.ts)",true,usar last_ai_update en sitemap.ts
/productos/botilito-plastico-thor-470ml-produccion-nacional-9393/,producto,last_ai_update,2026-07-10,"campo real (last_ai_update, sin usar hoy en sitemap.ts)",true,usar last_ai_update en sitemap.ts
/productos/tapa-alcancia-produccion-nacional-9387/,producto,last_ai_update,2026-04-20,"campo real (last_ai_update, sin usar hoy en sitemap.ts)",true,usar last_ai_update en sitemap.ts
/productos/set-de-4-mini-marcadores-tinta-lavable-9415/,producto,last_ai_update,2026-04-20,"campo real (last_ai_update, sin usar hoy en sitemap.ts)",true,usar last_ai_update en sitemap.ts
/productos/set-paint-9814/,producto,last_ai_update,2026-04-20,"campo real (last_ai_update, sin usar hoy en sitemap.ts)",true,usar last_ai_update en sitemap.ts
/productos/set-de-colores-annie-10157/,producto,last_ai_update,2026-04-20,"campo real (last_ai_update, sin usar hoy en sitemap.ts)",true,usar last_ai_update en sitemap.ts
/productos/set-de-juegos-pelkat-9886/,producto,last_ai_update,2026-04-20,"campo real (last_ai_update, sin usar hoy en sitemap.ts)",true,usar last_ai_update en sitemap.ts
/productos/botilito-wave-pvc-640ml-produccion-nacional-7763/,producto,last_ai_update,2026-07-10,"campo real (last_ai_update, sin usar hoy en sitemap.ts)",true,usar last_ai_update en sitemap.ts
/productos/botilito-murray-700ml-8665/,producto,last_ai_update,2026-07-10,"campo real (last_ai_update, sin usar hoy en sitemap.ts)",true,usar last_ai_update en sitemap.ts
/productos/resaltador-magico-en-cera-flower-4-colores-7243/,producto,last_ai_update,2026-04-20,"campo real (last_ai_update, sin usar hoy en sitemap.ts)",true,usar last_ai_update en sitemap.ts
/productos/set-de-escritorio-office-8718/,producto,last_ai_update,2026-04-20,"campo real (last_ai_update, sin usar hoy en sitemap.ts)",true,usar last_ai_update en sitemap.ts
/productos/clip-marcador-de-hojas-oferta-9039/,producto,last_ai_update,2026-04-20,"campo real (last_ai_update, sin usar hoy en sitemap.ts)",true,usar last_ai_update en sitemap.ts
/productos/sticky-set-separador-de-hojas-10102/,producto,last_ai_update,2026-04-20,"campo real (last_ai_update, sin usar hoy en sitemap.ts)",true,usar last_ai_update en sitemap.ts
/productos/vaso-pitillo-balon-720ml-produccion-nacional-4094/,producto,last_ai_update,2026-07-10,"campo real (last_ai_update, sin usar hoy en sitemap.ts)",true,usar last_ai_update en sitemap.ts
/productos/lonchera-multifuncion-produccion-nacional-3280/,producto,last_ai_update,2026-04-20,"campo real (last_ai_update, sin usar hoy en sitemap.ts)",true,usar last_ai_update en sitemap.ts
/productos/juego-triqui-10651/,producto,last_ai_update,2026-04-20,"campo real (last_ai_update, sin usar hoy en sitemap.ts)",true,usar last_ai_update en sitemap.ts
/productos/coca-tradicional-produccion-nacional-13174/,producto,last_ai_update,2026-04-20,"campo real (last_ai_update, sin usar hoy en sitemap.ts)",true,usar last_ai_update en sitemap.ts
/productos/set-de-resaltadores-trumix-13292/,producto,last_ai_update,2026-04-20,"campo real (last_ai_update, sin usar hoy en sitemap.ts)",true,usar last_ai_update en sitemap.ts
/productos/resaltador-triple-13310/,producto,last_ai_update,2026-04-20,"campo real (last_ai_update, sin usar hoy en sitemap.ts)",true,usar last_ai_update en sitemap.ts
/productos/estuche-en-silicona-lybra-13429/,producto,last_ai_update,2026-04-20,"campo real (last_ai_update, sin usar hoy en sitemap.ts)",true,usar last_ai_update en sitemap.ts
/productos/tangram-eco-13498/,producto,last_ai_update,2026-04-20,"campo real (last_ai_update, sin usar hoy en sitemap.ts)",true,usar last_ai_update en sitemap.ts
/productos/juego-de-madera-win-13508/,producto,last_ai_update,2026-04-20,"campo real (last_ai_update, sin usar hoy en sitemap.ts)",true,usar last_ai_update en sitemap.ts
/productos/juego-brain-nuevo-13550/,producto,last_ai_update,2026-04-20,"campo real (last_ai_update, sin usar hoy en sitemap.ts)",true,usar last_ai_update en sitemap.ts
/productos/juego-de-dados-nuevo-13546/,producto,last_ai_update,2026-04-20,"campo real (last_ai_update, sin usar hoy en sitemap.ts)",true,usar last_ai_update en sitemap.ts
/productos/tajalapiz-con-borrador-run-nuevo-13551/,producto,last_ai_update,2026-04-20,"campo real (last_ai_update, sin usar hoy en sitemap.ts)",true,usar last_ai_update en sitemap.ts
/productos/set-kramer-nuevo-13562/,producto,last_ai_update,2026-04-20,"campo real (last_ai_update, sin usar hoy en sitemap.ts)",true,usar last_ai_update en sitemap.ts
/productos/torre-de-madera-skill-2-11151/,producto,last_ai_update,2026-04-20,"campo real (last_ai_update, sin usar hoy en sitemap.ts)",true,usar last_ai_update en sitemap.ts
/productos/set-de-juego-en-madera-3-1-9715/,producto,last_ai_update,2026-04-20,"campo real (last_ai_update, sin usar hoy en sitemap.ts)",true,usar last_ai_update en sitemap.ts
/productos/juego-de-raquetas-wood-beach-10380/,producto,last_ai_update,2026-04-20,"campo real (last_ai_update, sin usar hoy en sitemap.ts)",true,usar last_ai_update en sitemap.ts
/productos/set-de-cartas-eco-10379/,producto,last_ai_update,2026-04-20,"campo real (last_ai_update, sin usar hoy en sitemap.ts)",true,usar last_ai_update en sitemap.ts
/productos/mini-cancha-basket-10347/,producto,last_ai_update,2026-04-20,"campo real (last_ai_update, sin usar hoy en sitemap.ts)",true,usar last_ai_update en sitemap.ts
/productos/golf-tees-7cm-10988/,producto,last_ai_update,2026-04-20,"campo real (last_ai_update, sin usar hoy en sitemap.ts)",true,usar last_ai_update en sitemap.ts
/productos/golf-tees-7cm-bamboo-10989/,producto,last_ai_update,2026-04-20,"campo real (last_ai_update, sin usar hoy en sitemap.ts)",true,usar last_ai_update en sitemap.ts
/productos/lapiz-golf-pencil-11005/,producto,last_ai_update,2026-04-20,"campo real (last_ai_update, sin usar hoy en sitemap.ts)",true,usar last_ai_update en sitemap.ts
/productos/juego-cartas-y-domino-eco-11013/,producto,last_ai_update,2026-04-20,"campo real (last_ai_update, sin usar hoy en sitemap.ts)",true,usar last_ai_update en sitemap.ts
/productos/juego-triqui-box-eco-11031/,producto,last_ai_update,2026-04-20,"campo real (last_ai_update, sin usar hoy en sitemap.ts)",true,usar last_ai_update en sitemap.ts
/productos/set-de-juego-chessman-11067/,producto,last_ai_update,2026-04-20,"campo real (last_ai_update, sin usar hoy en sitemap.ts)",true,usar last_ai_update en sitemap.ts
/productos/set-de-juegos-genium-9961/,producto,last_ai_update,2026-04-20,"campo real (last_ai_update, sin usar hoy en sitemap.ts)",true,usar last_ai_update en sitemap.ts
/productos/set-de-poker-13401/,producto,last_ai_update,2026-04-20,"campo real (last_ai_update, sin usar hoy en sitemap.ts)",true,usar last_ai_update en sitemap.ts
/productos/juego-ruleta-nuevo-13331/,producto,last_ai_update,2026-04-20,"campo real (last_ai_update, sin usar hoy en sitemap.ts)",true,usar last_ai_update en sitemap.ts
/productos/juego-triqui-eco-13315/,producto,last_ai_update,2026-04-20,"campo real (last_ai_update, sin usar hoy en sitemap.ts)",true,usar last_ai_update en sitemap.ts
/productos/domino-bamboo-nuevo-13306/,producto,last_ai_update,2026-04-20,"campo real (last_ai_update, sin usar hoy en sitemap.ts)",true,usar last_ai_update en sitemap.ts
/productos/mini-balon-de-futbol-inter-no-1-13374/,producto,last_ai_update,2026-04-20,"campo real (last_ai_update, sin usar hoy en sitemap.ts)",true,usar last_ai_update en sitemap.ts
/productos/balon-de-futbol-united-no-5-13372/,producto,last_ai_update,2026-04-20,"campo real (last_ai_update, sin usar hoy en sitemap.ts)",true,usar last_ai_update en sitemap.ts
/productos/balon-de-futbol-manchester-no-5-13373/,producto,last_ai_update,2026-04-20,"campo real (last_ai_update, sin usar hoy en sitemap.ts)",true,usar last_ai_update en sitemap.ts
/productos/llavero-con-nivelador-magnet-11129/,producto,last_ai_update,2026-04-20,"campo real (last_ai_update, sin usar hoy en sitemap.ts)",true,usar last_ai_update en sitemap.ts
/productos/llavero-silver-ml-259-4790/,producto,last_ai_update,2026-04-20,"campo real (last_ai_update, sin usar hoy en sitemap.ts)",true,usar last_ai_update en sitemap.ts
/productos/set-ml-398-10077/,producto,last_ai_update,2026-04-20,"campo real (last_ai_update, sin usar hoy en sitemap.ts)",true,usar last_ai_update en sitemap.ts
/productos/llavero-ml-103-1572/,producto,last_ai_update,2026-04-20,"campo real (last_ai_update, sin usar hoy en sitemap.ts)",true,usar last_ai_update en sitemap.ts
/productos/llavero-silver-ml-145-2257/,producto,last_ai_update,2026-04-20,"campo real (last_ai_update, sin usar hoy en sitemap.ts)",true,usar last_ai_update en sitemap.ts
/productos/llavero-car-ii-3204/,producto,last_ai_update,2026-04-20,"campo real (last_ai_update, sin usar hoy en sitemap.ts)",true,usar last_ai_update en sitemap.ts
/productos/llavero-silver-ml-196-3359/,producto,last_ai_update,2026-04-20,"campo real (last_ai_update, sin usar hoy en sitemap.ts)",true,usar last_ai_update en sitemap.ts
/productos/llavero-silver-ml-262-4793/,producto,last_ai_update,2026-04-20,"campo real (last_ai_update, sin usar hoy en sitemap.ts)",true,usar last_ai_update en sitemap.ts
/productos/llavero-ml-294-5454/,producto,last_ai_update,2026-04-20,"campo real (last_ai_update, sin usar hoy en sitemap.ts)",true,usar last_ai_update en sitemap.ts
/productos/llavero-silver-ml-217-3549/,producto,last_ai_update,2026-04-20,"campo real (last_ai_update, sin usar hoy en sitemap.ts)",true,usar last_ai_update en sitemap.ts
/productos/llavero-silver-ml-241-4417/,producto,last_ai_update,2026-04-20,"campo real (last_ai_update, sin usar hoy en sitemap.ts)",true,usar last_ai_update en sitemap.ts
/productos/placa-metalica-con-pin-ml-332-7438/,producto,last_ai_update,2026-04-20,"campo real (last_ai_update, sin usar hoy en sitemap.ts)",true,usar last_ai_update en sitemap.ts
/productos/llavero-ml-379-9174/,producto,last_ai_update,2026-04-20,"campo real (last_ai_update, sin usar hoy en sitemap.ts)",true,usar last_ai_update en sitemap.ts
/productos/soporte-para-moviles-ml-382-oferta-9177/,producto,last_ai_update,2026-04-20,"campo real (last_ai_update, sin usar hoy en sitemap.ts)",true,usar last_ai_update en sitemap.ts
/productos/llavero-multiusos-metalico-touch-free-ml-386-oferta-9490/,producto,last_ai_update,2026-04-20,"campo real (last_ai_update, sin usar hoy en sitemap.ts)",true,usar last_ai_update en sitemap.ts
/productos/llavero-ml-399-10078/,producto,last_ai_update,2026-04-20,"campo real (last_ai_update, sin usar hoy en sitemap.ts)",true,usar last_ai_update en sitemap.ts
/productos/llavero-ml-417-13523/,producto,last_ai_update,2026-04-20,"campo real (last_ai_update, sin usar hoy en sitemap.ts)",true,usar last_ai_update en sitemap.ts
/productos/llavero-ml-416-13522/,producto,last_ai_update,2026-04-20,"campo real (last_ai_update, sin usar hoy en sitemap.ts)",true,usar last_ai_update en sitemap.ts
/productos/llavero-bamboo-round-13494/,producto,last_ai_update,2026-04-20,"campo real (last_ai_update, sin usar hoy en sitemap.ts)",true,usar last_ai_update en sitemap.ts
/productos/llavero-bamboo-square-13496/,producto,last_ai_update,2026-04-20,"campo real (last_ai_update, sin usar hoy en sitemap.ts)",true,usar last_ai_update en sitemap.ts
/productos/llavero-ml-419-13395/,producto,last_ai_update,2026-04-20,"campo real (last_ai_update, sin usar hoy en sitemap.ts)",true,usar last_ai_update en sitemap.ts
/productos/llavero-ml-418-13394/,producto,last_ai_update,2026-04-20,"campo real (last_ai_update, sin usar hoy en sitemap.ts)",true,usar last_ai_update en sitemap.ts
/productos/llavero-portacelular-nook-13323/,producto,last_ai_update,2026-04-20,"campo real (last_ai_update, sin usar hoy en sitemap.ts)",true,usar last_ai_update en sitemap.ts
/productos/liquido-antibacterial-pump-spray-10ml-produccion-nacional-9619/,producto,last_ai_update,2026-04-20,"campo real (last_ai_update, sin usar hoy en sitemap.ts)",true,usar last_ai_update en sitemap.ts
/productos/espejo-maxx-9146/,producto,last_ai_update,2026-04-20,"campo real (last_ai_update, sin usar hoy en sitemap.ts)",true,usar last_ai_update en sitemap.ts
/productos/boligrafo-medic-7022/,producto,last_ai_update,2026-04-20,"campo real (last_ai_update, sin usar hoy en sitemap.ts)",true,usar last_ai_update en sitemap.ts
/productos/portaidentificador-para-cinta-portacarnet-redondo-8875/,producto,last_ai_update,2026-04-20,"campo real (last_ai_update, sin usar hoy en sitemap.ts)",true,usar last_ai_update en sitemap.ts
/productos/tabla-metrica-produccion-nacional-3869/,producto,last_ai_update,2026-04-20,"campo real (last_ai_update, sin usar hoy en sitemap.ts)",true,usar last_ai_update en sitemap.ts
/productos/mini-resaltador-de-cera-ver-of-376eof-376j-5884/,producto,last_ai_update,2026-04-20,"campo real (last_ai_update, sin usar hoy en sitemap.ts)",true,usar last_ai_update en sitemap.ts
/productos/portatacos-frost-con-portatarjetas-produccion-nacional-2547/,producto,last_ai_update,2026-04-20,"campo real (last_ai_update, sin usar hoy en sitemap.ts)",true,usar last_ai_update en sitemap.ts
/productos/resaltador-en-cera-adam-7491/,producto,last_ai_update,2026-04-20,"campo real (last_ai_update, sin usar hoy en sitemap.ts)",true,usar last_ai_update en sitemap.ts
/productos/estuche-para-2-resaltadores-en-cera-adam-7492/,producto,last_ai_update,2026-04-20,"campo real (last_ai_update, sin usar hoy en sitemap.ts)",true,usar last_ai_update en sitemap.ts
/productos/calendario-perpetuo-plastico-7500/,producto,last_ai_update,2026-04-20,"campo real (last_ai_update, sin usar hoy en sitemap.ts)",true,usar last_ai_update en sitemap.ts
/productos/set-de-resaltadores-en-cera-quattro-7507/,producto,last_ai_update,2026-04-20,"campo real (last_ai_update, sin usar hoy en sitemap.ts)",true,usar last_ai_update en sitemap.ts
/productos/calendario-perpetuo-produccion-nacional-7513/,producto,last_ai_update,2026-04-20,"campo real (last_ai_update, sin usar hoy en sitemap.ts)",true,usar last_ai_update en sitemap.ts
/productos/portaidentificador-de-carnet-home-oferta-8440/,producto,last_ai_update,2026-04-20,"campo real (last_ai_update, sin usar hoy en sitemap.ts)",true,usar last_ai_update en sitemap.ts
/productos/cinta-para-portacarnet-kunel-9892/,producto,last_ai_update,2026-04-20,"campo real (last_ai_update, sin usar hoy en sitemap.ts)",true,usar last_ai_update en sitemap.ts
/productos/calendario-perpetuo-wood-9983/,producto,last_ai_update,2026-04-20,"campo real (last_ai_update, sin usar hoy en sitemap.ts)",true,usar last_ai_update en sitemap.ts
/productos/tablero-spock-6931/,producto,last_ai_update,2026-04-20,"campo real (last_ai_update, sin usar hoy en sitemap.ts)",true,usar last_ai_update en sitemap.ts
/productos/dispensador-de-notas-medic-8150/,producto,last_ai_update,2026-04-20,"campo real (last_ai_update, sin usar hoy en sitemap.ts)",true,usar last_ai_update en sitemap.ts
/productos/antiestres-doctor-8858/,producto,last_ai_update,2026-04-20,"campo real (last_ai_update, sin usar hoy en sitemap.ts)",true,usar last_ai_update en sitemap.ts
/productos/bolsa-plegable-medic-8954/,producto,last_ai_update,2026-04-20,"campo real (last_ai_update, sin usar hoy en sitemap.ts)",true,usar last_ai_update en sitemap.ts
/productos/pastillero-en-bambu-nuevo-13544/,producto,last_ai_update,2026-04-20,"campo real (last_ai_update, sin usar hoy en sitemap.ts)",true,usar last_ai_update en sitemap.ts
/productos/memoria-usb-mini-bamboo-precio-neto-10322/,producto,last_ai_update,2026-04-20,"campo real (last_ai_update, sin usar hoy en sitemap.ts)",true,usar last_ai_update en sitemap.ts
/productos/reloj-de-arena-petit-4-minutos-7753/,producto,last_ai_update,2026-04-20,"campo real (last_ai_update, sin usar hoy en sitemap.ts)",true,usar last_ai_update en sitemap.ts
/productos/botilito-plastico-fruit-600ml-nuevo-13575/,producto,last_ai_update,2026-07-10,"campo real (last_ai_update, sin usar hoy en sitemap.ts)",true,usar last_ai_update en sitemap.ts
/productos/botilito-metalico-concord-negro-550ml-nuevo-13578/,producto,last_ai_update,2026-07-10,"campo real (last_ai_update, sin usar hoy en sitemap.ts)",true,usar last_ai_update en sitemap.ts
/productos/botilito-metalico-concord-550ml-nuevo-13579/,producto,last_ai_update,2026-07-10,"campo real (last_ai_update, sin usar hoy en sitemap.ts)",true,usar last_ai_update en sitemap.ts
/productos/botilito-metalico-cuppa-600ml-nuevo-13571/,producto,last_ai_update,2026-07-10,"campo real (last_ai_update, sin usar hoy en sitemap.ts)",true,usar last_ai_update en sitemap.ts
/productos/mug-metalico-para-sublimacion-kup-550-ml-nuevo-13572/,producto,last_ai_update,2026-04-20,"campo real (last_ai_update, sin usar hoy en sitemap.ts)",true,usar last_ai_update en sitemap.ts
/productos/morral-backpack-taos-nuevo-13585/,producto,last_ai_update,2026-04-20,"campo real (last_ai_update, sin usar hoy en sitemap.ts)",true,usar last_ai_update en sitemap.ts
/productos/morral-backpack-barbour-nuevo-13586/,producto,last_ai_update,2026-04-20,"campo real (last_ai_update, sin usar hoy en sitemap.ts)",true,usar last_ai_update en sitemap.ts
/productos/mug-metalico-dewar-400-ml-nuevo-13577/,producto,last_ai_update,2026-04-20,"campo real (last_ai_update, sin usar hoy en sitemap.ts)",true,usar last_ai_update en sitemap.ts
/productos/bolsa-en-cambrel-con-fuelle-para-sublimacion-nuevo-13587/,producto,last_ai_update,2026-04-20,"campo real (last_ai_update, sin usar hoy en sitemap.ts)",true,usar last_ai_update en sitemap.ts
/productos/bolsa-en-cambrel-arcadia-para-sublimacion-nuevo-13591/,producto,last_ai_update,2026-04-20,"campo real (last_ai_update, sin usar hoy en sitemap.ts)",true,usar last_ai_update en sitemap.ts
/productos/boligrafo-castell-nuevo-13588/,producto,last_ai_update,2026-04-20,"campo real (last_ai_update, sin usar hoy en sitemap.ts)",true,usar last_ai_update en sitemap.ts
/productos/nevera-cooler-origin-rpet-nuevo-13561/,producto,last_ai_update,2026-04-20,"campo real (last_ai_update, sin usar hoy en sitemap.ts)",true,usar last_ai_update en sitemap.ts
/productos/portarretrato-kids-nuevo-13563/,producto,last_ai_update,2026-04-20,"campo real (last_ai_update, sin usar hoy en sitemap.ts)",true,usar last_ai_update en sitemap.ts
/productos/pila-recargable-byte-2200-mah-nuevo-13565/,producto,last_ai_update,2026-04-20,"campo real (last_ai_update, sin usar hoy en sitemap.ts)",true,usar last_ai_update en sitemap.ts
/productos/pila-recargable-kode-5000-mah-rpet-nuevo-13566/,producto,last_ai_update,2026-04-20,"campo real (last_ai_update, sin usar hoy en sitemap.ts)",true,usar last_ai_update en sitemap.ts
/productos/cepillo-de-dientes-bambu-nuevo-13567/,producto,last_ai_update,2026-04-20,"campo real (last_ai_update, sin usar hoy en sitemap.ts)",true,usar last_ai_update en sitemap.ts
/productos/cepillo-de-dientes-travel-nuevo-13568/,producto,last_ai_update,2026-04-20,"campo real (last_ai_update, sin usar hoy en sitemap.ts)",true,usar last_ai_update en sitemap.ts
/productos/speaker-bluetooth-soccer-man-nuevo-13389/,producto,last_ai_update,2026-04-20,"campo real (last_ai_update, sin usar hoy en sitemap.ts)",true,usar last_ai_update en sitemap.ts
/productos/cobija-en-fleece-con-velcro-nuevo-6313/,producto,last_ai_update,2026-04-20,"campo real (last_ai_update, sin usar hoy en sitemap.ts)",true,usar last_ai_update en sitemap.ts
/productos/botilito-plastico-vita-600ml-rpet-nuevo-13246/,producto,last_ai_update,2026-07-10,"campo real (last_ai_update, sin usar hoy en sitemap.ts)",true,usar last_ai_update en sitemap.ts
/productos/cargador-inalambrico-element-nuevo-13541/,producto,last_ai_update,2026-04-20,"campo real (last_ai_update, sin usar hoy en sitemap.ts)",true,usar last_ai_update en sitemap.ts
/productos/set-vera-nuevo-13542/,producto,last_ai_update,2026-04-20,"campo real (last_ai_update, sin usar hoy en sitemap.ts)",true,usar last_ai_update en sitemap.ts
/productos/cepillo-exfoliante-skin-nuevo-13543/,producto,last_ai_update,2026-04-20,"campo real (last_ai_update, sin usar hoy en sitemap.ts)",true,usar last_ai_update en sitemap.ts
/productos/set-de-cubiertos-craft-nuevo-13545/,producto,last_ai_update,2026-04-20,"campo real (last_ai_update, sin usar hoy en sitemap.ts)",true,usar last_ai_update en sitemap.ts
/productos/joyero-en-algodon-200-gr-nuevo-13547/,producto,last_ai_update,2026-04-20,"campo real (last_ai_update, sin usar hoy en sitemap.ts)",true,usar last_ai_update en sitemap.ts
/productos/speaker-bluetooth-soccer-ball-13276/,producto,last_ai_update,2026-04-20,"campo real (last_ai_update, sin usar hoy en sitemap.ts)",true,usar last_ai_update en sitemap.ts
/productos/speaker-bluetooth-aqua-13277/,producto,last_ai_update,2026-04-20,"campo real (last_ai_update, sin usar hoy en sitemap.ts)",true,usar last_ai_update en sitemap.ts
/productos/puerto-usb-syntra-13303/,producto,last_ai_update,2026-04-20,"campo real (last_ai_update, sin usar hoy en sitemap.ts)",true,usar last_ai_update en sitemap.ts
/productos/mug-metalico-vinga-eco-350-ml-13313/,producto,last_ai_update,2026-04-20,"campo real (last_ai_update, sin usar hoy en sitemap.ts)",true,usar last_ai_update en sitemap.ts
/productos/botilito-metalico-drover-650ml-13314/,producto,last_ai_update,2026-07-10,"campo real (last_ai_update, sin usar hoy en sitemap.ts)",true,usar last_ai_update en sitemap.ts
/productos/pila-recargable-digital-display5000-mah-13316/,producto,last_ai_update,2026-04-20,"campo real (last_ai_update, sin usar hoy en sitemap.ts)",true,usar last_ai_update en sitemap.ts
/productos/pila-recargable-nomu-5000mah-13317/,producto,last_ai_update,2026-04-20,"campo real (last_ai_update, sin usar hoy en sitemap.ts)",true,usar last_ai_update en sitemap.ts
/productos/set-de-herramientas-hammer-13325/,producto,last_ai_update,2026-04-20,"campo real (last_ai_update, sin usar hoy en sitemap.ts)",true,usar last_ai_update en sitemap.ts
/productos/set-de-herramientas-bamboo-13326/,producto,last_ai_update,2026-04-20,"campo real (last_ai_update, sin usar hoy en sitemap.ts)",true,usar last_ai_update en sitemap.ts
/productos/cargador-inalambrico-heston-13328/,producto,last_ai_update,2026-04-20,"campo real (last_ai_update, sin usar hoy en sitemap.ts)",true,usar last_ai_update en sitemap.ts
/productos/portacomidas-wing-eco-13329/,producto,last_ai_update,2026-04-20,"campo real (last_ai_update, sin usar hoy en sitemap.ts)",true,usar last_ai_update en sitemap.ts
/productos/mini-herramientero-kronus-13335/,producto,last_ai_update,2026-04-20,"campo real (last_ai_update, sin usar hoy en sitemap.ts)",true,usar last_ai_update en sitemap.ts
/productos/audifonos-tekflow-13339/,producto,last_ai_update,2026-04-20,"campo real (last_ai_update, sin usar hoy en sitemap.ts)",true,usar last_ai_update en sitemap.ts
/productos/llavero-metro-tools-13351/,producto,last_ai_update,2026-04-20,"campo real (last_ai_update, sin usar hoy en sitemap.ts)",true,usar last_ai_update en sitemap.ts
/productos/llavero-metro-3-1-13354/,producto,last_ai_update,2026-04-20,"campo real (last_ai_update, sin usar hoy en sitemap.ts)",true,usar last_ai_update en sitemap.ts
/productos/mug-plastico-voltra-400ml-13247/,producto,last_ai_update,2026-04-20,"campo real (last_ai_update, sin usar hoy en sitemap.ts)",true,usar last_ai_update en sitemap.ts
/productos/portacomidas-stora-eco-13242/,producto,last_ai_update,2026-04-20,"campo real (last_ai_update, sin usar hoy en sitemap.ts)",true,usar last_ai_update en sitemap.ts
/productos/botilito-plastico-napper-800ml-13243/,producto,last_ai_update,2026-07-10,"campo real (last_ai_update, sin usar hoy en sitemap.ts)",true,usar last_ai_update en sitemap.ts
/productos/botilito-plastico-griply-rpet-700ml-13244/,producto,last_ai_update,2026-07-10,"campo real (last_ai_update, sin usar hoy en sitemap.ts)",true,usar last_ai_update en sitemap.ts
/productos/mug-plastico-glimm-eco-300ml-13245/,producto,last_ai_update,2026-04-20,"campo real (last_ai_update, sin usar hoy en sitemap.ts)",true,usar last_ai_update en sitemap.ts
/productos/molde-para-paletas-13270/,producto,last_ai_update,2026-04-20,"campo real (last_ai_update, sin usar hoy en sitemap.ts)",true,usar last_ai_update en sitemap.ts
/productos/set-glim-13272/,producto,last_ai_update,2026-04-20,"campo real (last_ai_update, sin usar hoy en sitemap.ts)",true,usar last_ai_update en sitemap.ts
/productos/set-sos-13273/,producto,last_ai_update,2026-04-20,"campo real (last_ai_update, sin usar hoy en sitemap.ts)",true,usar last_ai_update en sitemap.ts
/productos/llavero-destapador-truck-13257/,producto,last_ai_update,2026-04-20,"campo real (last_ai_update, sin usar hoy en sitemap.ts)",true,usar last_ai_update en sitemap.ts
/productos/llavero-destapador-motorbike-13258/,producto,last_ai_update,2026-04-20,"campo real (last_ai_update, sin usar hoy en sitemap.ts)",true,usar last_ai_update en sitemap.ts
/productos/llavero-destapador-broq-13259/,producto,last_ai_update,2026-04-20,"campo real (last_ai_update, sin usar hoy en sitemap.ts)",true,usar last_ai_update en sitemap.ts
/productos/botilito-jormi-1000ml-13217/,producto,last_ai_update,2026-07-10,"campo real (last_ai_update, sin usar hoy en sitemap.ts)",true,usar last_ai_update en sitemap.ts
/productos/botilito-metalico-plivi-660ml-13218/,producto,last_ai_update,2026-07-10,"campo real (last_ai_update, sin usar hoy en sitemap.ts)",true,usar last_ai_update en sitemap.ts
/productos/mug-ethio-cofee-473-ml-13219/,producto,last_ai_update,2026-04-20,"campo real (last_ai_update, sin usar hoy en sitemap.ts)",true,usar last_ai_update en sitemap.ts
/productos/multicargador-con-puertos-fast-35w-13225/,producto,last_ai_update,2026-04-20,"campo real (last_ai_update, sin usar hoy en sitemap.ts)",true,usar last_ai_update en sitemap.ts
/productos/cooler-para-botellas-13232/,producto,last_ai_update,2026-04-20,"campo real (last_ai_update, sin usar hoy en sitemap.ts)",true,usar last_ai_update en sitemap.ts
/productos/botilito-plastico-pvc-runny-690ml-produccion-nacional-13236/,producto,last_ai_update,2026-07-10,"campo real (last_ai_update, sin usar hoy en sitemap.ts)",true,usar last_ai_update en sitemap.ts
/productos/mug-metalico-lumix-600-ml-13237/,producto,last_ai_update,2026-04-20,"campo real (last_ai_update, sin usar hoy en sitemap.ts)",true,usar last_ai_update en sitemap.ts
/productos/set-de-mugs-metalicos-stylor-200-ml-13238/,producto,last_ai_update,2026-04-20,"campo real (last_ai_update, sin usar hoy en sitemap.ts)",true,usar last_ai_update en sitemap.ts
/productos/botilito-metalico-swivo-750ml-13239/,producto,last_ai_update,2026-07-10,"campo real (last_ai_update, sin usar hoy en sitemap.ts)",true,usar last_ai_update en sitemap.ts
/productos/mini-aspiradora-lautus-13515/,producto,last_ai_update,2026-04-20,"campo real (last_ai_update, sin usar hoy en sitemap.ts)",true,usar last_ai_update en sitemap.ts
/productos/mini-herramientero-clipin-13518/,producto,last_ai_update,2026-04-20,"campo real (last_ai_update, sin usar hoy en sitemap.ts)",true,usar last_ai_update en sitemap.ts
/productos/destapador-house-bamboo-13519/,producto,last_ai_update,2026-04-20,"campo real (last_ai_update, sin usar hoy en sitemap.ts)",true,usar last_ai_update en sitemap.ts
/productos/botilito-metalico-glider-520ml-13520/,producto,last_ai_update,2026-07-10,"campo real (last_ai_update, sin usar hoy en sitemap.ts)",true,usar last_ai_update en sitemap.ts
/productos/mug-metalico-lumora-300ml-13524/,producto,last_ai_update,2026-04-20,"campo real (last_ai_update, sin usar hoy en sitemap.ts)",true,usar last_ai_update en sitemap.ts
/productos/botilito-metalico-plugsy-750ml-13525/,producto,last_ai_update,2026-07-10,"campo real (last_ai_update, sin usar hoy en sitemap.ts)",true,usar last_ai_update en sitemap.ts
/productos/mug-plastico-atom-370-ml-produccion-nacional-13530/,producto,last_ai_update,2026-04-20,"campo real (last_ai_update, sin usar hoy en sitemap.ts)",true,usar last_ai_update en sitemap.ts
/productos/cable-multicargador-spectra-13390/,producto,last_ai_update,2026-04-20,"campo real (last_ai_update, sin usar hoy en sitemap.ts)",true,usar last_ai_update en sitemap.ts
/productos/mouse-inalambrico-zenith-eco-13391/,producto,last_ai_update,2026-04-20,"campo real (last_ai_update, sin usar hoy en sitemap.ts)",true,usar last_ai_update en sitemap.ts
/productos/soporte-para-movil-nyro-13392/,producto,last_ai_update,2026-04-20,"campo real (last_ai_update, sin usar hoy en sitemap.ts)",true,usar last_ai_update en sitemap.ts
/productos/soporte-para-movil-chair-13393/,producto,last_ai_update,2026-04-20,"campo real (last_ai_update, sin usar hoy en sitemap.ts)",true,usar last_ai_update en sitemap.ts
/productos/soporte-para-celular-magmount-eco-13397/,producto,last_ai_update,2026-04-20,"campo real (last_ai_update, sin usar hoy en sitemap.ts)",true,usar last_ai_update en sitemap.ts
/productos/cargador-inalambrico-con-tablero-13388/,producto,last_ai_update,2026-04-20,"campo real (last_ai_update, sin usar hoy en sitemap.ts)",true,usar last_ai_update en sitemap.ts
/productos/cable-multicargador-fast-65w-13364/,producto,last_ai_update,2026-04-20,"campo real (last_ai_update, sin usar hoy en sitemap.ts)",true,usar last_ai_update en sitemap.ts
/productos/cable-multicargador-eco-fast-65w-13365/,producto,last_ai_update,2026-04-20,"campo real (last_ai_update, sin usar hoy en sitemap.ts)",true,usar last_ai_update en sitemap.ts
/productos/mug-metalico-terra-720ml-13367/,producto,last_ai_update,2026-04-20,"campo real (last_ai_update, sin usar hoy en sitemap.ts)",true,usar last_ai_update en sitemap.ts
/productos/portacomidas-novus-13368/,producto,last_ai_update,2026-04-20,"campo real (last_ai_update, sin usar hoy en sitemap.ts)",true,usar last_ai_update en sitemap.ts
/productos/portacomidas-triton-13369/,producto,last_ai_update,2026-04-20,"campo real (last_ai_update, sin usar hoy en sitemap.ts)",true,usar last_ai_update en sitemap.ts
/productos/portacomidas-jolt-13370/,producto,last_ai_update,2026-04-20,"campo real (last_ai_update, sin usar hoy en sitemap.ts)",true,usar last_ai_update en sitemap.ts
/productos/mug-metalico-micron-800ml-13371/,producto,last_ai_update,2026-04-20,"campo real (last_ai_update, sin usar hoy en sitemap.ts)",true,usar last_ai_update en sitemap.ts
/productos/audifonos-bluetooth-con-traductor-13379/,producto,last_ai_update,2026-04-20,"campo real (last_ai_update, sin usar hoy en sitemap.ts)",true,usar last_ai_update en sitemap.ts
/productos/audifonos-bluetooth-kynor-13381/,producto,last_ai_update,2026-04-20,"campo real (last_ai_update, sin usar hoy en sitemap.ts)",true,usar last_ai_update en sitemap.ts
/productos/audifonos-bluetooth-screen-13382/,producto,last_ai_update,2026-04-20,"campo real (last_ai_update, sin usar hoy en sitemap.ts)",true,usar last_ai_update en sitemap.ts
/productos/audifonos-bluetooth-devola-13383/,producto,last_ai_update,2026-04-20,"campo real (last_ai_update, sin usar hoy en sitemap.ts)",true,usar last_ai_update en sitemap.ts
/productos/mini-proyector-lcd-13384/,producto,last_ai_update,2026-04-20,"campo real (last_ai_update, sin usar hoy en sitemap.ts)",true,usar last_ai_update en sitemap.ts
/productos/audifonos-bluetooth-soccer-ball-13385/,producto,last_ai_update,2026-04-20,"campo real (last_ai_update, sin usar hoy en sitemap.ts)",true,usar last_ai_update en sitemap.ts
/productos/cargador-inalambrico-bamboo-clock-13404/,producto,last_ai_update,2026-04-20,"campo real (last_ai_update, sin usar hoy en sitemap.ts)",true,usar last_ai_update en sitemap.ts
/productos/set-de-limpieza-nomi-13408/,producto,last_ai_update,2026-04-20,"campo real (last_ai_update, sin usar hoy en sitemap.ts)",true,usar last_ai_update en sitemap.ts
/productos/cable-tipo-c-1mt-13410/,producto,last_ai_update,2026-04-20,"campo real (last_ai_update, sin usar hoy en sitemap.ts)",true,usar last_ai_update en sitemap.ts
/productos/pila-recargable-powerbank-astro-2000mah-13411/,producto,last_ai_update,2026-04-20,"campo real (last_ai_update, sin usar hoy en sitemap.ts)",true,usar last_ai_update en sitemap.ts
/productos/puerto-usb-apex-13414/,producto,last_ai_update,2026-04-20,"campo real (last_ai_update, sin usar hoy en sitemap.ts)",true,usar last_ai_update en sitemap.ts
/productos/pila-recargable-nevol-2000mah-13421/,producto,last_ai_update,2026-04-20,"campo real (last_ai_update, sin usar hoy en sitemap.ts)",true,usar last_ai_update en sitemap.ts
/productos/pila-recargable-zyma10000mah-13422/,producto,last_ai_update,2026-04-20,"campo real (last_ai_update, sin usar hoy en sitemap.ts)",true,usar last_ai_update en sitemap.ts
/productos/bolsa-en-algodon-y-yute-13436/,producto,last_ai_update,2026-04-20,"campo real (last_ai_update, sin usar hoy en sitemap.ts)",true,usar last_ai_update en sitemap.ts
/productos/portacomidas-puzzle-13437/,producto,last_ai_update,2026-04-20,"campo real (last_ai_update, sin usar hoy en sitemap.ts)",true,usar last_ai_update en sitemap.ts
/productos/set-de-cocina-trattoria-13433/,producto,last_ai_update,2026-04-20,"campo real (last_ai_update, sin usar hoy en sitemap.ts)",true,usar last_ai_update en sitemap.ts
/productos/vaso-en-silicona-muggo-13434/,producto,last_ai_update,2026-07-10,"campo real (last_ai_update, sin usar hoy en sitemap.ts)",true,usar last_ai_update en sitemap.ts
/productos/cable-multicargador-gauss-eco-13444/,producto,last_ai_update,2026-04-20,"campo real (last_ai_update, sin usar hoy en sitemap.ts)",true,usar last_ai_update en sitemap.ts
/productos/mug-metalico-juggy-880ml-13450/,producto,last_ai_update,2026-04-20,"campo real (last_ai_update, sin usar hoy en sitemap.ts)",true,usar last_ai_update en sitemap.ts
/productos/botilito-metalico-warp-700ml-13451/,producto,last_ai_update,2026-07-10,"campo real (last_ai_update, sin usar hoy en sitemap.ts)",true,usar last_ai_update en sitemap.ts
/productos/masajeador-roller-2-1-13452/,producto,last_ai_update,2026-04-20,"campo real (last_ai_update, sin usar hoy en sitemap.ts)",true,usar last_ai_update en sitemap.ts
/productos/portacelular-elephant-13453/,producto,last_ai_update,2026-04-20,"campo real (last_ai_update, sin usar hoy en sitemap.ts)",true,usar last_ai_update en sitemap.ts
/productos/clip-magnetico-2-1-13455/,producto,last_ai_update,2026-04-20,"campo real (last_ai_update, sin usar hoy en sitemap.ts)",true,usar last_ai_update en sitemap.ts
/productos/martillo-reflex-13456/,producto,last_ai_update,2026-04-20,"campo real (last_ai_update, sin usar hoy en sitemap.ts)",true,usar last_ai_update en sitemap.ts
/productos/mug-metalico-noma-chili-900ml-13459/,producto,last_ai_update,2026-04-20,"campo real (last_ai_update, sin usar hoy en sitemap.ts)",true,usar last_ai_update en sitemap.ts
/productos/botilito-metalico-klak-chili-1l-13460/,producto,last_ai_update,2026-07-10,"campo real (last_ai_update, sin usar hoy en sitemap.ts)",true,usar last_ai_update en sitemap.ts
/productos/speaker-bluetooth-fyra-13466/,producto,last_ai_update,2026-04-20,"campo real (last_ai_update, sin usar hoy en sitemap.ts)",true,usar last_ai_update en sitemap.ts
/productos/botilito-metalico-kolvo-urban-travel-440ml-13467/,producto,last_ai_update,2026-07-10,"campo real (last_ai_update, sin usar hoy en sitemap.ts)",true,usar last_ai_update en sitemap.ts
/productos/mug-metalico-avenix380-ml-13468/,producto,last_ai_update,2026-04-20,"campo real (last_ai_update, sin usar hoy en sitemap.ts)",true,usar last_ai_update en sitemap.ts
/productos/speaker-bluetooth-bambino-3-1-13470/,producto,last_ai_update,2026-04-20,"campo real (last_ai_update, sin usar hoy en sitemap.ts)",true,usar last_ai_update en sitemap.ts
/productos/speaker-bluetooth-auralux-13471/,producto,last_ai_update,2026-04-20,"campo real (last_ai_update, sin usar hoy en sitemap.ts)",true,usar last_ai_update en sitemap.ts
/productos/botilito-hoola-rpet-750ml-13473/,producto,last_ai_update,2026-07-10,"campo real (last_ai_update, sin usar hoy en sitemap.ts)",true,usar last_ai_update en sitemap.ts
/productos/mug-plastico-quovo-500ml-13474/,producto,last_ai_update,2026-04-20,"campo real (last_ai_update, sin usar hoy en sitemap.ts)",true,usar last_ai_update en sitemap.ts
/productos/cargador-inalambrico-voss-13475/,producto,last_ai_update,2026-04-20,"campo real (last_ai_update, sin usar hoy en sitemap.ts)",true,usar last_ai_update en sitemap.ts
/productos/cable-multicargador-voss-13476/,producto,last_ai_update,2026-04-20,"campo real (last_ai_update, sin usar hoy en sitemap.ts)",true,usar last_ai_update en sitemap.ts
/productos/cargador-inalambrico-con-cables-4-1-13478/,producto,last_ai_update,2026-04-20,"campo real (last_ai_update, sin usar hoy en sitemap.ts)",true,usar last_ai_update en sitemap.ts
/productos/mug-metalico-camper-urban-travel-1100-ml-13479/,producto,last_ai_update,2026-04-20,"campo real (last_ai_update, sin usar hoy en sitemap.ts)",true,usar last_ai_update en sitemap.ts
/productos/botilito-metalico-gulpy-790-ml-13480/,producto,last_ai_update,2026-07-10,"campo real (last_ai_update, sin usar hoy en sitemap.ts)",true,usar last_ai_update en sitemap.ts
/productos/mug-en-ceramica-earth-450ml-13482/,producto,last_ai_update,2026-04-20,"campo real (last_ai_update, sin usar hoy en sitemap.ts)",true,usar last_ai_update en sitemap.ts
/productos/mug-en-ceramica-rubber-325ml-13483/,producto,last_ai_update,2026-04-20,"campo real (last_ai_update, sin usar hoy en sitemap.ts)",true,usar last_ai_update en sitemap.ts
/productos/botilito-dual-rpet-700-ml-13487/,producto,last_ai_update,2026-07-10,"campo real (last_ai_update, sin usar hoy en sitemap.ts)",true,usar last_ai_update en sitemap.ts
/productos/mug-kolly-500-ml-13488/,producto,last_ai_update,2026-04-20,"campo real (last_ai_update, sin usar hoy en sitemap.ts)",true,usar last_ai_update en sitemap.ts
/productos/mug-metalico-boof-600-ml-13489/,producto,last_ai_update,2026-04-20,"campo real (last_ai_update, sin usar hoy en sitemap.ts)",true,usar last_ai_update en sitemap.ts
/productos/mug-metalico-tasso-500ml-13463/,producto,last_ai_update,2026-04-20,"campo real (last_ai_update, sin usar hoy en sitemap.ts)",true,usar last_ai_update en sitemap.ts
/productos/mug-metalico-brumo-1200ml-13464/,producto,last_ai_update,2026-04-20,"campo real (last_ai_update, sin usar hoy en sitemap.ts)",true,usar last_ai_update en sitemap.ts
/productos/coge-ollas-con-silicona-13497/,producto,last_ai_update,2026-04-20,"campo real (last_ai_update, sin usar hoy en sitemap.ts)",true,usar last_ai_update en sitemap.ts
/productos/funda-para-mouse-13493/,producto,last_ai_update,2026-04-20,"campo real (last_ai_update, sin usar hoy en sitemap.ts)",true,usar last_ai_update en sitemap.ts
/productos/botilito-metalico-lumo-550ml-13511/,producto,last_ai_update,2026-07-10,"campo real (last_ai_update, sin usar hoy en sitemap.ts)",true,usar last_ai_update en sitemap.ts
/productos/costurero-valen-13340/,producto,last_ai_update,2026-04-20,"campo real (last_ai_update, sin usar hoy en sitemap.ts)",true,usar last_ai_update en sitemap.ts
/productos/set-de-mini-frascos-travel-13330/,producto,last_ai_update,2026-04-20,"campo real (last_ai_update, sin usar hoy en sitemap.ts)",true,usar last_ai_update en sitemap.ts
/productos/llavero-pop-it-bolt-13321/,producto,last_ai_update,2026-04-20,"campo real (last_ai_update, sin usar hoy en sitemap.ts)",true,usar last_ai_update en sitemap.ts
/productos/apoya-munecas-pop-it-13322/,producto,last_ai_update,2026-04-20,"campo real (last_ai_update, sin usar hoy en sitemap.ts)",true,usar last_ai_update en sitemap.ts
/productos/antiestres-pop-it-13318/,producto,last_ai_update,2026-04-20,"campo real (last_ai_update, sin usar hoy en sitemap.ts)",true,usar last_ai_update en sitemap.ts
/productos/paraguas-comforella-20-13283/,producto,last_ai_update,2026-04-20,"campo real (last_ai_update, sin usar hoy en sitemap.ts)",true,usar last_ai_update en sitemap.ts
/productos/paraguas-easyroll-23-13285/,producto,last_ai_update,2026-04-20,"campo real (last_ai_update, sin usar hoy en sitemap.ts)",true,usar last_ai_update en sitemap.ts
/productos/paraguas-voltus-27-urban-travel-13233/,producto,last_ai_update,2026-04-20,"campo real (last_ai_update, sin usar hoy en sitemap.ts)",true,usar last_ai_update en sitemap.ts
/productos/mini-paraguas-hook-21-urban-travel-13234/,producto,last_ai_update,2026-04-20,"campo real (last_ai_update, sin usar hoy en sitemap.ts)",true,usar last_ai_update en sitemap.ts
/productos/mini-paraguas-super-light-21-urban-travel-13235/,producto,last_ai_update,2026-04-20,"campo real (last_ai_update, sin usar hoy en sitemap.ts)",true,usar last_ai_update en sitemap.ts
/productos/manilla-pocket-13249/,producto,last_ai_update,2026-04-20,"campo real (last_ai_update, sin usar hoy en sitemap.ts)",true,usar last_ai_update en sitemap.ts
/productos/banda-head-13250/,producto,last_ai_update,2026-04-20,"campo real (last_ai_update, sin usar hoy en sitemap.ts)",true,usar last_ai_update en sitemap.ts
/productos/set-de-manicure-zeldra-13491/,producto,last_ai_update,2026-04-20,"campo real (last_ai_update, sin usar hoy en sitemap.ts)",true,usar last_ai_update en sitemap.ts
/productos/balaca-para-maquillaje-13484/,producto,last_ai_update,2026-04-20,"campo real (last_ai_update, sin usar hoy en sitemap.ts)",true,usar last_ai_update en sitemap.ts
/productos/toalla-cooltech-13481/,producto,last_ai_update,2026-04-20,"campo real (last_ai_update, sin usar hoy en sitemap.ts)",true,usar last_ai_update en sitemap.ts
/productos/tijeras-plasticas-13454/,producto,last_ai_update,2026-04-20,"campo real (last_ai_update, sin usar hoy en sitemap.ts)",true,usar last_ai_update en sitemap.ts
/productos/cepillo-en-silicona-eco-13430/,producto,last_ai_update,2026-04-20,"campo real (last_ai_update, sin usar hoy en sitemap.ts)",true,usar last_ai_update en sitemap.ts
/productos/set-de-maquillaje-tasking-13432/,producto,last_ai_update,2026-04-20,"campo real (last_ai_update, sin usar hoy en sitemap.ts)",true,usar last_ai_update en sitemap.ts
/productos/espejo-con-luz-garda-13413/,producto,last_ai_update,2026-04-20,"campo real (last_ai_update, sin usar hoy en sitemap.ts)",true,usar last_ai_update en sitemap.ts
/productos/espejo-shower-13419/,producto,last_ai_update,2026-04-20,"campo real (last_ai_update, sin usar hoy en sitemap.ts)",true,usar last_ai_update en sitemap.ts
/productos/espejo-flex-square-13420/,producto,last_ai_update,2026-04-20,"campo real (last_ai_update, sin usar hoy en sitemap.ts)",true,usar last_ai_update en sitemap.ts
/productos/set-de-brochas-mirror-light-13409/,producto,last_ai_update,2026-04-20,"campo real (last_ai_update, sin usar hoy en sitemap.ts)",true,usar last_ai_update en sitemap.ts
/productos/masajeador-brandon-13521/,producto,last_ai_update,2026-04-20,"campo real (last_ai_update, sin usar hoy en sitemap.ts)",true,usar last_ai_update en sitemap.ts
/productos/memo-pad-con-destapador-13337/,producto,last_ai_update,2026-04-20,"campo real (last_ai_update, sin usar hoy en sitemap.ts)",true,usar last_ai_update en sitemap.ts
/productos/set-de-viaje-icarus-13348/,producto,last_ai_update,2026-04-20,"campo real (last_ai_update, sin usar hoy en sitemap.ts)",true,usar last_ai_update en sitemap.ts
/productos/cepillo-para-mascota-13427/,producto,last_ai_update,2026-04-20,"campo real (last_ai_update, sin usar hoy en sitemap.ts)",true,usar last_ai_update en sitemap.ts
/productos/identificador-de-maletas-en-pvc-13490/,producto,last_ai_update,2026-04-20,"campo real (last_ai_update, sin usar hoy en sitemap.ts)",true,usar last_ai_update en sitemap.ts
/productos/set-travel-lock-13274/,producto,last_ai_update,2026-04-20,"campo real (last_ai_update, sin usar hoy en sitemap.ts)",true,usar last_ai_update en sitemap.ts
/productos/pito-5-1-nuevo-13304/,producto,last_ai_update,2026-04-20,"campo real (last_ai_update, sin usar hoy en sitemap.ts)",true,usar last_ai_update en sitemap.ts
/productos/set-midas-13336/,producto,last_ai_update,2026-04-20,"campo real (last_ai_update, sin usar hoy en sitemap.ts)",true,usar last_ai_update en sitemap.ts
/productos/morral-backpack-circuit-urban-travel-13341/,producto,last_ai_update,2026-04-20,"campo real (last_ai_update, sin usar hoy en sitemap.ts)",true,usar last_ai_update en sitemap.ts
/productos/morral-backpack-quasar-urban-travel-13342/,producto,last_ai_update,2026-04-20,"campo real (last_ai_update, sin usar hoy en sitemap.ts)",true,usar last_ai_update en sitemap.ts
/productos/libreta-klivor-13305/,producto,last_ai_update,2026-04-20,"campo real (last_ai_update, sin usar hoy en sitemap.ts)",true,usar last_ai_update en sitemap.ts
/productos/ventilador-veltra-13301/,producto,last_ai_update,2026-04-20,"campo real (last_ai_update, sin usar hoy en sitemap.ts)",true,usar last_ai_update en sitemap.ts
/productos/ventilador-skylon-13302/,producto,last_ai_update,2026-04-20,"campo real (last_ai_update, sin usar hoy en sitemap.ts)",true,usar last_ai_update en sitemap.ts
/productos/morral-backpack-kazomi-13311/,producto,last_ai_update,2026-04-20,"campo real (last_ai_update, sin usar hoy en sitemap.ts)",true,usar last_ai_update en sitemap.ts
/productos/libreta-inker-rpet-13241/,producto,last_ai_update,2026-04-20,"campo real (last_ai_update, sin usar hoy en sitemap.ts)",true,usar last_ai_update en sitemap.ts
/productos/set-ecologico-demin-13278/,producto,last_ai_update,2026-04-20,"campo real (last_ai_update, sin usar hoy en sitemap.ts)",true,usar last_ai_update en sitemap.ts
/productos/set-ecologico-element-13279/,producto,last_ai_update,2026-04-20,"campo real (last_ai_update, sin usar hoy en sitemap.ts)",true,usar last_ai_update en sitemap.ts
/productos/sticky-set-home-13281/,producto,last_ai_update,2026-04-20,"campo real (last_ai_update, sin usar hoy en sitemap.ts)",true,usar last_ai_update en sitemap.ts
/productos/sticky-set-con-regla-13282/,producto,last_ai_update,2026-04-20,"campo real (last_ai_update, sin usar hoy en sitemap.ts)",true,usar last_ai_update en sitemap.ts
/productos/calculadora-con-tablero-13275/,producto,last_ai_update,2026-04-20,"campo real (last_ai_update, sin usar hoy en sitemap.ts)",true,usar last_ai_update en sitemap.ts
/productos/morral-backpack-omni-13268/,producto,last_ai_update,2026-04-20,"campo real (last_ai_update, sin usar hoy en sitemap.ts)",true,usar last_ai_update en sitemap.ts
/productos/sticky-set-thunder-13265/,producto,last_ai_update,2026-04-20,"campo real (last_ai_update, sin usar hoy en sitemap.ts)",true,usar last_ai_update en sitemap.ts
/productos/silla-compact-flex-13251/,producto,last_ai_update,2026-04-20,"campo real (last_ai_update, sin usar hoy en sitemap.ts)",true,usar last_ai_update en sitemap.ts
/productos/tabla-clip-bamboo-13499/,producto,last_ai_update,2026-04-20,"campo real (last_ai_update, sin usar hoy en sitemap.ts)",true,usar last_ai_update en sitemap.ts
/productos/tabla-anotadora-box-nuevo-13486/,producto,last_ai_update,2026-04-20,"campo real (last_ai_update, sin usar hoy en sitemap.ts)",true,usar last_ai_update en sitemap.ts
/productos/memo-pad-milk-13504/,producto,last_ai_update,2026-04-20,"campo real (last_ai_update, sin usar hoy en sitemap.ts)",true,usar last_ai_update en sitemap.ts
/productos/sticky-set-milk-13505/,producto,last_ai_update,2026-04-20,"campo real (last_ai_update, sin usar hoy en sitemap.ts)",true,usar last_ai_update en sitemap.ts
/productos/sticky-set-oval-milk-13506/,producto,last_ai_update,2026-04-20,"campo real (last_ai_update, sin usar hoy en sitemap.ts)",true,usar last_ai_update en sitemap.ts
/productos/cordon-para-portacelular-bamboo-eco-13507/,producto,last_ai_update,2026-04-20,"campo real (last_ai_update, sin usar hoy en sitemap.ts)",true,usar last_ai_update en sitemap.ts
/productos/camion-antiestres-13492/,producto,last_ai_update,2026-04-20,"campo real (last_ai_update, sin usar hoy en sitemap.ts)",true,usar last_ai_update en sitemap.ts
/productos/portaboligrafos-en-bamboo-360-13442/,producto,last_ai_update,2026-04-20,"campo real (last_ai_update, sin usar hoy en sitemap.ts)",true,usar last_ai_update en sitemap.ts
/productos/calendario-perpetuo-pad-bamboo-13443/,producto,last_ai_update,2026-04-20,"campo real (last_ai_update, sin usar hoy en sitemap.ts)",true,usar last_ai_update en sitemap.ts
/productos/sticky-set-micron-13445/,producto,last_ai_update,2026-04-20,"campo real (last_ai_update, sin usar hoy en sitemap.ts)",true,usar last_ai_update en sitemap.ts
/productos/mini-set-goblet-eco-13446/,producto,last_ai_update,2026-04-20,"campo real (last_ai_update, sin usar hoy en sitemap.ts)",true,usar last_ai_update en sitemap.ts
/productos/morral-backpack-luno-master-ocean-13457/,producto,last_ai_update,2026-04-20,"campo real (last_ai_update, sin usar hoy en sitemap.ts)",true,usar last_ai_update en sitemap.ts
/productos/libreta-astralis-cork-13469/,producto,last_ai_update,2026-04-20,"campo real (last_ai_update, sin usar hoy en sitemap.ts)",true,usar last_ai_update en sitemap.ts
/productos/joyero-krono-13431/,producto,last_ai_update,2026-04-20,"campo real (last_ai_update, sin usar hoy en sitemap.ts)",true,usar last_ai_update en sitemap.ts
/productos/set-jorka-urban-business-13425/,producto,last_ai_update,2026-04-20,"campo real (last_ai_update, sin usar hoy en sitemap.ts)",true,usar last_ai_update en sitemap.ts
/productos/set-bantik-urban-business-13426/,producto,last_ai_update,2026-04-20,"campo real (last_ai_update, sin usar hoy en sitemap.ts)",true,usar last_ai_update en sitemap.ts
/productos/organizador-de-escritorio-bamboo-13415/,producto,last_ai_update,2026-04-20,"campo real (last_ai_update, sin usar hoy en sitemap.ts)",true,usar last_ai_update en sitemap.ts
/productos/repelente-de-insectos-13412/,producto,last_ai_update,2026-04-20,"campo real (last_ai_update, sin usar hoy en sitemap.ts)",true,usar last_ai_update en sitemap.ts
/productos/morral-backpack-swiss-peak-buzz-13398/,producto,last_ai_update,2026-04-20,"campo real (last_ai_update, sin usar hoy en sitemap.ts)",true,usar last_ai_update en sitemap.ts
/productos/morral-backpack-krum-13399/,producto,last_ai_update,2026-04-20,"campo real (last_ai_update, sin usar hoy en sitemap.ts)",true,usar last_ai_update en sitemap.ts
/productos/cobija-manta-de-viaje-travel-produccion-nacional-13528/,producto,last_ai_update,2026-04-20,"campo real (last_ai_update, sin usar hoy en sitemap.ts)",true,usar last_ai_update en sitemap.ts
/productos/organizador-de-escritorio-crunch-produccion-nacional-13529/,producto,last_ai_update,2026-04-20,"campo real (last_ai_update, sin usar hoy en sitemap.ts)",true,usar last_ai_update en sitemap.ts
/productos/bolsa-en-yute-mirka-13526/,producto,last_ai_update,2026-04-20,"campo real (last_ai_update, sin usar hoy en sitemap.ts)",true,usar last_ai_update en sitemap.ts
/productos/nevera-cooler-glidex-13361/,producto,last_ai_update,2026-04-20,"campo real (last_ai_update, sin usar hoy en sitemap.ts)",true,usar last_ai_update en sitemap.ts
/productos/morral-backpack-metrix-13375/,producto,last_ai_update,2026-04-20,"campo real (last_ai_update, sin usar hoy en sitemap.ts)",true,usar last_ai_update en sitemap.ts
/productos/nevera-cooler-kael-13376/,producto,last_ai_update,2026-04-20,"campo real (last_ai_update, sin usar hoy en sitemap.ts)",true,usar last_ai_update en sitemap.ts
/productos/bolsa-organizador-glinter-13428/,producto,last_ai_update,2026-04-20,"campo real (last_ai_update, sin usar hoy en sitemap.ts)",true,usar last_ai_update en sitemap.ts
/productos/morral-backpack-templi-13424/,producto,last_ai_update,2026-04-20,"campo real (last_ai_update, sin usar hoy en sitemap.ts)",true,usar last_ai_update en sitemap.ts
/productos/organizador-womp-master-ocean-13458/,producto,last_ai_update,2026-04-20,"campo real (last_ai_update, sin usar hoy en sitemap.ts)",true,usar last_ai_update en sitemap.ts
/productos/estuche-sencillo-magnetic-13447/,producto,last_ai_update,2026-04-20,"campo real (last_ai_update, sin usar hoy en sitemap.ts)",true,usar last_ai_update en sitemap.ts
/productos/estuche-doble-magnetic-13448/,producto,last_ai_update,2026-04-20,"campo real (last_ai_update, sin usar hoy en sitemap.ts)",true,usar last_ai_update en sitemap.ts
/productos/maletin-en-cambrel-13509/,producto,last_ai_update,2026-04-20,"campo real (last_ai_update, sin usar hoy en sitemap.ts)",true,usar last_ai_update en sitemap.ts
/productos/bolsa-ember-13503/,producto,last_ai_update,2026-04-20,"campo real (last_ai_update, sin usar hoy en sitemap.ts)",true,usar last_ai_update en sitemap.ts
/productos/organizador-dalia-13252/,producto,last_ai_update,2026-04-20,"campo real (last_ai_update, sin usar hoy en sitemap.ts)",true,usar last_ai_update en sitemap.ts
/productos/morral-backpack-galko-13254/,producto,last_ai_update,2026-04-20,"campo real (last_ai_update, sin usar hoy en sitemap.ts)",true,usar last_ai_update en sitemap.ts
/productos/bolsa-en-cambrel-clento-13255/,producto,last_ai_update,2026-04-20,"campo real (last_ai_update, sin usar hoy en sitemap.ts)",true,usar last_ai_update en sitemap.ts
/productos/bolsa-en-cambrel-vest-13256/,producto,last_ai_update,2026-04-20,"campo real (last_ai_update, sin usar hoy en sitemap.ts)",true,usar last_ai_update en sitemap.ts
/productos/set-de-resaltadores-heart-13260/,producto,last_ai_update,2026-04-20,"campo real (last_ai_update, sin usar hoy en sitemap.ts)",true,usar last_ai_update en sitemap.ts
/productos/set-de-resaltadores-square-13261/,producto,last_ai_update,2026-04-20,"campo real (last_ai_update, sin usar hoy en sitemap.ts)",true,usar last_ai_update en sitemap.ts
/productos/morral-backpack-zylos-13266/,producto,last_ai_update,2026-04-20,"campo real (last_ai_update, sin usar hoy en sitemap.ts)",true,usar last_ai_update en sitemap.ts
/productos/nevera-cooler-cassian-13267/,producto,last_ai_update,2026-04-20,"campo real (last_ai_update, sin usar hoy en sitemap.ts)",true,usar last_ai_update en sitemap.ts
/productos/nevera-cooler-dapper-13269/,producto,last_ai_update,2026-04-20,"campo real (last_ai_update, sin usar hoy en sitemap.ts)",true,usar last_ai_update en sitemap.ts
/productos/nevera-cooler-champ-13229/,producto,last_ai_update,2026-04-20,"campo real (last_ai_update, sin usar hoy en sitemap.ts)",true,usar last_ai_update en sitemap.ts
/productos/portadocumentos-de-viaje-y-de-cables-lumen-13230/,producto,last_ai_update,2026-04-20,"campo real (last_ai_update, sin usar hoy en sitemap.ts)",true,usar last_ai_update en sitemap.ts
/productos/cosmetiquera-kovina-13231/,producto,last_ai_update,2026-04-20,"campo real (last_ai_update, sin usar hoy en sitemap.ts)",true,usar last_ai_update en sitemap.ts
/productos/organizador-liloz-13240/,producto,last_ai_update,2026-04-20,"campo real (last_ai_update, sin usar hoy en sitemap.ts)",true,usar last_ai_update en sitemap.ts
/productos/set-de-resaltadores-luban-13221/,producto,last_ai_update,2026-04-20,"campo real (last_ai_update, sin usar hoy en sitemap.ts)",true,usar last_ai_update en sitemap.ts
/productos/morral-backpack-radeon-13209/,producto,last_ai_update,2026-04-20,"campo real (last_ai_update, sin usar hoy en sitemap.ts)",true,usar last_ai_update en sitemap.ts
/productos/nevera-cooler-fluent-13289/,producto,last_ai_update,2026-04-20,"campo real (last_ai_update, sin usar hoy en sitemap.ts)",true,usar last_ai_update en sitemap.ts
/productos/nevera-cooler-midas-13290/,producto,last_ai_update,2026-04-20,"campo real (last_ai_update, sin usar hoy en sitemap.ts)",true,usar last_ai_update en sitemap.ts
/productos/organizador-kappa-urban-travel-13343/,producto,last_ai_update,2026-04-20,"campo real (last_ai_update, sin usar hoy en sitemap.ts)",true,usar last_ai_update en sitemap.ts
/productos/boligrafo-dash-solido-13344/,producto,last_ai_update,2026-04-20,"campo real (last_ai_update, sin usar hoy en sitemap.ts)",true,usar last_ai_update en sitemap.ts
/productos/boligrafo-dash-frost-13345/,producto,last_ai_update,2026-04-20,"campo real (last_ai_update, sin usar hoy en sitemap.ts)",true,usar last_ai_update en sitemap.ts
/productos/boligrafo-summit-metal-13346/,producto,last_ai_update,2026-04-20,"campo real (last_ai_update, sin usar hoy en sitemap.ts)",true,usar last_ai_update en sitemap.ts
/productos/boligrafo-swift-eco-13347/,producto,last_ai_update,2026-04-20,"campo real (last_ai_update, sin usar hoy en sitemap.ts)",true,usar last_ai_update en sitemap.ts
/productos/boligrafo-allegro-13355/,producto,last_ai_update,2026-04-20,"campo real (last_ai_update, sin usar hoy en sitemap.ts)",true,usar last_ai_update en sitemap.ts
/productos/boligrafo-clasp-borrable-13356/,producto,last_ai_update,2026-04-20,"campo real (last_ai_update, sin usar hoy en sitemap.ts)",true,usar last_ai_update en sitemap.ts
/productos/set-de-boligrafos-emblem-13357/,producto,last_ai_update,2026-04-20,"campo real (last_ai_update, sin usar hoy en sitemap.ts)",true,usar last_ai_update en sitemap.ts
/productos/boligrafo-helix-bamboo-13358/,producto,last_ai_update,2026-04-20,"campo real (last_ai_update, sin usar hoy en sitemap.ts)",true,usar last_ai_update en sitemap.ts
/productos/boligrafo-nest-13359/,producto,last_ai_update,2026-04-20,"campo real (last_ai_update, sin usar hoy en sitemap.ts)",true,usar last_ai_update en sitemap.ts
/productos/boligrafo-nest-eco-13360/,producto,last_ai_update,2026-04-20,"campo real (last_ai_update, sin usar hoy en sitemap.ts)",true,usar last_ai_update en sitemap.ts
/productos/roller-nimbus-13309/,producto,last_ai_update,2026-04-20,"campo real (last_ai_update, sin usar hoy en sitemap.ts)",true,usar last_ai_update en sitemap.ts
/productos/boligrafo-lynx-solido-13312/,producto,last_ai_update,2026-04-20,"campo real (last_ai_update, sin usar hoy en sitemap.ts)",true,usar last_ai_update en sitemap.ts
/productos/boligrafo-lynx-frost-13307/,producto,last_ai_update,2026-04-20,"campo real (last_ai_update, sin usar hoy en sitemap.ts)",true,usar last_ai_update en sitemap.ts
/productos/boligrafo-rompecabezas-13295/,producto,last_ai_update,2026-04-20,"campo real (last_ai_update, sin usar hoy en sitemap.ts)",true,usar last_ai_update en sitemap.ts
/productos/boligrafo-grasp-13286/,producto,last_ai_update,2026-04-20,"campo real (last_ai_update, sin usar hoy en sitemap.ts)",true,usar last_ai_update en sitemap.ts
/productos/boligrafo-x-tool-6-en-1-13288/,producto,last_ai_update,2026-04-20,"campo real (last_ai_update, sin usar hoy en sitemap.ts)",true,usar last_ai_update en sitemap.ts
/productos/boligrafo-vinnie-pastel-13214/,producto,last_ai_update,2026-04-20,"campo real (last_ai_update, sin usar hoy en sitemap.ts)",true,usar last_ai_update en sitemap.ts
/productos/boligrafo-summit-metal-cork-13215/,producto,last_ai_update,2026-04-20,"campo real (last_ai_update, sin usar hoy en sitemap.ts)",true,usar last_ai_update en sitemap.ts
/productos/boligrafo-glimmer-13216/,producto,last_ai_update,2026-04-20,"campo real (last_ai_update, sin usar hoy en sitemap.ts)",true,usar last_ai_update en sitemap.ts
/productos/boligrafo-mystic-13220/,producto,last_ai_update,2026-04-20,"campo real (last_ai_update, sin usar hoy en sitemap.ts)",true,usar last_ai_update en sitemap.ts
/productos/set-jolt-13271/,producto,last_ai_update,2026-04-20,"campo real (last_ai_update, sin usar hoy en sitemap.ts)",true,usar last_ai_update en sitemap.ts
/productos/boligrafo-shimmer-13263/,producto,last_ai_update,2026-04-20,"campo real (last_ai_update, sin usar hoy en sitemap.ts)",true,usar last_ai_update en sitemap.ts
/productos/roller-shimmer-13264/,producto,last_ai_update,2026-04-20,"campo real (last_ai_update, sin usar hoy en sitemap.ts)",true,usar last_ai_update en sitemap.ts
/productos/set-de-boligrafos-vector-13465/,producto,last_ai_update,2026-04-20,"campo real (last_ai_update, sin usar hoy en sitemap.ts)",true,usar last_ai_update en sitemap.ts
/productos/estuche-black-carton-13449/,producto,last_ai_update,2026-04-20,"campo real (last_ai_update, sin usar hoy en sitemap.ts)",true,usar last_ai_update en sitemap.ts
/productos/vector-roller-13461/,producto,last_ai_update,2026-04-20,"campo real (last_ai_update, sin usar hoy en sitemap.ts)",true,usar last_ai_update en sitemap.ts
/productos/boligrafo-cork-stand-13462/,producto,last_ai_update,2026-04-20,"campo real (last_ai_update, sin usar hoy en sitemap.ts)",true,usar last_ai_update en sitemap.ts
/productos/boligrafo-blink-13438/,producto,last_ai_update,2026-04-20,"campo real (last_ai_update, sin usar hoy en sitemap.ts)",true,usar last_ai_update en sitemap.ts
/productos/boligrafo-delphi-13439/,producto,last_ai_update,2026-04-20,"campo real (last_ai_update, sin usar hoy en sitemap.ts)",true,usar last_ai_update en sitemap.ts
/productos/boligrafo-roller-delphi-13440/,producto,last_ai_update,2026-04-20,"campo real (last_ai_update, sin usar hoy en sitemap.ts)",true,usar last_ai_update en sitemap.ts
/productos/boligrafo-vinnie-grip-13441/,producto,last_ai_update,2026-04-20,"campo real (last_ai_update, sin usar hoy en sitemap.ts)",true,usar last_ai_update en sitemap.ts
/productos/set-de-boligrafo-y-portaminas-stanley-13416/,producto,last_ai_update,2026-04-20,"campo real (last_ai_update, sin usar hoy en sitemap.ts)",true,usar last_ai_update en sitemap.ts
/productos/boligrafo-artisan-13417/,producto,last_ai_update,2026-04-20,"campo real (last_ai_update, sin usar hoy en sitemap.ts)",true,usar last_ai_update en sitemap.ts
/productos/boligrafo-avert-13418/,producto,last_ai_update,2026-04-20,"campo real (last_ai_update, sin usar hoy en sitemap.ts)",true,usar last_ai_update en sitemap.ts
/productos/set-de-boligrafos-baltimore-vinga-eco-13400/,producto,last_ai_update,2026-04-20,"campo real (last_ai_update, sin usar hoy en sitemap.ts)",true,usar last_ai_update en sitemap.ts
/productos/organizador-multiusos-monet-produccion-nacional-13403/,producto,last_ai_update,2026-04-20,"campo real (last_ai_update, sin usar hoy en sitemap.ts)",true,usar last_ai_update en sitemap.ts
/productos/mug-shaker-nyro-600ml-13248/,producto,last_ai_update,2026-04-20,"campo real (last_ai_update, sin usar hoy en sitemap.ts)",true,usar last_ai_update en sitemap.ts
/productos/boligrafo-abanico-13293/,producto,last_ai_update,2026-04-20,"campo real (last_ai_update, sin usar hoy en sitemap.ts)",true,usar last_ai_update en sitemap.ts
/productos/rastreador-airtag-seek-13203/,producto,last_ai_update,2026-04-20,"campo real (last_ai_update, sin usar hoy en sitemap.ts)",true,usar last_ai_update en sitemap.ts
/productos/rastreador-airtag-vibe-13204/,producto,last_ai_update,2026-04-20,"campo real (last_ai_update, sin usar hoy en sitemap.ts)",true,usar last_ai_update en sitemap.ts
/productos/boligrafo-vinnie-13386/,producto,last_ai_update,2026-04-20,"campo real (last_ai_update, sin usar hoy en sitemap.ts)",true,usar last_ai_update en sitemap.ts
/productos/alcancia-piggy-max-13495/,producto,last_ai_update,2026-04-20,"campo real (last_ai_update, sin usar hoy en sitemap.ts)",true,usar last_ai_update en sitemap.ts
/productos/boligrafo-mini-dwell-13512/,producto,last_ai_update,2026-04-20,"campo real (last_ai_update, sin usar hoy en sitemap.ts)",true,usar last_ai_update en sitemap.ts
/productos/cobija-pillow-13501/,producto,last_ai_update,2026-04-20,"campo real (last_ai_update, sin usar hoy en sitemap.ts)",true,usar last_ai_update en sitemap.ts
/productos/sporty-bag-garda-rpet-13502/,producto,last_ai_update,2026-04-20,"campo real (last_ai_update, sin usar hoy en sitemap.ts)",true,usar last_ai_update en sitemap.ts
/productos/bolsa-en-algodon-solara-240gr-13207/,producto,last_ai_update,2026-04-20,"campo real (last_ai_update, sin usar hoy en sitemap.ts)",true,usar last_ai_update en sitemap.ts
/productos/sporty-bag-en-algodon-zetta-100gr-13208/,producto,last_ai_update,2026-04-20,"campo real (last_ai_update, sin usar hoy en sitemap.ts)",true,usar last_ai_update en sitemap.ts
/productos/botilito-oasis-800ml-prod-nacional-13194/,producto,last_ai_update,2026-07-10,"campo real (last_ai_update, sin usar hoy en sitemap.ts)",true,usar last_ai_update en sitemap.ts
/productos/boligrafo-ecopetite-13196/,producto,last_ai_update,2026-04-20,"campo real (last_ai_update, sin usar hoy en sitemap.ts)",true,usar last_ai_update en sitemap.ts
/productos/mug-metalico-star-350ml-13197/,producto,last_ai_update,2026-04-20,"campo real (last_ai_update, sin usar hoy en sitemap.ts)",true,usar last_ai_update en sitemap.ts
/productos/bolsa-en-cambrel-baxter-para-sublimacion-80gr-13198/,producto,last_ai_update,2026-04-20,"campo real (last_ai_update, sin usar hoy en sitemap.ts)",true,usar last_ai_update en sitemap.ts
/productos/sporty-bag-en-cambrel-ewok-sublimacion-80gr-13199/,producto,last_ai_update,2026-04-20,"campo real (last_ai_update, sin usar hoy en sitemap.ts)",true,usar last_ai_update en sitemap.ts
/productos/portarretrato-digital-frame-13206/,producto,last_ai_update,2026-04-20,"campo real (last_ai_update, sin usar hoy en sitemap.ts)",true,usar last_ai_update en sitemap.ts
/productos/mug-plastico-willow-350ml-13195/,producto,last_ai_update,2026-04-20,"campo real (last_ai_update, sin usar hoy en sitemap.ts)",true,usar last_ai_update en sitemap.ts
/productos/boligrafo-crystal-2-1-13173/,producto,last_ai_update,2026-04-20,"campo real (last_ai_update, sin usar hoy en sitemap.ts)",true,usar last_ai_update en sitemap.ts
/productos/boligrafo-big-bang-13175/,producto,last_ai_update,2026-04-20,"campo real (last_ai_update, sin usar hoy en sitemap.ts)",true,usar last_ai_update en sitemap.ts
/productos/boligrafo-multi-metal-4-1-13176/,producto,last_ai_update,2026-04-20,"campo real (last_ai_update, sin usar hoy en sitemap.ts)",true,usar last_ai_update en sitemap.ts
/productos/cordon-portacelular-con-cables-chili-13177/,producto,last_ai_update,2026-04-20,"campo real (last_ai_update, sin usar hoy en sitemap.ts)",true,usar last_ai_update en sitemap.ts
/productos/set-de-botilitos-trio-13180/,producto,last_ai_update,2026-07-10,"campo real (last_ai_update, sin usar hoy en sitemap.ts)",true,usar last_ai_update en sitemap.ts
/productos/cafetera-en-vidrio-y-bambu-600ml-13181/,producto,last_ai_update,2026-04-20,"campo real (last_ai_update, sin usar hoy en sitemap.ts)",true,usar last_ai_update en sitemap.ts
/productos/set-de-botellas-de-viaje-13184/,producto,last_ai_update,2026-04-20,"campo real (last_ai_update, sin usar hoy en sitemap.ts)",true,usar last_ai_update en sitemap.ts
/productos/set-de-bano-vanity-13186/,producto,last_ai_update,2026-04-20,"campo real (last_ai_update, sin usar hoy en sitemap.ts)",true,usar last_ai_update en sitemap.ts
/productos/mug-sparkle-296ml-13188/,producto,last_ai_update,2026-04-20,"campo real (last_ai_update, sin usar hoy en sitemap.ts)",true,usar last_ai_update en sitemap.ts
/productos/bolsa-en-cambrel-nevada-7767/,producto,last_ai_update,2026-04-20,"campo real (last_ai_update, sin usar hoy en sitemap.ts)",true,usar last_ai_update en sitemap.ts
/productos/bolsa-en-cambrel-winter-8191/,producto,last_ai_update,2026-04-20,"campo real (last_ai_update, sin usar hoy en sitemap.ts)",true,usar last_ai_update en sitemap.ts
/productos/bolsa-en-cambrel-petit-8206/,producto,last_ai_update,2026-04-20,"campo real (last_ai_update, sin usar hoy en sitemap.ts)",true,usar last_ai_update en sitemap.ts
/productos/sticky-set-milla-9229/,producto,last_ai_update,2026-04-20,"campo real (last_ai_update, sin usar hoy en sitemap.ts)",true,usar last_ai_update en sitemap.ts
/productos/sticky-set-kerry-9230/,producto,last_ai_update,2026-04-20,"campo real (last_ai_update, sin usar hoy en sitemap.ts)",true,usar last_ai_update en sitemap.ts
/productos/memo-sticky-set-clapton-9095/,producto,last_ai_update,2026-04-20,"campo real (last_ai_update, sin usar hoy en sitemap.ts)",true,usar last_ai_update en sitemap.ts
/productos/boligrafo-bamboo-9317/,producto,last_ai_update,2026-04-20,"campo real (last_ai_update, sin usar hoy en sitemap.ts)",true,usar last_ai_update en sitemap.ts
/productos/libreta-con-boligrafo-button-reciclable-7207/,producto,last_ai_update,2026-04-20,"campo real (last_ai_update, sin usar hoy en sitemap.ts)",true,usar last_ai_update en sitemap.ts
/productos/libreta-futbol-produccion-nacional-5633/,producto,last_ai_update,2026-04-20,"campo real (last_ai_update, sin usar hoy en sitemap.ts)",true,usar last_ai_update en sitemap.ts
/productos/boligrafo-bamboo-clip-eco-9675/,producto,last_ai_update,2026-04-20,"campo real (last_ai_update, sin usar hoy en sitemap.ts)",true,usar last_ai_update en sitemap.ts
/productos/boligrafo-geometric-eco-9676/,producto,last_ai_update,2026-04-20,"campo real (last_ai_update, sin usar hoy en sitemap.ts)",true,usar last_ai_update en sitemap.ts
/productos/botilito-metalico-troy-700ml-oferta-9773/,producto,last_ai_update,2026-07-10,"campo real (last_ai_update, sin usar hoy en sitemap.ts)",true,usar last_ai_update en sitemap.ts
/productos/mug-metalico-bamboo-eco-350ml-9779/,producto,last_ai_update,2026-04-20,"campo real (last_ai_update, sin usar hoy en sitemap.ts)",true,usar last_ai_update en sitemap.ts
/productos/set-de-escritorio-sticky-calendar-9785/,producto,last_ai_update,2026-04-20,"campo real (last_ai_update, sin usar hoy en sitemap.ts)",true,usar last_ai_update en sitemap.ts
/productos/boligrafo-forest-bamboo-9837/,producto,last_ai_update,2026-04-20,"campo real (last_ai_update, sin usar hoy en sitemap.ts)",true,usar last_ai_update en sitemap.ts
/productos/boligrafo-lolly-bamboo-eco-9913/,producto,last_ai_update,2026-04-20,"campo real (last_ai_update, sin usar hoy en sitemap.ts)",true,usar last_ai_update en sitemap.ts
/productos/boligrafo-cartoon-mini-10015/,producto,last_ai_update,2026-04-20,"campo real (last_ai_update, sin usar hoy en sitemap.ts)",true,usar last_ai_update en sitemap.ts
/productos/boligrafo-vardis-bamboo-10044/,producto,last_ai_update,2026-04-20,"campo real (last_ai_update, sin usar hoy en sitemap.ts)",true,usar last_ai_update en sitemap.ts
/productos/set-mirror-eco-10047/,producto,last_ai_update,2026-04-20,"campo real (last_ai_update, sin usar hoy en sitemap.ts)",true,usar last_ai_update en sitemap.ts
/productos/carpeta-folder-con-cargador-inalambrico-cork-10114/,producto,last_ai_update,2026-04-20,"campo real (last_ai_update, sin usar hoy en sitemap.ts)",true,usar last_ai_update en sitemap.ts
/productos/set-de-herramientas-maxton-10053/,producto,last_ai_update,2026-04-20,"campo real (last_ai_update, sin usar hoy en sitemap.ts)",true,usar last_ai_update en sitemap.ts
/productos/metro-bamboo-10007/,producto,last_ai_update,2026-04-20,"campo real (last_ai_update, sin usar hoy en sitemap.ts)",true,usar last_ai_update en sitemap.ts
/productos/set-de-cubiertos-natura-eco-10066/,producto,last_ai_update,2026-04-20,"campo real (last_ai_update, sin usar hoy en sitemap.ts)",true,usar last_ai_update en sitemap.ts
/productos/bolsa-metalizada-mate-10236/,producto,last_ai_update,2026-04-20,"campo real (last_ai_update, sin usar hoy en sitemap.ts)",true,usar last_ai_update en sitemap.ts
/productos/pitillo-reutilizable-metalico-9160/,producto,last_ai_update,2026-04-20,"campo real (last_ai_update, sin usar hoy en sitemap.ts)",true,usar last_ai_update en sitemap.ts
/productos/espejo-bamboo-9737/,producto,last_ai_update,2026-04-20,"campo real (last_ai_update, sin usar hoy en sitemap.ts)",true,usar last_ai_update en sitemap.ts
/productos/set-manicure-cork-10048/,producto,last_ai_update,2026-04-20,"campo real (last_ai_update, sin usar hoy en sitemap.ts)",true,usar last_ai_update en sitemap.ts
/productos/set-de-cubiertos-bamboo-9384/,producto,last_ai_update,2026-04-20,"campo real (last_ai_update, sin usar hoy en sitemap.ts)",true,usar last_ai_update en sitemap.ts
/productos/carpeta-de-carton-reciclable-ii-9908/,producto,last_ai_update,2026-04-20,"campo real (last_ai_update, sin usar hoy en sitemap.ts)",true,usar last_ai_update en sitemap.ts
/productos/libreta-con-boligrafo-bamboo-9683/,producto,last_ai_update,2026-04-20,"campo real (last_ai_update, sin usar hoy en sitemap.ts)",true,usar last_ai_update en sitemap.ts
/productos/sticky-set-bamboo-eco-9949/,producto,last_ai_update,2026-04-20,"campo real (last_ai_update, sin usar hoy en sitemap.ts)",true,usar last_ai_update en sitemap.ts
/productos/libreta-vincent-10095/,producto,last_ai_update,2026-04-20,"campo real (last_ai_update, sin usar hoy en sitemap.ts)",true,usar last_ai_update en sitemap.ts
/productos/cargador-inalambrico-bamboo-ii-9893/,producto,last_ai_update,2026-04-20,"campo real (last_ai_update, sin usar hoy en sitemap.ts)",true,usar last_ai_update en sitemap.ts
/productos/cargador-inalambrico-bamboo-square-oferta-9979/,producto,last_ai_update,2026-04-20,"campo real (last_ai_update, sin usar hoy en sitemap.ts)",true,usar last_ai_update en sitemap.ts
/productos/speaker-bluetooth-onyx-oferta-10135/,producto,last_ai_update,2026-04-20,"campo real (last_ai_update, sin usar hoy en sitemap.ts)",true,usar last_ai_update en sitemap.ts
/productos/speaker-bluetooth-mack-10137/,producto,last_ai_update,2026-04-20,"campo real (last_ai_update, sin usar hoy en sitemap.ts)",true,usar last_ai_update en sitemap.ts
/productos/cargador-inalambrico-nembar-10278/,producto,last_ai_update,2026-04-20,"campo real (last_ai_update, sin usar hoy en sitemap.ts)",true,usar last_ai_update en sitemap.ts
/productos/libreta-igor-bamboo-10309/,producto,last_ai_update,2026-04-20,"campo real (last_ai_update, sin usar hoy en sitemap.ts)",true,usar last_ai_update en sitemap.ts
/productos/puerto-usb-rpet-10494/,producto,last_ai_update,2026-04-20,"campo real (last_ai_update, sin usar hoy en sitemap.ts)",true,usar last_ai_update en sitemap.ts
/productos/cable-multicargador-3-1-bamboo-10473/,producto,last_ai_update,2026-04-20,"campo real (last_ai_update, sin usar hoy en sitemap.ts)",true,usar last_ai_update en sitemap.ts
/productos/soporte-para-celular-note-10579/,producto,last_ai_update,2026-04-20,"campo real (last_ai_update, sin usar hoy en sitemap.ts)",true,usar last_ai_update en sitemap.ts
/productos/soporte-para-moviles-nixon-bamboo-10339/,producto,last_ai_update,2026-04-20,"campo real (last_ai_update, sin usar hoy en sitemap.ts)",true,usar last_ai_update en sitemap.ts
/productos/soporte-magnetico-para-moviles-bamboo-10509/,producto,last_ai_update,2026-04-20,"campo real (last_ai_update, sin usar hoy en sitemap.ts)",true,usar last_ai_update en sitemap.ts
/productos/espejo-bamboo-max-10323/,producto,last_ai_update,2026-04-20,"campo real (last_ai_update, sin usar hoy en sitemap.ts)",true,usar last_ai_update en sitemap.ts
/productos/joyero-eco-bamboo-10439/,producto,last_ai_update,2026-04-20,"campo real (last_ai_update, sin usar hoy en sitemap.ts)",true,usar last_ai_update en sitemap.ts
/productos/espejo-joyero-bamboo-10377/,producto,last_ai_update,2026-04-20,"campo real (last_ai_update, sin usar hoy en sitemap.ts)",true,usar last_ai_update en sitemap.ts
/productos/cepillo-eco-bamboo-10437/,producto,last_ai_update,2026-04-20,"campo real (last_ai_update, sin usar hoy en sitemap.ts)",true,usar last_ai_update en sitemap.ts
/productos/set-de-pelotas-cork-10434/,producto,last_ai_update,2026-04-20,"campo real (last_ai_update, sin usar hoy en sitemap.ts)",true,usar last_ai_update en sitemap.ts
/productos/botilito-metalico-murphy-750ml-10503/,producto,last_ai_update,2026-07-10,"campo real (last_ai_update, sin usar hoy en sitemap.ts)",true,usar last_ai_update en sitemap.ts
/productos/portacelular-2-1-eco-10436/,producto,last_ai_update,2026-04-20,"campo real (last_ai_update, sin usar hoy en sitemap.ts)",true,usar last_ai_update en sitemap.ts
/productos/boligrafo-aston-cartoon-10534/,producto,last_ai_update,2026-04-20,"campo real (last_ai_update, sin usar hoy en sitemap.ts)",true,usar last_ai_update en sitemap.ts
/productos/boligrafo-sawyer-10515/,producto,last_ai_update,2026-04-20,"campo real (last_ai_update, sin usar hoy en sitemap.ts)",true,usar last_ai_update en sitemap.ts
/productos/vaso-plegable-eco-10820/,producto,last_ai_update,2026-07-10,"campo real (last_ai_update, sin usar hoy en sitemap.ts)",true,usar last_ai_update en sitemap.ts
/productos/eco-pet-9391/,producto,last_ai_update,2026-04-20,"campo real (last_ai_update, sin usar hoy en sitemap.ts)",true,usar last_ai_update en sitemap.ts
/productos/summit-eco-9416/,producto,last_ai_update,2026-04-20,"campo real (last_ai_update, sin usar hoy en sitemap.ts)",true,usar last_ai_update en sitemap.ts
/productos/boligrafo-coffee-eco-9677/,producto,last_ai_update,2026-04-20,"campo real (last_ai_update, sin usar hoy en sitemap.ts)",true,usar last_ai_update en sitemap.ts
/productos/boligrafo-hollow-cartoon-9839/,producto,last_ai_update,2026-04-20,"campo real (last_ai_update, sin usar hoy en sitemap.ts)",true,usar last_ai_update en sitemap.ts
/productos/boligrafo-hollow-eco-oferta-9840/,producto,last_ai_update,2026-04-20,"campo real (last_ai_update, sin usar hoy en sitemap.ts)",true,usar last_ai_update en sitemap.ts
/productos/boligrafo-jovi-eco-9844/,producto,last_ai_update,2026-04-20,"campo real (last_ai_update, sin usar hoy en sitemap.ts)",true,usar last_ai_update en sitemap.ts
/productos/boligrafo-ventura-eco-bamboo-9849/,producto,last_ai_update,2026-04-20,"campo real (last_ai_update, sin usar hoy en sitemap.ts)",true,usar last_ai_update en sitemap.ts
/productos/boligrafo-infinity-2-1-oferta-9962/,producto,last_ai_update,2026-04-20,"campo real (last_ai_update, sin usar hoy en sitemap.ts)",true,usar last_ai_update en sitemap.ts
/productos/boligrafo-ventura-bamboo-natural-9905/,producto,last_ai_update,2026-04-20,"campo real (last_ai_update, sin usar hoy en sitemap.ts)",true,usar last_ai_update en sitemap.ts
/productos/boligrafo-ventura-eco-fibra-de-trigo-9947/,producto,last_ai_update,2026-04-20,"campo real (last_ai_update, sin usar hoy en sitemap.ts)",true,usar last_ai_update en sitemap.ts
/productos/boligrafo-grayson-stylus-cork-10018/,producto,last_ai_update,2026-04-20,"campo real (last_ai_update, sin usar hoy en sitemap.ts)",true,usar last_ai_update en sitemap.ts
/productos/boligrafo-lit-10025/,producto,last_ai_update,2026-04-20,"campo real (last_ai_update, sin usar hoy en sitemap.ts)",true,usar last_ai_update en sitemap.ts
/productos/set-de-boligrafos-cork-10039/,producto,last_ai_update,2026-04-20,"campo real (last_ai_update, sin usar hoy en sitemap.ts)",true,usar last_ai_update en sitemap.ts
/productos/boligrafo-alden-10441/,producto,last_ai_update,2026-04-20,"campo real (last_ai_update, sin usar hoy en sitemap.ts)",true,usar last_ai_update en sitemap.ts
/productos/boligrafo-ashby-10428/,producto,last_ai_update,2026-04-20,"campo real (last_ai_update, sin usar hoy en sitemap.ts)",true,usar last_ai_update en sitemap.ts
/productos/boligrafo-foster-10440/,producto,last_ai_update,2026-04-20,"campo real (last_ai_update, sin usar hoy en sitemap.ts)",true,usar last_ai_update en sitemap.ts
/productos/boligrafo-vinnie-coffee-10545/,producto,last_ai_update,2026-04-20,"campo real (last_ai_update, sin usar hoy en sitemap.ts)",true,usar last_ai_update en sitemap.ts
/productos/boligrafo-vinnie-eco-10546/,producto,last_ai_update,2026-04-20,"campo real (last_ai_update, sin usar hoy en sitemap.ts)",true,usar last_ai_update en sitemap.ts
/productos/set-alter-boligrafo-y-portaminas-9847/,producto,last_ai_update,2026-04-20,"campo real (last_ai_update, sin usar hoy en sitemap.ts)",true,usar last_ai_update en sitemap.ts
/productos/funda-para-boligrafos-rpet-10443/,producto,last_ai_update,2026-04-20,"campo real (last_ai_update, sin usar hoy en sitemap.ts)",true,usar last_ai_update en sitemap.ts
/productos/boligrafo-merrick-10444/,producto,last_ai_update,2026-04-20,"campo real (last_ai_update, sin usar hoy en sitemap.ts)",true,usar last_ai_update en sitemap.ts
/productos/set-de-paraguas-luxury-13190/,producto,last_ai_update,2026-04-20,"campo real (last_ai_update, sin usar hoy en sitemap.ts)",true,usar last_ai_update en sitemap.ts
/productos/bowl-plastico-liso-produccion-nacional-8731/,producto,last_ai_update,2026-04-20,"campo real (last_ai_update, sin usar hoy en sitemap.ts)",true,usar last_ai_update en sitemap.ts
/productos/bowl-plastico-con-base-produccion-nacional-8730/,producto,last_ai_update,2026-04-20,"campo real (last_ai_update, sin usar hoy en sitemap.ts)",true,usar last_ai_update en sitemap.ts
/productos/bolsa-en-cambrel-fest-oferta-8372/,producto,last_ai_update,2026-04-20,"campo real (last_ai_update, sin usar hoy en sitemap.ts)",true,usar last_ai_update en sitemap.ts
/productos/bolsa-plegable-neon-emma-8535/,producto,last_ai_update,2026-04-20,"campo real (last_ai_update, sin usar hoy en sitemap.ts)",true,usar last_ai_update en sitemap.ts
/productos/globo-terraqueo-antique-oferta-9144/,producto,last_ai_update,2026-04-20,"campo real (last_ai_update, sin usar hoy en sitemap.ts)",true,usar last_ai_update en sitemap.ts
/productos/colgador-de-botellas-con-carabinero-oferta-9116/,producto,last_ai_update,2026-04-20,"campo real (last_ai_update, sin usar hoy en sitemap.ts)",true,usar last_ai_update en sitemap.ts
/productos/set-de-tablas-cuisine-oferta-9749/,producto,last_ai_update,2026-04-20,"campo real (last_ai_update, sin usar hoy en sitemap.ts)",true,usar last_ai_update en sitemap.ts
/productos/funda-portabotella-con-destapador-oferta-10183/,producto,last_ai_update,2026-04-20,"campo real (last_ai_update, sin usar hoy en sitemap.ts)",true,usar last_ai_update en sitemap.ts
/productos/cafetera-en-vidrio-compact-350ml-9560/,producto,last_ai_update,2026-04-20,"campo real (last_ai_update, sin usar hoy en sitemap.ts)",true,usar last_ai_update en sitemap.ts
/productos/cafetera-en-vidrio-600ml-9866/,producto,last_ai_update,2026-04-20,"campo real (last_ai_update, sin usar hoy en sitemap.ts)",true,usar last_ai_update en sitemap.ts
/productos/mug-metalico-stabby-380ml-10203/,producto,last_ai_update,2026-04-20,"campo real (last_ai_update, sin usar hoy en sitemap.ts)",true,usar last_ai_update en sitemap.ts
/productos/mug-plastico-coffee-plus-12oz-produccion-nacional-10215/,producto,last_ai_update,2026-04-20,"campo real (last_ai_update, sin usar hoy en sitemap.ts)",true,usar last_ai_update en sitemap.ts
/productos/portacomidas-celebrity-10535/,producto,last_ai_update,2026-04-20,"campo real (last_ai_update, sin usar hoy en sitemap.ts)",true,usar last_ai_update en sitemap.ts
/productos/portacomidas-spencer-10334/,producto,last_ai_update,2026-04-20,"campo real (last_ai_update, sin usar hoy en sitemap.ts)",true,usar last_ai_update en sitemap.ts
/productos/set-de-cubiertos-metalicos-rpet-10435/,producto,last_ai_update,2026-04-20,"campo real (last_ai_update, sin usar hoy en sitemap.ts)",true,usar last_ai_update en sitemap.ts
/productos/mini-pano-microfibra-5390/,producto,last_ai_update,2026-04-20,"campo real (last_ai_update, sin usar hoy en sitemap.ts)",true,usar last_ai_update en sitemap.ts
/productos/bolso-mindy-oferta-7575/,producto,last_ai_update,2026-04-20,"campo real (last_ai_update, sin usar hoy en sitemap.ts)",true,usar last_ai_update en sitemap.ts
/productos/florero-inox-produccion-nacional-oferta-8375/,producto,last_ai_update,2026-04-20,"campo real (last_ai_update, sin usar hoy en sitemap.ts)",true,usar last_ai_update en sitemap.ts
/productos/joyero-produccion-nacional-8712/,producto,last_ai_update,2026-04-20,"campo real (last_ai_update, sin usar hoy en sitemap.ts)",true,usar last_ai_update en sitemap.ts
/productos/set-de-viaje-pillow-produccion-nacional-8722/,producto,last_ai_update,2026-04-20,"campo real (last_ai_update, sin usar hoy en sitemap.ts)",true,usar last_ai_update en sitemap.ts
/productos/carrito-para-mercado-shopper-8787/,producto,last_ai_update,2026-04-20,"campo real (last_ai_update, sin usar hoy en sitemap.ts)",true,usar last_ai_update en sitemap.ts
/productos/cojin-de-viaje-doble-uso-plush-produccion-nacional-8871/,producto,last_ai_update,2026-04-20,"campo real (last_ai_update, sin usar hoy en sitemap.ts)",true,usar last_ai_update en sitemap.ts
/productos/nevera-cooler-bag-pocket-9401/,producto,last_ai_update,2026-04-20,"campo real (last_ai_update, sin usar hoy en sitemap.ts)",true,usar last_ai_update en sitemap.ts
/productos/portacomidas-con-cubiertos-jakarta-produccion-nacional-9403/,producto,last_ai_update,2026-04-20,"campo real (last_ai_update, sin usar hoy en sitemap.ts)",true,usar last_ai_update en sitemap.ts
/productos/protector-en-silicona-para-cepillo-de-dientes-oferta-9529/,producto,last_ai_update,2026-04-20,"campo real (last_ai_update, sin usar hoy en sitemap.ts)",true,usar last_ai_update en sitemap.ts
/productos/bolsa-ecologica-laminada-en-rpet-9608/,producto,last_ai_update,2026-04-20,"campo real (last_ai_update, sin usar hoy en sitemap.ts)",true,usar last_ai_update en sitemap.ts
/productos/bolsa-ecologica-recycled-rpet-9615/,producto,last_ai_update,2026-04-20,"campo real (last_ai_update, sin usar hoy en sitemap.ts)",true,usar last_ai_update en sitemap.ts
/productos/limpiador-de-pantallas-sticky-roll-9605/,producto,last_ai_update,2026-04-20,"campo real (last_ai_update, sin usar hoy en sitemap.ts)",true,usar last_ai_update en sitemap.ts
/productos/dispensador-de-bolsas-dog-9606/,producto,last_ai_update,2026-04-20,"campo real (last_ai_update, sin usar hoy en sitemap.ts)",true,usar last_ai_update en sitemap.ts
/productos/dispensador-de-bolsas-bone-material-antibacteriano-9695/,producto,last_ai_update,2026-04-20,"campo real (last_ai_update, sin usar hoy en sitemap.ts)",true,usar last_ai_update en sitemap.ts
/productos/espejo-plegable-2-1-9709/,producto,last_ai_update,2026-04-20,"campo real (last_ai_update, sin usar hoy en sitemap.ts)",true,usar last_ai_update en sitemap.ts
/productos/bolsa-plegable-reflect-9822/,producto,last_ai_update,2026-04-20,"campo real (last_ai_update, sin usar hoy en sitemap.ts)",true,usar last_ai_update en sitemap.ts
/productos/nevera-cooler-bag-ava-oferta-9833/,producto,last_ai_update,2026-04-20,"campo real (last_ai_update, sin usar hoy en sitemap.ts)",true,usar last_ai_update en sitemap.ts
/productos/limpiador-pantallas-30ml-con-microfibra-produccion-nacional-9729/,producto,last_ai_update,2026-04-20,"campo real (last_ai_update, sin usar hoy en sitemap.ts)",true,usar last_ai_update en sitemap.ts
/productos/pesa-digital-feet-9882/,producto,last_ai_update,2026-04-20,"campo real (last_ai_update, sin usar hoy en sitemap.ts)",true,usar last_ai_update en sitemap.ts
/productos/espejo-comby-2-1-9907/,producto,last_ai_update,2026-04-20,"campo real (last_ai_update, sin usar hoy en sitemap.ts)",true,usar last_ai_update en sitemap.ts
/productos/set-de-belleza-halston-9710/,producto,last_ai_update,2026-04-20,"campo real (last_ai_update, sin usar hoy en sitemap.ts)",true,usar last_ai_update en sitemap.ts
/productos/bandeja-portatil-para-laptop-ryper-oferta-9935/,producto,last_ai_update,2026-04-20,"campo real (last_ai_update, sin usar hoy en sitemap.ts)",true,usar last_ai_update en sitemap.ts
/productos/bolsa-plegable-gibson-10187/,producto,last_ai_update,2026-04-20,"campo real (last_ai_update, sin usar hoy en sitemap.ts)",true,usar last_ai_update en sitemap.ts
/productos/organizador-multiusos-tech-10192/,producto,last_ai_update,2026-04-20,"campo real (last_ai_update, sin usar hoy en sitemap.ts)",true,usar last_ai_update en sitemap.ts
/productos/protector-solar-para-carro-sunshade-10312/,producto,last_ai_update,2026-04-20,"campo real (last_ai_update, sin usar hoy en sitemap.ts)",true,usar last_ai_update en sitemap.ts
/productos/adaptador-universal-travel-10459/,producto,last_ai_update,2026-04-20,"campo real (last_ai_update, sin usar hoy en sitemap.ts)",true,usar last_ai_update en sitemap.ts
/productos/morral-backpack-bemot-produccion-nacional-8539/,producto,last_ai_update,2026-04-20,"campo real (last_ai_update, sin usar hoy en sitemap.ts)",true,usar last_ai_update en sitemap.ts
/productos/morral-backpack-randy-9820/,producto,last_ai_update,2026-04-20,"campo real (last_ai_update, sin usar hoy en sitemap.ts)",true,usar last_ai_update en sitemap.ts
/productos/maletin-deportivo-soccer-oferta-9930/,producto,last_ai_update,2026-04-20,"campo real (last_ai_update, sin usar hoy en sitemap.ts)",true,usar last_ai_update en sitemap.ts
/productos/maletin-neo-urban-travel-10550/,producto,last_ai_update,2026-04-20,"campo real (last_ai_update, sin usar hoy en sitemap.ts)",true,usar last_ai_update en sitemap.ts
/productos/canguro-athos-rpet-10418/,producto,last_ai_update,2026-04-20,"campo real (last_ai_update, sin usar hoy en sitemap.ts)",true,usar last_ai_update en sitemap.ts
/productos/canguro-snap-rpet-10419/,producto,last_ai_update,2026-04-20,"campo real (last_ai_update, sin usar hoy en sitemap.ts)",true,usar last_ai_update en sitemap.ts
/productos/canguro-sandy-10569/,producto,last_ai_update,2026-04-20,"campo real (last_ai_update, sin usar hoy en sitemap.ts)",true,usar last_ai_update en sitemap.ts
/productos/morral-backpack-alpha-10333/,producto,last_ai_update,2026-04-20,"campo real (last_ai_update, sin usar hoy en sitemap.ts)",true,usar last_ai_update en sitemap.ts
/productos/morral-backpack-mush-2-10487/,producto,last_ai_update,2026-04-20,"campo real (last_ai_update, sin usar hoy en sitemap.ts)",true,usar last_ai_update en sitemap.ts
/productos/estuche-dry-bag-25l-10517/,producto,last_ai_update,2026-04-20,"campo real (last_ai_update, sin usar hoy en sitemap.ts)",true,usar last_ai_update en sitemap.ts
/productos/bolso-compacto-con-carabinero-produccion-nacional-3256/,producto,last_ai_update,2026-04-20,"campo real (last_ai_update, sin usar hoy en sitemap.ts)",true,usar last_ai_update en sitemap.ts
/productos/llavero-ml-414-10771/,producto,last_ai_update,2026-04-20,"campo real (last_ai_update, sin usar hoy en sitemap.ts)",true,usar last_ai_update en sitemap.ts
/productos/llavero-ml-415-10772/,producto,last_ai_update,2026-04-20,"campo real (last_ai_update, sin usar hoy en sitemap.ts)",true,usar last_ai_update en sitemap.ts
/productos/tapa-pestana-para-botilito-saturno-7686/,producto,last_ai_update,2026-07-10,"campo real (last_ai_update, sin usar hoy en sitemap.ts)",true,usar last_ai_update en sitemap.ts
/productos/botilito-energy-pvc-produccion-nacional-stock-telefonicamente-7793/,producto,last_ai_update,2026-07-10,"campo real (last_ai_update, sin usar hoy en sitemap.ts)",true,usar last_ai_update en sitemap.ts
/productos/botilito-en-pet-granada-760ml-produccion-nacional-nuevo-9357/,producto,last_ai_update,2026-07-10,"campo real (last_ai_update, sin usar hoy en sitemap.ts)",true,usar last_ai_update en sitemap.ts
/productos/botilito-logomax-750ml-produccion-naltapa-mu-90-9889/,producto,last_ai_update,2026-07-10,"campo real (last_ai_update, sin usar hoy en sitemap.ts)",true,usar last_ai_update en sitemap.ts
/productos/botilito-astron-800ml-vaso-produccion-nacional-2380/,producto,last_ai_update,2026-07-10,"campo real (last_ai_update, sin usar hoy en sitemap.ts)",true,usar last_ai_update en sitemap.ts
/productos/botilito-maxi-supra-pet-890ml-produccion-nacional-10616/,producto,last_ai_update,2026-07-10,"campo real (last_ai_update, sin usar hoy en sitemap.ts)",true,usar last_ai_update en sitemap.ts
/productos/libreta-milky-oferta-10108/,producto,last_ai_update,2026-04-20,"campo real (last_ai_update, sin usar hoy en sitemap.ts)",true,usar last_ai_update en sitemap.ts
/productos/libreta-legend-rpet-10096/,producto,last_ai_update,2026-04-20,"campo real (last_ai_update, sin usar hoy en sitemap.ts)",true,usar last_ai_update en sitemap.ts
/productos/estuche-con-portacelular-rpet-10433/,producto,last_ai_update,2026-04-20,"campo real (last_ai_update, sin usar hoy en sitemap.ts)",true,usar last_ai_update en sitemap.ts
/productos/cordon-para-portacelular-holder-eco-10511/,producto,last_ai_update,2026-04-20,"campo real (last_ai_update, sin usar hoy en sitemap.ts)",true,usar last_ai_update en sitemap.ts
/productos/base-para-escritorio-multiple-produccion-nacional-2008/,producto,last_ai_update,2026-04-22,"campo real (last_ai_update, sin usar hoy en sitemap.ts)",true,usar last_ai_update en sitemap.ts
/productos/libreta-con-boligrafo-kadens-produccion-nacional-8090/,producto,last_ai_update,2026-04-20,"campo real (last_ai_update, sin usar hoy en sitemap.ts)",true,usar last_ai_update en sitemap.ts
/productos/libreta-wave-produccion-nacional-8097/,producto,last_ai_update,2026-04-20,"campo real (last_ai_update, sin usar hoy en sitemap.ts)",true,usar last_ai_update en sitemap.ts
/productos/libreta-arco-produccion-nacional-8098/,producto,last_ai_update,2026-04-20,"campo real (last_ai_update, sin usar hoy en sitemap.ts)",true,usar last_ai_update en sitemap.ts
/productos/libreta-spyro-produccion-nacional-8099/,producto,last_ai_update,2026-04-20,"campo real (last_ai_update, sin usar hoy en sitemap.ts)",true,usar last_ai_update en sitemap.ts
/productos/libreta-dots-produccion-nacional-8096/,producto,last_ai_update,2026-04-20,"campo real (last_ai_update, sin usar hoy en sitemap.ts)",true,usar last_ai_update en sitemap.ts
/productos/cinta-blanca-especial-para-sublimacion-produccion-nacional-sobre-pedido-5744/,producto,last_ai_update,2026-04-20,"campo real (last_ai_update, sin usar hoy en sitemap.ts)",true,usar last_ai_update en sitemap.ts
/productos/mini-libreta-memphis-produccion-nacional-9353/,producto,last_ai_update,2026-04-20,"campo real (last_ai_update, sin usar hoy en sitemap.ts)",true,usar last_ai_update en sitemap.ts
/productos/libreta-rectangular-produccion-nacional-8363/,producto,last_ai_update,2026-04-20,"campo real (last_ai_update, sin usar hoy en sitemap.ts)",true,usar last_ai_update en sitemap.ts
/productos/mini-libreta-like-it-eco-produccion-nacional-10101/,producto,last_ai_update,2026-04-20,"campo real (last_ai_update, sin usar hoy en sitemap.ts)",true,usar last_ai_update en sitemap.ts
/productos/funda-en-silicona-para-cp-242-colapsible-de-60ml-oferta-9492/,producto,last_ai_update,2026-04-20,"campo real (last_ai_update, sin usar hoy en sitemap.ts)",true,usar last_ai_update en sitemap.ts
/productos/alcancia-esfera-produccion-nacional-8211/,producto,last_ai_update,2026-04-20,"campo real (last_ai_update, sin usar hoy en sitemap.ts)",true,usar last_ai_update en sitemap.ts
/productos/maraca-grande-unidad-produccion-nacional-8370/,producto,last_ai_update,2026-04-20,"campo real (last_ai_update, sin usar hoy en sitemap.ts)",true,usar last_ai_update en sitemap.ts
/productos/mini-monedero-en-pvc-produccion-nacional-6237/,producto,last_ai_update,2026-04-20,"campo real (last_ai_update, sin usar hoy en sitemap.ts)",true,usar last_ai_update en sitemap.ts
/productos/boligrafo-ballpop-oferta-10014/,producto,last_ai_update,2026-04-20,"campo real (last_ai_update, sin usar hoy en sitemap.ts)",true,usar last_ai_update en sitemap.ts
/productos/portatarjetas-pop-10149/,producto,last_ai_update,2026-04-20,"campo real (last_ai_update, sin usar hoy en sitemap.ts)",true,usar last_ai_update en sitemap.ts
/productos/mug-metalico-arrow-600-ml-nuevo-13569/,producto,last_ai_update,2026-04-20,"campo real (last_ai_update, sin usar hoy en sitemap.ts)",true,usar last_ai_update en sitemap.ts
/productos/mug-metalico-gillan-500-ml-nuevo-13570/,producto,last_ai_update,2026-04-20,"campo real (last_ai_update, sin usar hoy en sitemap.ts)",true,usar last_ai_update en sitemap.ts
/productos/resaltador-de-cera-seren-nuevo-13539/,producto,last_ai_update,2026-04-20,"campo real (last_ai_update, sin usar hoy en sitemap.ts)",true,usar last_ai_update en sitemap.ts
/productos/lapiz-infinito-gemini-nuevo-13540/,producto,last_ai_update,2026-04-20,"campo real (last_ai_update, sin usar hoy en sitemap.ts)",true,usar last_ai_update en sitemap.ts
/productos/bolsa-en-cambrel-soot-nuevo-13553/,producto,last_ai_update,2026-04-20,"campo real (last_ai_update, sin usar hoy en sitemap.ts)",true,usar last_ai_update en sitemap.ts
/productos/bolsa-en-algodon-y-yute-nativ-300-gm-nuevo-13554/,producto,last_ai_update,2026-04-20,"campo real (last_ai_update, sin usar hoy en sitemap.ts)",true,usar last_ai_update en sitemap.ts
/productos/bolsa-en-algodon-basic-300-gm-nuevo-13555/,producto,last_ai_update,2026-04-20,"campo real (last_ai_update, sin usar hoy en sitemap.ts)",true,usar last_ai_update en sitemap.ts
/productos/planeador-semanal-week-nuevo-13556/,producto,last_ai_update,2026-04-20,"campo real (last_ai_update, sin usar hoy en sitemap.ts)",true,usar last_ai_update en sitemap.ts
/productos/mug-lume-350-ml-nuevo-13559/,producto,last_ai_update,2026-04-20,"campo real (last_ai_update, sin usar hoy en sitemap.ts)",true,usar last_ai_update en sitemap.ts
/productos/paraguas-balan-23-13560/,producto,last_ai_update,2026-04-20,"campo real (last_ai_update, sin usar hoy en sitemap.ts)",true,usar last_ai_update en sitemap.ts
/productos/medidor-de-presion-para-neumaticos-13297/,producto,last_ai_update,2026-04-20,"campo real (last_ai_update, sin usar hoy en sitemap.ts)",true,usar last_ai_update en sitemap.ts
/productos/speaker-bluetooth-novark-13298/,producto,last_ai_update,2026-04-20,"campo real (last_ai_update, sin usar hoy en sitemap.ts)",true,usar last_ai_update en sitemap.ts
/productos/teclado-bluetooth-orbi-13299/,producto,last_ai_update,2026-04-20,"campo real (last_ai_update, sin usar hoy en sitemap.ts)",true,usar last_ai_update en sitemap.ts
/productos/mouse-inalambrico-lumo-13300/,producto,last_ai_update,2026-04-20,"campo real (last_ai_update, sin usar hoy en sitemap.ts)",true,usar last_ai_update en sitemap.ts
/productos/soporte-para-celular-pop-it-13320/,producto,last_ai_update,2026-04-20,"campo real (last_ai_update, sin usar hoy en sitemap.ts)",true,usar last_ai_update en sitemap.ts
/productos/reloj-de-arena-doble-13333/,producto,last_ai_update,2026-04-20,"campo real (last_ai_update, sin usar hoy en sitemap.ts)",true,usar last_ai_update en sitemap.ts
/productos/pastillero-radion-13332/,producto,last_ai_update,2026-04-20,"campo real (last_ai_update, sin usar hoy en sitemap.ts)",true,usar last_ai_update en sitemap.ts
/productos/portadocumentos-de-viajes-y-de-cables-neox-rpet-13362/,producto,last_ai_update,2026-04-20,"campo real (last_ai_update, sin usar hoy en sitemap.ts)",true,usar last_ai_update en sitemap.ts
/productos/cosmetiquera-terra-13500/,producto,last_ai_update,2026-04-21,"campo real (last_ai_update, sin usar hoy en sitemap.ts)",true,usar last_ai_update en sitemap.ts
/productos/mini-bolsa-en-algodon-100gms-13253/,producto,last_ai_update,2026-04-20,"campo real (last_ai_update, sin usar hoy en sitemap.ts)",true,usar last_ai_update en sitemap.ts
/productos/resaltadores-jeringa-13262/,producto,last_ai_update,2026-04-20,"campo real (last_ai_update, sin usar hoy en sitemap.ts)",true,usar last_ai_update en sitemap.ts
/productos/portadocumentos-vintra-13308/,producto,last_ai_update,2026-04-20,"campo real (last_ai_update, sin usar hoy en sitemap.ts)",true,usar last_ai_update en sitemap.ts
/productos/boligrafo-scroll-13294/,producto,last_ai_update,2026-04-20,"campo real (last_ai_update, sin usar hoy en sitemap.ts)",true,usar last_ai_update en sitemap.ts
/productos/rastreador-airtag-boomtag-13210/,producto,last_ai_update,2026-04-20,"campo real (last_ai_update, sin usar hoy en sitemap.ts)",true,usar last_ai_update en sitemap.ts
/productos/rastreador-airtag-boomcard-13211/,producto,last_ai_update,2026-04-20,"campo real (last_ai_update, sin usar hoy en sitemap.ts)",true,usar last_ai_update en sitemap.ts
/productos/audifonos-bluetooth-anc-13212/,producto,last_ai_update,2026-04-20,"campo real (last_ai_update, sin usar hoy en sitemap.ts)",true,usar last_ai_update en sitemap.ts
/productos/speaker-bluetooth-beach-35-boompods-13213/,producto,last_ai_update,2026-04-20,"campo real (last_ai_update, sin usar hoy en sitemap.ts)",true,usar last_ai_update en sitemap.ts
/productos/bbq-grill-soccer-cook-13202/,producto,last_ai_update,2026-04-20,"campo real (last_ai_update, sin usar hoy en sitemap.ts)",true,usar last_ai_update en sitemap.ts
/productos/masajeador-hyper-eco-13338/,producto,last_ai_update,2026-04-20,"campo real (last_ai_update, sin usar hoy en sitemap.ts)",true,usar last_ai_update en sitemap.ts
/productos/abanico-en-madera-11142/,producto,last_ai_update,2026-04-20,"campo real (last_ai_update, sin usar hoy en sitemap.ts)",true,usar last_ai_update en sitemap.ts
/productos/correa-para-mascota-10815/,producto,last_ai_update,2026-04-20,"campo real (last_ai_update, sin usar hoy en sitemap.ts)",true,usar last_ai_update en sitemap.ts
/productos/ventilador-niklas-10817/,producto,last_ai_update,2026-04-20,"campo real (last_ai_update, sin usar hoy en sitemap.ts)",true,usar last_ai_update en sitemap.ts
/productos/set-de-12-colores-eco-kraft-10996/,producto,last_ai_update,2026-04-20,"campo real (last_ai_update, sin usar hoy en sitemap.ts)",true,usar last_ai_update en sitemap.ts
/productos/set-de-12-colores-en-bolsa-10997/,producto,last_ai_update,2026-04-20,"campo real (last_ai_update, sin usar hoy en sitemap.ts)",true,usar last_ai_update en sitemap.ts
/productos/estuche-multiusos-en-silicona-summer-11085/,producto,last_ai_update,2026-04-20,"campo real (last_ai_update, sin usar hoy en sitemap.ts)",true,usar last_ai_update en sitemap.ts
/productos/mini-monedero-en-silicona-city-10906/,producto,last_ai_update,2026-04-20,"campo real (last_ai_update, sin usar hoy en sitemap.ts)",true,usar last_ai_update en sitemap.ts
/productos/identificador-de-maletas-nesus-10930/,producto,last_ai_update,2026-04-20,"campo real (last_ai_update, sin usar hoy en sitemap.ts)",true,usar last_ai_update en sitemap.ts
/productos/juego-para-mascotas-10931/,producto,last_ai_update,2026-04-20,"campo real (last_ai_update, sin usar hoy en sitemap.ts)",true,usar last_ai_update en sitemap.ts
/productos/gafas-bamboo-eco-10933/,producto,last_ai_update,2026-04-20,"campo real (last_ai_update, sin usar hoy en sitemap.ts)",true,usar last_ai_update en sitemap.ts
/productos/poncho-en-bolsa-rpet-10936/,producto,last_ai_update,2026-04-20,"campo real (last_ai_update, sin usar hoy en sitemap.ts)",true,usar last_ai_update en sitemap.ts
/productos/funda-portacelular-marathon-11118/,producto,last_ai_update,2026-04-20,"campo real (last_ai_update, sin usar hoy en sitemap.ts)",true,usar last_ai_update en sitemap.ts
/productos/alcancia-cork-11125/,producto,last_ai_update,2026-04-20,"campo real (last_ai_update, sin usar hoy en sitemap.ts)",true,usar last_ai_update en sitemap.ts
/productos/dispensador-de-bolsas-string-11127/,producto,last_ai_update,2026-04-20,"campo real (last_ai_update, sin usar hoy en sitemap.ts)",true,usar last_ai_update en sitemap.ts
/productos/bola-antiestres-neon-67cm-10947/,producto,last_ai_update,2026-04-20,"campo real (last_ai_update, sin usar hoy en sitemap.ts)",true,usar last_ai_update en sitemap.ts
/productos/bowl-para-mascota-9813/,producto,last_ai_update,2026-04-21,"campo real (last_ai_update, sin usar hoy en sitemap.ts)",true,usar last_ai_update en sitemap.ts
/productos/protector-solar-para-carro-1442/,producto,last_ai_update,2026-04-20,"campo real (last_ai_update, sin usar hoy en sitemap.ts)",true,usar last_ai_update en sitemap.ts
/productos/banderitas-magic-index-722/,producto,last_ai_update,2026-04-21,"campo real (last_ai_update, sin usar hoy en sitemap.ts)",true,usar last_ai_update en sitemap.ts
/productos/banderitas-magic-index-ii-2576/,producto,last_ai_update,2026-04-21,"campo real (last_ai_update, sin usar hoy en sitemap.ts)",true,usar last_ai_update en sitemap.ts
/productos/tapa-chupo-para-va-160-mu-53-mu-07-6310/,producto,last_ai_update,2026-04-21,"campo real (last_ai_update, sin usar hoy en sitemap.ts)",true,usar last_ai_update en sitemap.ts
/productos/identificador-de-maletas-flat-7296/,producto,last_ai_update,2026-04-20,"campo real (last_ai_update, sin usar hoy en sitemap.ts)",true,usar last_ai_update en sitemap.ts
/productos/aspiradora-para-carro-7410/,producto,last_ai_update,2026-04-21,"campo real (last_ai_update, sin usar hoy en sitemap.ts)",true,usar last_ai_update en sitemap.ts
/productos/alcancia-house-8154/,producto,last_ai_update,2026-04-20,"campo real (last_ai_update, sin usar hoy en sitemap.ts)",true,usar last_ai_update en sitemap.ts
/productos/bolsa-plegable-market-8192/,producto,last_ai_update,2026-04-20,"campo real (last_ai_update, sin usar hoy en sitemap.ts)",true,usar last_ai_update en sitemap.ts
/productos/bolsa-en-cambrel-multiusos-vita-prod-nacional-9364/,producto,last_ai_update,2026-04-20,"campo real (last_ai_update, sin usar hoy en sitemap.ts)",true,usar last_ai_update en sitemap.ts
/productos/monedero-en-silicona-backpack-9086/,producto,last_ai_update,2026-04-20,"campo real (last_ai_update, sin usar hoy en sitemap.ts)",true,usar last_ai_update en sitemap.ts
/productos/cojin-de-viaje-triple-uso-produccion-nacional-9333/,producto,last_ai_update,2026-04-20,"campo real (last_ai_update, sin usar hoy en sitemap.ts)",true,usar last_ai_update en sitemap.ts
/productos/bolsa-en-algodon-corcho-135gr-9103/,producto,last_ai_update,2026-04-20,"campo real (last_ai_update, sin usar hoy en sitemap.ts)",true,usar last_ai_update en sitemap.ts
/productos/bolsa-plegable-sunday-9216/,producto,last_ai_update,2026-04-20,"campo real (last_ai_update, sin usar hoy en sitemap.ts)",true,usar last_ai_update en sitemap.ts
/productos/yoga-mat-9609/,producto,last_ai_update,2026-04-20,"campo real (last_ai_update, sin usar hoy en sitemap.ts)",true,usar last_ai_update en sitemap.ts
/productos/alcancia-piggy-con-portacelular-9661/,producto,last_ai_update,2026-04-20,"campo real (last_ai_update, sin usar hoy en sitemap.ts)",true,usar last_ai_update en sitemap.ts
/productos/cuerpo-plastico-para-abanico-tela-impresa-prod-nal-9439/,producto,last_ai_update,2026-04-21,"campo real (last_ai_update, sin usar hoy en sitemap.ts)",true,usar last_ai_update en sitemap.ts
/productos/carrito-shopping-bag-zipper-9867/,producto,last_ai_update,2026-04-21,"campo real (last_ai_update, sin usar hoy en sitemap.ts)",true,usar last_ai_update en sitemap.ts
/productos/identificador-de-maletas-cork-10357/,producto,last_ai_update,2026-04-20,"campo real (last_ai_update, sin usar hoy en sitemap.ts)",true,usar last_ai_update en sitemap.ts
/productos/identificador-de-maletas-murdock-10541/,producto,last_ai_update,2026-04-20,"campo real (last_ai_update, sin usar hoy en sitemap.ts)",true,usar last_ai_update en sitemap.ts
/productos/portatarjetas-myles-rpet-10445/,producto,last_ai_update,2026-04-20,"campo real (last_ai_update, sin usar hoy en sitemap.ts)",true,usar last_ai_update en sitemap.ts
/productos/morral-backpack-limit-10488/,producto,last_ai_update,2026-04-20,"campo real (last_ai_update, sin usar hoy en sitemap.ts)",true,usar last_ai_update en sitemap.ts
/productos/bolsa-en-algodon-botanik-135gr-7533/,producto,last_ai_update,2026-04-21,"campo real (last_ai_update, sin usar hoy en sitemap.ts)",true,usar last_ai_update en sitemap.ts
/productos/dispensador-de-bolsas-bone-13179/,producto,last_ai_update,2026-04-22,"campo real (last_ai_update, sin usar hoy en sitemap.ts)",true,usar last_ai_update en sitemap.ts
/productos/soporte-para-moviles-y-tablets-bamboo-13182/,producto,last_ai_update,2026-04-21,"campo real (last_ai_update, sin usar hoy en sitemap.ts)",true,usar last_ai_update en sitemap.ts
/productos/cepillo-con-espejo-ulys-11123/,producto,last_ai_update,2026-04-20,"campo real (last_ai_update, sin usar hoy en sitemap.ts)",true,usar last_ai_update en sitemap.ts
/productos/set-de-portavasos-cork-10969/,producto,last_ai_update,2026-04-20,"campo real (last_ai_update, sin usar hoy en sitemap.ts)",true,usar last_ai_update en sitemap.ts
/productos/portacomidas-attila-10818/,producto,last_ai_update,2026-04-20,"campo real (last_ai_update, sin usar hoy en sitemap.ts)",true,usar last_ai_update en sitemap.ts
/productos/set-de-cubiertos-dimitri-10822/,producto,last_ai_update,2026-04-20,"campo real (last_ai_update, sin usar hoy en sitemap.ts)",true,usar last_ai_update en sitemap.ts
/productos/set-de-fondue-petra-10990/,producto,last_ai_update,2026-04-20,"campo real (last_ai_update, sin usar hoy en sitemap.ts)",true,usar last_ai_update en sitemap.ts
/productos/set-de-fondue-queralt-10991/,producto,last_ai_update,2026-04-20,"campo real (last_ai_update, sin usar hoy en sitemap.ts)",true,usar last_ai_update en sitemap.ts
/productos/portacomidas-albus-eco-11030/,producto,last_ai_update,2026-04-20,"campo real (last_ai_update, sin usar hoy en sitemap.ts)",true,usar last_ai_update en sitemap.ts
/productos/set-de-queso-annika-11056/,producto,last_ai_update,2026-04-21,"campo real (last_ai_update, sin usar hoy en sitemap.ts)",true,usar last_ai_update en sitemap.ts
/productos/reloj-de-arena-skai-eco-11062/,producto,last_ai_update,2026-04-20,"campo real (last_ai_update, sin usar hoy en sitemap.ts)",true,usar last_ai_update en sitemap.ts
/productos/set-de-queso-beret-10896/,producto,last_ai_update,2026-04-20,"campo real (last_ai_update, sin usar hoy en sitemap.ts)",true,usar last_ai_update en sitemap.ts
/productos/molde-de-hielo-nook-10907/,producto,last_ai_update,2026-04-20,"campo real (last_ai_update, sin usar hoy en sitemap.ts)",true,usar last_ai_update en sitemap.ts
/productos/portaliquido-metalico-chunky-420ml-11093/,producto,last_ai_update,2026-04-20,"campo real (last_ai_update, sin usar hoy en sitemap.ts)",true,usar last_ai_update en sitemap.ts
/productos/set-de-cubiertos-en-acero-11096/,producto,last_ai_update,2026-04-20,"campo real (last_ai_update, sin usar hoy en sitemap.ts)",true,usar last_ai_update en sitemap.ts
/productos/portacomidas-anton-eco-11097/,producto,last_ai_update,2026-04-20,"campo real (last_ai_update, sin usar hoy en sitemap.ts)",true,usar last_ai_update en sitemap.ts
/productos/cobija-spark-10937/,producto,last_ai_update,2026-04-20,"campo real (last_ai_update, sin usar hoy en sitemap.ts)",true,usar last_ai_update en sitemap.ts
/productos/mezclador-coffee-mixer-10946/,producto,last_ai_update,2026-04-20,"campo real (last_ai_update, sin usar hoy en sitemap.ts)",true,usar last_ai_update en sitemap.ts
/productos/portacomidas-lagoon-10887/,producto,last_ai_update,2026-04-21,"campo real (last_ai_update, sin usar hoy en sitemap.ts)",true,usar last_ai_update en sitemap.ts
/productos/mezclador-en-madera-10912/,producto,last_ai_update,2026-04-21,"campo real (last_ai_update, sin usar hoy en sitemap.ts)",true,usar last_ai_update en sitemap.ts
/productos/mug-metalico-con-prensa-francesa-450ml-10824/,producto,last_ai_update,2026-04-20,"campo real (last_ai_update, sin usar hoy en sitemap.ts)",true,usar last_ai_update en sitemap.ts
/productos/llavero-destapador-campello-4808/,producto,last_ai_update,2026-04-21,"campo real (last_ai_update, sin usar hoy en sitemap.ts)",true,usar last_ai_update en sitemap.ts
/productos/speaker-bluetooth-plant-10555/,producto,last_ai_update,2026-04-22,"campo real (last_ai_update, sin usar hoy en sitemap.ts)",true,usar last_ai_update en sitemap.ts
/productos/boligrafo-kord-bamboo-10841/,producto,last_ai_update,2026-04-22,"campo real (last_ai_update, sin usar hoy en sitemap.ts)",true,usar last_ai_update en sitemap.ts
/productos/lapiz-rojo-check-para-contabilidad-11000/,producto,last_ai_update,2026-04-22,"campo real (last_ai_update, sin usar hoy en sitemap.ts)",true,usar last_ai_update en sitemap.ts
/productos/set-resaltador-fingers-ii-eco-10720/,producto,last_ai_update,2026-04-22,"campo real (last_ai_update, sin usar hoy en sitemap.ts)",true,usar last_ai_update en sitemap.ts
/productos/resaltador-raff-rpet-ii-11048/,producto,last_ai_update,2026-04-22,"campo real (last_ai_update, sin usar hoy en sitemap.ts)",true,usar last_ai_update en sitemap.ts
/productos/set-de-clips-cork-10383/,producto,last_ai_update,2026-04-22,"campo real (last_ai_update, sin usar hoy en sitemap.ts)",true,usar last_ai_update en sitemap.ts
/productos/planeador-semanal-cartoon-10345/,producto,last_ai_update,2026-04-22,"campo real (last_ai_update, sin usar hoy en sitemap.ts)",true,usar last_ai_update en sitemap.ts
/productos/cordon-portacelular-chili-10520/,producto,last_ai_update,2026-04-22,"campo real (last_ai_update, sin usar hoy en sitemap.ts)",true,usar last_ai_update en sitemap.ts
/productos/libreta-plastica-klio-60-hojas-10559/,producto,last_ai_update,2026-04-22,"campo real (last_ai_update, sin usar hoy en sitemap.ts)",true,usar last_ai_update en sitemap.ts
/productos/libreta-attis-80-hojas-10561/,producto,last_ai_update,2026-04-20,"campo real (last_ai_update, sin usar hoy en sitemap.ts)",true,usar last_ai_update en sitemap.ts
/productos/libreta-mouse-pad-80-hojas-10375/,producto,last_ai_update,2026-04-22,"campo real (last_ai_update, sin usar hoy en sitemap.ts)",true,usar last_ai_update en sitemap.ts
/productos/libreta-narnia-80-hojas-10580/,producto,last_ai_update,2026-04-22,"campo real (last_ai_update, sin usar hoy en sitemap.ts)",true,usar last_ai_update en sitemap.ts
/productos/carpeta-folder-flap-10329/,producto,last_ai_update,2026-04-22,"campo real (last_ai_update, sin usar hoy en sitemap.ts)",true,usar last_ai_update en sitemap.ts
/productos/libreta-everest-rpet-80-hojas-10331/,producto,last_ai_update,2026-04-22,"campo real (last_ai_update, sin usar hoy en sitemap.ts)",true,usar last_ai_update en sitemap.ts
/productos/libreta-multifuncional-rpet-bamboo-urban-business-10792/,producto,last_ai_update,2026-04-22,"campo real (last_ai_update, sin usar hoy en sitemap.ts)",true,usar last_ai_update en sitemap.ts
/productos/carpeta-folder-velvet-rpet-10793/,producto,last_ai_update,2026-04-22,"campo real (last_ai_update, sin usar hoy en sitemap.ts)",true,usar last_ai_update en sitemap.ts
/productos/libreta-velvet-rpet-10794/,producto,last_ai_update,2026-04-22,"campo real (last_ai_update, sin usar hoy en sitemap.ts)",true,usar last_ai_update en sitemap.ts
/productos/resaltador-relaxy-10838/,producto,last_ai_update,2026-04-22,"campo real (last_ai_update, sin usar hoy en sitemap.ts)",true,usar last_ai_update en sitemap.ts
/productos/portaboligrafos-konstantin-bamboo-10986/,producto,last_ai_update,2026-04-20,"campo real (last_ai_update, sin usar hoy en sitemap.ts)",true,usar last_ai_update en sitemap.ts
/productos/calendario-perpetuo-loic-bamboo-10987/,producto,last_ai_update,2026-04-22,"campo real (last_ai_update, sin usar hoy en sitemap.ts)",true,usar last_ai_update en sitemap.ts
/productos/set-romain-urban-business-10992/,producto,last_ai_update,2026-04-22,"campo real (last_ai_update, sin usar hoy en sitemap.ts)",true,usar last_ai_update en sitemap.ts
/productos/libreta-saskia-urban-business-10994/,producto,last_ai_update,2026-04-22,"campo real (last_ai_update, sin usar hoy en sitemap.ts)",true,usar last_ai_update en sitemap.ts
/productos/borrador-school-10999/,producto,last_ai_update,2026-04-22,"campo real (last_ai_update, sin usar hoy en sitemap.ts)",true,usar last_ai_update en sitemap.ts
/productos/set-cyrus-eco-11006/,producto,last_ai_update,2026-04-22,"campo real (last_ai_update, sin usar hoy en sitemap.ts)",true,usar last_ai_update en sitemap.ts
/productos/set-de-escritorio-lynx-eco-11011/,producto,last_ai_update,2026-04-22,"campo real (last_ai_update, sin usar hoy en sitemap.ts)",true,usar last_ai_update en sitemap.ts
/productos/set-de-resaltadores-perseus-11016/,producto,last_ai_update,2026-04-22,"campo real (last_ai_update, sin usar hoy en sitemap.ts)",true,usar last_ai_update en sitemap.ts
/productos/set-de-reglas-metalicas-11021/,producto,last_ai_update,2026-04-22,"campo real (last_ai_update, sin usar hoy en sitemap.ts)",true,usar last_ai_update en sitemap.ts
/productos/resaltador-round-eco-11029/,producto,last_ai_update,2026-04-22,"campo real (last_ai_update, sin usar hoy en sitemap.ts)",true,usar last_ai_update en sitemap.ts
/productos/libreta-bamboo-eco-cover-11032/,producto,last_ai_update,2026-04-20,"campo real (last_ai_update, sin usar hoy en sitemap.ts)",true,usar last_ai_update en sitemap.ts
/productos/set-aquarius-10783/,producto,last_ai_update,2026-04-22,"campo real (last_ai_update, sin usar hoy en sitemap.ts)",true,usar last_ai_update en sitemap.ts
/productos/libreta-albus-10784/,producto,last_ai_update,2026-04-22,"campo real (last_ai_update, sin usar hoy en sitemap.ts)",true,usar last_ai_update en sitemap.ts
/productos/regla-con-aluminio-30cm-11051/,producto,last_ai_update,2026-04-22,"campo real (last_ai_update, sin usar hoy en sitemap.ts)",true,usar last_ai_update en sitemap.ts
/productos/libreta-folke-eco-11060/,producto,last_ai_update,2026-04-20,"campo real (last_ai_update, sin usar hoy en sitemap.ts)",true,usar last_ai_update en sitemap.ts
/productos/set-carlson-eco-11064/,producto,last_ai_update,2026-04-22,"campo real (last_ai_update, sin usar hoy en sitemap.ts)",true,usar last_ai_update en sitemap.ts
/productos/libreta-hakan-eco-11065/,producto,last_ai_update,2026-04-22,"campo real (last_ai_update, sin usar hoy en sitemap.ts)",true,usar last_ai_update en sitemap.ts
/productos/set-de-escritorio-rolf-eco-11071/,producto,last_ai_update,2026-04-20,"campo real (last_ai_update, sin usar hoy en sitemap.ts)",true,usar last_ai_update en sitemap.ts
/productos/set-flok-urban-business-10901/,producto,last_ai_update,2026-04-20,"campo real (last_ai_update, sin usar hoy en sitemap.ts)",true,usar last_ai_update en sitemap.ts
/productos/set-henrik-urban-business-10902/,producto,last_ai_update,2026-04-22,"campo real (last_ai_update, sin usar hoy en sitemap.ts)",true,usar last_ai_update en sitemap.ts
/productos/libreta-klaus-urban-business-10903/,producto,last_ai_update,2026-04-22,"campo real (last_ai_update, sin usar hoy en sitemap.ts)",true,usar last_ai_update en sitemap.ts
/productos/memo-stickies-house-10881/,producto,last_ai_update,2026-04-22,"campo real (last_ai_update, sin usar hoy en sitemap.ts)",true,usar last_ai_update en sitemap.ts
/productos/libreta-astralis-rpet-11094/,producto,last_ai_update,2026-04-22,"campo real (last_ai_update, sin usar hoy en sitemap.ts)",true,usar last_ai_update en sitemap.ts
/productos/pila-recargable-goliath-5000mah-10639/,producto,last_ai_update,2026-04-22,"campo real (last_ai_update, sin usar hoy en sitemap.ts)",true,usar last_ai_update en sitemap.ts
/productos/mouse-pad-rpet-urban-business-10790/,producto,last_ai_update,2026-04-22,"campo real (last_ai_update, sin usar hoy en sitemap.ts)",true,usar last_ai_update en sitemap.ts
/productos/puerto-usb-orion-eco-11014/,producto,last_ai_update,2026-04-22,"campo real (last_ai_update, sin usar hoy en sitemap.ts)",true,usar last_ai_update en sitemap.ts
/productos/mouse-pad-organizer-eco-11015/,producto,last_ai_update,2026-04-22,"campo real (last_ai_update, sin usar hoy en sitemap.ts)",true,usar last_ai_update en sitemap.ts
/productos/set-de-mouse-pad-y-mouse-11018/,producto,last_ai_update,2026-04-20,"campo real (last_ai_update, sin usar hoy en sitemap.ts)",true,usar last_ai_update en sitemap.ts
/productos/cargador-inalambrico-sabik-eco-11020/,producto,last_ai_update,2026-04-22,"campo real (last_ai_update, sin usar hoy en sitemap.ts)",true,usar last_ai_update en sitemap.ts
/productos/organizador-de-cables-flex-11028/,producto,last_ai_update,2026-04-20,"campo real (last_ai_update, sin usar hoy en sitemap.ts)",true,usar last_ai_update en sitemap.ts
/productos/mouse-pad-cork-10394/,producto,last_ai_update,2026-04-22,"campo real (last_ai_update, sin usar hoy en sitemap.ts)",true,usar last_ai_update en sitemap.ts
/productos/estacion-de-trabajo-rpet-urban-business-10796/,producto,last_ai_update,2026-04-22,"campo real (last_ai_update, sin usar hoy en sitemap.ts)",true,usar last_ai_update en sitemap.ts
/productos/boligrafo-ventura-clean-set-10840/,producto,last_ai_update,2026-04-20,"campo real (last_ai_update, sin usar hoy en sitemap.ts)",true,usar last_ai_update en sitemap.ts
/productos/set-harley-10107/,producto,last_ai_update,2026-04-20,"campo real (last_ai_update, sin usar hoy en sitemap.ts)",true,usar last_ai_update en sitemap.ts
/productos/resaltador-raff-rpet-10109/,producto,last_ai_update,2026-04-22,"campo real (last_ai_update, sin usar hoy en sitemap.ts)",true,usar last_ai_update en sitemap.ts
/productos/libreta-scorpius-rpet-10271/,producto,last_ai_update,2026-04-20,"campo real (last_ai_update, sin usar hoy en sitemap.ts)",true,usar last_ai_update en sitemap.ts
/productos/libreta-atlas-rpet-10272/,producto,last_ai_update,2026-04-20,"campo real (last_ai_update, sin usar hoy en sitemap.ts)",true,usar last_ai_update en sitemap.ts
/productos/lacol-cubre-camara-9896/,producto,last_ai_update,2026-04-20,"campo real (last_ai_update, sin usar hoy en sitemap.ts)",true,usar last_ai_update en sitemap.ts
/productos/mouse-pad-minet-9900/,producto,last_ai_update,2026-04-20,"campo real (last_ai_update, sin usar hoy en sitemap.ts)",true,usar last_ai_update en sitemap.ts
/productos/mini-libreta-duo-produccion-nacional-ver-ref-bolian-6051/,producto,last_ai_update,2026-04-20,"campo real (last_ai_update, sin usar hoy en sitemap.ts)",true,usar last_ai_update en sitemap.ts
/productos/set-de-resaltadores-de-cera-trio-6524/,producto,last_ai_update,2026-04-20,"campo real (last_ai_update, sin usar hoy en sitemap.ts)",true,usar last_ai_update en sitemap.ts
/productos/resaltador-magico-en-cera-mega-5152/,producto,last_ai_update,2026-04-20,"campo real (last_ai_update, sin usar hoy en sitemap.ts)",true,usar last_ai_update en sitemap.ts
/productos/estuche-para-resaltador-magico-mega-5154/,producto,last_ai_update,2026-04-22,"campo real (last_ai_update, sin usar hoy en sitemap.ts)",true,usar last_ai_update en sitemap.ts
/productos/set-mini-resaltador-de-tinta-6594/,producto,last_ai_update,2026-04-20,"campo real (last_ai_update, sin usar hoy en sitemap.ts)",true,usar last_ai_update en sitemap.ts
/productos/estuche-rectangular-para-of-376-5886/,producto,last_ai_update,2026-04-20,"campo real (last_ai_update, sin usar hoy en sitemap.ts)",true,usar last_ai_update en sitemap.ts
/productos/estuche-jar-para-of-376-y-of-19-5885/,producto,last_ai_update,2026-04-20,"campo real (last_ai_update, sin usar hoy en sitemap.ts)",true,usar last_ai_update en sitemap.ts
/productos/set-resaltador-fingers-6707/,producto,last_ai_update,2026-04-20,"campo real (last_ai_update, sin usar hoy en sitemap.ts)",true,usar last_ai_update en sitemap.ts
/productos/marcador-borrable-3999/,producto,last_ai_update,2026-04-22,"campo real (last_ai_update, sin usar hoy en sitemap.ts)",true,usar last_ai_update en sitemap.ts
/productos/estuche-para-4-resaltadores-en-cera-adam-7493/,producto,last_ai_update,2026-04-22,"campo real (last_ai_update, sin usar hoy en sitemap.ts)",true,usar last_ai_update en sitemap.ts
/productos/libreta-newton-7485/,producto,last_ai_update,2026-04-22,"campo real (last_ai_update, sin usar hoy en sitemap.ts)",true,usar last_ai_update en sitemap.ts
/productos/mini-libreta-soker-7748/,producto,last_ai_update,2026-04-22,"campo real (last_ai_update, sin usar hoy en sitemap.ts)",true,usar last_ai_update en sitemap.ts
/productos/libreta-cedric-oferta-8474/,producto,last_ai_update,2026-04-20,"campo real (last_ai_update, sin usar hoy en sitemap.ts)",true,usar last_ai_update en sitemap.ts
/productos/mini-libreta-niccolo-8640/,producto,last_ai_update,2026-04-22,"campo real (last_ai_update, sin usar hoy en sitemap.ts)",true,usar last_ai_update en sitemap.ts
/productos/mini-libreta-neon-ii-8739/,producto,last_ai_update,2026-04-20,"campo real (last_ai_update, sin usar hoy en sitemap.ts)",true,usar last_ai_update en sitemap.ts
/productos/estuche-metalico-avalon-8400/,producto,last_ai_update,2026-04-22,"campo real (last_ai_update, sin usar hoy en sitemap.ts)",true,usar last_ai_update en sitemap.ts
/productos/libreta-british-9041/,producto,last_ai_update,2026-04-20,"campo real (last_ai_update, sin usar hoy en sitemap.ts)",true,usar last_ai_update en sitemap.ts
/productos/libreta-zipper-oferta-9062/,producto,last_ai_update,2026-04-20,"campo real (last_ai_update, sin usar hoy en sitemap.ts)",true,usar last_ai_update en sitemap.ts
/productos/buckingham-roller-9360/,producto,last_ai_update,2026-04-20,"campo real (last_ai_update, sin usar hoy en sitemap.ts)",true,usar last_ai_update en sitemap.ts
/productos/cargador-inalambrico-portadocumentos-8908/,producto,last_ai_update,2026-04-20,"campo real (last_ai_update, sin usar hoy en sitemap.ts)",true,usar last_ai_update en sitemap.ts
/productos/mouse-inalambrico-9105/,producto,last_ai_update,2026-04-20,"campo real (last_ai_update, sin usar hoy en sitemap.ts)",true,usar last_ai_update en sitemap.ts
/productos/calentador-de-mugs-usb-9328/,producto,last_ai_update,2026-04-22,"campo real (last_ai_update, sin usar hoy en sitemap.ts)",true,usar last_ai_update en sitemap.ts
/productos/maui-9248/,producto,last_ai_update,2026-04-20,"campo real (last_ai_update, sin usar hoy en sitemap.ts)",true,usar last_ai_update en sitemap.ts
/productos/soporte-metalico-para-portatil-aluminium-ii-9868/,producto,last_ai_update,2026-04-20,"campo real (last_ai_update, sin usar hoy en sitemap.ts)",true,usar last_ai_update en sitemap.ts
/productos/buckingham-boligrafo-9881/,producto,last_ai_update,2026-04-20,"campo real (last_ai_update, sin usar hoy en sitemap.ts)",true,usar last_ai_update en sitemap.ts
/productos/cargador-inalambrico-para-moviles-flat-10w-9940/,producto,last_ai_update,2026-04-22,"campo real (last_ai_update, sin usar hoy en sitemap.ts)",true,usar last_ai_update en sitemap.ts
/productos/libreta-igor-100-hojas-10198/,producto,last_ai_update,2026-04-22,"campo real (last_ai_update, sin usar hoy en sitemap.ts)",true,usar last_ai_update en sitemap.ts
/productos/mini-libreta-sevilla-100-hojas-10199/,producto,last_ai_update,2026-04-22,"campo real (last_ai_update, sin usar hoy en sitemap.ts)",true,usar last_ai_update en sitemap.ts
/productos/carpeta-folder-con-cargador-inalambrico-grimm-10115/,producto,last_ai_update,2026-04-20,"campo real (last_ai_update, sin usar hoy en sitemap.ts)",true,usar last_ai_update en sitemap.ts
/productos/libreta-multifuncional-cargador-inalambrico-grimm-10117/,producto,last_ai_update,2026-04-22,"campo real (last_ai_update, sin usar hoy en sitemap.ts)",true,usar last_ai_update en sitemap.ts
/productos/cargador-inalambrico-emmett-10128/,producto,last_ai_update,2026-04-20,"campo real (last_ai_update, sin usar hoy en sitemap.ts)",true,usar last_ai_update en sitemap.ts
/productos/soporte-metalico-premium-10131/,producto,last_ai_update,2026-04-22,"campo real (last_ai_update, sin usar hoy en sitemap.ts)",true,usar last_ai_update en sitemap.ts
/productos/soporte-para-moviles-strike-produccion-nacional-10282/,producto,last_ai_update,2026-04-20,"campo real (last_ai_update, sin usar hoy en sitemap.ts)",true,usar last_ai_update en sitemap.ts
/productos/soporte-para-moviles-handy-7550/,producto,last_ai_update,2026-04-22,"campo real (last_ai_update, sin usar hoy en sitemap.ts)",true,usar last_ai_update en sitemap.ts
/productos/portatarjetas-en-silicona-con-soporte-9377/,producto,last_ai_update,2026-04-22,"campo real (last_ai_update, sin usar hoy en sitemap.ts)",true,usar last_ai_update en sitemap.ts
/productos/portatarjetas-en-silicona-magnet-9378/,producto,last_ai_update,2026-04-20,"campo real (last_ai_update, sin usar hoy en sitemap.ts)",true,usar last_ai_update en sitemap.ts
/productos/cargador-inalambrico-credit-card-oferta-9572/,producto,last_ai_update,2026-04-20,"campo real (last_ai_update, sin usar hoy en sitemap.ts)",true,usar last_ai_update en sitemap.ts
/productos/soporte-plastico-para-portatil-ii-10280/,producto,last_ai_update,2026-04-22,"campo real (last_ai_update, sin usar hoy en sitemap.ts)",true,usar last_ai_update en sitemap.ts
/productos/cable-multicargador-bamboo-9794/,producto,last_ai_update,2026-04-22,"campo real (last_ai_update, sin usar hoy en sitemap.ts)",true,usar last_ai_update en sitemap.ts
/productos/mouse-pad-con-cargador-inalambrico-mylo-9806/,producto,last_ai_update,2026-04-20,"campo real (last_ai_update, sin usar hoy en sitemap.ts)",true,usar last_ai_update en sitemap.ts
/productos/portatarjetas-becam-9894/,producto,last_ai_update,2026-04-20,"campo real (last_ai_update, sin usar hoy en sitemap.ts)",true,usar last_ai_update en sitemap.ts
/productos/portatarjetas-en-lycra-9910/,producto,last_ai_update,2026-04-22,"campo real (last_ai_update, sin usar hoy en sitemap.ts)",true,usar last_ai_update en sitemap.ts
/productos/puerto-usb-gyro-oferta-9977/,producto,last_ai_update,2026-04-22,"campo real (last_ai_update, sin usar hoy en sitemap.ts)",true,usar last_ai_update en sitemap.ts
/productos/cargador-inalambrico-collin-10136/,producto,last_ai_update,2026-04-22,"campo real (last_ai_update, sin usar hoy en sitemap.ts)",true,usar last_ai_update en sitemap.ts
/productos/soporte-para-moviles-miller-10140/,producto,last_ai_update,2026-04-22,"campo real (last_ai_update, sin usar hoy en sitemap.ts)",true,usar last_ai_update en sitemap.ts
/productos/portatarjetas-adhesivo-con-boligrafo-oferta-10146/,producto,last_ai_update,2026-04-22,"campo real (last_ai_update, sin usar hoy en sitemap.ts)",true,usar last_ai_update en sitemap.ts
/productos/audifonos-bluetooth-polka-oferta-10147/,producto,last_ai_update,2026-04-22,"campo real (last_ai_update, sin usar hoy en sitemap.ts)",true,usar last_ai_update en sitemap.ts
/productos/gemini-roller-10304/,producto,last_ai_update,2026-04-20,"campo real (last_ai_update, sin usar hoy en sitemap.ts)",true,usar last_ai_update en sitemap.ts
/productos/organizador-de-escritorio-3-1-rpet-10493/,producto,last_ai_update,2026-04-20,"campo real (last_ai_update, sin usar hoy en sitemap.ts)",true,usar last_ai_update en sitemap.ts
/productos/cubre-camara-eco-clip-10486/,producto,last_ai_update,2026-04-20,"campo real (last_ai_update, sin usar hoy en sitemap.ts)",true,usar last_ai_update en sitemap.ts
/productos/puerto-usb-bamboo-spirit-10311/,producto,last_ai_update,2026-04-20,"campo real (last_ai_update, sin usar hoy en sitemap.ts)",true,usar last_ai_update en sitemap.ts
/productos/soporte-para-moviles-deluxe-10527/,producto,last_ai_update,2026-04-20,"campo real (last_ai_update, sin usar hoy en sitemap.ts)",true,usar last_ai_update en sitemap.ts
/productos/soporte-para-moviles-gyro-10526/,producto,last_ai_update,2026-04-20,"campo real (last_ai_update, sin usar hoy en sitemap.ts)",true,usar last_ai_update en sitemap.ts
/productos/set-de-libreta-y-boligrafo-2-1-rpet-10330/,producto,last_ai_update,2026-04-22,"campo real (last_ai_update, sin usar hoy en sitemap.ts)",true,usar last_ai_update en sitemap.ts
/productos/portaidentificador-de-carnet-con-metro-10624/,producto,last_ai_update,2026-04-20,"campo real (last_ai_update, sin usar hoy en sitemap.ts)",true,usar last_ai_update en sitemap.ts
/productos/audifonos-bluetooth-vibe-boompods-10883/,producto,last_ai_update,2026-04-20,"campo real (last_ai_update, sin usar hoy en sitemap.ts)",true,usar last_ai_update en sitemap.ts
/productos/audifonos-bluetooth-sportpods-boompods-10884/,producto,last_ai_update,2026-04-22,"campo real (last_ai_update, sin usar hoy en sitemap.ts)",true,usar last_ai_update en sitemap.ts
/productos/speaker-bluetooth-beach-boompods-10885/,producto,last_ai_update,2026-04-22,"campo real (last_ai_update, sin usar hoy en sitemap.ts)",true,usar last_ai_update en sitemap.ts
/productos/reloj-inteligente-korbin-plus-10353/,producto,last_ai_update,2026-04-20,"campo real (last_ai_update, sin usar hoy en sitemap.ts)",true,usar last_ai_update en sitemap.ts
/productos/pila-recargable-con-cargador-inalambrico-4000mah-10532/,producto,last_ai_update,2026-04-20,"campo real (last_ai_update, sin usar hoy en sitemap.ts)",true,usar last_ai_update en sitemap.ts
/productos/speaker-bluetooth-waterproof-ii-10645/,producto,last_ai_update,2026-04-20,"campo real (last_ai_update, sin usar hoy en sitemap.ts)",true,usar last_ai_update en sitemap.ts
/productos/pila-recargable-en-bamboo-nipax-5000mah-ii-10648/,producto,last_ai_update,2026-04-22,"campo real (last_ai_update, sin usar hoy en sitemap.ts)",true,usar last_ai_update en sitemap.ts
/productos/soporte-para-moviles-alarik-ii-10277/,producto,last_ai_update,2026-04-20,"campo real (last_ai_update, sin usar hoy en sitemap.ts)",true,usar last_ai_update en sitemap.ts
/productos/speaker-bluetooth-bentley-10351/,producto,last_ai_update,2026-04-22,"campo real (last_ai_update, sin usar hoy en sitemap.ts)",true,usar last_ai_update en sitemap.ts
/productos/speaker-bluetooth-callum-10386/,producto,last_ai_update,2026-04-22,"campo real (last_ai_update, sin usar hoy en sitemap.ts)",true,usar last_ai_update en sitemap.ts
/productos/speaker-bluetooth-dallas-10385/,producto,last_ai_update,2026-04-22,"campo real (last_ai_update, sin usar hoy en sitemap.ts)",true,usar last_ai_update en sitemap.ts
/productos/cargador-inalambrico-magnet-oferta-10482/,producto,last_ai_update,2026-04-22,"campo real (last_ai_update, sin usar hoy en sitemap.ts)",true,usar last_ai_update en sitemap.ts
/productos/soporte-para-moviles-scully-10539/,producto,last_ai_update,2026-04-22,"campo real (last_ai_update, sin usar hoy en sitemap.ts)",true,usar last_ai_update en sitemap.ts
/productos/speaker-bluetooth-owen-urban-travel-10476/,producto,last_ai_update,2026-04-22,"campo real (last_ai_update, sin usar hoy en sitemap.ts)",true,usar last_ai_update en sitemap.ts
/productos/cargador-para-carro-dino-10460/,producto,last_ai_update,2026-04-22,"campo real (last_ai_update, sin usar hoy en sitemap.ts)",true,usar last_ai_update en sitemap.ts
/productos/puerto-usb-6-1-10471/,producto,last_ai_update,2026-04-22,"campo real (last_ai_update, sin usar hoy en sitemap.ts)",true,usar last_ai_update en sitemap.ts
/productos/soporte-para-moviles-mirror-10649/,producto,last_ai_update,2026-04-22,"campo real (last_ai_update, sin usar hoy en sitemap.ts)",true,usar last_ai_update en sitemap.ts
/productos/ventilador-tipo-c-10705/,producto,last_ai_update,2026-04-22,"campo real (last_ai_update, sin usar hoy en sitemap.ts)",true,usar last_ai_update en sitemap.ts
/productos/speaker-bluetooth-groovy-urban-travel-10917/,producto,last_ai_update,2026-04-22,"campo real (last_ai_update, sin usar hoy en sitemap.ts)",true,usar last_ai_update en sitemap.ts
/productos/speaker-bluetooth-vortex-10918/,producto,last_ai_update,2026-04-22,"campo real (last_ai_update, sin usar hoy en sitemap.ts)",true,usar last_ai_update en sitemap.ts
/productos/pila-recargable-flashlight-5000-mah-10826/,producto,last_ai_update,2026-04-22,"campo real (last_ai_update, sin usar hoy en sitemap.ts)",true,usar last_ai_update en sitemap.ts
/productos/soporte-metalico-atlas-eco-10740/,producto,last_ai_update,2026-04-20,"campo real (last_ai_update, sin usar hoy en sitemap.ts)",true,usar last_ai_update en sitemap.ts
/productos/puerto-usb-dante-eco-10741/,producto,last_ai_update,2026-04-22,"campo real (last_ai_update, sin usar hoy en sitemap.ts)",true,usar last_ai_update en sitemap.ts
/productos/puerto-usb-casiuss-eco-10744/,producto,last_ai_update,2026-04-22,"campo real (last_ai_update, sin usar hoy en sitemap.ts)",true,usar last_ai_update en sitemap.ts
/productos/cargador-inalambrico-con-tablero-eco-10745/,producto,last_ai_update,2026-04-22,"campo real (last_ai_update, sin usar hoy en sitemap.ts)",true,usar last_ai_update en sitemap.ts
/productos/cargador-para-carro-eco-10747/,producto,last_ai_update,2026-04-20,"campo real (last_ai_update, sin usar hoy en sitemap.ts)",true,usar last_ai_update en sitemap.ts
/productos/speaker-bluetooth-twin-karaoke-10976/,producto,last_ai_update,2026-04-22,"campo real (last_ai_update, sin usar hoy en sitemap.ts)",true,usar last_ai_update en sitemap.ts
/productos/cable-multicargador-lorcan-10977/,producto,last_ai_update,2026-04-22,"campo real (last_ai_update, sin usar hoy en sitemap.ts)",true,usar last_ai_update en sitemap.ts
/productos/cargador-inalambrico-en-aluminio-reciclado-10812/,producto,last_ai_update,2026-04-22,"campo real (last_ai_update, sin usar hoy en sitemap.ts)",true,usar last_ai_update en sitemap.ts
/productos/cargador-inalambrico-warmer-10875/,producto,last_ai_update,2026-04-22,"campo real (last_ai_update, sin usar hoy en sitemap.ts)",true,usar last_ai_update en sitemap.ts
/productos/puerto-usb-hero-10876/,producto,last_ai_update,2026-04-20,"campo real (last_ai_update, sin usar hoy en sitemap.ts)",true,usar last_ai_update en sitemap.ts
/productos/puerto-usb-julius-10877/,producto,last_ai_update,2026-04-22,"campo real (last_ai_update, sin usar hoy en sitemap.ts)",true,usar last_ai_update en sitemap.ts
/productos/cable-multicargador-kornell-10878/,producto,last_ai_update,2026-04-22,"campo real (last_ai_update, sin usar hoy en sitemap.ts)",true,usar last_ai_update en sitemap.ts
/productos/cargador-inalambrico-lavinia-10879/,producto,last_ai_update,2026-04-22,"campo real (last_ai_update, sin usar hoy en sitemap.ts)",true,usar last_ai_update en sitemap.ts
/productos/audifonos-bluetooth-osmin-10897/,producto,last_ai_update,2026-04-22,"campo real (last_ai_update, sin usar hoy en sitemap.ts)",true,usar last_ai_update en sitemap.ts
/productos/cable-multicargador-steffen-10898/,producto,last_ai_update,2026-04-22,"campo real (last_ai_update, sin usar hoy en sitemap.ts)",true,usar last_ai_update en sitemap.ts
/productos/pila-recargable-olympus-10000mah-10908/,producto,last_ai_update,2026-04-22,"campo real (last_ai_update, sin usar hoy en sitemap.ts)",true,usar last_ai_update en sitemap.ts
/productos/pila-recargable-majestic-5000mah-10909/,producto,last_ai_update,2026-04-22,"campo real (last_ai_update, sin usar hoy en sitemap.ts)",true,usar last_ai_update en sitemap.ts
/productos/set-de-viaje-kinetik-10942/,producto,last_ai_update,2026-04-22,"campo real (last_ai_update, sin usar hoy en sitemap.ts)",true,usar last_ai_update en sitemap.ts
/productos/reloj-inteligente-timothy-ii-13168/,producto,last_ai_update,2026-04-20,"campo real (last_ai_update, sin usar hoy en sitemap.ts)",true,usar last_ai_update en sitemap.ts
/productos/speaker-bluetooth-artix-ii-10220/,producto,last_ai_update,2026-04-20,"campo real (last_ai_update, sin usar hoy en sitemap.ts)",true,usar last_ai_update en sitemap.ts
/productos/set-de-limpieza-tech-10156/,producto,last_ai_update,2026-04-20,"campo real (last_ai_update, sin usar hoy en sitemap.ts)",true,usar last_ai_update en sitemap.ts
/productos/mini-set-de-limpieza-tech-10161/,producto,last_ai_update,2026-04-20,"campo real (last_ai_update, sin usar hoy en sitemap.ts)",true,usar last_ai_update en sitemap.ts
/productos/organizador-multiusos-con-esterilizador-uvc-led-oferta-9494/,producto,last_ai_update,2026-04-22,"campo real (last_ai_update, sin usar hoy en sitemap.ts)",true,usar last_ai_update en sitemap.ts
/productos/cargador-inalambrico-bamboo-square-ii-13191/,producto,last_ai_update,2026-04-20,"campo real (last_ai_update, sin usar hoy en sitemap.ts)",true,usar last_ai_update en sitemap.ts
/productos/bolsa-en-algodon-botanik-100gr-10690/,producto,last_ai_update,2026-04-22,"campo real (last_ai_update, sin usar hoy en sitemap.ts)",true,usar last_ai_update en sitemap.ts
/productos/bolsa-en-algodon-con-fuelle-100gr-10691/,producto,last_ai_update,2026-04-22,"campo real (last_ai_update, sin usar hoy en sitemap.ts)",true,usar last_ai_update en sitemap.ts
/productos/cartoon-3010/,producto,last_ai_update,2026-04-22,"campo real (last_ai_update, sin usar hoy en sitemap.ts)",true,usar last_ai_update en sitemap.ts
/productos/ecologik-8231/,producto,last_ai_update,2026-04-22,"campo real (last_ai_update, sin usar hoy en sitemap.ts)",true,usar last_ai_update en sitemap.ts
/productos/reloj-led-bamboo-9721/,producto,last_ai_update,2026-04-22,"campo real (last_ai_update, sin usar hoy en sitemap.ts)",true,usar last_ai_update en sitemap.ts
/productos/bolsa-en-algodon-con-fuelle-135gr-7568/,producto,last_ai_update,2026-04-22,"campo real (last_ai_update, sin usar hoy en sitemap.ts)",true,usar last_ai_update en sitemap.ts
/productos/morral-backpack-telesto-rpet-10414/,producto,last_ai_update,2026-04-22,"campo real (last_ai_update, sin usar hoy en sitemap.ts)",true,usar last_ai_update en sitemap.ts
/productos/portadocumentos-de-viaje-y-de-cables-rpet-10420/,producto,last_ai_update,2026-04-20,"campo real (last_ai_update, sin usar hoy en sitemap.ts)",true,usar last_ai_update en sitemap.ts
/productos/organizador-de-viaje-tango-rpet-10421/,producto,last_ai_update,2026-04-22,"campo real (last_ai_update, sin usar hoy en sitemap.ts)",true,usar last_ai_update en sitemap.ts
/productos/bolsa-holt-eco-120gr-10422/,producto,last_ai_update,2026-04-22,"campo real (last_ai_update, sin usar hoy en sitemap.ts)",true,usar last_ai_update en sitemap.ts
/productos/morral-backpack-prince-urban-travel-10548/,producto,last_ai_update,2026-04-22,"campo real (last_ai_update, sin usar hoy en sitemap.ts)",true,usar last_ai_update en sitemap.ts
/productos/morral-backpack-genesis-urban-travel-10549/,producto,last_ai_update,2026-04-20,"campo real (last_ai_update, sin usar hoy en sitemap.ts)",true,usar last_ai_update en sitemap.ts
/productos/bolsa-plastica-ruffus-10584/,producto,last_ai_update,2026-04-22,"campo real (last_ai_update, sin usar hoy en sitemap.ts)",true,usar last_ai_update en sitemap.ts
/productos/morral-backpack-river-10363/,producto,last_ai_update,2026-04-22,"campo real (last_ai_update, sin usar hoy en sitemap.ts)",true,usar last_ai_update en sitemap.ts
/productos/morral-backpack-chest-10370/,producto,last_ai_update,2026-04-22,"campo real (last_ai_update, sin usar hoy en sitemap.ts)",true,usar last_ai_update en sitemap.ts
/productos/nevera-cooler-ginko-10371/,producto,last_ai_update,2026-04-22,"campo real (last_ai_update, sin usar hoy en sitemap.ts)",true,usar last_ai_update en sitemap.ts
/productos/bolsa-en-algodon-shopper-290gr-10367/,producto,last_ai_update,2026-04-22,"campo real (last_ai_update, sin usar hoy en sitemap.ts)",true,usar last_ai_update en sitemap.ts
/productos/estuche-baloo-10372/,producto,last_ai_update,2026-04-22,"campo real (last_ai_update, sin usar hoy en sitemap.ts)",true,usar last_ai_update en sitemap.ts
/productos/organizador-de-viaje-artemis-10376/,producto,last_ai_update,2026-04-20,"campo real (last_ai_update, sin usar hoy en sitemap.ts)",true,usar last_ai_update en sitemap.ts
/productos/organizador-de-viaje-venus-10574/,producto,last_ai_update,2026-04-22,"campo real (last_ai_update, sin usar hoy en sitemap.ts)",true,usar last_ai_update en sitemap.ts
/productos/bolsa-compacta-cliff-10576/,producto,last_ai_update,2026-04-22,"campo real (last_ai_update, sin usar hoy en sitemap.ts)",true,usar last_ai_update en sitemap.ts
/productos/morral-backpack-doom-10332/,producto,last_ai_update,2026-04-22,"campo real (last_ai_update, sin usar hoy en sitemap.ts)",true,usar last_ai_update en sitemap.ts
/productos/morral-backpack-kallisto-10787/,producto,last_ai_update,2026-04-22,"campo real (last_ai_update, sin usar hoy en sitemap.ts)",true,usar last_ai_update en sitemap.ts
/productos/morral-backpack-antirrobo-sencillo-armor-ii-10564/,producto,last_ai_update,2026-04-20,"campo real (last_ai_update, sin usar hoy en sitemap.ts)",true,usar last_ai_update en sitemap.ts
/productos/morral-backpack-tripp-ii-10565/,producto,last_ai_update,2026-04-22,"campo real (last_ai_update, sin usar hoy en sitemap.ts)",true,usar last_ai_update en sitemap.ts
/productos/organizador-de-viaje-nova-urban-travel-9817/,producto,last_ai_update,2026-04-22,"campo real (last_ai_update, sin usar hoy en sitemap.ts)",true,usar last_ai_update en sitemap.ts
/productos/cosmetiquera-judy-produccion-nacional-9825/,producto,last_ai_update,2026-04-22,"campo real (last_ai_update, sin usar hoy en sitemap.ts)",true,usar last_ai_update en sitemap.ts
/productos/maletin-avenue-oferta-6161/,producto,last_ai_update,2026-04-22,"campo real (last_ai_update, sin usar hoy en sitemap.ts)",true,usar last_ai_update en sitemap.ts
/productos/bolsa-clear-trenza-con-ribete-produccion-nacional-6463/,producto,last_ai_update,2026-04-22,"campo real (last_ai_update, sin usar hoy en sitemap.ts)",true,usar last_ai_update en sitemap.ts
/productos/bolsa-clear-zuzy-con-ribete-produccion-nacional-6460/,producto,last_ai_update,2026-04-22,"campo real (last_ai_update, sin usar hoy en sitemap.ts)",true,usar last_ai_update en sitemap.ts
/productos/morral-backpack-denim-7600/,producto,last_ai_update,2026-05-31,"campo real (last_ai_update, sin usar hoy en sitemap.ts)",true,usar last_ai_update en sitemap.ts
/productos/morral-backpack-plegable-venecia-9157/,producto,last_ai_update,2026-04-22,"campo real (last_ai_update, sin usar hoy en sitemap.ts)",true,usar last_ai_update en sitemap.ts
/productos/nevera-cooler-bag-neopreno-9311/,producto,last_ai_update,2026-04-22,"campo real (last_ai_update, sin usar hoy en sitemap.ts)",true,usar last_ai_update en sitemap.ts
/productos/nevera-cooler-joplin-9068/,producto,last_ai_update,2026-04-22,"campo real (last_ai_update, sin usar hoy en sitemap.ts)",true,usar last_ai_update en sitemap.ts
/productos/morral-backpack-antirrobo-security-9601/,producto,last_ai_update,2026-04-20,"campo real (last_ai_update, sin usar hoy en sitemap.ts)",true,usar last_ai_update en sitemap.ts
/productos/organizador-de-viaje-darwin-9826/,producto,last_ai_update,2026-04-22,"campo real (last_ai_update, sin usar hoy en sitemap.ts)",true,usar last_ai_update en sitemap.ts
/productos/bolsa-en-cambrel-shopper-9960/,producto,last_ai_update,2026-04-22,"campo real (last_ai_update, sin usar hoy en sitemap.ts)",true,usar last_ai_update en sitemap.ts
/productos/manos-libres-lakey-urban-travel-10167/,producto,last_ai_update,2026-04-22,"campo real (last_ai_update, sin usar hoy en sitemap.ts)",true,usar last_ai_update en sitemap.ts
/productos/sporty-bag-evan-10155/,producto,last_ai_update,2026-04-22,"campo real (last_ai_update, sin usar hoy en sitemap.ts)",true,usar last_ai_update en sitemap.ts
/productos/nevera-cooler-caspian-10175/,producto,last_ai_update,2026-04-22,"campo real (last_ai_update, sin usar hoy en sitemap.ts)",true,usar last_ai_update en sitemap.ts
/productos/nevera-cooler-bishop-10185/,producto,last_ai_update,2026-04-22,"campo real (last_ai_update, sin usar hoy en sitemap.ts)",true,usar last_ai_update en sitemap.ts
/productos/nevera-cooler-strap-10189/,producto,last_ai_update,2026-04-22,"campo real (last_ai_update, sin usar hoy en sitemap.ts)",true,usar last_ai_update en sitemap.ts
/productos/nevera-cooler-cody-10193/,producto,last_ai_update,2026-04-20,"campo real (last_ai_update, sin usar hoy en sitemap.ts)",true,usar last_ai_update en sitemap.ts
/productos/organizador-de-viaje-merrick-10184/,producto,last_ai_update,2026-04-22,"campo real (last_ai_update, sin usar hoy en sitemap.ts)",true,usar last_ai_update en sitemap.ts
/productos/funda-portalaptop-rpet-10173/,producto,last_ai_update,2026-04-22,"campo real (last_ai_update, sin usar hoy en sitemap.ts)",true,usar last_ai_update en sitemap.ts
/productos/maletin-portadocumentos-king-10171/,producto,last_ai_update,2026-04-22,"campo real (last_ai_update, sin usar hoy en sitemap.ts)",true,usar last_ai_update en sitemap.ts
/productos/morral-backpack-asher-rpet-10174/,producto,last_ai_update,2026-04-22,"campo real (last_ai_update, sin usar hoy en sitemap.ts)",true,usar last_ai_update en sitemap.ts
/productos/morral-backpack-padrax-oferta-10170/,producto,last_ai_update,2026-04-22,"campo real (last_ai_update, sin usar hoy en sitemap.ts)",true,usar last_ai_update en sitemap.ts
/productos/bolsa-graham-ii-13172/,producto,last_ai_update,2026-04-22,"campo real (last_ai_update, sin usar hoy en sitemap.ts)",true,usar last_ai_update en sitemap.ts
/productos/sporty-bag-cotton-180gr-ii-11039/,producto,last_ai_update,2026-04-22,"campo real (last_ai_update, sin usar hoy en sitemap.ts)",true,usar last_ai_update en sitemap.ts
/productos/morral-backpack-gripper-11045/,producto,last_ai_update,2026-04-20,"campo real (last_ai_update, sin usar hoy en sitemap.ts)",true,usar last_ai_update en sitemap.ts
/productos/botilito-plastico-santino-650ml-oferta-9774/,producto,last_ai_update,2026-07-10,"campo real (last_ai_update, sin usar hoy en sitemap.ts)",true,usar last_ai_update en sitemap.ts
/productos/botilito-plastico-frontier-petg-610ml-10700/,producto,last_ai_update,2026-07-10,"campo real (last_ai_update, sin usar hoy en sitemap.ts)",true,usar last_ai_update en sitemap.ts
/productos/botilito-metalico-marcello-800ml-10390/,producto,last_ai_update,2026-07-10,"campo real (last_ai_update, sin usar hoy en sitemap.ts)",true,usar last_ai_update en sitemap.ts
/productos/mug-metalico-troy-300ml-10341/,producto,last_ai_update,2026-04-20,"campo real (last_ai_update, sin usar hoy en sitemap.ts)",true,usar last_ai_update en sitemap.ts
/productos/botilito-metalico-lewis-urban-travel-500ml-10342/,producto,last_ai_update,2026-07-10,"campo real (last_ai_update, sin usar hoy en sitemap.ts)",true,usar last_ai_update en sitemap.ts
/productos/mug-metalico-magnus-urban-travel-400ml-10506/,producto,last_ai_update,2026-04-22,"campo real (last_ai_update, sin usar hoy en sitemap.ts)",true,usar last_ai_update en sitemap.ts
/productos/botilito-metalico-legacy-530ml-10512/,producto,last_ai_update,2026-07-10,"campo real (last_ai_update, sin usar hoy en sitemap.ts)",true,usar last_ai_update en sitemap.ts
/productos/botilito-metalico-dash-950ml-10501/,producto,last_ai_update,2026-07-10,"campo real (last_ai_update, sin usar hoy en sitemap.ts)",true,usar last_ai_update en sitemap.ts
/productos/mug-metalico-harlem-350ml-10504/,producto,last_ai_update,2026-04-22,"campo real (last_ai_update, sin usar hoy en sitemap.ts)",true,usar last_ai_update en sitemap.ts
/productos/termo-metalico-calypso-chili-750ml-10518/,producto,last_ai_update,2026-07-10,"campo real (last_ai_update, sin usar hoy en sitemap.ts)",true,usar last_ai_update en sitemap.ts
/productos/mug-metalico-calypso-chili-500ml-10521/,producto,last_ai_update,2026-04-22,"campo real (last_ai_update, sin usar hoy en sitemap.ts)",true,usar last_ai_update en sitemap.ts
/productos/mug-compacto-350ml-10568/,producto,last_ai_update,2026-04-20,"campo real (last_ai_update, sin usar hoy en sitemap.ts)",true,usar last_ai_update en sitemap.ts
/productos/mug-metalico-chester-880ml-10455/,producto,last_ai_update,2026-04-22,"campo real (last_ai_update, sin usar hoy en sitemap.ts)",true,usar last_ai_update en sitemap.ts
/productos/botilito-plastico-bacchus-pet-1000ml-10562/,producto,last_ai_update,2026-07-10,"campo real (last_ai_update, sin usar hoy en sitemap.ts)",true,usar last_ai_update en sitemap.ts
/productos/mug-plastico-pacific-450ml-oferta-10581/,producto,last_ai_update,2026-04-22,"campo real (last_ai_update, sin usar hoy en sitemap.ts)",true,usar last_ai_update en sitemap.ts
/productos/botilito-plastico-wonder-700ml-produccion-nacional-10688/,producto,last_ai_update,2026-07-10,"campo real (last_ai_update, sin usar hoy en sitemap.ts)",true,usar last_ai_update en sitemap.ts
/productos/botilito-plastico-shams-rpet-600ml-10785/,producto,last_ai_update,2026-07-10,"campo real (last_ai_update, sin usar hoy en sitemap.ts)",true,usar last_ai_update en sitemap.ts
/productos/mug-metalico-torval-urban-travel-400ml-11053/,producto,last_ai_update,2026-04-20,"campo real (last_ai_update, sin usar hoy en sitemap.ts)",true,usar last_ai_update en sitemap.ts
/productos/tapa-cupula-double-10631/,producto,last_ai_update,2026-04-20,"campo real (last_ai_update, sin usar hoy en sitemap.ts)",true,usar last_ai_update en sitemap.ts
/productos/tapa-pestana-window-10632/,producto,last_ai_update,2026-04-22,"campo real (last_ai_update, sin usar hoy en sitemap.ts)",true,usar last_ai_update en sitemap.ts
/productos/tapa-holdy-10615/,producto,last_ai_update,2026-04-22,"campo real (last_ai_update, sin usar hoy en sitemap.ts)",true,usar last_ai_update en sitemap.ts
/productos/botilito-metalico-dakota-650ml-10083/,producto,last_ai_update,2026-07-10,"campo real (last_ai_update, sin usar hoy en sitemap.ts)",true,usar last_ai_update en sitemap.ts
/productos/botilito-plastico-sterling-700ml-10084/,producto,last_ai_update,2026-07-10,"campo real (last_ai_update, sin usar hoy en sitemap.ts)",true,usar last_ai_update en sitemap.ts
/productos/mug-metalico-con-pitillo-600ml-10092/,producto,last_ai_update,2026-05-31,"campo real (last_ai_update, sin usar hoy en sitemap.ts)",true,usar last_ai_update en sitemap.ts
/productos/botilito-metalico-artemis-800ml-10306/,producto,last_ai_update,2026-07-10,"campo real (last_ai_update, sin usar hoy en sitemap.ts)",true,usar last_ai_update en sitemap.ts
/productos/botilito-en-pvc-helice-760ml-produccion-nacional-5741/,producto,last_ai_update,2026-07-10,"campo real (last_ai_update, sin usar hoy en sitemap.ts)",true,usar last_ai_update en sitemap.ts
/productos/botilito-sport-650ml-produccion-nacional-4083/,producto,last_ai_update,2026-07-10,"campo real (last_ai_update, sin usar hoy en sitemap.ts)",true,usar last_ai_update en sitemap.ts
/productos/tapa-en-silicona-para-mug-orbit-5893/,producto,last_ai_update,2026-04-22,"campo real (last_ai_update, sin usar hoy en sitemap.ts)",true,usar last_ai_update en sitemap.ts
/productos/tapa-pestana-para-botilito-mu-07-mu-59-4087/,producto,last_ai_update,2026-07-10,"campo real (last_ai_update, sin usar hoy en sitemap.ts)",true,usar last_ai_update en sitemap.ts
/productos/tapa-botilito-igloo-energy-2381/,producto,last_ai_update,2026-07-10,"campo real (last_ai_update, sin usar hoy en sitemap.ts)",true,usar last_ai_update en sitemap.ts
/productos/botilito-supra-en-pet-600ml-produccion-nacional-6706/,producto,last_ai_update,2026-07-10,"campo real (last_ai_update, sin usar hoy en sitemap.ts)",true,usar last_ai_update en sitemap.ts
/productos/botilito-para-mascotas-580ml-8867/,producto,last_ai_update,2026-07-10,"campo real (last_ai_update, sin usar hoy en sitemap.ts)",true,usar last_ai_update en sitemap.ts
/productos/botilito-plastico-cork-650ml-oferta-9012/,producto,last_ai_update,2026-07-10,"campo real (last_ai_update, sin usar hoy en sitemap.ts)",true,usar last_ai_update en sitemap.ts
/productos/botilito-en-pet-leroy-800ml-produccion-nacional-9355/,producto,last_ai_update,2026-07-10,"campo real (last_ai_update, sin usar hoy en sitemap.ts)",true,usar last_ai_update en sitemap.ts
/productos/tapa-chupo-lisa-produccion-nacional-9394/,producto,last_ai_update,2026-04-22,"campo real (last_ai_update, sin usar hoy en sitemap.ts)",true,usar last_ai_update en sitemap.ts
/productos/tapa-para-botilito-supra-mu-90-y-mu-253-maxi-supra-6988/,producto,last_ai_update,2026-07-10,"campo real (last_ai_update, sin usar hoy en sitemap.ts)",true,usar last_ai_update en sitemap.ts
/productos/botilito-plastico-alepy-petg-750ml-oferta-9557/,producto,last_ai_update,2026-07-10,"campo real (last_ai_update, sin usar hoy en sitemap.ts)",true,usar last_ai_update en sitemap.ts
/productos/botilito-plastico-nomix-petg-750ml-oferta-9558/,producto,last_ai_update,2026-07-10,"campo real (last_ai_update, sin usar hoy en sitemap.ts)",true,usar last_ai_update en sitemap.ts
/productos/mug-metalico-koen-urban-travel-600ml-10500/,producto,last_ai_update,2026-04-22,"campo real (last_ai_update, sin usar hoy en sitemap.ts)",true,usar last_ai_update en sitemap.ts
/productos/mug-metalico-wilem-380ml-ii-10621/,producto,last_ai_update,2026-04-22,"campo real (last_ai_update, sin usar hoy en sitemap.ts)",true,usar last_ai_update en sitemap.ts
/productos/boligrafo-aldrich-metalizado-10664/,producto,last_ai_update,2026-04-22,"campo real (last_ai_update, sin usar hoy en sitemap.ts)",true,usar last_ai_update en sitemap.ts
/productos/boligrafo-aldrich-solido-10663/,producto,last_ai_update,2026-04-22,"campo real (last_ai_update, sin usar hoy en sitemap.ts)",true,usar last_ai_update en sitemap.ts
/productos/boligrafo-baniri-bamboo-10658/,producto,last_ai_update,2026-04-22,"campo real (last_ai_update, sin usar hoy en sitemap.ts)",true,usar last_ai_update en sitemap.ts
/productos/boligrafo-jeringa-2441/,producto,last_ai_update,2026-04-22,"campo real (last_ai_update, sin usar hoy en sitemap.ts)",true,usar last_ai_update en sitemap.ts
/productos/boligrafo-calvin-10498/,producto,last_ai_update,2026-04-22,"campo real (last_ai_update, sin usar hoy en sitemap.ts)",true,usar last_ai_update en sitemap.ts
/productos/boligrafo-helmet-10666/,producto,last_ai_update,2026-04-22,"campo real (last_ai_update, sin usar hoy en sitemap.ts)",true,usar last_ai_update en sitemap.ts
/productos/boligrafo-kent-10657/,producto,last_ai_update,2026-04-22,"campo real (last_ai_update, sin usar hoy en sitemap.ts)",true,usar last_ai_update en sitemap.ts
/productos/boligrafo-landon-10662/,producto,last_ai_update,2026-04-22,"campo real (last_ai_update, sin usar hoy en sitemap.ts)",true,usar last_ai_update en sitemap.ts
/productos/boligrafo-luana-10661/,producto,last_ai_update,2026-04-22,"campo real (last_ai_update, sin usar hoy en sitemap.ts)",true,usar last_ai_update en sitemap.ts
/productos/boligrafo-ziwei-bamboo-10659/,producto,last_ai_update,2026-05-31,"campo real (last_ai_update, sin usar hoy en sitemap.ts)",true,usar last_ai_update en sitemap.ts
/productos/boligrafo-funk-10016/,producto,last_ai_update,2026-04-22,"campo real (last_ai_update, sin usar hoy en sitemap.ts)",true,usar last_ai_update en sitemap.ts
/productos/boligrafo-jovi-metalizado-10022/,producto,last_ai_update,2026-04-22,"campo real (last_ai_update, sin usar hoy en sitemap.ts)",true,usar last_ai_update en sitemap.ts
/productos/korn-roller-10023/,producto,last_ai_update,2026-04-22,"campo real (last_ai_update, sin usar hoy en sitemap.ts)",true,usar last_ai_update en sitemap.ts
/productos/boligrafo-lizzy-10026/,producto,last_ai_update,2026-04-22,"campo real (last_ai_update, sin usar hoy en sitemap.ts)",true,usar last_ai_update en sitemap.ts
/productos/boligrafo-maddax-gel-10028/,producto,last_ai_update,2026-04-22,"campo real (last_ai_update, sin usar hoy en sitemap.ts)",true,usar last_ai_update en sitemap.ts
/productos/boligrafo-ralph-10032/,producto,last_ai_update,2026-04-22,"campo real (last_ai_update, sin usar hoy en sitemap.ts)",true,usar last_ai_update en sitemap.ts
/productos/boligrafo-rapid-gel-10033/,producto,last_ai_update,2026-04-22,"campo real (last_ai_update, sin usar hoy en sitemap.ts)",true,usar last_ai_update en sitemap.ts
/productos/boligrafo-selva-metalizado-10036/,producto,last_ai_update,2026-04-22,"campo real (last_ai_update, sin usar hoy en sitemap.ts)",true,usar last_ai_update en sitemap.ts
/productos/boligrafo-selva-pastel-10037/,producto,last_ai_update,2026-04-22,"campo real (last_ai_update, sin usar hoy en sitemap.ts)",true,usar last_ai_update en sitemap.ts
/productos/nolton-5184/,producto,last_ai_update,2026-04-22,"campo real (last_ai_update, sin usar hoy en sitemap.ts)",true,usar last_ai_update en sitemap.ts
/productos/aria-5646/,producto,last_ai_update,2026-05-31,"campo real (last_ai_update, sin usar hoy en sitemap.ts)",true,usar last_ai_update en sitemap.ts
/productos/summit-3018/,producto,last_ai_update,2026-04-22,"campo real (last_ai_update, sin usar hoy en sitemap.ts)",true,usar last_ai_update en sitemap.ts
/productos/woody-3690/,producto,last_ai_update,2026-04-22,"campo real (last_ai_update, sin usar hoy en sitemap.ts)",true,usar last_ai_update en sitemap.ts
/productos/dwyn-metalico-6584/,producto,last_ai_update,2026-04-22,"campo real (last_ai_update, sin usar hoy en sitemap.ts)",true,usar last_ai_update en sitemap.ts
/productos/loman-roller-pen-ver-mina-roller-europea-o-china-5186/,producto,last_ai_update,2026-04-22,"campo real (last_ai_update, sin usar hoy en sitemap.ts)",true,usar last_ai_update en sitemap.ts
/productos/estuche-doble-regal-prod-nacional-6048/,producto,last_ai_update,2026-04-22,"campo real (last_ai_update, sin usar hoy en sitemap.ts)",true,usar last_ai_update en sitemap.ts
/productos/estuche-clear-produccion-nacional-6047/,producto,last_ai_update,2026-04-22,"campo real (last_ai_update, sin usar hoy en sitemap.ts)",true,usar last_ai_update en sitemap.ts
/productos/clark-metalizado-7337/,producto,last_ai_update,2026-04-22,"campo real (last_ai_update, sin usar hoy en sitemap.ts)",true,usar last_ai_update en sitemap.ts
/productos/clark-solido-7338/,producto,last_ai_update,2026-04-22,"campo real (last_ai_update, sin usar hoy en sitemap.ts)",true,usar last_ai_update en sitemap.ts
/productos/magno-7343/,producto,last_ai_update,2026-04-22,"campo real (last_ai_update, sin usar hoy en sitemap.ts)",true,usar last_ai_update en sitemap.ts
/productos/opera-boligrafo-7348/,producto,last_ai_update,2026-04-22,"campo real (last_ai_update, sin usar hoy en sitemap.ts)",true,usar last_ai_update en sitemap.ts
/productos/opera-roller-7349/,producto,last_ai_update,2026-04-22,"campo real (last_ai_update, sin usar hoy en sitemap.ts)",true,usar last_ai_update en sitemap.ts
/productos/boligrafo-wister-7369/,producto,last_ai_update,2026-05-31,"campo real (last_ai_update, sin usar hoy en sitemap.ts)",true,usar last_ai_update en sitemap.ts
/productos/summit-neon-7722/,producto,last_ai_update,2026-04-22,"campo real (last_ai_update, sin usar hoy en sitemap.ts)",true,usar last_ai_update en sitemap.ts
/productos/dickens-metalico-oferta-7734/,producto,last_ai_update,2026-04-22,"campo real (last_ai_update, sin usar hoy en sitemap.ts)",true,usar last_ai_update en sitemap.ts
/productos/benella-oferta-7809/,producto,last_ai_update,2026-05-31,"campo real (last_ai_update, sin usar hoy en sitemap.ts)",true,usar last_ai_update en sitemap.ts
/productos/cosmo-borrable-oferta-4067/,producto,last_ai_update,2026-04-22,"campo real (last_ai_update, sin usar hoy en sitemap.ts)",true,usar last_ai_update en sitemap.ts
/productos/prisma-7752/,producto,last_ai_update,2026-04-22,"campo real (last_ai_update, sin usar hoy en sitemap.ts)",true,usar last_ai_update en sitemap.ts
/productos/tempo-7855/,producto,last_ai_update,2026-04-22,"campo real (last_ai_update, sin usar hoy en sitemap.ts)",true,usar last_ai_update en sitemap.ts
/productos/trevon-oferta-7944/,producto,last_ai_update,2026-04-22,"campo real (last_ai_update, sin usar hoy en sitemap.ts)",true,usar last_ai_update en sitemap.ts
/productos/petrus-boligrafo-8577/,producto,last_ai_update,2026-04-22,"campo real (last_ai_update, sin usar hoy en sitemap.ts)",true,usar last_ai_update en sitemap.ts
/productos/petrus-roller-8578/,producto,last_ai_update,2026-04-22,"campo real (last_ai_update, sin usar hoy en sitemap.ts)",true,usar last_ai_update en sitemap.ts
/productos/clas-oferta-8593/,producto,last_ai_update,2026-04-22,"campo real (last_ai_update, sin usar hoy en sitemap.ts)",true,usar last_ai_update en sitemap.ts
/productos/corpy-oferta-8594/,producto,last_ai_update,2026-04-22,"campo real (last_ai_update, sin usar hoy en sitemap.ts)",true,usar last_ai_update en sitemap.ts
/productos/emory-neon-8557/,producto,last_ai_update,2026-04-22,"campo real (last_ai_update, sin usar hoy en sitemap.ts)",true,usar last_ai_update en sitemap.ts
/productos/tillot-8574/,producto,last_ai_update,2026-04-22,"campo real (last_ai_update, sin usar hoy en sitemap.ts)",true,usar last_ai_update en sitemap.ts
/productos/ellison-solido-8570/,producto,last_ai_update,2026-04-22,"campo real (last_ai_update, sin usar hoy en sitemap.ts)",true,usar last_ai_update en sitemap.ts
/productos/aston-mate-8880/,producto,last_ai_update,2026-04-22,"campo real (last_ai_update, sin usar hoy en sitemap.ts)",true,usar last_ai_update en sitemap.ts
/productos/telson-oferta-9258/,producto,last_ai_update,2026-04-22,"campo real (last_ai_update, sin usar hoy en sitemap.ts)",true,usar last_ai_update en sitemap.ts
/productos/legox-9256/,producto,last_ai_update,2026-04-22,"campo real (last_ai_update, sin usar hoy en sitemap.ts)",true,usar last_ai_update en sitemap.ts
/productos/lipsy-oferta-9241/,producto,last_ai_update,2026-04-22,"campo real (last_ai_update, sin usar hoy en sitemap.ts)",true,usar last_ai_update en sitemap.ts
/productos/tokken-9243/,producto,last_ai_update,2026-04-22,"campo real (last_ai_update, sin usar hoy en sitemap.ts)",true,usar last_ai_update en sitemap.ts
/productos/boligrafo-deluxe-eco-oferta-9836/,producto,last_ai_update,2026-04-22,"campo real (last_ai_update, sin usar hoy en sitemap.ts)",true,usar last_ai_update en sitemap.ts
/productos/boligrafo-jovi-9843/,producto,last_ai_update,2026-04-22,"campo real (last_ai_update, sin usar hoy en sitemap.ts)",true,usar last_ai_update en sitemap.ts
/productos/boligrafo-devo-9945/,producto,last_ai_update,2026-04-22,"campo real (last_ai_update, sin usar hoy en sitemap.ts)",true,usar last_ai_update en sitemap.ts
/productos/kaiser-stylus-bamboo-10315/,producto,last_ai_update,2026-04-22,"campo real (last_ai_update, sin usar hoy en sitemap.ts)",true,usar last_ai_update en sitemap.ts
/productos/set-de-herramientas-blackburn-ii-10859/,producto,last_ai_update,2026-04-22,"campo real (last_ai_update, sin usar hoy en sitemap.ts)",true,usar last_ai_update en sitemap.ts
/productos/metro-paddy-10451/,producto,last_ai_update,2026-04-22,"campo real (last_ai_update, sin usar hoy en sitemap.ts)",true,usar last_ai_update en sitemap.ts
/productos/set-de-destornilladores-pistol-10537/,producto,last_ai_update,2026-04-22,"campo real (last_ai_update, sin usar hoy en sitemap.ts)",true,usar last_ai_update en sitemap.ts
/productos/set-de-destornilladores-home-10538/,producto,last_ai_update,2026-04-22,"campo real (last_ai_update, sin usar hoy en sitemap.ts)",true,usar last_ai_update en sitemap.ts
/productos/set-de-herramientas-robust-10964/,producto,last_ai_update,2026-04-22,"campo real (last_ai_update, sin usar hoy en sitemap.ts)",true,usar last_ai_update en sitemap.ts
/productos/set-de-mini-destornilladores-con-nivelador-10966/,producto,last_ai_update,2026-04-22,"campo real (last_ai_update, sin usar hoy en sitemap.ts)",true,usar last_ai_update en sitemap.ts
/productos/mini-set-de-destornilladores-duck-10967/,producto,last_ai_update,2026-04-22,"campo real (last_ai_update, sin usar hoy en sitemap.ts)",true,usar last_ai_update en sitemap.ts
/productos/set-de-herramientas-cork-10968/,producto,last_ai_update,2026-04-22,"campo real (last_ai_update, sin usar hoy en sitemap.ts)",true,usar last_ai_update en sitemap.ts
/productos/nivelador-con-iman-11017/,producto,last_ai_update,2026-04-22,"campo real (last_ai_update, sin usar hoy en sitemap.ts)",true,usar last_ai_update en sitemap.ts
/productos/martillo-con-navaja-eco-11050/,producto,last_ai_update,2026-04-22,"campo real (last_ai_update, sin usar hoy en sitemap.ts)",true,usar last_ai_update en sitemap.ts
/productos/herramientero-denby-11068/,producto,last_ai_update,2026-04-22,"campo real (last_ai_update, sin usar hoy en sitemap.ts)",true,usar last_ai_update en sitemap.ts
/productos/llavero-metro-con-nivelador-jazzy-11113/,producto,last_ai_update,2026-04-22,"campo real (last_ai_update, sin usar hoy en sitemap.ts)",true,usar last_ai_update en sitemap.ts
/productos/llavero-destapador-level-11114/,producto,last_ai_update,2026-04-22,"campo real (last_ai_update, sin usar hoy en sitemap.ts)",true,usar last_ai_update en sitemap.ts
/productos/metro-arkitect-con-destornilladores-11115/,producto,last_ai_update,2026-04-22,"campo real (last_ai_update, sin usar hoy en sitemap.ts)",true,usar last_ai_update en sitemap.ts
/productos/mini-set-de-destornilladores-level-11116/,producto,last_ai_update,2026-04-22,"campo real (last_ai_update, sin usar hoy en sitemap.ts)",true,usar last_ai_update en sitemap.ts
/productos/herramientero-orca-11128/,producto,last_ai_update,2026-04-22,"campo real (last_ai_update, sin usar hoy en sitemap.ts)",true,usar last_ai_update en sitemap.ts
/productos/metro-retractil-kolors-10052/,producto,last_ai_update,2026-04-22,"campo real (last_ai_update, sin usar hoy en sitemap.ts)",true,usar last_ai_update en sitemap.ts
/productos/metro-llavero-bone-9124/,producto,last_ai_update,2026-04-22,"campo real (last_ai_update, sin usar hoy en sitemap.ts)",true,usar last_ai_update en sitemap.ts
/productos/llavero-destapador-viggo-eco-11054/,producto,last_ai_update,2026-04-22,"campo real (last_ai_update, sin usar hoy en sitemap.ts)",true,usar last_ai_update en sitemap.ts
/productos/set-nebula-11026/,producto,last_ai_update,2026-04-22,"campo real (last_ai_update, sin usar hoy en sitemap.ts)",true,usar last_ai_update en sitemap.ts
/productos/paraguas-dayton-23-9790-3846/,producto,last_ai_update,2026-05-31,"campo real (last_ai_update, sin usar hoy en sitemap.ts)",true,usar last_ai_update en sitemap.ts
/productos/paraguas-corbett-27-10586/,producto,last_ai_update,2026-04-22,"campo real (last_ai_update, sin usar hoy en sitemap.ts)",true,usar last_ai_update en sitemap.ts
/productos/paraguas-kahlo-urban-travel-23-10894/,producto,last_ai_update,2026-04-22,"campo real (last_ai_update, sin usar hoy en sitemap.ts)",true,usar last_ai_update en sitemap.ts
/productos/paraguas-flex-golf-16-10882/,producto,last_ai_update,2026-04-22,"campo real (last_ai_update, sin usar hoy en sitemap.ts)",true,usar last_ai_update en sitemap.ts
/productos/mini-paraguas-hansel-21-6868-3854/,producto,last_ai_update,2026-04-22,"campo real (last_ai_update, sin usar hoy en sitemap.ts)",true,usar last_ai_update en sitemap.ts
/productos/paraguas-lancelot-27-6865/,producto,last_ai_update,2026-04-22,"campo real (last_ai_update, sin usar hoy en sitemap.ts)",true,usar last_ai_update en sitemap.ts
/productos/mini-paraguas-strap-21-6201-3856/,producto,last_ai_update,2026-04-22,"campo real (last_ai_update, sin usar hoy en sitemap.ts)",true,usar last_ai_update en sitemap.ts
/productos/paraguas-brook-27-6369-3857/,producto,last_ai_update,2026-04-22,"campo real (last_ai_update, sin usar hoy en sitemap.ts)",true,usar last_ai_update en sitemap.ts
/productos/paraguas-trendy-poliester-27-5693/,producto,last_ai_update,2026-05-31,"campo real (last_ai_update, sin usar hoy en sitemap.ts)",true,usar last_ai_update en sitemap.ts
/productos/paraguas-golf-cuadrado-30-1085/,producto,last_ai_update,2026-04-22,"campo real (last_ai_update, sin usar hoy en sitemap.ts)",true,usar last_ai_update en sitemap.ts
/productos/paraguas-profesional-en-fibra-de-vidrio-30-2145-3863/,producto,last_ai_update,2026-04-22,"campo real (last_ai_update, sin usar hoy en sitemap.ts)",true,usar last_ai_update en sitemap.ts
/productos/paraguas-fiori-23-7515-3864/,producto,last_ai_update,2026-04-22,"campo real (last_ai_update, sin usar hoy en sitemap.ts)",true,usar last_ai_update en sitemap.ts
/productos/paraguas-brook-ergo-27-7512-3865/,producto,last_ai_update,2026-04-22,"campo real (last_ai_update, sin usar hoy en sitemap.ts)",true,usar last_ai_update en sitemap.ts
/productos/paraguas-freerain-23-7627-3866/,producto,last_ai_update,2026-04-22,"campo real (last_ai_update, sin usar hoy en sitemap.ts)",true,usar last_ai_update en sitemap.ts
/productos/paraguas-trendy-poliester-27-7764/,producto,last_ai_update,2026-05-31,"campo real (last_ai_update, sin usar hoy en sitemap.ts)",true,usar last_ai_update en sitemap.ts
/productos/mini-paraguas-lloyd-21-8658-3868/,producto,last_ai_update,2026-04-22,"campo real (last_ai_update, sin usar hoy en sitemap.ts)",true,usar last_ai_update en sitemap.ts
/productos/paraguas-galtem-27-8652/,producto,last_ai_update,2026-04-22,"campo real (last_ai_update, sin usar hoy en sitemap.ts)",true,usar last_ai_update en sitemap.ts
/productos/paraguas-27-9218/,producto,last_ai_update,2026-05-31,"campo real (last_ai_update, sin usar hoy en sitemap.ts)",true,usar last_ai_update en sitemap.ts
/productos/paraguas-23-9217/,producto,last_ai_update,2026-05-31,"campo real (last_ai_update, sin usar hoy en sitemap.ts)",true,usar last_ai_update en sitemap.ts
/productos/mini-paraguas-biondi-21-8911-3873/,producto,last_ai_update,2026-04-22,"campo real (last_ai_update, sin usar hoy en sitemap.ts)",true,usar last_ai_update en sitemap.ts
/productos/paraguas-kenny-215-8909-3874/,producto,last_ai_update,2026-04-22,"campo real (last_ai_update, sin usar hoy en sitemap.ts)",true,usar last_ai_update en sitemap.ts
/productos/paraguas-president-30-9381/,producto,last_ai_update,2026-04-22,"campo real (last_ai_update, sin usar hoy en sitemap.ts)",true,usar last_ai_update en sitemap.ts
/productos/mini-paraguas-maverick-21-9426-3878/,producto,last_ai_update,2026-04-22,"campo real (last_ai_update, sin usar hoy en sitemap.ts)",true,usar last_ai_update en sitemap.ts
/productos/set-manicure-rpet-10387/,producto,last_ai_update,2026-05-31,"campo real (last_ai_update, sin usar hoy en sitemap.ts)",true,usar last_ai_update en sitemap.ts
/productos/set-de-brochas-cayden-10384/,producto,last_ai_update,2026-04-22,"campo real (last_ai_update, sin usar hoy en sitemap.ts)",true,usar last_ai_update en sitemap.ts
/productos/bolsa-termica-600ml-10358/,producto,last_ai_update,2026-04-22,"campo real (last_ai_update, sin usar hoy en sitemap.ts)",true,usar last_ai_update en sitemap.ts
/productos/metro-para-medicion-de-altura-10540/,producto,last_ai_update,2026-04-22,"campo real (last_ai_update, sin usar hoy en sitemap.ts)",true,usar last_ai_update en sitemap.ts
/productos/set-manicure-evelyn-10316/,producto,last_ai_update,2026-05-31,"campo real (last_ai_update, sin usar hoy en sitemap.ts)",true,usar last_ai_update en sitemap.ts
/productos/set-facial-wood-spa-13169/,producto,last_ai_update,2026-05-31,"campo real (last_ai_update, sin usar hoy en sitemap.ts)",true,usar last_ai_update en sitemap.ts
/productos/mug-metalico-mini-chester-400-ml-13592/,producto,last_ai_update,2026-05-31,"campo real (last_ai_update, sin usar hoy en sitemap.ts)",true,usar last_ai_update en sitemap.ts
/productos/llavero-linterna-space-nuevo-13595/,producto,last_ai_update,2026-05-31,"campo real (last_ai_update, sin usar hoy en sitemap.ts)",true,usar last_ai_update en sitemap.ts
/productos/balon-de-futbol-no5-delko-9427/,producto,last_ai_update,2026-05-31,"campo real (last_ai_update, sin usar hoy en sitemap.ts)",true,usar last_ai_update en sitemap.ts
/productos/borrador-school-ii-13604/,producto,last_ai_update,2026-05-31,"campo real (last_ai_update, sin usar hoy en sitemap.ts)",true,usar last_ai_update en sitemap.ts
/productos/bolsa-en-algodon-ecotote-13596/,producto,last_ai_update,2026-05-31,"campo real (last_ai_update, sin usar hoy en sitemap.ts)",true,usar last_ai_update en sitemap.ts
/productos/bolsa-en-algodon-ecopack-13597/,producto,last_ai_update,2026-05-31,"campo real (last_ai_update, sin usar hoy en sitemap.ts)",true,usar last_ai_update en sitemap.ts
/productos/dispensador-bolsas-linterna-led-personalizado-ecuador/,producto,ninguno,,BUILD_DATE (fallback compartido),false,omitir lastmod (sin dato real)
/productos/boligrafo-metalico-personalizado-articulos-promocionales/,producto,ninguno,,BUILD_DATE (fallback compartido),false,omitir lastmod (sin dato real)
/productos/boligrafo-metalico-personalizado-clas-oferta/,producto,ninguno,,BUILD_DATE (fallback compartido),false,omitir lastmod (sin dato real)
/productos/cargador-inalambrico-lampara-flex-personalizado/,producto,ninguno,,BUILD_DATE (fallback compartido),false,omitir lastmod (sin dato real)
/productos/llavero-personalizado-touch-free-ml386-ecuador/,producto,ninguno,,BUILD_DATE (fallback compartido),false,omitir lastmod (sin dato real)
/productos/boligrafos-promocionales-lipsy-personalizado/,producto,ninguno,,BUILD_DATE (fallback compartido),false,omitir lastmod (sin dato real)
/productos/boligrafo-infinity-2-1-promocional/,producto,ninguno,,BUILD_DATE (fallback compartido),false,omitir lastmod (sin dato real)
/productos/botilito-plastico-reciclado-600ml-personalizado/,producto,ninguno,,BUILD_DATE (fallback compartido),false,omitir lastmod (sin dato real)
/productos/boligrafo-ventura-spray-antibacteriano-oferta/,producto,ninguno,,BUILD_DATE (fallback compartido),false,omitir lastmod (sin dato real)
/productos/reloj-wall-bamboo-personalizado/,producto,ninguno,,BUILD_DATE (fallback compartido),false,omitir lastmod (sin dato real)
/productos/organizador-escritorio-bamboo-cargador-inalambrico/,producto,ninguno,,BUILD_DATE (fallback compartido),false,omitir lastmod (sin dato real)
/productos/set-herramientas-personalizados-luz-car/,producto,ninguno,,BUILD_DATE (fallback compartido),false,omitir lastmod (sin dato real)
/productos/boligrafos-metalicos-personalizados-articulos-promocionales/,producto,ninguno,,BUILD_DATE (fallback compartido),false,omitir lastmod (sin dato real)
/productos/vaso-personalizado-450ml-plastico-doble-pared/,producto,ninguno,,BUILD_DATE (fallback compartido),false,omitir lastmod (sin dato real)
/productos/botilito-plastico-personalizado-650ml/,producto,ninguno,,BUILD_DATE (fallback compartido),false,omitir lastmod (sin dato real)
/productos/portatarjetas-personalizado-ml-275/,producto,ninguno,,BUILD_DATE (fallback compartido),false,omitir lastmod (sin dato real)
/productos/portapapel-personalizado-master-line/,producto,ninguno,,BUILD_DATE (fallback compartido),false,omitir lastmod (sin dato real)
/productos/bolsa-plegable-paraguas-hansel-ecuador/,producto,ninguno,,BUILD_DATE (fallback compartido),false,omitir lastmod (sin dato real)
/productos/botilito-tritan-600ml-personalizado-oferta/,producto,ninguno,,BUILD_DATE (fallback compartido),false,omitir lastmod (sin dato real)
/productos/botilito-plastico-petg-700ml-personalizado/,producto,ninguno,,BUILD_DATE (fallback compartido),false,omitir lastmod (sin dato real)
/productos/morral-backpack-personalizado-ecuador/,producto,ninguno,,BUILD_DATE (fallback compartido),false,omitir lastmod (sin dato real)
/productos/maletin-avenue-personalizado/,producto,ninguno,,BUILD_DATE (fallback compartido),false,omitir lastmod (sin dato real)
/productos/botilito-plastico-nomix-petg-750ml-personalizado/,producto,ninguno,,BUILD_DATE (fallback compartido),false,omitir lastmod (sin dato real)
/productos/vaso-personalizado-petg-750ml-ecuador/,producto,ninguno,,BUILD_DATE (fallback compartido),false,omitir lastmod (sin dato real)
/productos/maletin-trolley-bag-norris-personalizado/,producto,ninguno,,BUILD_DATE (fallback compartido),false,omitir lastmod (sin dato real)
/productos/cargador-inalambrico-heston-personalizado/,producto,ninguno,,BUILD_DATE (fallback compartido),false,omitir lastmod (sin dato real)
/productos/bolsa-metalizada-hologram-personalizada-ecuador/,producto,ninguno,,BUILD_DATE (fallback compartido),false,omitir lastmod (sin dato real)
/productos/llavero-pop-personalizado-silicona/,producto,ninguno,,BUILD_DATE (fallback compartido),false,omitir lastmod (sin dato real)
/productos/boligrafo-antiestres-personalizado/,producto,ninguno,,BUILD_DATE (fallback compartido),false,omitir lastmod (sin dato real)
/productos/portatarjetas-antiestres-personalizado/,producto,ninguno,,BUILD_DATE (fallback compartido),false,omitir lastmod (sin dato real)
/productos/llaveros-personalizados-antiestres-ball/,producto,ninguno,,BUILD_DATE (fallback compartido),false,omitir lastmod (sin dato real)
/productos/pelota-antiestres-personalizada-6-3cm/,producto,ninguno,,BUILD_DATE (fallback compartido),false,omitir lastmod (sin dato real)
/productos/pelota-antiestres-personalizada-67cm/,producto,ninguno,,BUILD_DATE (fallback compartido),false,omitir lastmod (sin dato real)
/productos/pelota-antiestres-personalizada-ecuador/,producto,ninguno,,BUILD_DATE (fallback compartido),false,omitir lastmod (sin dato real)
/productos/pelota-antiestres-personalizada-ecuador-va-631/,producto,ninguno,,BUILD_DATE (fallback compartido),false,omitir lastmod (sin dato real)
/productos/pelota-antiestres-personalizada-silicona/,producto,ninguno,,BUILD_DATE (fallback compartido),false,omitir lastmod (sin dato real)
/productos/pelota-antiestres-personalizada-soporte-celular/,producto,ninguno,,BUILD_DATE (fallback compartido),false,omitir lastmod (sin dato real)
/productos/pelota-antiestres-personalizada-rubber/,producto,ninguno,,BUILD_DATE (fallback compartido),false,omitir lastmod (sin dato real)
/productos/pelota-antistres-personalizada-grip-gyro/,producto,ninguno,,BUILD_DATE (fallback compartido),false,omitir lastmod (sin dato real)
/productos/soporte-moviles-antistres-personalizado/,producto,ninguno,,BUILD_DATE (fallback compartido),false,omitir lastmod (sin dato real)
/productos/pelota-antiestres-personalizada/,producto,ninguno,,BUILD_DATE (fallback compartido),false,omitir lastmod (sin dato real)
/productos/camion-antiestres-personalizado/,producto,ninguno,,BUILD_DATE (fallback compartido),false,omitir lastmod (sin dato real)
/productos/muneco-antiestres-personalizado-clips/,producto,ninguno,,BUILD_DATE (fallback compartido),false,omitir lastmod (sin dato real)
/productos/pelota-antiestres-personalizada-va-305/,producto,ninguno,,BUILD_DATE (fallback compartido),false,omitir lastmod (sin dato real)
/productos/llavero-corcho-personalizado-ecuador/,producto,ninguno,,BUILD_DATE (fallback compartido),false,omitir lastmod (sin dato real)
/productos/colgador-botellas-carabinero-personalizado-ecuador/,producto,ninguno,,BUILD_DATE (fallback compartido),false,omitir lastmod (sin dato real)
/productos/soporte-moviles-ml-382-personalizado/,producto,ninguno,,BUILD_DATE (fallback compartido),false,omitir lastmod (sin dato real)
/productos/usb-soccer-memoria-personalizado-ecuador/,producto,ninguno,,BUILD_DATE (fallback compartido),false,omitir lastmod (sin dato real)
/productos/dispensador-bolsas-antibacteriano-personalizado/,producto,ninguno,,BUILD_DATE (fallback compartido),false,omitir lastmod (sin dato real)
/productos/set-swiss-peak-deluxe-articulos-promocionales/,producto,ninguno,,BUILD_DATE (fallback compartido),false,omitir lastmod (sin dato real)
/productos/set-ml-383-ii-personalizado-articulos-promocionales/,producto,ninguno,,BUILD_DATE (fallback compartido),false,omitir lastmod (sin dato real)
/productos/boligrafo-antibacteriano-personalizado-ecuador/,producto,ninguno,,BUILD_DATE (fallback compartido),false,omitir lastmod (sin dato real)
/productos/boligrafo-big-bang-personalizado-ecuador/,producto,ninguno,,BUILD_DATE (fallback compartido),false,omitir lastmod (sin dato real)
/productos/boligrafo-blink-personalizado-articulos-promocionales/,producto,ninguno,,BUILD_DATE (fallback compartido),false,omitir lastmod (sin dato real)
/productos/set-boligrafos-vector-promocionales-ecuador/,producto,ninguno,,BUILD_DATE (fallback compartido),false,omitir lastmod (sin dato real)
/productos/memoria-usb-boligrafo-king-personalizado/,producto,ninguno,,BUILD_DATE (fallback compartido),false,omitir lastmod (sin dato real)
/productos/opera-roller-personalizado-ecuador/,producto,ninguno,,BUILD_DATE (fallback compartido),false,omitir lastmod (sin dato real)
/productos/boligrafo-scroll-personalizado-ecuador/,producto,ninguno,,BUILD_DATE (fallback compartido),false,omitir lastmod (sin dato real)
/productos/set-resaltadores-cera-articulos-promocionales-ecuador/,producto,ninguno,,BUILD_DATE (fallback compartido),false,omitir lastmod (sin dato real)
/productos/boligrafo-ventura-clean-set-articulos-promocionales/,producto,ninguno,,BUILD_DATE (fallback compartido),false,omitir lastmod (sin dato real)
/productos/boligrafo-vector-roller-personalizado/,producto,ninguno,,BUILD_DATE (fallback compartido),false,omitir lastmod (sin dato real)
/productos/set-resaltador-fingers-ii-eco-personalizado/,producto,ninguno,,BUILD_DATE (fallback compartido),false,omitir lastmod (sin dato real)
/productos/milla-roller-stylus-articulos-promocionales/,producto,ninguno,,BUILD_DATE (fallback compartido),false,omitir lastmod (sin dato real)
/productos/set-mini-resaltador-tinta-personalizado-ecuador/,producto,ninguno,,BUILD_DATE (fallback compartido),false,omitir lastmod (sin dato real)
/productos/estuche-aluminio-personalizado-ecuador/,producto,ninguno,,BUILD_DATE (fallback compartido),false,omitir lastmod (sin dato real)
/productos/mop-bicolor-personalizado-articulos-promocionales/,producto,ninguno,,BUILD_DATE (fallback compartido),false,omitir lastmod (sin dato real)
/productos/set-boligrafo-portaminas-bamboo-personalizado/,producto,ninguno,,BUILD_DATE (fallback compartido),false,omitir lastmod (sin dato real)
/productos/resaltador-triangulo-eco-articulos-promocionales/,producto,ninguno,,BUILD_DATE (fallback compartido),false,omitir lastmod (sin dato real)
/productos/focus-ii-resaltador-cera-articulos-promocionales/,producto,ninguno,,BUILD_DATE (fallback compartido),false,omitir lastmod (sin dato real)
/productos/boligrafo-sookie-personalizado-articulos-promocionales/,producto,ninguno,,BUILD_DATE (fallback compartido),false,omitir lastmod (sin dato real)
/productos/boligrafo-stylus-personalizado-articulos-promocionales-ecuador/,producto,ninguno,,BUILD_DATE (fallback compartido),false,omitir lastmod (sin dato real)
/productos/resaltador-relaxy-personalizado-ecuador/,producto,ninguno,,BUILD_DATE (fallback compartido),false,omitir lastmod (sin dato real)
/productos/kaiser-stylus-bamboo-articulos-promocionales/,producto,ninguno,,BUILD_DATE (fallback compartido),false,omitir lastmod (sin dato real)
/productos/boligrafo-bamboo-articulos-promocionales-ecuador/,producto,ninguno,,BUILD_DATE (fallback compartido),false,omitir lastmod (sin dato real)
/productos/resaltador-fiona-articulos-promocionales-ecuador/,producto,ninguno,,BUILD_DATE (fallback compartido),false,omitir lastmod (sin dato real)
/productos/boligrafo-tempo-personalizado/,producto,ninguno,,BUILD_DATE (fallback compartido),false,omitir lastmod (sin dato real)
/productos/aston-stylus-metalico-articulos-promocionales/,producto,ninguno,,BUILD_DATE (fallback compartido),false,omitir lastmod (sin dato real)
/productos/advant-2-1-resaltador-tinta-articulos-promocionales/,producto,ninguno,,BUILD_DATE (fallback compartido),false,omitir lastmod (sin dato real)
/productos/estuche-carton-personalizado-ecuador/,producto,ninguno,,BUILD_DATE (fallback compartido),false,omitir lastmod (sin dato real)
/productos/boligrafo-pebble-personalizado-ecuador/,producto,ninguno,,BUILD_DATE (fallback compartido),false,omitir lastmod (sin dato real)
/productos/marcador-borrable-personalizado-ecuador/,producto,ninguno,,BUILD_DATE (fallback compartido),false,omitir lastmod (sin dato real)
/productos/boligrafo-skip-personalizado-articulos-promocionales/,producto,ninguno,,BUILD_DATE (fallback compartido),false,omitir lastmod (sin dato real)
/productos/boligrafo-jovi-eco-personalizado/,producto,ninguno,,BUILD_DATE (fallback compartido),false,omitir lastmod (sin dato real)
/productos/boligrafos-eco-pet-personalizados-articulos-promocionales/,producto,ninguno,,BUILD_DATE (fallback compartido),false,omitir lastmod (sin dato real)
/productos/boligrafo-jovi-metalizado-personalizado-articulos-promocionales/,producto,ninguno,,BUILD_DATE (fallback compartido),false,omitir lastmod (sin dato real)
/productos/boligrafo-lepper-personalizado/,producto,ninguno,,BUILD_DATE (fallback compartido),false,omitir lastmod (sin dato real)
/productos/ventura-eco-stylus-articulos-promocionales-ecuador/,producto,ninguno,,BUILD_DATE (fallback compartido),false,omitir lastmod (sin dato real)
/productos/boligrafo-summit-eco-bamboo-personalizado/,producto,ninguno,,BUILD_DATE (fallback compartido),false,omitir lastmod (sin dato real)
/productos/lapiz-infinito-gemini-personalizado/,producto,ninguno,,BUILD_DATE (fallback compartido),false,omitir lastmod (sin dato real)
/blog/como-elegir-promocionales-segun-tu-tipo-de-cliente-2026/,blog,dateModified,2026-05-07,campo real (ya en uso),true,sin cambio — ya usa dato real
/blog/articulos-promocionales-para-empresas-que-funcionan/,blog,dateModified,2026-04-29,campo real (ya en uso),true,sin cambio — ya usa dato real
/blog/top-10-regalos-corporativos-tecnologicos-2026/,blog,dateModified,2026-03-12,campo real (ya en uso),true,sin cambio — ya usa dato real
/blog/guia-definitiva-merchandising-empresas-ecuador/,blog,dateModified,2026-03-12,campo real (ya en uso),true,sin cambio — ya usa dato real
/blog/solucion-antiestres-bolas-neon-promocionales-para-empresas-en-ecuador/,blog,dateModified,2026-04-09,campo real (ya en uso),true,sin cambio — ya usa dato real
/blog/enamora-a-tus-clientes-regalos-corporativos-unicos-para-amor-y-amistad/,blog,dateModified,2026-02-02,campo real (ya en uso),true,sin cambio — ya usa dato real
/blog/listos-para-carnaval-2026-impulsa-tu-marca-con-productos-promocionales/,blog,dateModified,2026-02-02,campo real (ya en uso),true,sin cambio — ya usa dato real
/blog/boligrafos-personalizados-la-mejor-inversion-publicitaria-en-ecuador/,blog,dateModified,2026-02-02,campo real (ya en uso),true,sin cambio — ya usa dato real
/blog/llaveros-promocionales-cual-es-la-mejor-opcion-para-tu-presupuesto/,blog,dateModified,2026-02-02,campo real (ya en uso),true,sin cambio — ya usa dato real
/blog/buscas-productos-promocionales-en-quito-encuentra-el-ideal-aqui/,blog,dateModified,2026-04-09,campo real (ya en uso),true,sin cambio — ya usa dato real
/blog/productos-promocionales-ecologicos-impulsa-tu-marca-de-forma-sostenible/,blog,dateModified,2026-04-09,campo real (ya en uso),true,sin cambio — ya usa dato real
/blog/boligrafo-flom-4-1-antibacteriano-el-regalo-promocional-que-protege-tu-marca-en-ecuador/,blog,dateModified,2026-01-22,campo real (ya en uso),true,sin cambio — ya usa dato real
/blog/cuellos-multifuncionales-personalizados-la-estrategia-publicitaria-imbatible-para-tu-negocio-en-ecuador/,blog,dateModified,2026-01-22,campo real (ya en uso),true,sin cambio — ya usa dato real
/blog/cucharas-y-tenedores-que-protegen-descubre-el-set-de-cubiertos-antibacterianos-para-empresas-en-ecuador/,blog,dateModified,2026-01-22,campo real (ya en uso),true,sin cambio — ya usa dato real
/blog/productos-promocionales-ecuador/,blog,dateModified,2024-11-08,campo real (ya en uso),true,sin cambio — ya usa dato real
/blog/mejores-productos-promocionales-2025/,blog,dateModified,2026-07-18,campo real (ya en uso),true,sin cambio — ya usa dato real
/blog/estrategias-marketing-merchandising-empresarial/,blog,dateModified,2025-01-12,campo real (ya en uso),true,sin cambio — ya usa dato real
/blog/diseno-logos-productos-promocionales/,blog,dateModified,2025-01-10,campo real (ya en uso),true,sin cambio — ya usa dato real
/blog/merchandising-eventos-corporativos-ecuador/,blog,dateModified,2025-01-08,campo real (ya en uso),true,sin cambio — ya usa dato real
/blog/productos-tecnologicos-promocionales-tendencias/,blog,dateModified,2025-01-05,campo real (ya en uso),true,sin cambio — ya usa dato real
/blog/branding-textiles-personalizados-empresas/,blog,dateModified,2025-01-03,campo real (ya en uso),true,sin cambio — ya usa dato real
/blog/colores-psicologia-merchandising-corporativo/,blog,dateModified,2025-01-01,campo real (ya en uso),true,sin cambio — ya usa dato real
/blog/regalos-corporativos-fin-ano-ecuador/,blog,dateModified,2026-07-18,campo real (ya en uso),true,sin cambio — ya usa dato real
/blog/personalizacion-productos-tecnicas-impresion/,blog,dateModified,2024-12-25,campo real (ya en uso),true,sin cambio — ya usa dato real
/blog/marketing-sostenible-productos-ecologicos-promocionales/,blog,dateModified,2024-12-22,campo real (ya en uso),true,sin cambio — ya usa dato real
/blog/regalos-corporativos-elegantes/,blog,dateModified,2025-01-20,campo real (ya en uso),true,sin cambio — ya usa dato real
/blog/10-mejores-productos-promocionales-ecuador-imprescindibles/,blog,dateModified,2024-12-20,campo real (ya en uso),true,sin cambio — ya usa dato real
/blog/beneficios-productos-promocionales-ecuador-guia-completa/,blog,dateModified,2025-01-15,campo real (ya en uso),true,sin cambio — ya usa dato real
/blog/productos-promocionales-baratos-guia-completa/,blog,dateModified,2025-01-22,campo real (ya en uso),true,sin cambio — ya usa dato real
/blog/productos-promocionales-por-mayor-mayoreo-guia-completa/,blog,dateModified,2025-01-25,campo real (ya en uso),true,sin cambio — ya usa dato real
/blog/productos-promocionales-navidenos-guia-completa/,blog,dateModified,2025-12-25,campo real (ya en uso),true,sin cambio — ya usa dato real
/blog/adios-a-las-perdidas-boomtag-bp-29-el-rastreador-airtag-promocional-que-impulsa-tu-marca/,blog,dateModified,2026-01-09,campo real (ya en uso),true,sin cambio — ya usa dato real
/blog/promocionales-antimicrobianos-la-defensa-invisible-que-impulsa-tu-marca-en-ecuador/,blog,dateModified,2026-01-20,campo real (ya en uso),true,sin cambio — ya usa dato real
/blog/abre-caminos-al-exito-destapador-con-iman-personalizado-el-iman-de-clientes-para-tu-marca-en-ecuador/,blog,dateModified,2026-01-20,campo real (ya en uso),true,sin cambio — ya usa dato real
/blog/herramientas-mustang-promocionales-impulsa-tu-marca-con-soluciones-practicas-ecuador/,blog,dateModified,2026-01-20,campo real (ya en uso),true,sin cambio — ya usa dato real
/blog/mejores-regalos-corporativos-para-empresas-ecuador-2026/,blog,dateModified,2026-06-14,campo real (ya en uso),true,sin cambio — ya usa dato real
/blog/merchandising-para-ferias-empresariales-ecuador/,blog,dateModified,2026-06-14,campo real (ya en uso),true,sin cambio — ya usa dato real
/blog/boligrafos-promocionales-personalizados-guia-empresas-ecuador/,blog,dateModified,2026-06-14,campo real (ya en uso),true,sin cambio — ya usa dato real
/blog/articulos-promocionales-ecologicos-para-empresas-ecuador/,blog,dateModified,2026-06-14,campo real (ya en uso),true,sin cambio — ya usa dato real
/blog/cuanto-cuestan-los-articulos-promocionales-personalizados-ecuador/,blog,dateModified,2026-06-14,campo real (ya en uso),true,sin cambio — ya usa dato real
/categorias/precio-bomba/,categoria,ninguno (categories.json no tiene campo de fecha),,"BUILD_DATE (fallback compartido, todas las categorías comparten la misma fecha)",false,omitir lastmod (fecha de archivo git 2026-07-20 es real pero idéntica para las 37 categorías — no representa fecha real de contenido individual)
/categorias/antiestres/,categoria,ninguno (categories.json no tiene campo de fecha),,"BUILD_DATE (fallback compartido, todas las categorías comparten la misma fecha)",false,omitir lastmod (fecha de archivo git 2026-07-20 es real pero idéntica para las 37 categorías — no representa fecha real de contenido individual)
/categorias/antimicrobianos/,categoria,ninguno (categories.json no tiene campo de fecha),,"BUILD_DATE (fallback compartido, todas las categorías comparten la misma fecha)",false,omitir lastmod (fecha de archivo git 2026-07-20 es real pero idéntica para las 37 categorías — no representa fecha real de contenido individual)
/categorias/boligrafos-publicitarios/,categoria,ninguno (categories.json no tiene campo de fecha),,"BUILD_DATE (fallback compartido, todas las categorías comparten la misma fecha)",false,omitir lastmod (fecha de archivo git 2026-07-20 es real pero idéntica para las 37 categorías — no representa fecha real de contenido individual)
/categorias/reflectivos/,categoria,ninguno (categories.json no tiene campo de fecha),,"BUILD_DATE (fallback compartido, todas las categorías comparten la misma fecha)",false,omitir lastmod (fecha de archivo git 2026-07-20 es real pero idéntica para las 37 categorías — no representa fecha real de contenido individual)
/categorias/automovil/,categoria,ninguno (categories.json no tiene campo de fecha),,"BUILD_DATE (fallback compartido, todas las categorías comparten la misma fecha)",false,omitir lastmod (fecha de archivo git 2026-07-20 es real pero idéntica para las 37 categorías — no representa fecha real de contenido individual)
/categorias/bar-y-vino/,categoria,ninguno (categories.json no tiene campo de fecha),,"BUILD_DATE (fallback compartido, todas las categorías comparten la misma fecha)",false,omitir lastmod (fecha de archivo git 2026-07-20 es real pero idéntica para las 37 categorías — no representa fecha real de contenido individual)
/categorias/bicicleta/,categoria,ninguno (categories.json no tiene campo de fecha),,"BUILD_DATE (fallback compartido, todas las categorías comparten la misma fecha)",false,omitir lastmod (fecha de archivo git 2026-07-20 es real pero idéntica para las 37 categorías — no representa fecha real de contenido individual)
/categorias/calculadoras/,categoria,ninguno (categories.json no tiene campo de fecha),,"BUILD_DATE (fallback compartido, todas las categorías comparten la misma fecha)",false,omitir lastmod (fecha de archivo git 2026-07-20 es real pero idéntica para las 37 categorías — no representa fecha real de contenido individual)
/categorias/camisetas-y-confeccion-corporativa/,categoria,ninguno (categories.json no tiene campo de fecha),,"BUILD_DATE (fallback compartido, todas las categorías comparten la misma fecha)",false,omitir lastmod (fecha de archivo git 2026-07-20 es real pero idéntica para las 37 categorías — no representa fecha real de contenido individual)
/categorias/deportes/,categoria,ninguno (categories.json no tiene campo de fecha),,"BUILD_DATE (fallback compartido, todas las categorías comparten la misma fecha)",false,omitir lastmod (fecha de archivo git 2026-07-20 es real pero idéntica para las 37 categorías — no representa fecha real de contenido individual)
/categorias/econature/,categoria,ninguno (categories.json no tiene campo de fecha),,"BUILD_DATE (fallback compartido, todas las categorías comparten la misma fecha)",false,omitir lastmod (fecha de archivo git 2026-07-20 es real pero idéntica para las 37 categorías — no representa fecha real de contenido individual)
/categorias/ecologia/,categoria,ninguno (categories.json no tiene campo de fecha),,"BUILD_DATE (fallback compartido, todas las categorías comparten la misma fecha)",false,omitir lastmod (fecha de archivo git 2026-07-20 es real pero idéntica para las 37 categorías — no representa fecha real de contenido individual)
/categorias/golf/,categoria,ninguno (categories.json no tiene campo de fecha),,"BUILD_DATE (fallback compartido, todas las categorías comparten la misma fecha)",false,omitir lastmod (fecha de archivo git 2026-07-20 es real pero idéntica para las 37 categorías — no representa fecha real de contenido individual)
/categorias/gorras-personalizadas/,categoria,ninguno (categories.json no tiene campo de fecha),,"BUILD_DATE (fallback compartido, todas las categorías comparten la misma fecha)",false,omitir lastmod (fecha de archivo git 2026-07-20 es real pero idéntica para las 37 categorías — no representa fecha real de contenido individual)
/categorias/herramientas/,categoria,ninguno (categories.json no tiene campo de fecha),,"BUILD_DATE (fallback compartido, todas las categorías comparten la misma fecha)",false,omitir lastmod (fecha de archivo git 2026-07-20 es real pero idéntica para las 37 categorías — no representa fecha real de contenido individual)
/categorias/hogar/,categoria,ninguno (categories.json no tiene campo de fecha),,"BUILD_DATE (fallback compartido, todas las categorías comparten la misma fecha)",false,omitir lastmod (fecha de archivo git 2026-07-20 es real pero idéntica para las 37 categorías — no representa fecha real de contenido individual)
/categorias/iluminacion/,categoria,ninguno (categories.json no tiene campo de fecha),,"BUILD_DATE (fallback compartido, todas las categorías comparten la misma fecha)",false,omitir lastmod (fecha de archivo git 2026-07-20 es real pero idéntica para las 37 categorías — no representa fecha real de contenido individual)
/categorias/infantil/,categoria,ninguno (categories.json no tiene campo de fecha),,"BUILD_DATE (fallback compartido, todas las categorías comparten la misma fecha)",false,omitir lastmod (fecha de archivo git 2026-07-20 es real pero idéntica para las 37 categorías — no representa fecha real de contenido individual)
/categorias/juegos/,categoria,ninguno (categories.json no tiene campo de fecha),,"BUILD_DATE (fallback compartido, todas las categorías comparten la misma fecha)",false,omitir lastmod (fecha de archivo git 2026-07-20 es real pero idéntica para las 37 categorías — no representa fecha real de contenido individual)
/categorias/llaveros-personalizados/,categoria,ninguno (categories.json no tiene campo de fecha),,"BUILD_DATE (fallback compartido, todas las categorías comparten la misma fecha)",false,omitir lastmod (fecha de archivo git 2026-07-20 es real pero idéntica para las 37 categorías — no representa fecha real de contenido individual)
/categorias/mochilas-y-maletines-personalizados/,categoria,ninguno (categories.json no tiene campo de fecha),,"BUILD_DATE (fallback compartido, todas las categorías comparten la misma fecha)",false,omitir lastmod (fecha de archivo git 2026-07-20 es real pero idéntica para las 37 categorías — no representa fecha real de contenido individual)
/categorias/master-line/,categoria,ninguno (categories.json no tiene campo de fecha),,"BUILD_DATE (fallback compartido, todas las categorías comparten la misma fecha)",false,omitir lastmod (fecha de archivo git 2026-07-20 es real pero idéntica para las 37 categorías — no representa fecha real de contenido individual)
/categorias/medicos/,categoria,ninguno (categories.json no tiene campo de fecha),,"BUILD_DATE (fallback compartido, todas las categorías comparten la misma fecha)",false,omitir lastmod (fecha de archivo git 2026-07-20 es real pero idéntica para las 37 categorías — no representa fecha real de contenido individual)
/categorias/memorias-usb-personalizadas/,categoria,ninguno (categories.json no tiene campo de fecha),,"BUILD_DATE (fallback compartido, todas las categorías comparten la misma fecha)",false,omitir lastmod (fecha de archivo git 2026-07-20 es real pero idéntica para las 37 categorías — no representa fecha real de contenido individual)
/categorias/mugs-y-termos-personalizados/,categoria,ninguno (categories.json no tiene campo de fecha),,"BUILD_DATE (fallback compartido, todas las categorías comparten la misma fecha)",false,omitir lastmod (fecha de archivo git 2026-07-20 es real pero idéntica para las 37 categorías — no representa fecha real de contenido individual)
/categorias/novedades/,categoria,ninguno (categories.json no tiene campo de fecha),,"BUILD_DATE (fallback compartido, todas las categorías comparten la misma fecha)",false,omitir lastmod (fecha de archivo git 2026-07-20 es real pero idéntica para las 37 categorías — no representa fecha real de contenido individual)
/categorias/articulos-de-oficina-personalizados/,categoria,ninguno (categories.json no tiene campo de fecha),,"BUILD_DATE (fallback compartido, todas las categorías comparten la misma fecha)",false,omitir lastmod (fecha de archivo git 2026-07-20 es real pero idéntica para las 37 categorías — no representa fecha real de contenido individual)
/categorias/paraguas/,categoria,ninguno (categories.json no tiene campo de fecha),,"BUILD_DATE (fallback compartido, todas las categorías comparten la misma fecha)",false,omitir lastmod (fecha de archivo git 2026-07-20 es real pero idéntica para las 37 categorías — no representa fecha real de contenido individual)
/categorias/cuidado-personal/,categoria,ninguno (categories.json no tiene campo de fecha),,"BUILD_DATE (fallback compartido, todas las categorías comparten la misma fecha)",false,omitir lastmod (fecha de archivo git 2026-07-20 es real pero idéntica para las 37 categorías — no representa fecha real de contenido individual)
/categorias/produccion-nacional/,categoria,ninguno (categories.json no tiene campo de fecha),,"BUILD_DATE (fallback compartido, todas las categorías comparten la misma fecha)",false,omitir lastmod (fecha de archivo git 2026-07-20 es real pero idéntica para las 37 categorías — no representa fecha real de contenido individual)
/categorias/relojes/,categoria,ninguno (categories.json no tiene campo de fecha),,"BUILD_DATE (fallback compartido, todas las categorías comparten la misma fecha)",false,omitir lastmod (fecha de archivo git 2026-07-20 es real pero idéntica para las 37 categorías — no representa fecha real de contenido individual)
/categorias/tecnologia-promocional/,categoria,ninguno (categories.json no tiene campo de fecha),,"BUILD_DATE (fallback compartido, todas las categorías comparten la misma fecha)",false,omitir lastmod (fecha de archivo git 2026-07-20 es real pero idéntica para las 37 categorías — no representa fecha real de contenido individual)
/categorias/variedades/,categoria,ninguno (categories.json no tiene campo de fecha),,"BUILD_DATE (fallback compartido, todas las categorías comparten la misma fecha)",false,omitir lastmod (fecha de archivo git 2026-07-20 es real pero idéntica para las 37 categorías — no representa fecha real de contenido individual)
/categorias/vasos-personalizados/,categoria,ninguno (categories.json no tiene campo de fecha),,"BUILD_DATE (fallback compartido, todas las categorías comparten la misma fecha)",false,omitir lastmod (fecha de archivo git 2026-07-20 es real pero idéntica para las 37 categorías — no representa fecha real de contenido individual)
/categorias/termos-personalizados/,categoria,ninguno (categories.json no tiene campo de fecha),,"BUILD_DATE (fallback compartido, todas las categorías comparten la misma fecha)",false,omitir lastmod (fecha de archivo git 2026-07-20 es real pero idéntica para las 37 categorías — no representa fecha real de contenido individual)
/categorias/tomatodos-y-botilitos-personalizados/,categoria,ninguno (categories.json no tiene campo de fecha),,"BUILD_DATE (fallback compartido, todas las categorías comparten la misma fecha)",false,omitir lastmod (fecha de archivo git 2026-07-20 es real pero idéntica para las 37 categorías — no representa fecha real de contenido individual)
/,estatica,git log del archivo de la página,2026-07-20,BUILD_DATE o fecha hardcodeada puntual (según la página),true,usar fecha real de git (2026-07-20) en vez de BUILD_DATE
/contacto/,estatica,git log del archivo de la página,2026-06-20,BUILD_DATE o fecha hardcodeada puntual (según la página),true,usar fecha real de git (2026-06-20) en vez de BUILD_DATE
/nosotros/,estatica,git log del archivo de la página,2026-07-19,BUILD_DATE o fecha hardcodeada puntual (según la página),true,usar fecha real de git (2026-07-19) en vez de BUILD_DATE
/blog/,estatica,git log del archivo de la página,2026-07-16,BUILD_DATE o fecha hardcodeada puntual (según la página),true,usar fecha real de git (2026-07-16) en vez de BUILD_DATE
/catalogos-digitales/,estatica,git log del archivo de la página,2026-06-20,BUILD_DATE o fecha hardcodeada puntual (según la página),true,usar fecha real de git (2026-06-20) en vez de BUILD_DATE
/politica-de-privacidad/,estatica,git log del archivo de la página,2026-06-20,BUILD_DATE o fecha hardcodeada puntual (según la página),true,usar fecha real de git (2026-06-20) en vez de BUILD_DATE
/productos-promocionales-ecuador/,estatica,git log del archivo de la página,2026-07-20,BUILD_DATE o fecha hardcodeada puntual (según la página),true,usar fecha real de git (2026-07-20) en vez de BUILD_DATE
/regalos-corporativos/,estatica,git log del archivo de la página,2026-07-19,BUILD_DATE o fecha hardcodeada puntual (según la página),true,usar fecha real de git (2026-07-19) en vez de BUILD_DATE
/articulos-promocionales/,estatica,git log del archivo de la página,2026-07-19,BUILD_DATE o fecha hardcodeada puntual (según la página),true,usar fecha real de git (2026-07-19) en vez de BUILD_DATE
/material-publicitario/,estatica,git log del archivo de la página,2026-07-19,BUILD_DATE o fecha hardcodeada puntual (según la página),true,usar fecha real de git (2026-07-19) en vez de BUILD_DATE
/merchandising-corporativo/,estatica,git log del archivo de la página,2026-07-19,BUILD_DATE o fecha hardcodeada puntual (según la página),true,usar fecha real de git (2026-07-19) en vez de BUILD_DATE
/parlantes-bluetooth/,estatica,git log del archivo de la página,2026-07-16,BUILD_DATE o fecha hardcodeada puntual (según la página),true,usar fecha real de git (2026-07-16) en vez de BUILD_DATE
/audifonos-promocionales/,estatica,git log del archivo de la página,2026-07-16,BUILD_DATE o fecha hardcodeada puntual (según la página),true,usar fecha real de git (2026-07-16) en vez de BUILD_DATE
/soportes-para-celular/,estatica,git log del archivo de la página,2026-07-16,BUILD_DATE o fecha hardcodeada puntual (según la página),true,usar fecha real de git (2026-07-16) en vez de BUILD_DATE
/productos-promocionales-ecuador/quito/,ciudad,ninguno (geo-data.js no tiene campo de fecha por ciudad),,"BUILD_DATE (fallback compartido, las 5 ciudades comparten la misma fecha)",false,omitir lastmod (fecha de archivo git 2026-07-20 es real pero idéntica para las 5 ciudades)
/productos-promocionales-ecuador/guayaquil/,ciudad,ninguno (geo-data.js no tiene campo de fecha por ciudad),,"BUILD_DATE (fallback compartido, las 5 ciudades comparten la misma fecha)",false,omitir lastmod (fecha de archivo git 2026-07-20 es real pero idéntica para las 5 ciudades)
/productos-promocionales-ecuador/cuenca/,ciudad,ninguno (geo-data.js no tiene campo de fecha por ciudad),,"BUILD_DATE (fallback compartido, las 5 ciudades comparten la misma fecha)",false,omitir lastmod (fecha de archivo git 2026-07-20 es real pero idéntica para las 5 ciudades)
/productos-promocionales-ecuador/manta/,ciudad,ninguno (geo-data.js no tiene campo de fecha por ciudad),,"BUILD_DATE (fallback compartido, las 5 ciudades comparten la misma fecha)",false,omitir lastmod (fecha de archivo git 2026-07-20 es real pero idéntica para las 5 ciudades)
/productos-promocionales-ecuador/ambato/,ciudad,ninguno (geo-data.js no tiene campo de fecha por ciudad),,"BUILD_DATE (fallback compartido, las 5 ciudades comparten la misma fecha)",false,omitir lastmod (fecha de archivo git 2026-07-20 es real pero idéntica para las 5 ciudades)
